order_id,order_date,zone,vehicle_type,distance_km,num_stops,load_kg,order_qty,order_value_inr,traffic_index,weather,is_festival,promised_hours,actual_delivery_hours,transport_cost_inr,distance_km_imputed,load_kg_imputed,traffic_index_imputed,weather_imputed,order_value_inr_imputed,transport_cost_inr_imputed,month,day_of_week,is_weekend,load_utilisation,cost_per_km,delay_hours,is_late,order_value_log
SM105453,2025-10-14,Gorakhpur,Truck,79.6,10,1522.0,68.0,17035.0,7.8,Clear,0,12.0,12.03,2723.0,0,0,0,0,0,0,10,1,0,0.304,34.21,0.03,1,9.743084031043104
SM102347,2025-10-02,Kanpur,Mini Truck,20.4,5,1221.0,51.0,19873.0,6.3,Clear,1,7.0,6.75,924.0,0,0,0,0,0,0,10,3,0,0.61,45.29,-0.25,0,9.897167623791308
SM103178,2025-03-20,Prayagraj,Pickup,19.7,3,564.0,24.0,10018.0,3.3,Clear,0,6.0,4.8,511.0,0,0,0,0,0,0,3,3,0,0.705,25.94,-1.2,0,9.212238569259263
SM104591,2025-01-15,Gorakhpur,Pickup,87.8,4,424.0,20.0,1163.0,3.8,Fog,0,9.0,8.65,1375.0,0,0,0,1,0,0,1,2,0,0.53,15.66,-0.35,0,7.059617628291383
SM105073,2025-10-13,Prayagraj,Mini Truck,44.2,6,1392.0,109.0,12947.0,5.5,Clear,1,8.0,8.2,1383.0,0,0,0,0,0,0,10,0,0,0.696,31.29,0.2,1,9.468696615046134
SM100758,2025-02-16,Gorakhpur,Pickup,35.7,14,436.0,20.0,7721.0,4.0,Clear,0,10.0,7.94,1033.0,0,0,0,0,0,0,2,6,1,0.545,28.94,-2.06,0,8.951828676824181
SM105422,2025-01-27,Varanasi,Mini Truck,44.6,4,1274.0,120.0,48731.0,5.8,Clear,0,8.0,5.62,1229.0,0,0,0,0,0,0,1,0,0,0.637,27.56,-2.38,0,10.794091177474298
SM101457,2025-06-16,Varanasi,Pickup,42.4,3,513.0,25.0,2760.0,7.9,Rain,0,7.0,5.92,707.0,0,0,0,0,0,0,6,0,0,0.641,16.67,-1.08,0,7.923348211930154
SM104958,2025-12-02,Lucknow,Mini Truck,65.2,3,898.0,95.0,32252.0,3.4,Clear,0,8.0,6.28,1481.0,0,0,0,0,0,0,12,1,0,0.449,22.71,-1.72,0,10.381366341153338
SM100125,2025-07-26,Lucknow,Mini Truck,34.0,6,707.0,43.0,5994.0,3.4,Clear,0,8.0,6.14,1003.0,0,0,0,0,0,0,7,5,1,0.354,29.5,-1.86,0,8.698681067461614
SM103118,2025-01-09,Kanpur,Pickup,63.3,5,446.0,38.0,3312.0,3.7,Clear,0,9.0,5.33,993.0,0,0,0,0,0,0,1,3,0,0.558,15.69,-3.67,0,8.105609402299896
SM103126,2025-10-31,Lucknow,Pickup,32.0,5,582.0,45.0,13309.0,6.4,Clear,0,7.0,5.34,813.0,0,0,0,0,0,0,10,4,0,0.728,25.41,-1.66,0,9.496270911389157
SM102497,2025-11-21,Prayagraj,Truck,40.8,6,1859.0,127.0,14533.0,3.8,Clear,0,8.0,7.53,2480.0,0,0,0,0,0,1,11,4,0,0.372,60.78,-0.47,0,9.584246011176582
SM102490,2025-05-05,Prayagraj,Mini Truck,72.1,6,1249.0,90.0,21122.0,5.3,Clear,0,10.0,9.25,1778.0,0,0,0,0,0,0,5,0,0,0.624,24.66,-0.75,0,9.958117773187244
SM103277,2025-03-31,Varanasi,Mini Truck,36.5,8,977.0,53.0,16881.0,6.0,Clear,1,8.0,8.09,1209.0,0,0,0,0,0,0,3,0,0,0.488,33.12,0.09,1,9.734003244543665
SM100669,2025-02-18,Varanasi,Mini Truck,70.0,9,1020.0,90.0,11306.0,5.4,Clear,0,10.0,8.36,1856.0,0,0,0,0,0,0,2,1,0,0.51,26.51,-1.64,0,9.333177281935246
SM101954,2025-12-21,Lucknow,Truck,20.0,9,1319.0,101.0,18889.0,5.7,Clear,0,8.0,7.01,1257.0,0,0,0,1,0,0,12,6,1,0.264,62.85,-0.99,0,9.846387960495555
SM105844,2025-11-15,Kanpur,Pickup,81.6,6,343.0,19.0,9433.0,5.6,Rain,0,10.0,10.86,1199.0,0,0,0,0,0,0,11,5,1,0.429,14.69,0.86,1,9.152075463844207
SM105402,2025-09-03,Varanasi,Truck,64.8,6,2639.0,164.0,53651.0,7.2,Clear,1,10.0,12.08,2741.0,0,0,0,0,0,0,9,2,0,0.528,42.3,2.08,1,10.89027402602198
SM104758,2025-06-14,Prayagraj,Truck,51.3,5,3156.0,183.0,57050.0,6.5,Clear,0,9.0,7.66,2515.0,0,0,0,0,0,0,6,5,1,0.631,49.03,-1.34,0,10.951700883620386
SM100957,2025-08-20,Gorakhpur,Pickup,33.5,10,245.0,14.0,2591.0,7.4,Rain,0,9.0,8.97,738.0,0,0,0,0,0,0,8,2,0,0.306,22.03,-0.03,0,7.860185057472165
SM102363,2025-02-13,Gorakhpur,Mini Truck,56.3,4,727.0,63.0,8146.0,5.1,Clear,0,8.0,7.25,1362.0,0,0,0,0,0,0,2,3,0,0.364,24.19,-0.75,0,9.005405040310642
SM104426,2025-04-04,Gorakhpur,Pickup,47.5,7,562.0,33.0,9834.0,5.6,Clear,1,8.0,8.35,882.0,0,0,1,0,0,0,4,4,0,0.702,18.57,0.35,1,9.19370273082316
SM104617,2025-08-07,Varanasi,Pickup,62.3,9,609.0,32.0,10959.0,4.7,Rain,0,10.0,8.56,1129.0,0,0,0,0,0,0,8,3,0,0.761,18.12,-1.44,0,9.302007560502007
SM104090,2025-09-27,Prayagraj,Pickup,28.9,2,169.0,10.0,3573.0,5.1,Rain,0,6.0,4.97,492.0,0,0,0,0,0,0,9,5,1,0.211,17.02,-1.03,0,8.181440695719374
SM104616,2025-04-17,Prayagraj,Pickup,32.8,4,760.0,78.0,26019.0,8.1,Clear,0,7.0,5.2,848.0,1,0,0,0,0,0,4,3,0,0.95,25.85,-1.8,0,10.166620752066496
SM104520,2025-12-28,Lucknow,Mini Truck,6.5,6,1499.0,171.0,34694.0,3.9,Rain,0,7.0,5.78,788.0,0,0,0,0,0,0,12,6,1,0.75,121.23,-1.22,0,10.45435086333365
SM102505,2025-02-12,Prayagraj,Mini Truck,50.2,6,826.0,56.0,18010.0,4.8,Clear,0,8.0,7.89,1199.0,0,0,0,0,0,0,2,2,0,0.413,23.88,-0.11,0,9.798737961337057
SM105358,2025-01-25,Gorakhpur,Pickup,21.1,7,495.0,23.0,3570.0,4.6,Fog,0,7.0,7.91,593.0,0,0,0,0,0,0,1,5,1,0.619,28.1,0.91,1,8.18060094759445
SM100285,2025-12-09,Varanasi,Mini Truck,13.8,7,1687.0,72.0,9555.0,6.2,Fog,0,7.0,8.39,1017.0,0,0,0,0,0,0,12,1,0,0.844,73.7,1.39,1,9.1649245084457
SM103350,2025-02-28,Kanpur,Pickup,12.9,8,663.0,30.0,14559.0,6.7,Clear,0,7.0,5.97,497.0,0,0,0,0,0,0,2,4,0,0.829,38.53,-1.03,0,9.586033321750676
SM101660,2025-08-15,Varanasi,Pickup,28.4,3,558.0,45.0,15463.0,4.0,Rain,0,6.0,5.41,599.0,0,0,0,0,0,0,8,4,0,0.698,21.09,-0.59,0,9.646270020888167
SM103032,2025-07-25,Lucknow,Mini Truck,19.1,7,939.0,55.0,12766.0,2.2,Clear,0,7.0,5.03,909.0,0,0,0,0,0,0,7,4,0,0.47,47.59,-1.97,0,9.45461899582035
SM105762,2025-03-13,Lucknow,Truck,42.1,8,2535.0,106.0,23431.0,4.1,Clear,0,10.0,7.73,2285.0,0,0,0,0,0,0,3,3,0,0.507,54.28,-2.27,0,10.06185788850757
SM101684,2025-05-11,Gorakhpur,Pickup,50.7,4,545.0,34.0,3062.0,5.1,Clear,0,8.0,5.68,926.0,0,0,0,0,0,0,5,6,1,0.681,18.26,-2.32,0,8.027150106832774
SM104184,2025-01-21,Lucknow,Mini Truck,21.6,4,960.0,43.0,4101.0,4.3,Rain,0,6.0,6.34,774.0,0,0,0,0,0,0,1,1,0,0.48,35.83,0.34,1,8.319229938632326
SM103257,2025-03-13,Lucknow,Truck,32.6,8,3332.0,276.0,78241.0,5.6,Clear,0,9.0,8.36,2147.0,0,0,0,0,0,0,3,3,0,0.666,65.86,-0.64,0,11.267561866754175
SM101309,2025-11-08,Varanasi,Mini Truck,40.3,5,791.0,42.0,8548.0,4.2,Clear,0,8.0,5.32,1071.0,0,0,0,0,0,0,11,5,1,0.396,26.58,-2.68,0,9.053569596026234
SM100255,2025-02-22,Kanpur,Truck,28.1,4,4279.0,201.0,39436.0,7.5,Rain,0,8.0,7.65,2389.0,0,0,0,0,0,0,2,5,1,0.856,85.02,-0.35,0,10.582459740914768
SM100161,2025-08-31,Gorakhpur,Mini Truck,60.6,6,576.0,29.0,2420.0,3.7,Rain,0,9.0,7.14,1419.0,0,0,0,0,0,0,8,6,1,0.288,23.42,-1.86,0,7.791935956938058
SM104111,2025-06-25,Varanasi,Truck,48.3,6,1802.0,179.0,21882.0,5.4,Clear,0,9.0,7.54,1923.0,0,0,0,0,0,0,6,2,0,0.36,39.81,-1.46,0,9.99346535865436
SM101578,2025-02-11,Prayagraj,Mini Truck,43.7,5,999.0,88.0,41273.0,4.3,Clear,0,8.0,5.94,1305.0,0,0,0,0,0,0,2,1,0,0.5,29.86,-2.06,0,10.627988040754069
SM105189,2025-04-18,Kanpur,Mini Truck,14.1,6,697.0,32.0,7462.0,7.5,Clear,0,7.0,5.53,722.0,0,0,0,0,0,0,4,4,0,0.348,51.21,-1.47,0,8.917712757131387
SM100808,2025-05-23,Gorakhpur,Pickup,88.3,7,756.0,31.0,3770.0,4.8,Clear,0,11.0,9.05,1540.0,0,0,0,1,0,0,5,4,0,0.945,17.44,-1.95,0,8.235095497258357
SM101023,2025-11-04,Gorakhpur,Pickup,42.1,3,716.0,50.0,7361.0,3.9,Clear,0,7.0,5.39,915.0,0,0,0,0,0,0,11,1,0,0.895,21.73,-1.61,0,8.904086913938967
SM102319,2025-10-10,Prayagraj,Pickup,8.7,6,543.0,24.0,9372.0,3.7,Clear,0,6.0,3.29,534.0,0,0,0,0,0,0,10,4,0,0.679,61.38,-2.71,0,9.145588494746486
SM105504,2025-07-14,Varanasi,Pickup,27.8,8,533.0,37.0,10798.0,6.3,Clear,0,8.0,6.46,797.0,0,0,0,0,0,0,7,0,0,0.666,28.67,-1.54,0,9.28720881623276
SM105611,2025-03-31,Kanpur,Mini Truck,31.6,7,1161.0,42.0,22389.0,3.4,Clear,1,8.0,6.75,1047.0,0,1,0,0,0,0,3,0,0,0.58,33.13,-1.25,0,10.0163697095928
SM101857,2025-08-02,Varanasi,Mini Truck,32.5,5,1355.0,130.0,34636.0,5.7,Fog,0,8.0,8.7,1208.0,0,0,0,0,0,0,8,5,1,0.678,37.17,0.7,1,10.452677753845103
SM105069,2025-12-16,Gorakhpur,Truck,19.9,7,4054.0,174.0,33065.0,4.3,Clear,0,9.0,7.46,2104.0,0,0,0,0,1,0,12,1,0,0.811,105.73,-1.54,0,10.40626084311129
SM100984,2025-08-03,Prayagraj,Pickup,22.7,8,612.0,35.0,10700.0,5.2,Rain,0,8.0,6.38,735.0,0,0,0,0,0,0,8,6,1,0.765,32.38,-1.62,0,9.278092474027002
SM101793,2025-04-12,Gorakhpur,Truck,39.6,4,2954.0,126.0,20263.0,5.2,Clear,0,8.0,6.87,2158.0,0,0,0,0,0,0,4,5,1,0.591,54.49,-1.13,0,9.916601191681512
SM105604,2025-08-11,Varanasi,Mini Truck,14.6,4,1310.0,113.0,8741.0,4.5,Rain,0,6.0,5.49,838.0,0,0,0,0,0,0,8,0,0,0.655,57.4,-0.51,0,9.07589427542326
SM104841,2025-02-15,Lucknow,Truck,39.7,5,2807.0,293.0,82353.5,1.8,Rain,0,9.0,7.46,2155.0,0,0,0,0,0,0,2,5,1,0.561,54.28,-1.54,0,11.318788378921557
SM102632,2025-11-30,Prayagraj,Mini Truck,39.7,8,1444.0,102.0,12362.0,4.8,Clear,0,9.0,6.95,1508.0,0,0,0,0,0,0,11,6,1,0.722,37.98,-2.05,0,9.422463420006927
SM100147,2025-03-27,Varanasi,Mini Truck,29.6,10,846.0,55.0,11011.0,6.3,Rain,0,9.0,8.21,1037.0,0,0,0,0,0,0,3,3,0,0.423,35.03,-0.79,0,9.306740866262498
SM100407,2025-02-22,Lucknow,Mini Truck,23.5,5,1051.0,68.0,4062.0,6.0,Clear,0,7.0,5.63,933.0,0,0,0,0,0,0,2,5,1,0.526,39.7,-1.37,0,8.309676895987726
SM101676,2025-02-24,Lucknow,Truck,25.4,6,1709.0,72.0,24336.0,4.6,Clear,0,8.0,6.11,1502.0,1,0,0,0,0,0,2,0,0,0.342,59.13,-1.89,0,10.099753105042092
SM101961,2025-12-27,Lucknow,Pickup,25.2,8,660.0,79.0,19483.0,4.1,Fog,0,8.0,8.19,979.0,1,0,0,0,0,0,12,5,1,0.825,38.85,0.19,1,9.877348894926433
SM100943,2025-06-23,Varanasi,Pickup,32.1,4,305.0,29.0,7224.0,4.0,Clear,0,7.0,5.03,707.0,0,0,0,0,0,0,6,0,0,0.381,22.02,-1.97,0,8.885302512980633
SM104633,2025-03-05,Varanasi,Pickup,37.9,4,534.0,37.0,7418.0,6.9,Clear,0,6.0,4.52,690.0,1,0,0,0,0,0,3,2,0,0.668,18.21,-1.48,0,8.911799556189527
SM103265,2025-08-23,Kanpur,Pickup,19.2,6,573.0,62.0,15439.0,4.3,Rain,0,7.0,5.01,720.0,0,0,0,0,0,0,8,5,1,0.716,37.5,-1.99,0,9.644716823578767
SM104613,2025-07-10,Prayagraj,Mini Truck,45.1,5,884.0,74.0,6267.0,8.6,Rain,0,8.0,8.19,1134.0,0,0,0,0,0,0,7,3,0,0.442,25.14,0.19,1,8.74321260347591
SM100729,2025-08-29,Kanpur,Pickup,38.3,2,626.0,63.0,22997.0,7.5,Rain,0,6.0,5.2,631.0,0,0,0,0,0,0,8,4,0,0.782,16.48,-0.8,0,10.04316253460861
SM102355,2025-05-15,Gorakhpur,Truck,41.9,6,1653.0,98.0,9185.0,5.7,Clear,0,8.0,7.2,1817.0,0,0,0,0,0,0,5,3,0,0.331,43.37,-0.8,0,9.12543586488574
SM100314,2025-03-31,Prayagraj,Truck,26.2,6,3570.0,156.0,29391.0,5.6,Clear,1,9.0,7.81,2084.0,0,0,1,0,0,0,3,0,0,0.714,79.54,-1.19,0,10.288477807454907
SM100301,2025-10-29,Prayagraj,Pickup,18.0,6,375.0,30.0,4564.0,6.8,Clear,0,7.0,4.69,609.0,0,0,0,0,0,0,10,2,0,0.469,33.83,-2.31,0,8.426173793029069
SM102550,2025-08-27,Prayagraj,Pickup,36.7,9,359.0,23.0,2575.0,6.3,Rain,0,8.0,9.2,839.0,0,0,0,0,0,0,8,2,0,0.449,22.86,1.2,1,7.853993087224244
SM105553,2025-08-25,Varanasi,Mini Truck,50.4,5,1609.0,73.0,7622.0,5.6,Rain,0,9.0,9.27,1567.0,0,0,1,0,0,0,8,0,0,0.804,31.09,0.27,1,8.938925271988273
SM100555,2025-07-04,Kanpur,Truck,89.5,7,2525.0,118.0,12440.0,5.3,Clear,0,12.0,10.9,3221.0,0,0,0,0,0,0,7,4,0,0.505,35.99,-1.1,0,9.42875274891449
SM105615,2025-09-24,Varanasi,Pickup,25.9,6,493.0,30.0,4021.0,6.5,Rain,0,7.0,7.64,702.0,0,0,0,0,0,0,9,2,0,0.616,27.1,0.64,1,8.299534570332597
SM102968,2025-09-20,Varanasi,Truck,32.8,5,2895.0,346.0,82353.5,4.6,Rain,0,8.0,9.07,1962.0,0,0,0,0,0,0,9,5,1,0.579,59.82,1.07,1,11.318788378921557
SM100368,2025-01-09,Lucknow,Truck,10.0,4,1650.0,190.0,12313.0,3.0,Clear,0,6.0,4.44,884.0,0,0,0,0,0,0,1,3,0,0.33,88.4,-1.56,0,9.418492105471156
SM104436,2025-08-28,Lucknow,Pickup,35.5,5,766.0,40.0,21089.0,6.5,Clear,0,7.0,5.51,868.0,0,0,0,0,0,0,8,3,0,0.958,24.45,-1.49,0,9.95655427347282
SM102093,2025-03-14,Prayagraj,Pickup,19.9,7,436.0,28.0,4365.0,4.7,Clear,1,7.0,6.2,639.0,0,0,0,0,0,0,3,4,0,0.545,32.11,-0.8,0,8.38160253710989
SM105542,2025-04-20,Prayagraj,Pickup,39.9,3,478.0,21.0,6290.0,5.8,Clear,0,7.0,6.4,766.0,0,0,0,0,0,0,4,6,1,0.598,19.2,-0.6,0,8.74687531957003
SM105010,2025-11-05,Gorakhpur,Truck,20.0,6,2008.0,215.0,27896.0,5.8,Clear,1,8.0,7.59,1407.0,0,0,0,0,0,0,11,2,0,0.402,70.35,-0.41,0,10.236274435146306
SM104552,2025-02-06,Prayagraj,Mini Truck,10.6,8,1011.0,83.0,6373.0,6.2,Clear,0,7.0,6.01,827.0,0,0,0,0,0,0,2,3,0,0.505,78.02,-0.99,0,8.759982494977281
SM104052,2025-10-07,Prayagraj,Mini Truck,43.4,2,712.0,43.0,28458.0,4.4,Clear,0,7.0,5.39,979.0,0,0,0,0,0,0,10,1,0,0.356,22.56,-1.61,0,10.256219733992088
SM101967,2025-06-21,Prayagraj,Pickup,9.4,5,517.0,24.0,8834.0,5.2,Clear,0,6.0,4.78,399.0,0,0,0,0,0,0,6,5,1,0.646,42.45,-1.22,0,9.086476384753796
SM100433,2025-02-17,Lucknow,Truck,38.8,4,2840.0,250.0,55389.0,10.0,Rain,0,9.0,11.27,2299.0,0,1,0,0,0,0,2,0,0,0.568,59.25,2.27,1,10.92215435102715
SM100724,2025-10-14,Kanpur,Pickup,39.7,3,664.0,44.0,5477.0,7.8,Clear,0,7.0,5.89,743.0,0,0,0,0,0,0,10,1,0,0.83,18.72,-1.11,0,8.608495349823023
SM102188,2025-06-18,Gorakhpur,Pickup,22.6,7,320.0,15.0,3175.0,5.2,Clear,0,7.0,5.87,517.0,0,0,0,0,0,0,6,2,0,0.4,22.88,-1.13,0,8.063377822367027
SM101038,2025-06-09,Prayagraj,Mini Truck,54.8,5,1388.0,73.0,21556.0,7.1,Clear,0,9.0,8.82,1616.0,0,0,0,0,0,0,6,0,0,0.694,29.49,-0.18,0,9.978455868773434
SM102198,2025-07-28,Kanpur,Truck,28.7,4,2688.0,159.0,49039.0,7.5,Rain,0,8.0,7.71,1824.0,0,0,0,0,0,0,7,0,0,0.538,63.55,-0.29,0,10.800391570610094
SM101882,2025-03-06,Varanasi,Pickup,38.5,7,603.0,37.0,3186.0,6.4,Rain,0,8.0,7.8,813.0,0,0,0,0,0,0,3,3,0,0.754,21.12,-0.2,0,8.066835314417336
SM104445,2025-06-01,Varanasi,Mini Truck,38.7,4,1034.0,107.0,23831.0,2.8,Clear,0,7.0,4.9,1134.0,0,0,0,0,0,0,6,6,1,0.517,29.3,-2.1,0,10.078784494393119
SM101796,2025-12-23,Lucknow,Truck,34.0,10,2881.0,194.0,33065.0,5.7,Fog,0,10.0,11.62,2086.0,0,0,0,0,1,0,12,1,0,0.576,61.35,1.62,1,10.40626084311129
SM104051,2025-05-24,Lucknow,Truck,10.4,4,4185.0,363.0,43004.0,4.1,Clear,0,7.0,6.56,1914.0,0,0,0,0,0,0,5,5,1,0.837,184.04,-0.44,0,10.66907166698558
SM103389,2025-09-05,Lucknow,Pickup,27.7,4,395.0,33.0,13405.0,5.8,Clear,1,6.0,5.09,598.0,0,0,0,0,0,0,9,4,0,0.494,21.59,-0.91,0,9.503457646917903
SM102217,2025-12-31,Lucknow,Truck,25.4,6,3116.0,195.0,30584.0,9.4,Clear,0,8.0,6.85,1480.0,1,0,0,0,0,0,12,2,0,0.623,58.27,-1.15,0,10.328264971676665
SM105598,2025-10-02,Prayagraj,Truck,58.6,8,4118.0,453.0,37318.0,8.1,Clear,1,11.0,10.81,3072.0,0,0,0,0,0,0,10,3,0,0.824,52.42,-0.19,0,10.52725785931825
SM105501,2025-03-24,Kanpur,Pickup,24.7,5,376.0,27.0,6830.0,3.0,Clear,0,7.0,5.58,577.0,0,0,0,0,0,0,3,0,0,0.47,23.36,-1.42,0,8.82922635473185
SM103586,2025-06-15,Lucknow,Pickup,11.3,6,556.0,44.0,6984.0,5.9,Clear,0,6.0,4.31,459.0,0,0,0,0,0,0,6,6,1,0.695,40.62,-1.69,0,8.851520271691061
SM104380,2025-12-10,Prayagraj,Truck,89.3,10,2840.0,138.0,53858.0,6.5,Clear,0,13.0,11.64,3344.0,0,1,0,0,0,0,12,2,0,0.568,37.45,-1.36,0,10.894124799538938
SM103568,2025-10-03,Varanasi,Pickup,36.6,9,462.0,25.0,3924.0,4.6,Clear,0,9.0,5.66,991.0,0,1,0,0,0,0,10,4,0,0.578,27.08,-3.34,0,8.275121630216509
SM103727,2025-07-12,Lucknow,Mini Truck,25.1,10,968.0,44.0,4929.0,4.5,Clear,0,9.0,7.35,1009.0,0,0,0,0,0,0,7,5,1,0.484,40.2,-1.65,0,8.503094267036737
SM103577,2025-11-09,Kanpur,Truck,25.8,7,2148.0,146.0,30948.0,7.9,Clear,0,8.0,7.12,1650.0,0,0,0,0,0,0,11,6,1,0.43,63.95,-0.88,0,10.34009596741305
SM100941,2025-05-28,Lucknow,Mini Truck,17.5,8,1192.0,53.0,14099.0,2.7,Clear,0,8.0,5.49,1030.0,0,0,0,0,0,0,5,2,0,0.596,58.86,-2.51,0,9.55393007636626
SM105820,2025-08-12,Prayagraj,Pickup,41.4,5,462.0,27.0,2126.0,6.5,Clear,0,8.0,5.69,727.0,0,1,0,0,0,0,8,1,0,0.578,17.56,-2.31,0,7.6624678152002375
SM100895,2025-08-12,Varanasi,Truck,49.0,9,2454.0,216.0,54088.0,5.3,Rain,0,10.0,9.33,2324.0,0,0,0,0,0,0,8,1,0,0.491,47.43,-0.67,0,10.898386116988897
SM100927,2025-04-20,Kanpur,Mini Truck,17.0,7,1405.0,94.0,5646.0,6.7,Clear,0,7.0,6.75,932.0,0,0,0,0,0,0,4,6,1,0.702,54.82,-0.25,0,8.638879709672837
SM102169,2025-12-24,Prayagraj,Truck,34.1,4,2840.0,159.0,13223.0,5.7,Clear,0,8.0,7.29,2191.0,0,1,0,0,0,0,12,2,0,0.568,64.25,-0.71,0,9.48978863950086
SM103156,2025-10-09,Prayagraj,Mini Truck,32.8,11,1268.0,79.0,24457.0,2.9,Clear,0,9.0,6.43,1371.0,0,0,0,0,0,0,10,3,0,0.634,41.8,-2.57,0,10.104712639749316
SM103619,2025-02-01,Lucknow,Truck,9.2,2,2503.0,166.0,34376.0,3.5,Clear,0,6.0,5.38,1096.0,0,0,0,0,0,0,2,5,1,0.501,119.13,-0.62,0,10.445143015094558
SM100929,2025-07-30,Gorakhpur,Truck,56.1,3,2464.0,124.0,38985.0,7.3,Clear,0,9.0,9.55,2255.0,0,0,0,0,0,0,7,2,0,0.493,40.2,0.55,1,10.57095788630609
SM103111,2025-10-06,Prayagraj,Pickup,40.1,7,331.0,16.0,7647.0,5.1,Clear,0,8.0,7.46,910.0,0,0,0,0,0,1,10,0,0,0.414,22.69,-0.54,0,8.942199454731238
SM104425,2025-11-15,Lucknow,Pickup,22.2,11,509.0,24.0,2928.0,4.1,Clear,0,8.0,5.5,665.0,0,0,0,0,0,0,11,5,1,0.636,29.95,-2.5,0,7.982416346827733
SM102761,2025-06-07,Gorakhpur,Truck,23.2,11,2586.0,276.0,46083.0,5.6,Clear,0,10.0,8.46,1848.0,0,0,1,0,0,0,6,5,1,0.517,79.66,-1.54,0,10.738221097157945
SM102874,2025-05-20,Lucknow,Pickup,20.8,11,687.0,55.0,43782.0,5.8,Clear,0,9.0,6.47,951.0,0,0,0,0,0,0,5,1,0,0.859,45.72,-2.53,0,10.687000893169545
SM100386,2025-01-25,Varanasi,Pickup,18.0,3,309.0,13.0,3865.0,5.3,Fog,0,6.0,5.8,519.0,0,0,0,0,0,0,1,5,1,0.386,28.83,-0.2,0,8.259975659768276
SM104447,2025-03-11,Prayagraj,Truck,15.2,8,3477.0,203.0,20294.0,5.6,Clear,0,9.0,7.37,1921.0,0,0,0,0,0,0,3,1,0,0.695,126.38,-1.63,0,9.918129829272997
SM101235,2025-05-07,Lucknow,Mini Truck,26.0,10,1253.0,53.0,11809.0,5.4,Clear,0,10.0,7.09,1529.0,1,0,0,0,0,0,5,2,0,0.626,58.81,-2.91,0,9.376701909191407
SM100045,2025-12-21,Gorakhpur,Pickup,36.3,9,462.0,41.0,8206.0,5.3,Clear,0,9.0,6.28,907.0,0,1,0,0,0,0,12,6,1,0.578,24.99,-2.72,0,9.012742727629712
SM103042,2025-04-30,Kanpur,Truck,52.7,5,3373.0,303.0,82353.5,3.7,Clear,0,10.0,8.7,2682.0,0,0,0,0,0,0,4,2,0,0.675,50.89,-1.3,0,11.318788378921557
SM102065,2025-07-05,Prayagraj,Mini Truck,28.2,4,1311.0,92.0,25569.0,3.7,Clear,0,7.0,5.11,1066.0,0,0,0,0,0,0,7,5,1,0.656,37.8,-1.89,0,10.149175068285233
SM100420,2025-12-05,Kanpur,Truck,27.5,2,2023.0,84.0,23290.0,7.9,Fog,0,7.0,8.63,1394.0,0,0,0,0,0,0,12,4,0,0.405,50.69,1.63,1,10.055822298839407
SM105996,2025-11-08,Kanpur,Truck,28.65,5,1558.0,77.0,19260.0,8.6,Clear,0,8.0,7.37,1806.0,1,0,0,0,0,0,11,5,1,0.312,63.04,-0.63,0,9.865837605084222
SM103581,2025-10-07,Varanasi,Pickup,65.5,4,305.0,27.0,7093.0,7.3,Clear,0,8.0,7.13,967.0,0,0,0,0,0,0,10,1,0,0.381,14.76,-0.87,0,8.867004635333567
SM104370,2025-07-23,Prayagraj,Pickup,11.7,6,523.0,21.0,4361.0,6.1,Rain,0,6.0,6.33,678.0,0,0,0,0,0,0,7,2,0,0.654,57.95,0.33,1,8.380685946761574
SM103296,2025-03-19,Kanpur,Pickup,11.7,4,522.0,60.0,20422.0,5.2,Clear,0,6.0,3.24,403.0,0,0,0,0,0,0,3,2,0,0.652,34.44,-2.76,0,9.924416995717158
SM103256,2025-03-05,Varanasi,Mini Truck,13.6,8,721.0,60.0,28373.0,2.8,Clear,0,7.0,4.84,798.0,0,0,0,0,0,0,3,2,0,0.36,58.68,-2.16,0,10.253228511871932
SM105234,2025-05-18,Gorakhpur,Pickup,19.0,3,144.0,7.0,374.0,3.1,Fog,0,6.0,6.38,351.0,0,0,0,0,0,0,5,6,1,0.18,18.47,0.38,1,5.926926025970411
SM104765,2025-02-24,Lucknow,Mini Truck,32.2,3,1145.0,135.0,27697.0,6.7,Rain,0,7.0,7.03,968.0,0,0,0,0,0,0,2,0,0,0.572,30.06,0.03,1,10.229115487402662
SM101833,2025-01-27,Kanpur,Truck,20.2,11,4200.0,362.0,79064.0,7.1,Clear,0,10.0,8.96,2312.0,0,0,0,0,0,0,1,0,0,0.84,114.46,-1.04,0,11.278025577957417
SM103203,2025-02-21,Lucknow,Truck,29.2,1,2969.0,198.0,15961.0,5.1,Clear,0,7.0,5.43,1845.0,0,0,0,0,0,0,2,4,0,0.594,63.18,-1.57,0,9.677966176435953
SM102838,2025-03-20,Prayagraj,Mini Truck,30.3,6,783.0,44.0,9670.0,4.5,Clear,0,7.0,5.94,1017.0,0,0,0,0,0,0,3,3,0,0.392,33.56,-1.06,0,9.176886995716963
SM100200,2025-05-14,Kanpur,Truck,7.8,9,1936.0,88.0,25511.0,5.6,Clear,0,8.0,5.71,1136.0,0,0,1,0,0,0,5,2,0,0.387,145.64,-2.29,0,10.146904208689893
SM105049,2025-11-29,Varanasi,Pickup,39.6,12,485.0,21.0,9338.0,5.2,Clear,0,10.0,7.26,879.0,0,0,0,0,0,0,11,5,1,0.606,22.2,-2.74,0,9.141954459109717
SM100079,2025-09-02,Lucknow,Truck,25.4,3,3151.0,202.0,25633.0,4.3,Rain,0,8.0,9.15,2263.0,1,0,0,0,0,0,9,1,0,0.63,89.09,1.15,1,10.15167487428977
SM101817,2025-04-03,Prayagraj,Mini Truck,34.6,4,1458.0,65.0,26281.0,7.8,Clear,0,7.0,6.23,1250.0,0,0,0,0,0,0,4,3,0,0.729,36.13,-0.77,0,10.176639573203584
SM100544,2025-10-31,Prayagraj,Pickup,27.7,3,596.0,27.0,6065.0,6.9,Clear,1,6.0,6.21,584.0,0,0,0,0,0,0,10,4,0,0.745,21.08,0.21,1,8.710454688248527
SM102517,2025-07-12,Lucknow,Mini Truck,33.8,3,1206.0,90.0,19294.0,5.1,Clear,0,7.0,4.51,1086.0,0,0,0,0,0,0,7,5,1,0.603,32.13,-2.49,0,9.867601273971719
SM100169,2025-01-09,Varanasi,Pickup,36.0,10,641.0,30.0,19406.0,6.9,Fog,0,9.0,9.23,928.0,0,0,0,0,0,0,1,3,0,0.801,25.78,0.23,1,9.873389104712095
SM101135,2025-01-22,Lucknow,Pickup,37.3,6,493.0,24.0,6523.0,4.3,Fog,0,8.0,7.42,872.0,0,0,0,0,0,0,1,2,0,0.616,23.38,-0.58,0,8.783242963740905
SM101117,2025-08-03,Kanpur,Mini Truck,27.9,2,1166.0,60.0,21646.0,5.8,Rain,0,6.0,5.66,890.0,0,0,0,0,0,0,8,6,1,0.583,31.9,-0.34,0,9.982622155699856
SM100718,2025-03-28,Gorakhpur,Pickup,22.7,5,485.0,27.0,3328.0,5.7,Clear,0,7.0,4.79,632.0,0,0,0,0,0,0,3,4,0,0.606,27.84,-2.21,0,8.110427237575024
SM105643,2025-09-05,Prayagraj,Truck,53.5,6,2970.0,133.0,14537.0,7.4,Rain,1,10.0,10.38,2622.0,0,0,0,0,0,0,9,4,0,0.594,49.01,0.38,1,9.584521190044581
SM104936,2025-12-17,Lucknow,Truck,25.4,4,3070.0,124.0,14090.0,4.5,Clear,0,8.0,6.97,1952.0,1,0,0,0,0,0,12,2,0,0.614,76.85,-1.03,0,9.553291574695105
SM105766,2025-04-23,Kanpur,Truck,29.6,2,3206.0,286.0,21994.0,5.4,Rain,0,7.0,6.97,1898.0,0,0,0,0,0,0,4,2,0,0.641,64.12,-0.03,0,9.99857043378282
SM103416,2025-08-13,Prayagraj,Truck,60.6,2,2570.0,158.0,18942.0,6.1,Rain,0,9.0,9.46,2400.0,0,0,0,0,0,0,8,2,0,0.514,39.6,0.46,1,9.849189749128278
SM105533,2025-06-12,Gorakhpur,Pickup,84.0,5,207.0,19.0,3610.0,6.6,Clear,0,10.0,8.91,1180.0,0,0,0,0,0,0,6,3,0,0.259,14.05,-1.09,0,8.191740021277457
SM102450,2025-11-03,Lucknow,Truck,59.4,3,3139.0,182.0,54682.0,7.1,Clear,1,9.0,8.69,3610.0,0,0,0,0,0,1,11,0,0,0.628,60.77,-0.31,0,10.90930815400003
SM100608,2025-12-19,Lucknow,Pickup,9.0,6,420.0,18.0,2691.0,6.0,Fog,0,6.0,6.74,304.0,0,0,0,0,0,0,12,4,0,0.525,33.78,0.74,1,7.898039690764619
SM103921,2025-08-13,Kanpur,Mini Truck,27.1,7,1070.0,58.0,14263.0,4.8,Clear,0,8.0,5.69,940.0,0,0,0,0,0,0,8,2,0,0.535,34.69,-2.31,0,9.565494159542977
SM103108,2025-11-25,Prayagraj,Pickup,20.0,8,655.0,62.0,6397.0,5.6,Clear,0,7.0,7.03,671.0,0,0,1,0,0,0,11,1,0,0.819,33.55,0.03,1,8.763740720509464
SM105318,2025-10-06,Prayagraj,Pickup,14.7,4,541.0,37.0,4748.0,6.3,Clear,0,6.0,5.52,580.0,0,0,0,0,0,0,10,0,0,0.676,39.46,-0.48,0,8.465689348549121
SM101937,2025-07-22,Kanpur,Pickup,14.8,4,609.0,75.0,21208.0,4.4,Rain,0,6.0,5.57,556.0,0,0,0,0,0,0,7,1,0,0.761,37.57,-0.43,0,9.962180898875346
SM100997,2025-05-12,Prayagraj,Mini Truck,40.0,6,1161.0,83.0,18452.0,5.2,Clear,0,8.0,6.17,1400.0,0,1,0,0,0,0,5,0,0,0.58,35.0,-1.83,0,9.822982237876477
SM100687,2025-08-05,Gorakhpur,Mini Truck,27.5,7,932.0,43.0,10034.0,8.0,Rain,0,8.0,7.18,1007.0,0,0,0,0,0,0,8,1,0,0.466,36.62,-0.82,0,9.213834261230438
SM104897,2025-08-01,Lucknow,Pickup,28.2,9,347.0,15.0,2412.0,8.8,Clear,0,8.0,7.84,767.0,0,0,0,0,0,0,8,4,0,0.434,27.2,-0.16,0,7.7886260656250315
SM105679,2025-01-17,Varanasi,Pickup,26.8,4,609.0,38.0,9778.0,7.5,Fog,1,7.0,8.37,673.0,0,0,0,0,0,0,1,4,0,0.761,25.11,1.37,1,9.187992508312275
SM103384,2025-10-19,Lucknow,Pickup,15.9,6,300.0,19.0,2620.0,5.8,Clear,0,6.0,5.0,537.0,0,0,0,0,0,0,10,6,1,0.375,33.77,-1.0,0,7.8713112033234065
SM104158,2025-03-14,Lucknow,Truck,54.5,12,4518.0,330.0,82353.5,8.9,Clear,1,12.0,13.28,3243.0,0,0,0,0,0,0,3,4,0,0.904,59.5,1.28,1,11.318788378921557
SM102618,2025-08-28,Varanasi,Pickup,20.5,5,588.0,68.0,19718.0,4.8,Clear,0,7.0,5.99,644.0,0,0,0,0,0,0,8,3,0,0.735,31.41,-1.01,0,9.889337916931686
SM101875,2025-02-14,Varanasi,Truck,13.8,3,3951.0,286.0,48464.0,7.0,Clear,0,7.0,6.75,1818.0,0,0,0,0,0,0,2,4,0,0.79,131.74,-0.25,0,10.788597166926708
SM102911,2025-02-03,Lucknow,Truck,21.1,8,3252.0,334.0,48633.0,6.8,Clear,0,9.0,7.9,1989.0,0,0,0,0,0,0,2,0,0,0.65,94.27,-1.1,0,10.792078153768005
SM100354,2025-12-20,Prayagraj,Mini Truck,71.3,7,1624.0,101.0,18658.0,4.5,Clear,0,10.0,8.51,1892.0,0,0,0,0,0,0,12,5,1,0.812,26.54,-1.49,0,9.834083882397248
SM101342,2025-02-13,Varanasi,Truck,12.0,5,3360.0,357.0,82353.5,4.4,Rain,0,7.0,7.41,1724.0,0,0,0,0,0,0,2,3,0,0.672,143.67,0.41,1,11.318788378921557
SM101232,2025-12-21,Kanpur,Mini Truck,13.3,10,706.0,33.0,3640.0,3.5,Clear,0,8.0,6.45,771.0,0,0,0,0,0,0,12,6,1,0.353,57.97,-1.55,0,8.200013648175434
SM102573,2025-05-23,Kanpur,Mini Truck,27.0,6,1421.0,113.0,13140.0,6.5,Clear,0,8.0,6.75,1122.0,0,0,0,0,0,0,5,4,0,0.71,41.56,-1.25,0,9.483492392643639
SM100727,2025-02-02,Lucknow,Truck,5.3,6,3435.0,217.0,33065.0,4.8,Clear,0,8.0,5.78,1521.0,0,0,0,0,1,0,2,6,1,0.687,286.98,-2.22,0,10.40626084311129
SM103746,2025-06-13,Varanasi,Truck,62.3,5,3683.0,179.0,82353.5,5.5,Clear,0,10.0,9.21,3037.0,0,0,0,0,0,0,6,4,0,0.737,48.75,-0.79,0,11.318788378921557
SM100383,2025-03-29,Varanasi,Truck,33.3,10,2891.0,126.0,41593.0,2.5,Clear,0,10.0,7.9,2213.0,0,0,0,0,0,0,3,5,1,0.578,66.46,-2.1,0,10.635711205077866
SM105270,2025-03-09,Prayagraj,Pickup,27.2,10,508.0,21.0,4719.0,4.8,Clear,0,8.0,6.4,778.0,0,0,0,0,0,0,3,6,1,0.635,28.6,-1.6,0,8.459564078579602
SM101256,2025-03-23,Lucknow,Truck,18.2,6,1246.0,52.0,5843.0,5.6,Clear,0,7.0,5.73,1032.0,0,0,1,0,0,0,3,6,1,0.249,56.7,-1.27,0,8.67317077287059
SM103847,2025-05-12,Prayagraj,Pickup,21.0,3,386.0,17.0,3020.0,3.7,Clear,0,6.0,4.25,489.0,0,0,0,0,0,0,5,0,0,0.482,23.29,-1.75,0,8.013343181386672
SM103670,2025-02-22,Prayagraj,Truck,23.8,7,4579.0,253.0,66257.0,4.1,Clear,0,9.0,7.8,2325.0,0,0,0,0,0,0,2,5,1,0.916,97.69,-1.2,0,11.101311491275187
SM101050,2025-07-05,Gorakhpur,Pickup,16.5,4,320.0,20.0,9405.0,7.5,Clear,0,6.0,4.7,431.0,0,0,0,0,0,0,7,5,1,0.4,26.12,-1.3,0,9.149103062504993
SM105536,2025-01-21,Lucknow,Truck,25.4,4,2312.0,119.0,29654.0,3.2,Fog,0,7.0,7.65,1651.0,1,0,0,0,0,0,1,1,0,0.462,65.0,0.65,1,10.297386024272827
SM100234,2025-06-29,Lucknow,Truck,26.2,5,3093.0,203.0,15367.0,5.7,Rain,0,8.0,8.64,1974.0,0,0,0,0,0,0,6,6,1,0.619,75.34,0.64,1,9.640042704448392
SM105534,2025-02-02,Kanpur,Mini Truck,38.4,8,580.0,48.0,10967.0,3.4,Clear,0,8.0,6.62,1128.0,0,0,0,0,0,0,2,6,1,0.29,29.38,-1.38,0,9.30273722124215
SM104354,2025-06-26,Prayagraj,Mini Truck,31.6,5,1027.0,61.0,12155.0,6.9,Rain,0,7.0,8.05,1093.0,0,0,0,0,0,0,6,3,0,0.514,34.59,1.05,1,9.405578154036684
SM100444,2025-07-05,Kanpur,Mini Truck,52.2,5,698.0,87.0,15711.0,7.2,Rain,0,8.0,8.3,1279.0,0,0,0,0,0,0,7,5,1,0.349,24.5,0.3,1,9.662180030594246
SM100899,2025-08-13,Lucknow,Pickup,21.5,3,680.0,68.0,15103.0,6.0,Rain,0,6.0,5.83,557.0,0,0,0,0,0,0,8,2,0,0.85,25.91,-0.17,0,9.622714888385282
SM105812,2025-04-20,Varanasi,Truck,24.1,8,2949.0,183.0,52604.0,4.3,Clear,0,9.0,7.46,1987.0,0,0,0,0,0,0,4,6,1,0.59,82.45,-1.54,0,10.870566451242388
SM101356,2025-05-06,Gorakhpur,Pickup,72.2,6,399.0,36.0,2740.0,7.7,Clear,0,9.0,8.09,1198.0,0,0,0,0,0,0,5,1,0,0.499,16.59,-0.91,0,7.916078096302786
SM104737,2025-05-14,Prayagraj,Mini Truck,31.3,7,1307.0,147.0,29373.0,7.5,Clear,0,8.0,7.32,1286.0,0,0,0,0,0,0,5,2,0,0.654,41.09,-0.68,0,10.287865208313807
SM105054,2025-01-19,Gorakhpur,Mini Truck,71.9,5,559.0,26.0,7457.0,4.6,Fog,0,9.0,8.83,1542.0,0,0,0,0,0,0,1,6,1,0.28,21.45,-0.17,0,8.917042560738766
SM101424,2025-04-04,Varanasi,Mini Truck,66.0,3,942.0,42.0,4730.0,2.5,Clear,0,8.0,6.17,1501.0,0,0,0,0,0,0,4,4,0,0.471,22.74,-1.83,0,8.461891875631148
SM101909,2025-12-10,Lucknow,Pickup,66.0,4,324.0,30.0,6150.0,5.5,Fog,0,8.0,8.63,1065.0,0,0,0,0,0,0,12,2,0,0.405,16.14,0.63,1,8.724369949208368
SM104479,2025-07-16,Gorakhpur,Pickup,78.8,4,424.0,19.0,9829.0,2.9,Clear,0,9.0,7.45,1158.0,0,0,0,0,0,0,7,2,0,0.53,14.7,-1.55,0,9.193194213141211
SM101017,2025-06-30,Prayagraj,Pickup,76.3,8,624.0,53.0,16725.0,7.5,Clear,0,10.0,9.08,1285.0,0,0,0,0,0,0,6,0,0,0.78,16.84,-0.92,0,9.724719673941472
SM102226,2025-11-17,Lucknow,Truck,53.2,4,1698.0,84.0,15890.0,5.7,Clear,0,8.0,8.29,2026.0,0,0,0,0,0,0,11,0,0,0.34,38.08,0.29,1,9.673508190212637
SM101056,2025-06-14,Prayagraj,Truck,20.2,6,3525.0,260.0,42091.0,5.0,Rain,0,8.0,8.88,1877.0,0,0,0,0,0,0,6,5,1,0.705,92.92,0.88,1,10.647612977860703
SM105325,2025-05-24,Lucknow,Truck,19.7,2,2725.0,172.0,70024.0,5.1,Rain,0,7.0,6.64,1473.0,0,0,0,0,0,0,5,5,1,0.545,74.77,-0.36,0,11.156607600128309
SM105707,2025-04-28,Lucknow,Mini Truck,39.2,9,871.0,51.0,8409.0,4.1,Clear,0,9.0,6.7,1206.0,0,0,0,0,0,0,4,0,0,0.436,30.77,-2.3,0,9.037176752966994
SM101922,2025-10-29,Lucknow,Pickup,17.3,4,292.0,19.0,7952.0,3.7,Clear,0,6.0,4.38,352.0,0,0,0,0,0,0,10,2,0,0.365,20.35,-1.62,0,8.981304494957135
SM103343,2025-08-14,Prayagraj,Mini Truck,44.4,5,1149.0,91.0,10215.0,8.8,Clear,0,8.0,8.13,1286.0,0,0,0,0,0,0,8,3,0,0.574,28.96,0.13,1,9.231710397712375
SM103017,2025-03-20,Kanpur,Pickup,43.9,5,455.0,43.0,6398.0,2.9,Clear,0,8.0,5.74,840.0,0,0,0,0,0,0,3,3,0,0.569,19.13,-2.26,0,8.76389700713946
SM105985,2025-04-23,Kanpur,Mini Truck,20.3,2,561.0,37.0,5588.0,6.9,Clear,0,6.0,4.25,522.0,0,0,0,0,0,0,4,2,0,0.28,25.71,-1.75,0,8.628555659269699
SM102402,2025-09-30,Prayagraj,Mini Truck,29.2,7,1454.0,71.0,20469.0,6.7,Rain,0,8.0,6.98,1136.0,0,0,0,0,0,0,9,1,0,0.727,38.9,-1.02,0,9.926715678655334
SM101155,2025-08-03,Lucknow,Mini Truck,44.5,8,1087.0,46.0,16656.0,4.9,Rain,0,9.0,8.93,1342.0,0,0,0,0,0,0,8,6,1,0.544,30.16,-0.07,0,9.720585827477107
SM102909,2025-05-07,Lucknow,Mini Truck,30.2,4,864.0,37.0,3456.0,5.9,Rain,0,7.0,6.6,930.0,0,0,0,0,0,0,5,2,0,0.432,30.79,-0.4,0,8.148156439921625
SM101098,2025-01-16,Varanasi,Truck,21.1,8,2720.0,128.0,44651.0,8.6,Fog,0,9.0,10.85,1787.0,0,0,0,0,0,0,1,3,0,0.544,84.69,1.85,1,10.706654378134623
SM104696,2025-01-28,Prayagraj,Truck,69.7,5,4326.0,328.0,49113.0,6.6,Clear,0,11.0,10.3,3215.0,0,0,0,0,0,0,1,1,0,0.865,46.13,-0.7,0,10.801899405522992
SM100799,2025-06-11,Lucknow,Truck,27.9,6,2663.0,182.0,54474.0,7.0,Clear,0,8.0,7.33,1757.0,0,0,0,0,0,0,6,2,0,0.533,62.97,-0.67,0,10.905497159812821
SM100554,2025-12-26,Prayagraj,Pickup,37.4,6,631.0,44.0,9308.0,7.0,Clear,0,8.0,5.46,830.0,0,0,0,0,0,0,12,4,0,0.789,22.19,-2.54,0,9.13873695311649
SM102491,2025-04-07,Varanasi,Pickup,65.9,10,440.0,19.0,3763.0,5.6,Rain,0,10.0,10.18,1236.0,0,0,0,0,0,0,4,0,0,0.55,18.76,0.18,1,8.23323750070527
SM101681,2025-01-05,Lucknow,Pickup,16.5,6,310.0,17.0,3510.0,4.4,Clear,0,6.0,3.86,583.0,0,0,0,0,0,0,1,6,1,0.388,35.33,-2.14,0,8.163656176168432
SM103769,2025-05-02,Prayagraj,Mini Truck,31.3,10,1224.0,63.0,7402.0,5.5,Clear,0,9.0,7.58,1191.0,1,0,0,0,0,0,5,4,0,0.612,38.05,-1.42,0,8.909640602443098
SM102116,2025-12-17,Varanasi,Mini Truck,35.849999999999994,8,1211.0,57.0,20177.0,5.6,Clear,0,9.0,7.6,1506.0,1,0,1,0,0,0,12,2,0,0.606,42.01,-1.4,0,9.912348180968324
SM100792,2025-09-21,Lucknow,Pickup,67.6,4,706.0,84.0,11571.0,6.3,Rain,0,9.0,7.56,1125.0,0,0,0,0,0,0,9,6,1,0.882,16.64,-1.44,0,9.356343666096025
SM104579,2025-04-17,Prayagraj,Mini Truck,34.7,4,1384.0,92.0,31358.0,4.8,Clear,0,7.0,6.43,1169.0,0,0,0,0,0,0,4,3,0,0.692,33.69,-0.57,0,10.353256586200818
SM100607,2025-07-07,Lucknow,Mini Truck,50.8,7,811.0,78.0,6506.0,4.9,Rain,0,9.0,7.65,1276.0,0,0,0,0,0,0,7,0,0,0.406,25.12,-1.35,0,8.780633799494984
SM103993,2025-04-15,Prayagraj,Pickup,50.8,7,386.0,17.0,3793.0,9.1,Clear,0,9.0,8.08,922.0,0,0,0,0,0,0,4,1,0,0.482,18.15,-0.92,0,8.24117615049496
SM104133,2025-07-03,Prayagraj,Mini Truck,31.3,6,1186.0,73.0,13560.0,8.2,Rain,0,8.0,7.78,1419.0,1,0,0,0,0,0,7,3,0,0.593,45.34,-0.22,0,9.514953305087944
SM103264,2025-07-12,Prayagraj,Truck,42.1,1,3108.0,186.0,62942.0,4.2,Rain,0,8.0,7.94,1996.0,0,0,0,0,0,0,7,5,1,0.622,47.41,-0.06,0,11.04998483392481
SM104091,2025-01-16,Varanasi,Pickup,26.5,7,391.0,30.0,5709.0,3.4,Fog,0,7.0,6.51,681.0,0,0,0,1,0,0,1,3,0,0.489,25.7,-0.49,0,8.649974302650056
SM101719,2025-07-08,Lucknow,Truck,18.1,9,3119.0,206.0,52610.0,7.1,Clear,0,9.0,8.08,1801.0,0,0,0,0,0,0,7,1,0,0.624,99.5,-0.92,0,10.870680502337402
SM101628,2025-05-22,Lucknow,Pickup,19.2,5,399.0,26.0,8633.0,5.7,Clear,0,6.0,6.4,544.0,0,0,0,0,0,0,5,3,0,0.499,28.33,0.4,1,9.063463176115423
SM102688,2025-08-21,Kanpur,Pickup,25.0,2,337.0,26.0,4813.0,4.3,Clear,0,6.0,3.25,477.0,0,0,0,0,0,0,8,3,0,0.421,19.08,-2.75,0,8.479283618343016
SM104324,2025-12-21,Kanpur,Truck,22.6,8,2175.0,92.0,27377.0,4.6,Rain,0,8.0,8.22,1374.0,0,0,0,0,0,1,12,6,1,0.435,60.8,0.22,1,10.217495050155458
SM101385,2025-03-27,Gorakhpur,Truck,31.5,3,2996.0,148.0,17781.0,5.6,Clear,0,8.0,6.8,1858.0,0,0,0,0,0,0,3,3,0,0.599,58.98,-1.2,0,9.785941988681085
SM100276,2025-06-20,Prayagraj,Pickup,31.3,5,293.0,29.0,1959.0,8.4,Clear,0,7.0,6.39,635.0,0,0,0,0,0,0,6,4,0,0.366,20.29,-0.61,0,7.580699752224563
SM101028,2025-07-26,Prayagraj,Mini Truck,20.9,6,994.0,84.0,6231.0,4.9,Rain,0,7.0,5.72,744.0,0,0,0,0,0,1,7,5,1,0.497,35.6,-1.28,0,8.737452587550584
SM103737,2025-07-12,Varanasi,Mini Truck,27.3,5,1393.0,141.0,27953.0,6.9,Clear,0,7.0,5.56,1081.0,0,0,0,0,0,0,7,5,1,0.696,39.6,-1.44,0,10.238315581044851
SM105817,2025-12-03,Kanpur,Mini Truck,28.8,5,1064.0,119.0,48606.0,5.3,Clear,0,7.0,5.43,980.0,0,0,0,0,0,0,12,2,0,0.532,34.03,-1.57,0,10.79152283243865
SM104716,2025-11-21,Varanasi,Pickup,17.2,6,439.0,24.0,1882.0,6.2,Clear,0,7.0,4.67,474.0,0,0,0,0,0,0,11,4,0,0.549,27.56,-2.33,0,7.5406215286571525
SM101122,2025-04-09,Gorakhpur,Truck,63.7,8,1161.0,63.0,11730.0,8.2,Clear,0,10.0,9.14,2244.0,0,0,0,0,0,0,4,2,0,0.232,35.23,-0.86,0,9.369990189505721
SM104018,2025-03-10,Lucknow,Mini Truck,35.4,11,1657.0,107.0,13448.0,2.5,Clear,0,10.0,7.5,1638.0,0,0,0,0,0,0,3,0,0,0.828,46.27,-2.5,0,9.506660032823548
SM101073,2025-07-11,Lucknow,Mini Truck,10.6,6,890.0,77.0,17184.0,9.5,Clear,0,6.0,5.51,691.0,0,0,0,0,0,0,7,4,0,0.445,65.19,-0.49,0,9.751792189283934
SM102991,2025-08-21,Varanasi,Mini Truck,23.4,6,1381.0,67.0,11397.0,5.6,Rain,0,7.0,7.08,1112.0,0,0,1,0,0,0,8,3,0,0.69,47.52,0.08,1,9.341193180394946
SM100644,2025-10-09,Lucknow,Truck,27.5,6,2097.0,171.0,30621.0,4.2,Clear,0,8.0,7.7,1565.0,0,0,0,0,0,0,10,3,0,0.419,56.91,-0.3,0,10.329473983865041
SM104555,2025-03-20,Gorakhpur,Pickup,29.7,6,410.0,34.0,5598.0,6.9,Rain,0,7.0,7.4,813.0,0,0,0,0,1,0,3,3,0,0.512,27.37,0.4,1,8.630343289348893
SM104223,2025-07-14,Lucknow,Pickup,6.7,5,331.0,13.0,941.0,6.0,Rain,0,6.0,5.6,412.0,0,0,0,0,0,0,7,0,0,0.414,61.49,-0.4,0,6.848005274576363
SM103016,2025-07-14,Lucknow,Pickup,16.9,7,462.0,22.0,5823.0,7.7,Fog,0,7.0,8.62,646.0,0,1,0,0,0,0,7,0,0,0.578,38.22,1.62,1,8.669742589876522
SM102037,2025-01-15,Lucknow,Truck,28.1,3,3592.0,245.0,74129.0,9.5,Fog,0,8.0,9.77,2045.0,0,0,0,0,0,0,1,2,0,0.718,72.78,1.77,1,11.213575587650766
SM100179,2025-07-02,Prayagraj,Mini Truck,18.2,3,1298.0,72.0,6990.0,5.8,Clear,0,6.0,4.35,902.0,0,0,0,0,0,0,7,2,0,0.649,49.56,-1.65,0,8.852378886511985
SM105232,2025-04-20,Gorakhpur,Mini Truck,49.3,8,1161.0,67.0,3852.0,4.1,Clear,0,9.0,7.88,1577.0,0,1,0,0,0,0,4,6,1,0.58,31.99,-1.12,0,8.256607344626158
SM103589,2025-11-29,Prayagraj,Truck,18.7,4,693.0,50.0,40867.0,5.2,Clear,0,6.0,4.82,856.0,0,0,0,0,0,0,11,5,1,0.139,45.78,-1.18,0,10.618102639711314
SM103160,2025-02-13,Varanasi,Mini Truck,81.2,5,1608.0,73.0,8129.0,6.2,Clear,0,10.0,8.93,2012.0,0,0,0,0,0,0,2,3,0,0.804,24.78,-1.07,0,9.003316202541857
SM103691,2025-08-17,Lucknow,Pickup,10.7,6,653.0,60.0,17631.0,7.8,Clear,0,6.0,5.15,584.0,0,0,0,0,0,0,8,6,1,0.816,54.58,-0.85,0,9.777470711952642
SM105822,2025-11-15,Varanasi,Mini Truck,70.4,6,1197.0,90.0,12001.0,2.5,Clear,0,10.0,6.98,1780.0,0,0,0,0,0,0,11,5,1,0.598,25.28,-3.02,0,9.392828581549459
SM103077,2025-10-25,Prayagraj,Truck,18.3,7,2572.0,216.0,26119.0,3.2,Clear,0,8.0,6.04,1579.0,0,0,0,0,0,0,10,5,1,0.514,86.28,-1.96,0,10.170456583390367
SM105169,2025-01-02,Prayagraj,Mini Truck,22.0,4,1602.0,117.0,20674.0,4.7,Fog,0,7.0,5.98,995.0,0,0,0,1,0,0,1,3,0,0.801,45.23,-1.02,0,9.936680519891892
SM100440,2025-12-22,Lucknow,Mini Truck,26.0,2,1685.0,88.0,13674.5,6.5,Clear,0,6.0,4.89,717.0,1,0,0,1,1,0,12,0,0,0.842,27.58,-1.11,0,9.523361189693068
SM102908,2025-02-16,Prayagraj,Pickup,51.7,5,668.0,32.0,11178.0,5.6,Clear,0,8.0,6.39,968.0,0,0,0,0,0,0,2,6,1,0.835,18.72,-1.61,0,9.321792297270326
SM104883,2025-02-28,Varanasi,Mini Truck,23.9,4,1248.0,71.0,16033.0,6.0,Clear,0,7.0,5.11,965.0,0,0,0,0,0,0,2,4,0,0.624,40.38,-1.89,0,9.682466746602897
SM105560,2025-06-23,Prayagraj,Pickup,18.5,5,633.0,59.0,10954.0,5.3,Clear,0,6.0,5.67,560.0,0,0,0,0,0,0,6,0,0,0.791,30.27,-0.33,0,9.301551252029567
SM104572,2025-06-30,Lucknow,Mini Truck,20.4,6,1386.0,68.0,11812.0,5.3,Clear,0,7.0,5.76,990.0,0,0,0,0,0,0,6,0,0,0.693,48.53,-1.24,0,9.37695589894852
SM100134,2025-10-18,Kanpur,Pickup,25.8,4,343.0,14.0,3587.0,4.2,Rain,0,6.0,5.35,533.0,0,0,0,0,0,0,10,5,1,0.429,20.66,-0.65,0,8.185350223178686
SM104044,2025-05-31,Gorakhpur,Mini Truck,40.1,7,754.0,86.0,22716.0,7.7,Clear,0,8.0,6.28,1188.0,0,0,0,0,0,0,5,5,1,0.377,29.63,-1.72,0,10.030868821863221
SM104309,2025-08-08,Prayagraj,Mini Truck,14.2,2,1041.0,86.0,4653.0,5.5,Clear,0,5.0,3.76,594.0,0,0,0,0,0,0,8,4,0,0.52,41.83,-1.24,0,8.445482343862237
SM103682,2025-03-20,Varanasi,Truck,44.8,5,2840.0,182.0,16777.0,7.0,Clear,0,9.0,7.9,2250.0,0,1,0,0,0,0,3,3,0,0.568,50.22,-1.1,0,9.72782378340624
SM102067,2025-11-28,Prayagraj,Pickup,45.3,10,506.0,44.0,15115.0,6.0,Clear,0,9.0,6.83,1100.0,0,0,0,1,0,0,11,4,0,0.632,24.28,-2.17,0,9.62350906446938
SM103861,2025-08-24,Gorakhpur,Mini Truck,20.9,9,619.0,65.0,7965.0,4.1,Rain,0,8.0,7.53,892.0,0,0,0,0,0,0,8,6,1,0.31,42.68,-0.47,0,8.982937763741589
SM100136,2025-08-09,Kanpur,Truck,34.1,3,2757.0,286.0,63031.0,6.0,Rain,1,8.0,7.6,2072.0,0,0,0,0,0,1,8,5,1,0.551,60.76,-0.4,0,11.051397812925524
SM103140,2025-06-29,Lucknow,Mini Truck,28.5,5,1857.0,103.0,15446.0,4.2,Clear,0,8.0,5.45,1340.0,0,0,0,0,0,0,6,6,1,0.928,47.02,-2.55,0,9.64517008871425
SM101966,2025-05-16,Prayagraj,Truck,20.4,4,1731.0,86.0,5408.0,4.0,Clear,0,7.0,5.69,1279.0,0,0,0,0,0,0,5,4,0,0.346,62.7,-1.31,0,8.595819511871428
SM100870,2025-06-16,Prayagraj,Pickup,33.4,5,434.0,37.0,16814.0,6.3,Rain,0,7.0,7.17,673.0,0,0,0,0,0,0,6,0,0,0.542,20.15,0.17,1,9.73002662417437
SM100115,2025-07-27,Varanasi,Mini Truck,45.1,9,1161.0,36.0,6022.0,7.4,Clear,0,9.0,7.44,1265.0,0,1,0,0,0,0,7,6,1,0.58,28.05,-1.56,0,8.70334075304372
SM105551,2025-05-10,Varanasi,Mini Truck,53.1,6,857.0,48.0,3815.0,5.8,Clear,0,9.0,6.23,1308.0,0,0,0,0,0,0,5,5,1,0.428,24.63,-2.77,0,8.246958032568177
SM101999,2025-04-13,Varanasi,Pickup,27.6,7,552.0,23.0,5940.0,4.5,Clear,0,7.0,6.3,782.0,0,0,0,0,0,0,4,6,1,0.69,28.33,-0.7,0,8.689632748355741
SM100248,2025-10-15,Kanpur,Truck,30.5,7,3327.0,152.0,14747.0,5.3,Clear,0,9.0,8.26,2094.0,0,0,0,0,0,0,10,2,0,0.665,68.66,-0.74,0,9.598862759354034
SM100028,2025-07-19,Varanasi,Pickup,33.8,7,347.0,19.0,3116.0,8.4,Clear,0,8.0,7.09,664.0,0,0,0,0,0,0,7,5,1,0.434,19.64,-0.91,0,8.044626279767337
SM103295,2025-10-18,Kanpur,Pickup,83.0,8,270.0,16.0,2474.0,7.2,Clear,0,10.0,10.08,1276.0,0,0,0,0,0,0,10,5,1,0.338,15.37,0.08,1,7.813995675002791
SM101379,2025-07-17,Lucknow,Mini Truck,27.0,8,1457.0,151.0,50943.0,5.5,Clear,0,8.0,5.78,1254.0,0,0,0,0,0,0,7,3,0,0.728,46.44,-2.22,0,10.838482269204055
SM102076,2025-06-19,Prayagraj,Truck,21.7,5,1288.0,94.0,19739.0,4.3,Rain,0,7.0,6.76,1067.0,0,0,0,0,0,0,6,3,0,0.258,49.17,-0.24,0,9.890402312987472
SM101139,2025-07-16,Kanpur,Mini Truck,33.8,7,641.0,27.0,8084.0,5.9,Rain,0,8.0,6.25,1133.0,0,0,0,0,0,0,7,2,0,0.32,33.52,-1.75,0,8.997765772011208
SM105989,2025-07-25,Prayagraj,Pickup,21.9,2,473.0,27.0,2076.0,6.0,Clear,0,6.0,4.61,462.0,0,0,0,0,0,0,7,4,0,0.591,21.1,-1.39,0,7.638679823876112
SM100611,2025-06-18,Prayagraj,Truck,19.7,7,2865.0,177.0,44190.0,3.5,Clear,0,8.0,7.43,1721.0,0,0,0,0,0,0,6,2,0,0.573,87.36,-0.57,0,10.696276427422939
SM103493,2025-09-29,Lucknow,Mini Truck,39.3,2,1433.0,96.0,15871.0,8.6,Rain,0,7.0,7.31,1139.0,0,0,0,0,0,0,9,0,0,0.716,28.98,0.31,1,9.672311829524654
SM100538,2025-07-17,Lucknow,Truck,28.9,8,3146.0,154.0,29740.0,4.7,Rain,0,9.0,9.2,2078.0,0,0,0,0,0,0,7,3,0,0.629,71.9,0.2,1,10.300281844196661
SM101242,2025-12-18,Prayagraj,Mini Truck,10.8,6,1335.0,70.0,13336.0,6.3,Clear,0,7.0,5.93,817.0,0,0,0,0,0,0,12,3,0,0.668,75.65,-1.07,0,9.498297406622395
SM102382,2025-12-02,Kanpur,Mini Truck,26.4,7,1177.0,95.0,23469.0,6.9,Clear,0,8.0,5.33,1186.0,0,0,0,0,0,0,12,1,0,0.588,44.92,-2.67,0,10.063478288845069
SM103331,2025-11-07,Gorakhpur,Pickup,70.5,3,584.0,29.0,3315.0,4.7,Clear,0,8.0,7.17,1211.0,0,0,0,0,0,0,11,4,0,0.73,17.18,-0.83,0,8.106514516255185
SM104640,2025-11-04,Lucknow,Truck,27.8,8,4367.0,179.0,82353.5,4.2,Clear,0,10.0,8.81,2510.0,0,0,0,0,0,0,11,1,0,0.873,90.29,-1.19,0,11.318788378921557
SM101653,2025-08-06,Lucknow,Pickup,54.2,7,420.0,17.0,2659.0,6.9,Rain,0,9.0,7.91,997.0,0,0,0,0,0,0,8,2,0,0.525,18.39,-1.09,0,7.886081401775745
SM101520,2025-11-12,Lucknow,Mini Truck,24.8,6,1294.0,66.0,6525.0,4.2,Clear,0,7.0,5.24,979.0,0,0,0,0,0,0,11,2,0,0.647,39.48,-1.76,0,8.783549477153265
SM102292,2025-03-27,Kanpur,Mini Truck,13.1,6,1391.0,76.0,13977.0,5.6,Clear,0,7.0,6.57,887.0,0,0,1,0,0,0,3,3,0,0.696,67.71,-0.43,0,9.545239944037075
SM105896,2025-01-08,Lucknow,Truck,27.0,6,3442.0,138.0,25187.0,6.3,Fog,0,9.0,8.86,2058.0,0,0,0,0,0,0,1,2,0,0.688,76.22,-0.14,0,10.134122969608633
SM105199,2025-12-13,Lucknow,Mini Truck,22.3,3,1373.0,116.0,27142.0,9.9,Rain,0,6.0,7.85,885.0,0,0,0,0,0,0,12,5,1,0.686,39.69,1.85,1,10.208874465231354
SM103810,2025-03-25,Lucknow,Mini Truck,52.0,6,864.0,83.0,58007.0,2.9,Clear,0,9.0,6.89,1852.0,0,0,0,0,0,1,3,1,0,0.432,35.62,-2.11,0,10.968336211051428
SM103992,2025-02-21,Gorakhpur,Truck,28.1,6,4464.0,417.0,82353.5,7.0,Clear,0,9.0,9.77,2459.0,0,0,0,0,0,0,2,4,0,0.893,87.51,0.77,1,11.318788378921557
SM105051,2025-02-25,Kanpur,Mini Truck,12.6,3,1591.0,85.0,44752.0,3.8,Clear,0,6.0,3.03,890.0,0,0,0,0,0,0,2,1,0,0.796,70.63,-2.97,0,10.708913760562126
SM102659,2025-02-28,Kanpur,Pickup,23.0,2,412.0,27.0,13083.0,6.2,Clear,0,6.0,3.98,446.0,0,0,0,0,0,0,2,4,0,0.515,19.39,-2.02,0,9.479145388658274
SM102150,2025-04-30,Varanasi,Mini Truck,85.4,7,526.0,22.0,5537.0,5.0,Rain,0,10.0,9.92,1795.0,0,0,0,0,0,0,4,2,0,0.263,21.02,-0.08,0,8.619388703730907
SM100219,2025-11-26,Prayagraj,Mini Truck,24.8,8,1234.0,62.0,7130.0,5.2,Clear,0,8.0,6.42,1097.0,0,0,0,0,0,0,11,2,0,0.617,44.23,-1.58,0,8.872206756028303
SM101532,2025-12-07,Varanasi,Mini Truck,31.5,6,1071.0,57.0,6800.0,3.1,Clear,0,8.0,8.17,1134.0,0,0,0,1,0,0,12,6,1,0.536,36.0,0.17,1,8.824824939175638
SM101877,2025-11-24,Varanasi,Mini Truck,31.7,4,862.0,93.0,8382.0,3.7,Rain,0,7.0,6.67,922.0,0,0,0,0,0,0,11,0,0,0.431,29.09,-0.33,0,9.033961124637857
SM105783,2025-12-25,Lucknow,Pickup,19.0,7,365.0,27.0,3681.0,8.7,Clear,0,7.0,5.32,538.0,0,0,0,0,0,0,12,3,0,0.456,28.32,-1.68,0,8.211211361793023
SM104839,2025-12-06,Prayagraj,Truck,39.3,8,2307.0,287.0,42343.0,4.4,Clear,0,9.0,8.49,2096.0,0,0,0,0,0,0,12,5,1,0.461,53.33,-0.51,0,10.653582013537823
SM102646,2025-07-27,Varanasi,Pickup,44.2,9,419.0,25.0,16725.0,2.7,Clear,0,9.0,5.97,1057.0,0,0,0,0,0,0,7,6,1,0.524,23.91,-3.03,0,9.724719673941472
SM103417,2025-11-16,Lucknow,Mini Truck,17.3,5,550.0,65.0,9254.0,5.1,Clear,0,6.0,4.4,788.0,0,0,0,0,0,0,11,6,1,0.275,45.55,-1.6,0,9.132919225007598
SM104508,2025-04-07,Varanasi,Pickup,50.5,5,540.0,25.0,1567.0,4.4,Clear,0,8.0,6.35,858.0,0,0,0,0,0,0,4,0,0,0.675,16.99,-1.65,0,7.357556200910353
SM102498,2025-01-12,Lucknow,Mini Truck,32.0,9,1486.0,183.0,50375.0,4.5,Fog,0,9.0,8.74,1261.0,0,0,0,0,0,0,1,6,1,0.743,39.41,-0.26,0,10.827270150168578
SM103767,2025-10-01,Prayagraj,Truck,38.6,7,2034.0,208.0,82353.5,5.2,Clear,0,9.0,7.09,1933.0,0,0,0,0,0,0,10,2,0,0.407,50.08,-1.91,0,11.318788378921557
SM101501,2025-04-06,Prayagraj,Mini Truck,29.0,5,1662.0,117.0,27550.0,6.6,Clear,0,7.0,6.29,1129.0,0,0,0,0,0,0,4,6,1,0.831,38.93,-0.71,0,10.22379411156297
SM101499,2025-11-04,Kanpur,Pickup,20.0,6,301.0,15.0,2850.0,1.0,Clear,0,7.0,4.56,541.0,0,0,0,0,0,0,11,1,0,0.376,27.05,-2.44,0,7.955425088912672
SM103943,2025-12-20,Varanasi,Pickup,27.8,6,558.0,29.0,2291.0,6.9,Fog,0,7.0,8.37,753.0,0,0,0,0,0,0,12,5,1,0.698,27.09,1.37,1,7.73718007783463
SM105525,2025-02-06,Kanpur,Mini Truck,48.2,15,1066.0,92.0,36652.0,5.7,Clear,0,11.0,9.97,1696.0,0,0,0,0,0,0,2,3,0,0.533,35.19,-1.03,0,10.50925055935364
SM100250,2025-03-07,Gorakhpur,Pickup,56.9,5,71.0,5.0,2016.0,7.6,Clear,0,8.0,6.94,834.0,0,0,0,0,0,0,3,4,0,0.089,14.66,-1.06,0,7.6093665379542115
SM100021,2025-05-16,Kanpur,Pickup,28.049999999999997,7,396.0,28.0,4996.0,5.2,Clear,0,7.0,5.07,520.0,1,0,0,0,0,0,5,4,0,0.495,18.54,-1.93,0,8.516593011344206
SM104637,2025-07-01,Gorakhpur,Truck,31.5,7,3306.0,197.0,49845.0,4.2,Clear,0,9.0,8.1,2150.0,0,0,0,0,0,0,7,1,0,0.661,68.25,-0.9,0,10.816693531448358
SM101321,2025-04-11,Varanasi,Mini Truck,74.4,4,1603.0,122.0,21796.0,6.0,Clear,0,9.0,7.56,1922.0,0,0,0,0,0,0,4,4,0,0.802,25.83,-1.44,0,9.989527624628513
SM103527,2025-02-02,Lucknow,Mini Truck,29.8,7,753.0,64.0,27548.0,4.5,Clear,0,8.0,6.18,1028.0,0,0,0,0,0,0,2,6,1,0.376,34.5,-1.82,0,10.223721516281632
SM102523,2025-05-27,Varanasi,Pickup,24.9,5,329.0,14.0,4233.0,5.6,Clear,0,7.0,4.92,591.0,0,0,0,0,0,0,5,1,0,0.411,23.73,-2.08,0,8.350902451694811
SM105572,2025-03-29,Kanpur,Truck,11.8,4,3325.0,306.0,23439.0,4.2,Clear,0,7.0,6.66,1520.0,0,0,0,0,0,0,3,5,1,0.665,128.81,-0.34,0,10.06219924369095
SM104378,2025-03-02,Prayagraj,Truck,28.3,7,3126.0,223.0,33065.0,3.2,Fog,0,9.0,9.53,2039.0,0,0,0,0,1,0,3,6,1,0.625,72.05,0.53,1,10.40626084311129
SM104130,2025-01-04,Prayagraj,Mini Truck,37.7,7,725.0,32.0,11589.0,7.8,Fog,0,8.0,7.9,1116.0,0,0,0,0,0,0,1,5,1,0.362,29.6,-0.1,0,9.357897936333798
SM104247,2025-03-12,Lucknow,Mini Truck,42.9,6,1357.0,66.0,14268.0,6.2,Clear,0,8.0,6.86,1281.0,0,0,0,0,0,0,3,2,0,0.678,29.86,-1.14,0,9.565844630930576
SM105916,2025-04-29,Varanasi,Pickup,30.9,7,489.0,55.0,10122.0,7.8,Clear,0,8.0,6.15,729.0,0,0,0,0,0,0,4,1,0,0.611,23.59,-1.85,0,9.222565341598752
SM103878,2025-03-07,Varanasi,Mini Truck,17.5,4,825.0,51.0,5398.0,4.2,Clear,0,6.0,5.05,763.0,0,0,0,0,0,0,3,4,0,0.412,43.6,-0.95,0,8.593969030218288
SM101621,2025-01-02,Gorakhpur,Pickup,44.6,5,260.0,31.0,9019.0,6.7,Fog,0,8.0,7.18,787.0,0,0,0,0,0,0,1,3,0,0.325,17.65,-0.82,0,9.10719961305667
SM101718,2025-05-31,Prayagraj,Pickup,18.3,9,613.0,51.0,7987.0,6.9,Clear,0,8.0,6.07,730.0,0,0,0,0,0,0,5,5,1,0.766,39.89,-1.93,0,8.985695694535705
SM100119,2025-02-11,Lucknow,Mini Truck,31.3,4,715.0,35.0,9350.0,3.2,Clear,0,7.0,5.1,930.0,0,0,0,0,0,0,2,1,0,0.358,29.71,-1.9,0,9.143238568435446
SM104669,2025-06-06,Prayagraj,Mini Truck,37.4,6,1337.0,60.0,6177.0,4.6,Rain,0,8.0,7.6,1292.0,0,0,0,0,0,0,6,4,0,0.668,34.55,-0.4,0,8.728749873478527
SM104136,2025-12-22,Lucknow,Mini Truck,46.8,8,1673.0,107.0,19918.0,5.1,Clear,0,9.0,8.19,1538.0,0,0,0,0,0,0,12,0,0,0.836,32.86,-0.81,0,9.899429329075273
SM100044,2025-01-25,Kanpur,Pickup,21.3,5,324.0,17.0,9562.0,4.7,Clear,0,6.0,4.31,410.0,0,0,0,0,0,0,1,5,1,0.405,19.25,-1.69,0,9.165656764349542
SM101299,2025-01-11,Varanasi,Pickup,73.5,6,620.0,66.0,22269.0,6.2,Fog,0,10.0,9.7,1081.0,0,0,0,0,0,0,1,5,1,0.775,14.71,-0.3,0,10.010995760251413
SM100438,2025-01-30,Lucknow,Truck,40.7,6,2840.0,157.0,33065.0,6.7,Fog,0,9.0,8.58,2289.0,0,1,0,0,1,0,1,3,0,0.568,56.24,-0.42,0,10.40626084311129
SM100795,2025-04-18,Varanasi,Truck,14.1,4,3776.0,173.0,45097.0,5.6,Clear,0,7.0,6.66,1782.0,0,0,0,0,0,0,4,4,0,0.755,126.38,-0.34,0,10.716593178609457
SM104673,2025-11-13,Prayagraj,Pickup,39.4,6,462.0,35.0,7999.0,2.9,Clear,0,8.0,6.59,955.0,0,1,0,0,0,0,11,3,0,0.578,24.24,-1.41,0,8.987196820661973
SM104093,2025-06-12,Kanpur,Mini Truck,32.8,7,1700.0,77.0,38466.0,7.3,Clear,0,8.0,7.23,1340.0,0,0,0,0,0,0,6,3,0,0.85,40.85,-0.77,0,10.557556009861747
SM102185,2025-04-16,Kanpur,Pickup,46.4,7,462.0,20.0,9891.0,4.5,Clear,0,8.0,7.47,760.0,0,1,0,0,0,0,4,2,0,0.578,16.38,-0.53,0,9.199481628641307
SM102949,2025-07-09,Varanasi,Pickup,23.8,7,542.0,33.0,5376.0,6.3,Clear,0,7.0,5.84,721.0,0,0,0,0,0,0,7,2,0,0.678,30.29,-1.16,0,8.589885876809678
SM103849,2025-03-23,Gorakhpur,Mini Truck,66.1,5,522.0,30.0,4312.0,8.6,Clear,0,9.0,7.69,1446.0,0,0,0,0,0,0,3,6,1,0.261,21.88,-1.31,0,8.369388996647842
SM103057,2025-02-23,Varanasi,Mini Truck,27.0,5,1161.0,158.0,32180.0,4.0,Clear,0,7.0,4.18,1075.0,0,1,0,0,0,0,2,6,1,0.58,39.81,-2.82,0,10.37913149526554
SM102126,2025-04-23,Prayagraj,Truck,19.6,3,2786.0,222.0,59573.0,6.6,Clear,0,7.0,5.68,1543.0,0,0,0,0,0,0,4,2,0,0.557,78.72,-1.32,0,10.99497451626165
SM105607,2025-08-06,Kanpur,Mini Truck,42.1,7,1081.0,64.0,36010.0,2.8,Clear,0,8.0,5.96,1301.0,0,0,0,0,0,0,8,2,0,0.54,30.9,-2.04,0,10.491579726321211
SM104920,2025-12-23,Varanasi,Pickup,41.5,5,669.0,43.0,11976.0,7.7,Clear,0,8.0,7.26,972.0,0,0,0,0,0,0,12,1,0,0.836,23.42,-0.74,0,9.390743422947507
SM103344,2025-07-16,Prayagraj,Mini Truck,40.4,6,808.0,58.0,24938.0,8.3,Rain,0,8.0,9.14,1200.0,0,0,0,1,0,0,7,2,0,0.404,29.7,1.14,1,10.124188122199199
SM100004,2025-06-08,Lucknow,Pickup,32.3,8,387.0,18.0,4468.0,10.0,Clear,0,8.0,8.21,864.0,0,0,0,0,0,0,6,6,1,0.484,26.75,0.21,1,8.404919948933452
SM103789,2025-04-26,Kanpur,Pickup,27.8,6,481.0,20.0,4979.0,5.5,Fog,0,7.0,7.79,647.0,0,0,0,0,0,0,4,5,1,0.601,23.27,0.79,1,8.513185170018698
SM104164,2025-09-18,Gorakhpur,Mini Truck,37.8,5,1649.0,174.0,56451.0,5.2,Rain,0,8.0,7.7,1364.0,0,0,0,0,0,0,9,3,0,0.824,36.08,-0.3,0,10.941145998533898
SM100623,2025-06-02,Kanpur,Mini Truck,15.7,7,500.0,28.0,5904.0,4.1,Clear,0,7.0,6.28,623.0,0,0,0,0,0,0,6,0,0,0.25,39.68,-0.72,0,8.683554728631462
SM102555,2025-02-07,Kanpur,Pickup,21.6,5,622.0,35.0,8760.0,4.9,Rain,0,7.0,6.53,584.0,0,0,0,0,0,0,2,4,0,0.778,27.04,-0.47,0,9.078065332666364
SM100268,2025-08-12,Gorakhpur,Truck,30.1,8,2729.0,121.0,32161.0,4.5,Fog,0,9.0,8.49,1978.0,0,0,0,0,0,0,8,1,0,0.546,65.71,-0.51,0,10.37854091041397
SM104962,2025-12-26,Varanasi,Truck,23.2,1,2840.0,128.0,23146.0,7.2,Fog,0,6.0,8.01,989.0,0,1,0,0,0,0,12,4,0,0.568,42.63,2.01,1,10.04962046148409
SM103833,2025-08-29,Gorakhpur,Pickup,67.3,5,402.0,24.0,2811.0,6.3,Rain,0,9.0,8.53,1074.0,0,0,0,0,0,0,8,4,0,0.502,15.96,-0.47,0,7.941651252930556
SM103060,2025-04-01,Varanasi,Truck,10.9,3,598.0,63.0,17252.0,7.9,Clear,0,5.0,5.72,560.0,0,0,0,0,0,0,4,1,0,0.12,51.38,0.72,1,9.755741320381864
SM100126,2025-01-29,Varanasi,Mini Truck,18.7,3,895.0,49.0,9823.0,8.5,Fog,0,6.0,7.43,767.0,0,0,0,0,0,0,1,2,0,0.448,41.02,1.43,1,9.192583650386924
SM104276,2025-01-25,Prayagraj,Pickup,18.0,8,395.0,20.0,10802.0,4.2,Clear,0,7.0,5.51,752.0,0,0,0,0,0,0,1,5,1,0.494,41.78,-1.49,0,9.287579152316985
SM101475,2025-04-21,Varanasi,Pickup,20.8,5,495.0,54.0,18982.0,6.5,Clear,0,6.0,5.31,550.0,0,0,0,0,0,0,4,0,0,0.619,26.44,-0.69,0,9.851299120790541
SM100545,2025-01-20,Prayagraj,Mini Truck,12.0,4,890.0,58.0,11681.0,5.7,Clear,0,6.0,4.03,641.0,0,0,0,0,0,0,1,0,0,0.445,53.42,-1.97,0,9.365804474600255
SM102943,2025-03-10,Kanpur,Pickup,32.5,7,146.0,12.0,3433.0,5.0,Clear,0,8.0,5.87,647.0,0,0,0,0,0,0,3,0,0,0.182,19.91,-2.13,0,8.141481041457421
SM103842,2025-07-24,Kanpur,Mini Truck,33.8,9,1655.0,69.0,46275.0,5.7,Rain,0,9.0,9.48,1375.0,0,0,0,0,0,0,7,3,0,0.828,40.68,0.48,1,10.742378747148779
SM101504,2025-08-07,Lucknow,Mini Truck,28.8,9,1438.0,77.0,5831.0,5.3,Rain,0,9.0,7.96,1313.0,0,0,0,0,0,0,8,3,0,0.719,45.59,-1.04,0,8.671115273688494
SM104530,2025-01-12,Lucknow,Mini Truck,26.0,9,1281.0,111.0,28858.0,5.6,Fog,0,8.0,8.78,1010.0,1,0,0,0,0,0,1,6,1,0.64,38.85,0.78,1,10.270177181692885
SM102326,2025-05-05,Varanasi,Pickup,11.4,6,206.0,17.0,3981.0,6.4,Clear,0,6.0,4.6,406.0,0,0,0,0,0,0,5,0,0,0.258,35.61,-1.4,0,8.289539484624141
SM100642,2025-11-08,Kanpur,Truck,4.9,8,1342.0,69.0,10623.0,9.1,Rain,0,7.0,7.91,949.0,0,0,0,0,0,0,11,5,1,0.268,193.67,0.91,1,9.270870871716214
SM104312,2025-05-08,Prayagraj,Pickup,8.3,9,341.0,23.0,4355.0,3.1,Clear,0,7.0,5.61,395.0,0,0,0,0,0,0,5,3,0,0.426,47.59,-1.39,0,8.37930948405285
SM102147,2025-12-08,Prayagraj,Pickup,19.1,6,702.0,31.0,3746.0,5.9,Clear,0,7.0,5.03,513.0,0,0,0,0,0,0,12,0,0,0.878,26.86,-1.97,0,8.228710798793687
SM103961,2025-11-10,Lucknow,Mini Truck,31.2,6,1263.0,91.0,38012.0,5.6,Clear,0,8.0,6.85,1129.0,0,0,1,0,0,0,11,0,0,0.632,36.19,-1.15,0,10.545683485467018
SM103757,2025-07-19,Gorakhpur,Truck,54.5,4,4057.0,304.0,25618.0,5.6,Rain,0,10.0,9.85,2875.0,0,0,0,0,0,0,7,5,1,0.811,52.75,-0.15,0,10.151089542682712
SM101165,2025-02-08,Lucknow,Mini Truck,11.0,8,986.0,50.0,11912.0,4.5,Clear,0,7.0,5.15,774.0,0,0,0,0,0,0,2,5,1,0.493,70.36,-1.85,0,9.38538551979936
SM104144,2025-02-17,Kanpur,Mini Truck,17.3,9,573.0,40.0,5760.0,7.0,Clear,0,8.0,5.92,729.0,0,0,0,0,0,0,2,0,0,0.286,42.14,-2.08,0,8.658866349732383
SM103369,2025-02-13,Varanasi,Pickup,10.1,6,457.0,19.0,3649.0,5.6,Clear,0,6.0,5.45,400.0,0,0,0,0,0,0,2,3,0,0.571,39.6,-0.55,0,8.202482446576537
SM102687,2025-07-26,Lucknow,Pickup,19.4,5,638.0,77.0,33669.0,4.4,Clear,0,6.0,6.13,712.0,0,0,0,0,0,0,7,5,1,0.798,36.7,0.13,1,10.42436251215512
SM102637,2025-09-29,Varanasi,Mini Truck,30.4,6,1624.0,166.0,31580.0,6.3,Rain,0,8.0,7.93,1286.0,0,0,0,0,0,0,9,0,0,0.812,42.3,-0.07,0,10.360310952919434
SM104023,2025-04-15,Prayagraj,Truck,32.8,10,2025.0,98.0,19274.0,5.6,Clear,0,9.0,7.84,1340.0,1,0,0,0,0,0,4,1,0,0.405,40.85,-1.16,0,9.866564198431531
SM102873,2025-03-21,Lucknow,Pickup,41.4,9,626.0,70.0,18981.0,5.6,Rain,0,9.0,8.6,997.0,0,0,1,0,0,0,3,4,0,0.782,24.08,-0.4,0,9.851246440690437
SM103928,2025-08-30,Prayagraj,Pickup,27.3,5,555.0,27.0,8810.0,5.4,Clear,0,7.0,4.95,671.0,0,0,0,0,0,0,8,5,1,0.694,24.58,-2.05,0,9.08375621986673
SM104065,2025-05-06,Kanpur,Truck,45.6,6,3814.0,178.0,34131.0,5.0,Clear,0,10.0,9.11,2645.0,0,0,0,0,0,0,5,1,0,0.763,58.0,-0.89,0,10.437990639656476
SM104246,2025-04-10,Kanpur,Truck,20.2,9,2938.0,198.0,49830.0,7.9,Clear,0,9.0,7.3,1969.0,0,0,0,0,0,0,4,3,0,0.588,97.48,-1.7,0,10.816392559306074
SM105126,2025-04-01,Prayagraj,Pickup,21.9,6,602.0,28.0,2319.0,5.4,Rain,0,7.0,6.07,658.0,0,0,0,0,0,0,4,1,0,0.752,30.05,-0.93,0,7.749322464660356
SM105963,2025-04-12,Varanasi,Truck,40.8,5,2444.0,101.0,12176.0,5.6,Clear,0,8.0,6.55,1960.0,0,0,1,0,0,0,4,5,1,0.489,48.04,-1.45,0,9.407304205507007
SM104977,2025-02-10,Gorakhpur,Mini Truck,61.3,7,1329.0,131.0,17004.0,3.4,Clear,0,10.0,8.36,1703.0,0,0,0,0,0,0,2,0,0,0.664,27.78,-1.64,0,9.741262697441297
SM101373,2025-06-03,Lucknow,Mini Truck,43.1,6,881.0,102.0,23657.0,5.0,Clear,0,8.0,6.06,1082.0,0,0,0,0,0,0,6,1,0,0.44,25.1,-1.94,0,10.071456603105682
SM105164,2025-05-10,Prayagraj,Pickup,8.5,3,370.0,30.0,15145.0,5.6,Rain,0,5.0,4.22,331.0,0,0,1,0,0,0,5,5,1,0.462,38.94,-0.78,0,9.625491749673769
SM101470,2025-11-24,Gorakhpur,Mini Truck,49.5,7,869.0,59.0,22776.0,2.8,Clear,0,9.0,6.67,1269.0,0,0,0,0,0,0,11,0,0,0.434,25.64,-2.33,0,10.033506533859862
SM105378,2025-06-27,Prayagraj,Truck,38.9,6,2466.0,191.0,10167.0,6.7,Clear,0,9.0,7.72,1983.0,0,0,0,0,0,0,6,4,0,0.493,50.98,-1.28,0,9.22700081286929
SM103587,2025-09-09,Gorakhpur,Mini Truck,46.2,5,1602.0,121.0,55008.0,8.3,Clear,0,6.0,6.37,939.0,1,0,0,0,0,0,9,1,0,0.801,20.32,0.37,1,10.915252087191275
SM104104,2025-01-29,Lucknow,Pickup,43.3,7,251.0,23.0,3705.0,4.1,Clear,0,8.0,6.38,812.0,0,0,0,0,0,0,1,2,0,0.314,18.75,-1.62,0,8.217708406845306
SM102270,2025-04-27,Gorakhpur,Mini Truck,165.7,7,911.0,68.0,23372.0,4.6,Clear,0,15.0,12.51,3333.0,0,0,0,0,0,0,4,6,1,0.456,20.11,-2.49,0,10.059336788998968
SM105111,2025-09-10,Lucknow,Mini Truck,31.4,7,1253.0,59.0,17119.0,4.6,Rain,0,8.0,6.47,1125.0,0,0,0,0,0,0,9,2,0,0.626,35.83,-1.53,0,9.748002649695733
SM103908,2025-03-13,Gorakhpur,Pickup,42.8,5,351.0,31.0,27341.0,5.6,Clear,0,8.0,4.92,823.0,0,0,0,0,0,0,3,3,0,0.439,19.23,-3.08,0,10.216179260491938
SM101540,2025-06-23,Lucknow,Pickup,17.5,6,198.0,10.0,2176.0,5.5,Clear,0,6.0,4.81,478.0,0,0,0,0,0,0,6,0,0,0.248,27.31,-1.19,0,7.685703061234547
SM105016,2025-01-21,Kanpur,Mini Truck,56.1,6,1406.0,151.0,82353.5,5.8,Fog,0,9.0,9.27,1656.0,0,0,0,0,0,0,1,1,0,0.703,29.52,0.27,1,11.318788378921557
SM101319,2025-05-25,Prayagraj,Truck,33.2,3,3147.0,161.0,14237.0,4.9,Clear,0,8.0,6.54,2004.0,0,0,0,0,0,0,5,6,1,0.629,60.36,-1.46,0,9.563669725663818
SM100496,2025-02-13,Varanasi,Mini Truck,39.8,5,1508.0,118.0,27422.0,6.6,Clear,0,8.0,6.35,1392.0,0,0,0,0,0,0,2,3,0,0.754,34.97,-1.65,0,10.219137356321928
SM105443,2025-10-22,Prayagraj,Pickup,46.4,7,525.0,38.0,3327.0,7.1,Clear,1,8.0,9.07,989.0,0,0,0,0,0,0,10,2,0,0.656,21.31,1.07,1,8.1101268019411
SM103506,2025-11-02,Gorakhpur,Truck,85.9,9,1432.0,124.0,30608.0,5.6,Clear,0,11.0,9.79,2668.0,0,0,1,0,0,0,11,6,1,0.286,31.06,-1.21,0,10.329049362343415
SM104597,2025-01-02,Varanasi,Truck,45.6,9,1180.0,78.0,15110.0,5.6,Fog,0,9.0,10.01,1728.0,0,0,1,0,0,0,1,3,0,0.236,37.89,1.01,1,9.62317823441376
SM101859,2025-09-26,Lucknow,Pickup,24.7,3,453.0,42.0,10176.0,3.8,Rain,0,6.0,5.35,615.0,0,0,0,0,0,0,9,4,0,0.566,24.9,-0.65,0,9.227885551191932
SM104421,2025-12-31,Lucknow,Truck,30.0,7,2281.0,163.0,75006.0,6.6,Fog,0,8.0,8.53,1773.0,0,0,0,0,0,0,12,2,0,0.456,59.1,0.53,1,11.225336721496497
SM103516,2025-03-03,Kanpur,Pickup,52.7,8,356.0,25.0,3010.0,5.9,Clear,0,9.0,6.98,969.0,0,0,0,0,0,0,3,0,0,0.445,18.39,-2.02,0,8.010027528481734
SM100308,2025-04-26,Varanasi,Pickup,45.2,6,275.0,18.0,7417.0,1.0,Clear,0,8.0,6.02,761.0,0,0,0,0,0,0,4,5,1,0.344,16.84,-1.98,0,8.911664758049536
SM100931,2025-09-13,Varanasi,Pickup,7.8,7,610.0,44.0,19080.0,4.2,Fog,0,7.0,6.56,562.0,0,0,0,0,0,0,9,5,1,0.762,72.05,-0.44,0,9.856448354530341
SM101784,2025-09-23,Gorakhpur,Mini Truck,20.7,6,1287.0,78.0,7543.0,6.2,Rain,0,7.0,6.68,737.0,0,0,0,0,0,1,9,1,0,0.644,35.6,-0.32,0,8.928507824313293
SM105113,2025-01-10,Kanpur,Pickup,37.2,6,388.0,29.0,5598.0,5.6,Clear,0,8.0,6.08,760.0,0,0,1,0,0,0,1,4,0,0.485,20.43,-1.92,0,8.630343289348893
SM102918,2025-11-07,Kanpur,Pickup,28.049999999999997,8,604.0,34.0,5333.0,5.6,Clear,0,8.0,7.44,830.0,1,0,1,0,0,0,11,4,0,0.755,29.59,-0.56,0,8.58185670474196
SM102751,2025-01-30,Prayagraj,Pickup,56.7,8,416.0,27.0,5656.0,6.5,Clear,0,9.0,7.67,1100.0,0,0,0,0,0,0,1,3,0,0.52,19.4,-1.33,0,8.640648995343156
SM102578,2025-12-20,Kanpur,Pickup,28.049999999999997,9,205.0,22.0,5892.0,6.0,Rain,0,7.0,7.38,615.0,1,0,0,0,0,0,12,5,1,0.256,21.93,0.38,1,8.681520484837913
SM100222,2025-09-14,Kanpur,Pickup,39.1,10,537.0,23.0,6857.0,6.9,Clear,0,9.0,6.9,963.0,0,0,0,0,0,0,9,6,1,0.671,24.63,-2.1,0,8.833171133022866
SM101657,2025-11-15,Lucknow,Pickup,20.8,9,539.0,28.0,11595.0,6.0,Clear,0,8.0,6.26,809.0,0,0,0,0,0,0,11,5,1,0.674,38.89,-1.74,0,9.358415490041546
SM105905,2025-02-24,Lucknow,Pickup,50.2,4,417.0,39.0,5296.0,6.7,Clear,0,8.0,7.1,1140.0,0,0,0,0,0,1,2,0,0,0.521,22.71,-0.9,0,8.574895901544526
SM102762,2025-05-14,Kanpur,Pickup,23.2,5,517.0,47.0,3297.0,4.8,Clear,0,7.0,5.4,527.0,0,0,0,0,0,1,5,2,0,0.646,22.72,-1.6,0,8.101071503119543
SM102815,2025-02-04,Kanpur,Mini Truck,27.05,7,1369.0,70.0,24370.0,7.1,Fog,0,8.0,8.44,1156.0,1,0,0,0,0,0,2,1,0,0.684,42.74,0.44,1,10.101149179835646
SM102513,2025-10-03,Prayagraj,Mini Truck,20.5,2,813.0,35.0,4015.0,5.4,Clear,0,6.0,4.14,698.0,0,0,0,0,0,0,10,4,0,0.406,34.05,-1.86,0,8.298041661371565
SM100233,2025-10-04,Lucknow,Pickup,17.2,6,395.0,26.0,10032.0,5.6,Clear,0,7.0,6.69,586.0,0,0,1,1,0,0,10,5,1,0.494,34.07,-0.31,0,9.213634938925614
SM105879,2025-01-05,Prayagraj,Mini Truck,45.4,6,777.0,50.0,6912.0,3.7,Clear,0,8.0,6.12,1239.0,0,0,0,0,0,0,1,6,1,0.388,27.29,-1.88,0,8.841158975945264
SM103304,2025-02-13,Kanpur,Pickup,6.9,5,406.0,17.0,7331.0,4.3,Clear,0,6.0,3.39,418.0,0,0,0,0,0,0,2,3,0,0.507,60.58,-2.61,0,8.900003608959596
SM105302,2025-03-06,Lucknow,Truck,25.4,7,3668.0,208.0,33065.0,7.7,Rain,0,9.0,8.9,2251.0,1,0,0,0,1,0,3,3,0,0.734,88.62,-0.1,0,10.40626084311129
SM101233,2025-10-01,Kanpur,Mini Truck,17.4,9,1177.0,131.0,71027.0,5.6,Clear,0,8.0,8.01,1016.0,0,0,0,0,0,0,10,2,0,0.588,58.39,0.01,1,11.170829444478725
SM102068,2025-05-01,Lucknow,Mini Truck,53.1,4,1250.0,128.0,16453.0,6.4,Rain,0,8.0,7.54,1512.0,0,0,0,0,0,0,5,3,0,0.625,28.47,-0.46,0,9.708323887728875
SM102941,2025-12-08,Varanasi,Truck,54.7,7,3766.0,285.0,31110.0,5.3,Clear,0,10.0,9.34,2786.0,0,0,0,0,0,0,12,0,0,0.753,50.93,-0.66,0,10.345316733380217
SM100714,2025-12-02,Kanpur,Pickup,29.9,7,339.0,14.0,7278.0,3.0,Clear,0,8.0,5.36,682.0,0,0,0,0,0,0,12,1,0,0.424,22.81,-2.64,0,8.892748769118258
SM100503,2025-11-13,Varanasi,Mini Truck,17.6,5,1233.0,62.0,8410.0,5.8,Rain,0,7.0,7.02,981.0,0,0,0,0,0,0,11,3,0,0.616,55.74,0.02,1,9.037295651962438
SM101144,2025-05-01,Prayagraj,Pickup,3.1,9,462.0,38.0,18857.0,5.2,Clear,0,7.0,5.78,520.0,0,1,0,0,0,0,5,3,0,0.578,167.74,-1.22,0,9.844692506025623
SM102641,2025-07-01,Kanpur,Truck,28.65,4,4423.0,225.0,50522.0,3.8,Clear,0,8.0,7.17,2116.0,1,0,0,0,0,0,7,1,0,0.885,73.86,-0.83,0,10.830183957124165
SM105584,2025-06-17,Kanpur,Mini Truck,30.2,5,923.0,46.0,6248.0,6.4,Clear,0,7.0,6.25,920.0,0,0,0,0,0,0,6,1,0,0.462,30.46,-0.75,0,8.740176729929082
SM100552,2025-10-30,Prayagraj,Mini Truck,23.1,9,1353.0,112.0,47264.0,8.7,Clear,1,8.0,7.74,1314.0,0,0,0,0,0,0,10,3,0,0.676,56.88,-0.26,0,10.763525342859484
SM102399,2025-09-26,Lucknow,Mini Truck,7.3,3,1831.0,105.0,25524.0,4.3,Clear,0,6.0,5.27,1007.0,0,0,0,0,0,0,9,4,0,0.916,137.95,-0.73,0,10.147413643032866
SM105748,2025-12-03,Kanpur,Pickup,29.7,10,223.0,14.0,1835.0,5.0,Clear,0,8.0,4.98,670.0,0,0,0,0,0,0,12,2,0,0.279,22.56,-3.02,0,7.515344571180436
SM103675,2025-06-07,Lucknow,Truck,42.7,4,3388.0,326.0,82353.5,3.9,Clear,0,9.0,8.56,2339.0,0,0,0,0,0,0,6,5,1,0.678,54.78,-0.44,0,11.318788378921557
SM103015,2025-06-17,Lucknow,Truck,15.1,11,2168.0,106.0,54805.0,9.2,Clear,0,9.0,9.17,1535.0,0,0,0,0,0,0,6,1,0,0.434,101.66,0.17,1,10.911554955993713
SM104843,2025-03-14,Varanasi,Mini Truck,18.9,9,1325.0,124.0,12623.0,7.1,Clear,1,8.0,7.6,1145.0,0,0,0,0,0,0,3,4,0,0.662,60.58,-0.4,0,9.443355043085656
SM105886,2025-12-28,Lucknow,Pickup,6.1,9,462.0,46.0,41938.0,5.2,Clear,0,7.0,5.31,438.0,0,1,0,0,0,0,12,6,1,0.578,71.8,-1.69,0,10.643971460585572
SM102534,2025-10-20,Kanpur,Pickup,28.049999999999997,8,309.0,31.0,4781.0,6.4,Rain,1,7.0,8.41,460.0,1,0,0,0,0,0,10,0,0,0.386,16.4,1.41,1,8.47261414801827
SM102717,2025-09-09,Gorakhpur,Mini Truck,46.2,11,1520.0,73.0,16814.0,4.1,Clear,0,12.0,10.74,2195.0,1,0,0,0,0,0,9,1,0,0.76,47.51,-1.26,0,9.73002662417437
SM103300,2025-08-21,Lucknow,Truck,33.0,3,1220.0,100.0,7461.0,7.8,Rain,0,7.0,7.01,1226.0,0,0,0,0,0,0,8,3,0,0.244,37.15,0.01,1,8.917578753781104
SM101946,2025-02-27,Varanasi,Mini Truck,32.1,5,1634.0,69.0,17640.0,5.3,Clear,0,8.0,6.31,1195.0,0,0,0,0,0,0,2,3,0,0.817,37.23,-1.69,0,9.777981017296407
SM104877,2025-06-09,Kanpur,Truck,19.7,7,1930.0,123.0,20907.0,6.9,Clear,0,8.0,7.66,1420.0,0,0,0,0,0,0,6,0,0,0.386,72.08,-0.34,0,9.947887139832812
SM100116,2025-01-14,Lucknow,Mini Truck,66.2,5,1278.0,55.0,12622.0,7.5,Clear,1,9.0,9.78,1740.0,0,0,0,0,0,0,1,1,0,0.639,26.28,0.78,1,9.443275825752862
SM105152,2025-04-06,Varanasi,Mini Truck,17.4,7,1122.0,47.0,8849.0,2.3,Rain,0,7.0,6.47,886.0,0,0,0,0,0,0,4,6,1,0.561,50.92,-0.53,0,9.088172738001974
SM101304,2025-08-11,Lucknow,Truck,20.3,6,3204.0,185.0,25192.0,7.4,Clear,0,8.0,7.9,1770.0,0,0,0,0,0,0,8,0,0,0.641,87.19,-0.1,0,10.134321457134345
SM100580,2025-02-04,Kanpur,Mini Truck,3.8,6,537.0,30.0,4123.0,3.9,Rain,0,6.0,4.69,492.0,0,0,0,0,0,0,2,1,0,0.268,129.47,-1.31,0,8.32457884513685
SM105375,2025-09-03,Varanasi,Pickup,91.8,5,498.0,23.0,6593.0,8.0,Rain,0,10.0,10.51,1346.0,0,0,0,0,0,0,9,2,0,0.622,14.66,0.51,1,8.793915423631676
SM104636,2025-10-28,Prayagraj,Pickup,16.2,9,608.0,38.0,9993.0,5.6,Clear,0,8.0,6.63,368.0,0,0,1,0,0,1,10,1,0,0.76,22.72,-1.37,0,9.20974019190415
SM101723,2025-09-24,Varanasi,Pickup,19.9,6,679.0,30.0,3363.0,8.4,Rain,0,7.0,7.3,614.0,0,0,0,0,0,0,9,2,0,0.849,30.85,0.3,1,8.120886021092838
SM103276,2025-01-27,Lucknow,Mini Truck,32.6,9,957.0,93.0,9161.0,7.1,Fog,0,9.0,10.79,1133.0,0,0,0,0,0,0,1,0,0,0.478,34.75,1.79,1,9.122819774446688
SM104917,2025-04-10,Lucknow,Truck,44.7,2,3028.0,153.0,24019.0,8.5,Clear,1,8.0,7.73,2267.0,0,0,0,0,0,0,4,3,0,0.606,50.72,-0.27,0,10.086642095633975
SM100988,2025-03-31,Gorakhpur,Pickup,21.6,3,508.0,29.0,6874.0,8.1,Clear,1,6.0,6.36,595.0,0,0,0,0,0,0,3,0,0,0.635,27.55,0.36,1,8.835646922534773
SM105973,2025-01-23,Lucknow,Pickup,25.2,3,137.0,9.0,1133.0,4.6,Clear,0,6.0,2.68,416.0,0,0,0,0,0,0,1,3,0,0.171,16.51,-3.32,0,7.033506484287697
SM103942,2025-12-05,Varanasi,Truck,10.3,5,3259.0,151.0,34284.0,4.6,Clear,0,7.0,6.05,1591.0,0,0,0,0,0,0,12,4,0,0.652,154.47,-0.95,0,10.442463219718466
SM102934,2025-10-22,Lucknow,Pickup,41.2,9,315.0,20.0,3186.0,9.2,Clear,1,9.0,9.34,834.0,0,0,0,0,0,0,10,2,0,0.394,20.24,0.34,1,8.066835314417336
SM102635,2025-01-10,Varanasi,Mini Truck,53.3,6,1239.0,50.0,12367.0,4.2,Clear,0,9.0,7.69,1562.0,0,0,0,0,0,0,1,4,0,0.62,29.31,-1.31,0,9.422867770827203
SM100712,2025-09-23,Gorakhpur,Pickup,36.7,4,347.0,17.0,9708.0,6.1,Fog,0,7.0,6.13,690.0,0,0,0,0,0,0,9,1,0,0.434,18.8,-0.87,0,9.180808569370145
SM103068,2025-02-24,Prayagraj,Pickup,22.2,7,414.0,20.0,1853.0,4.7,Clear,0,7.0,6.6,722.0,0,0,0,0,0,0,2,0,0,0.518,32.52,-0.4,0,7.5251007461258
SM102295,2025-10-20,Varanasi,Pickup,58.1,7,369.0,38.0,5071.0,6.6,Clear,1,9.0,8.57,973.0,0,0,0,0,0,0,10,0,0,0.461,16.75,-0.43,0,8.531490496117062
SM103079,2025-06-13,Kanpur,Mini Truck,18.3,5,1152.0,135.0,30573.0,4.6,Clear,0,7.0,5.62,842.0,0,0,0,0,0,0,6,4,0,0.576,46.01,-1.38,0,10.32790525356098
SM105030,2025-04-26,Varanasi,Pickup,51.7,5,421.0,26.0,14622.0,2.8,Clear,0,8.0,5.74,847.0,0,0,0,0,0,0,4,5,1,0.526,16.38,-2.26,0,9.590350910611878
SM100385,2025-02-14,Varanasi,Truck,31.9,3,3101.0,142.0,33739.0,5.7,Clear,0,8.0,7.81,1858.0,0,0,0,0,0,0,2,4,0,0.62,58.24,-0.19,0,10.426439356099959
SM101576,2025-07-20,Kanpur,Mini Truck,25.5,5,728.0,49.0,4157.0,4.7,Rain,0,7.0,7.29,851.0,0,0,0,0,0,0,7,6,1,0.364,33.37,0.29,1,8.332789468417959
SM105935,2025-04-14,Gorakhpur,Pickup,88.6,3,501.0,22.0,8329.0,7.4,Clear,0,9.0,7.92,1241.0,0,0,0,0,0,0,4,0,0,0.626,14.01,-1.08,0,9.027618735160889
SM105225,2025-06-29,Lucknow,Mini Truck,13.4,10,1433.0,108.0,58733.0,8.3,Clear,0,8.0,6.58,1143.0,0,0,0,0,0,0,6,6,1,0.716,85.3,-1.42,0,10.980774054489485
SM103223,2025-10-11,Lucknow,Truck,35.0,4,1274.0,66.0,15850.0,3.2,Clear,0,7.0,6.45,1434.0,0,0,0,1,0,0,10,5,1,0.255,40.97,-0.55,0,9.670987868797893
SM101437,2025-08-27,Lucknow,Mini Truck,21.2,8,1161.0,38.0,13618.0,5.2,Clear,0,7.0,5.66,673.0,0,1,0,0,0,0,8,2,0,0.58,31.75,-1.34,0,9.519221155568957
SM103743,2025-06-10,Lucknow,Pickup,40.1,2,462.0,15.0,3419.0,5.6,Clear,0,6.0,6.19,534.0,0,1,1,0,0,0,6,1,0,0.578,13.32,0.19,1,8.13739583005665
SM100331,2025-05-16,Lucknow,Mini Truck,35.8,5,1119.0,48.0,8712.0,4.5,Clear,0,8.0,6.31,1125.0,0,0,0,0,0,0,5,4,0,0.56,31.42,-1.69,0,9.072571442231286
SM101179,2025-01-10,Gorakhpur,Mini Truck,31.2,7,634.0,50.0,24359.0,5.2,Fog,0,8.0,8.93,902.0,0,0,0,0,0,0,1,4,0,0.317,28.91,0.93,1,10.100697721823833
SM105717,2025-09-30,Lucknow,Truck,51.6,6,1364.0,114.0,27187.0,5.7,Rain,0,9.0,10.35,1941.0,0,0,0,0,0,0,9,1,0,0.273,37.62,1.35,1,10.21053097846653
SM102216,2025-06-14,Prayagraj,Pickup,21.2,8,476.0,44.0,8973.0,5.1,Clear,0,7.0,5.43,627.0,0,0,0,0,0,0,6,5,1,0.595,29.58,-1.57,0,9.102086786535928
SM105779,2025-02-16,Lucknow,Mini Truck,16.7,6,1040.0,112.0,36021.0,4.6,Clear,0,7.0,6.14,786.0,0,0,0,0,0,0,2,6,1,0.52,47.07,-0.86,0,10.491885141897002
SM101683,2025-10-18,Kanpur,Mini Truck,7.6,5,1161.0,107.0,28037.0,6.2,Clear,0,6.0,5.89,795.0,0,1,0,0,0,0,10,5,1,0.58,104.61,-0.11,0,10.24131601192848
SM103812,2025-09-04,Prayagraj,Pickup,50.1,2,578.0,24.0,5729.0,7.5,Rain,0,7.0,7.15,802.0,0,0,0,0,0,0,9,3,0,0.722,16.01,0.15,1,8.653470809708786
SM101497,2025-10-12,Prayagraj,Pickup,29.7,6,540.0,29.0,5622.0,5.1,Clear,0,7.0,6.02,659.0,0,0,0,0,0,0,10,6,1,0.675,22.19,-0.98,0,8.634620608292202
SM103661,2025-06-20,Gorakhpur,Mini Truck,82.1,8,1657.0,181.0,78412.0,7.6,Clear,0,11.0,10.16,2201.0,0,0,0,0,0,0,6,4,0,0.828,26.81,-0.84,0,11.269745008919022
SM104926,2025-05-26,Lucknow,Pickup,33.6,5,503.0,50.0,23737.0,3.8,Clear,0,7.0,5.46,717.0,0,0,0,0,0,0,5,0,0,0.629,21.34,-1.54,0,10.07483241861645
SM102470,2025-11-22,Varanasi,Pickup,68.5,6,715.0,73.0,49189.0,4.6,Rain,0,9.0,8.2,1205.0,0,0,0,0,0,0,11,5,1,0.894,17.59,-0.8,0,10.803445629789385
SM100416,2025-12-20,Varanasi,Mini Truck,40.4,6,1771.0,126.0,30030.0,6.6,Clear,0,8.0,6.95,1506.0,0,0,0,0,0,0,12,5,1,0.886,37.28,-1.05,0,10.309985460456241
SM103181,2025-03-13,Varanasi,Mini Truck,6.4,2,1630.0,149.0,14404.0,5.7,Rain,0,5.0,5.53,842.0,0,0,0,0,0,0,3,3,0,0.815,131.56,0.53,1,9.575330647518628
SM100343,2025-07-07,Lucknow,Mini Truck,37.6,7,1051.0,76.0,10616.0,7.7,Rain,0,8.0,9.24,1155.0,0,0,0,0,0,0,7,0,0,0.526,30.72,1.24,1,9.270211769013573
SM103244,2025-09-24,Lucknow,Pickup,46.6,11,211.0,21.0,3280.0,7.1,Rain,0,10.0,8.84,1002.0,0,0,0,0,0,0,9,2,0,0.264,21.5,-1.16,0,8.0959035329611
SM103738,2025-09-01,Kanpur,Pickup,28.5,11,606.0,45.0,10369.0,7.6,Clear,0,9.0,7.83,879.0,0,0,0,0,0,0,9,0,0,0.758,30.84,-1.17,0,9.246672301223573
SM103507,2025-10-24,Lucknow,Pickup,68.8,5,495.0,49.0,7150.0,5.7,Clear,0,9.0,6.74,1113.0,0,0,0,0,0,0,10,4,0,0.619,16.18,-2.26,0,8.875007486048396
SM105135,2025-02-06,Prayagraj,Truck,28.4,5,2978.0,168.0,13809.0,6.1,Clear,0,8.0,8.19,1865.0,0,0,0,0,0,0,2,3,0,0.596,65.67,0.19,1,9.533148246403337
SM103251,2025-09-30,Lucknow,Truck,26.8,11,2448.0,162.0,13480.0,5.2,Rain,0,10.0,10.49,1629.0,0,0,0,0,0,1,9,1,0,0.49,60.78,0.49,1,9.509036565691064
SM102487,2025-01-21,Lucknow,Mini Truck,42.7,11,1548.0,155.0,25035.0,5.1,Clear,0,10.0,8.97,1661.0,0,0,0,0,0,0,1,1,0,0.774,38.9,-1.03,0,10.128070068044591
SM102300,2025-04-08,Varanasi,Truck,97.8,12,1274.0,71.0,11058.0,4.8,Clear,0,13.0,11.26,3243.0,0,0,0,0,0,0,4,1,0,0.255,33.16,-1.74,0,9.31099985507536
SM104744,2025-09-12,Kanpur,Pickup,31.1,8,461.0,38.0,8681.0,6.9,Rain,0,8.0,8.35,706.0,0,0,0,0,0,0,9,4,0,0.576,22.7,0.35,1,9.06900719585954
SM103496,2025-02-07,Prayagraj,Pickup,22.9,3,404.0,30.0,6775.0,6.9,Clear,0,6.0,5.19,565.0,0,0,0,0,0,0,2,4,0,0.505,24.67,-0.81,0,8.821142236331891
SM101508,2025-11-12,Kanpur,Mini Truck,9.6,8,1057.0,50.0,6958.0,7.6,Clear,0,7.0,6.44,735.0,0,0,0,0,0,0,11,2,0,0.528,76.56,-0.56,0,8.84779106484485
SM103753,2025-04-09,Gorakhpur,Mini Truck,62.1,3,938.0,86.0,32809.0,7.0,Clear,0,8.0,8.4,1402.0,0,0,0,0,0,0,4,2,0,0.469,22.58,0.4,1,10.398488625955148
SM103793,2025-08-28,Varanasi,Truck,31.5,12,3226.0,188.0,43605.0,7.4,Rain,0,11.0,10.91,2343.0,0,0,0,0,0,0,8,3,0,0.645,74.38,-0.09,0,10.682950034547993
SM104583,2025-09-16,Kanpur,Mini Truck,17.2,6,847.0,58.0,14501.0,5.1,Clear,0,7.0,4.55,792.0,0,0,0,0,0,0,9,1,0,0.424,46.05,-2.45,0,9.582041849931539
SM103626,2025-10-09,Varanasi,Truck,30.4,6,1718.0,88.0,32082.0,6.0,Fog,0,8.0,8.58,1596.0,0,0,0,0,0,0,10,3,0,0.344,52.5,0.58,1,10.37608157381756
SM100311,2025-09-03,Gorakhpur,Mini Truck,42.6,11,1250.0,60.0,9092.0,6.0,Clear,0,10.0,8.22,1494.0,0,0,0,0,0,0,9,2,0,0.625,35.07,-1.78,0,9.115260165725912
SM104984,2025-03-12,Kanpur,Mini Truck,47.5,4,1037.0,109.0,82353.5,4.9,Clear,0,8.0,6.16,1198.0,0,0,0,0,0,0,3,2,0,0.518,25.22,-1.84,0,11.318788378921557
SM102748,2025-06-01,Gorakhpur,Pickup,20.3,8,429.0,42.0,7288.0,5.7,Clear,0,7.0,5.89,591.0,0,0,0,0,0,0,6,6,1,0.536,29.11,-1.11,0,8.894121641382213
SM103121,2025-12-31,Prayagraj,Pickup,45.7,7,330.0,39.0,10408.0,4.2,Fog,0,8.0,8.27,911.0,0,0,0,0,0,0,12,2,0,0.412,19.93,0.27,1,9.250426095515468
SM105826,2025-02-25,Kanpur,Mini Truck,27.0,5,970.0,49.0,9751.0,5.2,Rain,0,7.0,6.48,967.0,0,0,0,0,0,0,2,1,0,0.485,35.81,-0.52,0,9.185227671161108
SM101854,2025-02-08,Lucknow,Pickup,19.4,7,269.0,12.0,3150.0,5.4,Rain,0,7.0,7.0,542.0,0,0,0,0,0,0,2,5,1,0.336,27.94,0.0,0,8.055475141757274
SM100101,2025-03-14,Lucknow,Truck,20.1,5,3102.0,141.0,32708.0,5.0,Clear,1,8.0,7.18,1705.0,0,0,0,0,0,0,3,4,0,0.62,84.83,-0.82,0,10.395405548374491
SM100141,2025-03-20,Lucknow,Pickup,32.8,7,422.0,27.0,4683.0,4.9,Clear,0,8.0,6.69,808.0,0,0,0,0,0,0,3,3,0,0.528,24.63,-1.31,0,8.451907724717607
SM105483,2025-11-05,Varanasi,Truck,37.65,4,4278.0,378.0,82353.5,6.3,Clear,1,10.0,9.73,2935.0,1,0,0,0,0,0,11,2,0,0.856,77.95,-0.27,0,11.318788378921557
SM103225,2025-10-09,Lucknow,Truck,9.4,9,2508.0,213.0,13222.0,3.8,Clear,0,8.0,7.01,571.0,0,0,0,0,0,1,10,3,0,0.502,60.74,-0.99,0,9.489713016556824
SM100473,2025-06-20,Prayagraj,Mini Truck,49.7,6,922.0,71.0,34513.0,4.0,Clear,0,8.0,6.48,1263.0,0,0,0,0,0,0,6,4,0,0.461,25.41,-1.52,0,10.449120317807525
SM103686,2025-02-08,Gorakhpur,Mini Truck,9.3,8,1001.0,72.0,8587.0,5.2,Fog,0,7.0,6.94,745.0,0,0,0,0,0,0,2,5,1,0.5,80.11,-0.06,0,9.058121158998672
SM104901,2025-08-28,Varanasi,Mini Truck,17.4,7,1353.0,149.0,69511.0,6.1,Clear,0,7.0,6.47,1094.0,0,0,0,0,0,0,8,3,0,0.676,62.87,-0.53,0,11.149254678519043
SM105335,2025-01-26,Varanasi,Mini Truck,34.9,4,864.0,41.0,8085.0,6.9,Rain,0,7.0,6.82,931.0,0,0,0,0,0,0,1,6,1,0.432,26.68,-0.18,0,8.997889450200717
SM101081,2025-12-28,Lucknow,Mini Truck,26.7,4,1480.0,91.0,11924.0,2.6,Fog,0,7.0,5.38,1177.0,0,0,0,0,0,0,12,6,1,0.74,44.08,-1.62,0,9.386392315756542
SM103922,2025-06-25,Prayagraj,Pickup,42.9,9,579.0,25.0,6175.0,4.0,Clear,0,9.0,6.36,1022.0,0,0,0,0,0,0,6,2,0,0.724,23.82,-2.64,0,8.728426091704613
SM101650,2025-03-11,Kanpur,Mini Truck,6.7,8,1683.0,80.0,5169.0,5.3,Clear,0,7.0,5.86,948.0,0,0,0,0,0,0,3,1,0,0.842,141.49,-1.14,0,8.550627967502475
SM103398,2025-01-03,Varanasi,Mini Truck,21.8,2,1045.0,51.0,19725.0,5.1,Fog,0,6.0,5.74,716.0,0,0,0,0,0,0,1,4,0,0.522,32.84,-0.26,0,9.88969284151394
SM101238,2025-04-19,Varanasi,Mini Truck,65.4,8,1253.0,108.0,58800.0,6.6,Clear,0,10.0,7.89,1712.0,0,0,0,0,0,0,4,5,1,0.626,26.18,-2.11,0,10.981914140544825
SM103279,2025-09-24,Lucknow,Mini Truck,24.3,5,1386.0,75.0,5539.0,7.9,Rain,0,7.0,7.5,1084.0,0,0,0,0,0,0,9,2,0,0.693,44.61,0.5,1,8.61974977974133
SM100634,2025-03-08,Varanasi,Truck,43.6,8,2820.0,122.0,53685.0,3.9,Clear,0,10.0,7.62,2315.0,0,0,0,0,0,0,3,5,1,0.564,53.1,-2.38,0,10.890907538871803
SM105470,2025-08-05,Prayagraj,Mini Truck,29.2,13,1469.0,70.0,14022.0,7.6,Clear,0,10.0,8.68,1332.0,0,0,0,0,0,0,8,1,0,0.734,45.62,-1.32,0,9.548454117726651
SM103544,2025-01-14,Lucknow,Pickup,26.9,3,619.0,54.0,15389.0,5.9,Fog,1,6.0,6.92,673.0,0,0,0,0,0,0,1,1,0,0.774,25.02,0.92,1,9.641473226832925
SM101247,2025-06-19,Lucknow,Pickup,50.3,4,320.0,17.0,2155.0,6.3,Clear,0,8.0,6.48,745.0,0,0,0,0,0,0,6,3,0,0.4,14.81,-1.52,0,7.6760099320288875
SM102441,2025-01-01,Kanpur,Mini Truck,27.05,10,1251.0,126.0,31380.0,4.7,Fog,0,9.0,8.88,1197.0,1,0,0,0,0,0,1,2,0,0.626,44.25,-0.12,0,10.353957893210753
SM101916,2025-04-14,Kanpur,Mini Truck,27.05,8,1085.0,97.0,16191.0,10.0,Clear,0,11.0,11.82,2212.0,1,0,0,0,0,0,4,0,0,0.542,81.77,0.82,1,9.692272572087193
SM104463,2025-08-28,Gorakhpur,Pickup,24.3,5,367.0,19.0,3416.0,6.0,Clear,0,7.0,5.86,552.0,0,0,0,0,0,1,8,3,0,0.459,22.72,-1.14,0,8.136518252115291
SM104216,2025-06-28,Varanasi,Mini Truck,47.9,8,1617.0,87.0,10939.0,4.6,Clear,0,9.0,7.3,1660.0,0,0,0,0,0,0,6,5,1,0.808,34.66,-1.7,0,9.300181075975972
SM104161,2025-05-24,Prayagraj,Mini Truck,49.1,8,1216.0,70.0,6730.0,7.5,Fog,0,9.0,9.85,1447.0,0,0,0,0,0,0,5,5,1,0.608,29.47,0.85,1,8.814479000010714
SM104259,2025-01-10,Lucknow,Pickup,31.0,2,653.0,46.0,22068.0,4.0,Fog,0,6.0,5.71,712.0,0,0,0,0,0,0,1,4,0,0.816,22.97,-0.29,0,10.00192918784816
SM104807,2025-11-22,Prayagraj,Mini Truck,31.3,6,567.0,24.0,4432.0,6.3,Clear,0,8.0,7.04,994.0,1,0,0,0,0,0,11,5,1,0.284,31.76,-0.96,0,8.396831834745054
SM100366,2025-06-21,Varanasi,Pickup,27.8,6,579.0,45.0,4839.0,4.4,Clear,0,7.0,6.98,674.0,0,0,0,1,0,0,6,5,1,0.724,24.24,-0.02,0,8.484669999710677
SM101768,2025-01-25,Lucknow,Mini Truck,27.6,5,819.0,56.0,29009.0,6.1,Rain,0,7.0,7.53,983.0,0,0,0,0,0,1,1,5,1,0.41,35.62,0.53,1,10.27539587711545
SM102520,2025-06-11,Prayagraj,Pickup,7.3,7,462.0,22.0,3387.0,5.7,Clear,0,6.0,4.92,531.0,0,1,0,0,0,0,6,2,0,0.578,72.74,-1.08,0,8.127995055771946
SM101734,2025-11-11,Gorakhpur,Pickup,90.3,4,521.0,54.0,11547.0,6.6,Clear,0,10.0,8.49,1323.0,0,0,0,0,0,0,11,1,0,0.651,14.65,-1.51,0,9.354267540782825
SM104736,2025-01-23,Kanpur,Mini Truck,21.2,9,1538.0,77.0,12170.0,7.2,Clear,0,8.0,8.22,1225.0,0,0,0,0,0,0,1,3,0,0.769,57.78,0.22,1,9.406811351874557
SM103227,2025-05-19,Prayagraj,Pickup,49.8,8,617.0,30.0,4326.0,5.6,Clear,0,9.0,7.22,998.0,0,0,0,0,0,0,5,0,0,0.771,20.04,-1.78,0,8.372629740224884
SM101550,2025-04-13,Lucknow,Pickup,39.3,10,248.0,14.0,1869.0,7.5,Clear,1,9.0,8.4,796.0,0,0,0,0,0,0,4,6,1,0.31,20.25,-0.6,0,7.533693709848633
SM105909,2025-07-09,Lucknow,Pickup,25.0,5,460.0,22.0,2840.0,5.1,Rain,0,7.0,5.38,653.0,0,0,0,0,0,0,7,2,0,0.575,26.12,-1.62,0,7.951911381854188
SM104341,2025-06-02,Prayagraj,Mini Truck,34.5,6,814.0,38.0,4144.0,5.6,Clear,0,8.0,6.98,1047.0,0,0,1,0,0,0,6,0,0,0.407,30.35,-1.02,0,8.329658067569396
SM104973,2025-10-09,Lucknow,Pickup,33.5,7,191.0,12.0,3258.0,5.1,Clear,0,8.0,6.93,733.0,0,0,0,0,0,0,10,3,0,0.239,21.88,-1.07,0,8.089175678837561
SM101729,2025-02-08,Prayagraj,Truck,50.3,1,2630.0,177.0,30723.0,4.2,Clear,0,8.0,6.76,2249.0,0,0,0,0,0,0,2,5,1,0.526,44.71,-1.24,0,10.332799387118573
SM100684,2025-03-03,Lucknow,Mini Truck,39.6,2,1038.0,69.0,13914.0,7.1,Clear,0,7.0,5.17,990.0,0,0,0,0,0,0,3,0,0,0.519,25.0,-1.83,0,9.54072267395999
SM103085,2025-05-12,Kanpur,Truck,59.9,1,4287.0,193.0,19669.0,6.1,Rain,0,9.0,8.38,2969.0,0,0,0,0,0,0,5,0,0,0.857,49.57,-0.62,0,9.886849911383104
SM103499,2025-06-14,Varanasi,Pickup,88.3,8,361.0,17.0,2545.0,5.6,Clear,0,11.0,7.85,1383.0,0,0,0,0,0,0,6,5,1,0.451,15.66,-3.15,0,7.842278779117352
SM101404,2025-03-06,Prayagraj,Truck,42.8,4,2668.0,160.0,23164.0,6.2,Clear,0,8.0,6.38,2102.0,0,0,0,0,0,0,3,3,0,0.534,49.11,-1.62,0,10.05039779785075
SM100573,2025-01-18,Prayagraj,Mini Truck,41.4,4,1053.0,130.0,50593.0,3.3,Fog,0,7.0,7.52,1139.0,0,0,0,0,0,0,1,5,1,0.526,27.51,0.52,1,10.831588271169641
SM104607,2025-06-27,Lucknow,Mini Truck,59.8,6,1161.0,76.0,11944.0,5.9,Clear,0,9.0,6.85,1303.0,0,1,0,0,0,0,6,4,0,0.58,21.79,-2.15,0,9.38806805975991
SM102075,2025-05-29,Lucknow,Pickup,23.4,3,497.0,40.0,15585.0,3.8,Clear,0,6.0,3.9,508.0,0,0,0,0,0,0,5,3,0,0.621,21.71,-2.1,0,9.654128354403506
SM104690,2025-01-01,Lucknow,Pickup,66.4,6,319.0,18.0,1409.0,7.0,Fog,0,9.0,8.9,1019.0,0,0,0,0,0,0,1,2,0,0.399,15.35,-0.1,0,7.251344983372214
SM101156,2025-02-13,Gorakhpur,Truck,96.1,6,3690.0,168.0,41050.0,9.8,Clear,0,12.0,9.96,3800.0,0,0,0,0,0,0,2,3,0,0.738,39.54,-2.04,0,10.622570475119794
SM101227,2025-12-26,Lucknow,Mini Truck,8.2,9,1533.0,114.0,23809.0,5.2,Clear,0,8.0,6.27,963.0,0,0,0,0,0,0,12,4,0,0.766,117.44,-1.73,0,10.077860939480908
SM104590,2025-09-11,Prayagraj,Pickup,41.7,7,462.0,42.0,13280.0,2.2,Rain,0,8.0,6.49,925.0,0,0,0,1,0,0,9,3,0,0.578,22.18,-1.51,0,9.49408972140025
SM100662,2025-01-13,Gorakhpur,Mini Truck,32.0,8,1062.0,68.0,12475.0,5.0,Rain,0,8.0,7.74,1172.0,0,0,0,0,0,0,1,0,0,0.531,36.62,-0.26,0,9.431562077727694
SM104088,2025-12-25,Lucknow,Pickup,25.7,6,258.0,14.0,1944.0,5.6,Clear,0,7.0,5.56,558.0,0,0,0,0,0,0,12,3,0,0.322,21.71,-1.44,0,7.573017256052546
SM103662,2025-12-20,Lucknow,Pickup,47.9,8,632.0,31.0,8298.0,5.9,Fog,0,9.0,9.94,1028.0,0,0,0,0,0,0,12,5,1,0.79,21.46,0.94,1,9.023890304598448
SM100181,2025-02-25,Lucknow,Mini Truck,23.3,4,1291.0,70.0,9233.0,4.6,Rain,0,7.0,5.23,896.0,0,0,0,0,0,0,2,1,0,0.646,38.45,-1.77,0,9.130647603066935
SM103671,2025-02-04,Prayagraj,Pickup,30.8,9,652.0,40.0,5467.0,5.0,Clear,0,8.0,6.92,915.0,0,0,0,0,0,0,2,1,0,0.815,29.71,-1.08,0,8.60666819784384
SM105433,2025-07-03,Varanasi,Pickup,30.0,11,486.0,26.0,8965.0,6.6,Clear,0,9.0,7.49,832.0,0,0,0,0,0,0,7,3,0,0.608,27.73,-1.51,0,9.101194924715385
SM104002,2025-01-13,Varanasi,Pickup,34.8,4,415.0,28.0,6263.0,6.6,Fog,0,7.0,7.3,726.0,0,0,0,0,0,0,1,0,0,0.519,20.86,0.3,1,8.74257423767064
SM105505,2025-11-02,Lucknow,Mini Truck,19.5,7,1498.0,67.0,17346.0,6.4,Clear,0,8.0,6.39,1127.0,0,0,0,0,0,0,11,6,1,0.749,57.79,-1.61,0,9.76117485976141
SM105249,2025-07-28,Lucknow,Mini Truck,30.8,3,1109.0,73.0,7151.0,5.6,Clear,0,7.0,5.58,1060.0,0,0,1,0,0,0,7,0,0,0.554,34.42,-1.42,0,8.87514731685335
SM104301,2025-08-28,Varanasi,Mini Truck,38.2,7,944.0,43.0,14190.0,6.7,Clear,0,8.0,6.89,1279.0,0,0,0,0,0,0,8,3,0,0.472,33.48,-1.11,0,9.560363239834537
SM103739,2025-10-31,Prayagraj,Pickup,26.5,7,437.0,40.0,6666.0,4.9,Rain,0,7.0,6.73,688.0,0,0,0,0,0,0,10,4,0,0.546,25.96,-0.27,0,8.80492526261806
SM105555,2025-07-07,Lucknow,Mini Truck,9.1,5,1161.0,88.0,19614.0,3.8,Clear,0,6.0,3.9,750.0,0,1,0,0,0,0,7,0,0,0.58,82.42,-2.1,0,9.884049858643653
SM105368,2025-08-31,Prayagraj,Truck,19.4,5,3134.0,175.0,25976.0,5.8,Rain,0,8.0,7.94,1715.0,0,0,0,0,0,0,8,6,1,0.627,88.4,-0.06,0,10.16496681011591
SM100217,2025-02-05,Lucknow,Truck,16.7,3,4552.0,553.0,82353.5,4.9,Clear,0,8.0,6.87,2059.0,0,0,0,0,0,0,2,2,0,0.91,123.29,-1.13,0,11.318788378921557
SM104921,2025-11-15,Prayagraj,Truck,53.3,9,1702.0,132.0,11992.0,3.6,Clear,0,10.0,7.22,2204.0,0,0,0,0,0,0,11,5,1,0.34,41.35,-2.78,0,9.392078425231722
SM103332,2025-04-01,Prayagraj,Pickup,17.7,6,231.0,19.0,4138.0,6.2,Clear,0,7.0,4.92,495.0,0,0,0,0,0,0,4,1,0,0.289,27.97,-2.08,0,8.328209491748732
SM104757,2025-02-18,Lucknow,Truck,18.8,3,4019.0,469.0,82353.5,4.3,Clear,0,8.0,6.6,1916.0,0,0,0,0,0,0,2,1,0,0.804,101.91,-1.4,0,11.318788378921557
SM105072,2025-03-05,Lucknow,Mini Truck,24.6,5,1432.0,91.0,82353.5,7.8,Clear,0,7.0,5.43,1098.0,0,0,0,0,0,0,3,2,0,0.716,44.63,-1.57,0,11.318788378921557
SM102060,2025-11-23,Lucknow,Mini Truck,49.7,5,1402.0,57.0,13655.0,4.7,Clear,0,8.0,7.91,1533.0,0,0,0,0,0,0,11,6,1,0.701,30.85,-0.09,0,9.521934264474277
SM103871,2025-02-07,Varanasi,Pickup,39.6,6,495.0,22.0,1123.0,5.2,Clear,0,8.0,6.3,852.0,0,0,0,0,0,0,2,4,0,0.619,21.52,-1.7,0,7.024649030453636
SM103192,2025-09-02,Lucknow,Truck,43.4,10,2424.0,148.0,24440.0,5.3,Rain,0,10.0,9.67,2213.0,0,0,0,0,0,0,9,1,0,0.485,50.99,-0.33,0,10.10401732897875
SM100745,2025-05-13,Varanasi,Mini Truck,30.5,4,1115.0,74.0,7387.0,5.6,Clear,0,7.0,5.87,964.0,0,0,0,0,0,0,5,1,0,0.558,31.61,-1.13,0,8.90761234131913
SM102427,2025-05-21,Kanpur,Mini Truck,14.5,4,444.0,26.0,2230.0,4.6,Clear,0,6.0,3.89,640.0,0,0,0,0,0,0,5,2,0,0.222,44.14,-2.11,0,7.7102051944325325
SM102720,2025-08-17,Kanpur,Pickup,33.7,4,459.0,26.0,6906.0,7.1,Rain,0,7.0,6.44,655.0,0,0,0,0,0,0,8,6,1,0.574,19.44,-0.56,0,8.840290669088972
SM103612,2025-08-11,Prayagraj,Pickup,35.9,12,298.0,36.0,4706.0,6.9,Rain,0,9.0,7.79,859.0,0,0,0,0,0,0,8,0,0,0.372,23.93,-1.21,0,8.456806041401142
SM102746,2025-03-23,Lucknow,Mini Truck,50.6,6,1132.0,116.0,20835.0,5.5,Clear,0,9.0,6.12,1528.0,0,0,0,0,0,0,3,6,1,0.566,30.2,-2.88,0,9.944437538865083
SM105761,2025-03-01,Lucknow,Truck,25.6,6,1645.0,80.0,17587.0,3.6,Clear,0,8.0,6.71,1423.0,0,0,0,0,0,0,3,5,1,0.329,55.59,-1.29,0,9.7749721303007
SM102155,2025-06-28,Lucknow,Truck,14.0,7,1927.0,108.0,22357.0,4.8,Clear,0,8.0,7.68,1254.0,0,0,0,0,0,0,6,5,1,0.385,89.57,-0.32,0,10.014939477830271
SM105515,2025-09-12,Varanasi,Mini Truck,24.8,5,1269.0,89.0,14700.0,8.5,Rain,0,7.0,7.64,1025.0,0,0,0,0,0,0,9,4,0,0.634,41.33,0.64,1,9.595670797663967
SM104631,2025-04-15,Varanasi,Pickup,12.7,6,127.0,7.0,1604.0,4.6,Clear,0,6.0,4.51,507.0,0,0,0,0,0,0,4,1,0,0.159,39.92,-1.49,0,7.380879035564116
SM100259,2025-08-03,Lucknow,Mini Truck,22.6,4,824.0,34.0,15096.0,6.7,Rain,0,6.0,5.7,743.0,0,0,0,0,0,0,8,6,1,0.412,32.88,-0.3,0,9.622251327567737
SM100871,2025-03-15,Lucknow,Pickup,44.4,3,258.0,10.0,1951.0,6.7,Clear,0,7.0,6.24,563.0,0,0,0,0,0,0,3,5,1,0.322,12.68,-0.76,0,7.5766097669730375
SM101198,2025-10-21,Lucknow,Mini Truck,30.3,8,1161.0,60.0,16401.0,6.9,Clear,1,8.0,8.2,1240.0,0,1,0,0,0,0,10,1,0,0.58,40.92,0.2,1,9.705158557596356
SM102146,2025-03-06,Gorakhpur,Truck,42.4,5,1542.0,105.0,10908.0,8.7,Clear,0,8.0,8.24,1736.0,0,0,0,0,0,0,3,3,0,0.308,40.94,0.24,1,9.297343415597757
SM100092,2025-11-04,Kanpur,Truck,14.4,4,1606.0,69.0,6496.0,5.9,Fog,0,6.0,7.48,1191.0,0,0,0,0,0,0,11,1,0,0.321,82.71,1.48,1,8.77909581088053
SM104486,2025-07-18,Lucknow,Pickup,53.8,5,432.0,18.0,4911.0,8.3,Clear,0,8.0,6.34,891.0,0,0,0,0,0,0,7,4,0,0.54,16.56,-1.66,0,8.499436469826978
SM103894,2025-08-11,Lucknow,Pickup,15.0,4,553.0,45.0,9348.0,6.5,Rain,0,6.0,6.93,383.0,0,0,0,0,0,0,8,0,0,0.691,25.53,0.93,1,9.143024664691316
SM104517,2025-01-22,Varanasi,Pickup,25.4,3,387.0,45.0,19653.0,3.6,Clear,1,6.0,5.5,545.0,0,0,0,0,0,0,1,2,0,0.484,21.46,-0.5,0,9.886036158922373
SM104004,2025-10-20,Gorakhpur,Pickup,66.1,8,588.0,50.0,6517.0,6.2,Clear,1,10.0,9.37,1248.0,0,0,0,0,0,0,10,0,0,0.735,18.88,-0.63,0,8.782322859397507
SM100081,2025-06-09,Lucknow,Mini Truck,39.1,8,830.0,38.0,4450.0,6.2,Clear,0,9.0,7.28,1240.0,0,0,0,0,0,0,6,0,0,0.415,31.71,-1.72,0,8.400884069015854
SM100033,2025-07-22,Lucknow,Pickup,13.2,8,360.0,17.0,3618.0,5.8,Clear,0,7.0,6.02,557.0,0,0,0,0,0,0,7,1,0,0.45,42.2,-0.98,0,8.193953023563742
SM102645,2025-01-02,Lucknow,Pickup,17.3,5,581.0,25.0,3769.0,8.2,Rain,0,6.0,7.39,549.0,0,0,0,0,0,0,1,3,0,0.726,31.73,1.39,1,8.234830280442056
SM104371,2025-03-04,Kanpur,Mini Truck,38.4,5,1063.0,48.0,8609.0,3.4,Clear,0,8.0,6.15,1185.0,0,0,0,0,0,0,3,1,0,0.532,30.86,-1.85,0,9.060679597421776
SM102856,2025-07-27,Varanasi,Pickup,71.3,4,307.0,14.0,2872.0,3.8,Rain,0,9.0,7.92,995.0,0,0,0,0,0,0,7,6,1,0.384,13.96,-1.08,0,7.96311205897929
SM100072,2025-06-18,Kanpur,Truck,45.6,8,2705.0,226.0,59701.0,5.7,Rain,0,10.0,10.55,2245.0,0,0,0,0,0,0,6,2,0,0.541,49.23,0.55,1,10.997120799657074
SM102473,2025-03-17,Lucknow,Pickup,42.7,7,317.0,35.0,4144.0,3.8,Clear,0,8.0,6.0,791.0,0,0,0,0,0,0,3,0,0,0.396,18.52,-2.0,0,8.329658067569396
SM100787,2025-09-08,Lucknow,Pickup,12.5,3,334.0,36.0,7433.0,7.2,Rain,0,5.0,5.32,303.0,0,0,0,0,0,0,9,0,0,0.418,24.24,0.32,1,8.913819350857198
SM101351,2025-05-24,Lucknow,Pickup,39.9,7,628.0,41.0,4134.0,2.4,Clear,0,8.0,6.72,915.0,0,0,0,0,0,0,5,5,1,0.785,22.93,-1.28,0,8.327242607457793
SM101528,2025-01-08,Lucknow,Pickup,6.0,6,234.0,12.0,2440.0,3.0,Fog,0,6.0,6.23,307.0,0,0,0,0,0,0,1,2,0,0.292,51.17,0.23,1,7.80016307039296
SM101758,2025-07-28,Lucknow,Mini Truck,59.3,8,941.0,58.0,23093.0,2.4,Clear,0,10.0,7.07,1610.0,0,0,0,0,0,0,7,0,0,0.47,27.15,-2.93,0,10.047328122511802
SM102965,2025-08-05,Lucknow,Pickup,30.3,4,398.0,17.0,5043.0,5.6,Rain,0,7.0,6.99,636.0,0,0,1,0,0,0,8,1,0,0.498,20.99,-0.01,0,8.52595469708481
SM105100,2025-07-20,Lucknow,Mini Truck,30.2,4,1610.0,71.0,18354.0,4.9,Clear,0,7.0,5.79,1221.0,0,0,0,0,0,0,7,6,1,0.805,40.43,-1.21,0,9.817657295930935
SM102903,2025-08-14,Kanpur,Mini Truck,26.5,7,1094.0,74.0,16306.0,6.4,Clear,0,8.0,6.29,1099.0,0,0,0,0,0,0,8,3,0,0.547,41.47,-1.71,0,9.699349742461278
SM105266,2025-07-18,Gorakhpur,Mini Truck,70.8,8,913.0,37.0,5259.0,5.3,Clear,0,10.0,9.04,1854.0,0,0,0,0,0,0,7,4,0,0.456,26.19,-0.96,0,8.567886305731756
SM101131,2025-09-02,Varanasi,Mini Truck,42.1,6,883.0,38.0,7271.0,5.0,Rain,0,8.0,8.25,1249.0,0,0,0,0,0,0,9,1,0,0.442,29.67,0.25,1,8.891786635857315
SM103444,2025-12-02,Lucknow,Mini Truck,20.0,7,1644.0,82.0,12115.0,6.1,Clear,0,8.0,6.83,1133.0,0,0,0,0,0,0,12,1,0,0.822,56.65,-1.17,0,9.402282172147128
SM101452,2025-01-19,Varanasi,Pickup,39.6,5,311.0,21.0,5598.0,4.5,Fog,0,7.0,6.26,807.0,0,0,0,0,1,0,1,6,1,0.389,20.38,-0.74,0,8.630343289348893
SM105647,2025-12-15,Lucknow,Pickup,61.0,9,428.0,31.0,6990.0,5.0,Fog,0,10.0,9.76,1116.0,0,0,0,0,0,0,12,0,0,0.535,18.3,-0.24,0,8.852378886511985
SM103806,2025-02-07,Varanasi,Truck,55.8,3,2699.0,203.0,21976.0,4.9,Clear,0,9.0,6.09,2474.0,0,0,0,0,0,0,2,4,0,0.54,44.34,-2.91,0,9.997751730926211
SM104396,2025-04-18,Prayagraj,Truck,35.3,2,3426.0,361.0,45021.0,4.7,Rain,0,8.0,7.71,2077.0,0,0,0,0,0,0,4,4,0,0.685,58.84,-0.29,0,10.714906538174109
SM101399,2025-04-20,Kanpur,Truck,30.5,9,3261.0,136.0,33804.0,6.2,Clear,0,10.0,10.01,2257.0,0,0,0,1,0,0,4,6,1,0.652,74.0,0.01,1,10.428363999524779
SM104304,2025-09-02,Varanasi,Pickup,29.0,4,496.0,24.0,4741.0,5.6,Clear,0,7.0,4.92,668.0,0,0,0,0,0,0,9,1,0,0.62,23.03,-2.08,0,8.464214266625351
SM100636,2025-03-27,Kanpur,Truck,12.0,6,1291.0,54.0,17656.0,6.9,Clear,0,7.0,6.18,962.0,0,0,0,0,0,0,3,3,0,0.258,80.17,-0.82,0,9.778887584302797
SM102617,2025-01-20,Kanpur,Truck,50.5,5,2840.0,102.0,15536.0,6.4,Clear,0,9.0,7.98,2049.0,0,1,0,0,0,0,1,0,0,0.568,40.57,-1.02,0,9.650979555092
SM105789,2025-12-27,Kanpur,Mini Truck,47.0,8,620.0,25.0,6286.0,6.0,Fog,0,9.0,8.34,1229.0,0,0,0,0,0,0,12,5,1,0.31,26.15,-0.66,0,8.74623928838306
SM101236,2025-01-02,Prayagraj,Pickup,32.8,6,583.0,42.0,2771.0,6.7,Clear,0,8.0,7.21,717.0,1,0,0,0,0,0,1,3,0,0.729,21.86,-0.79,0,7.927324360309794
SM105930,2025-12-05,Varanasi,Truck,56.1,7,2984.0,367.0,82353.5,5.0,Clear,0,10.0,9.0,2636.0,0,0,0,0,0,0,12,4,0,0.597,46.99,-1.0,0,11.318788378921557
SM100389,2025-02-25,Lucknow,Pickup,19.8,5,344.0,16.0,4540.0,5.6,Clear,0,6.0,4.94,369.0,0,0,0,0,0,0,2,1,0,0.43,18.64,-1.06,0,8.420902531097951
SM102852,2025-02-11,Lucknow,Mini Truck,36.1,4,1112.0,73.0,6627.0,5.2,Clear,0,7.0,6.12,1027.0,0,0,0,0,0,0,2,1,0,0.556,28.45,-0.88,0,8.799058378546453
SM101011,2025-10-19,Lucknow,Mini Truck,26.0,5,1450.0,66.0,14184.0,5.4,Clear,0,7.0,5.61,1184.0,1,0,0,0,0,0,10,6,1,0.725,45.54,-1.39,0,9.559940347242952
SM101448,2025-09-27,Varanasi,Mini Truck,31.1,7,1590.0,103.0,25448.0,4.3,Rain,0,8.0,7.64,1329.0,0,0,0,0,0,0,9,5,1,0.795,42.73,-0.36,0,10.144431728475844
SM102719,2025-03-01,Lucknow,Truck,38.4,11,2468.0,114.0,11980.0,3.8,Clear,0,10.0,8.45,2153.0,0,0,0,0,0,0,3,5,1,0.494,56.07,-1.55,0,9.3910773406399
SM101331,2025-09-19,Gorakhpur,Truck,27.2,7,4094.0,255.0,82353.5,7.8,Rain,0,9.0,9.3,2339.0,0,0,0,0,0,0,9,4,0,0.819,85.99,0.3,1,11.318788378921557
SM101328,2025-09-04,Kanpur,Truck,35.5,5,2749.0,235.0,48621.0,3.2,Rain,0,8.0,7.57,1934.0,0,0,0,0,0,0,9,3,0,0.55,54.48,-0.43,0,10.791831382359332
SM105133,2025-01-16,Kanpur,Mini Truck,41.0,8,1392.0,88.0,15728.0,8.2,Clear,0,9.0,8.56,1477.0,0,0,0,0,0,0,1,3,0,0.696,36.02,-0.44,0,9.663261421240643
SM104933,2025-10-30,Lucknow,Pickup,37.3,3,233.0,12.0,915.0,7.0,Clear,0,7.0,5.4,575.0,0,0,0,0,0,0,10,3,0,0.291,15.42,-1.6,0,6.82001636467413
SM105041,2025-03-01,Prayagraj,Truck,22.7,6,2840.0,219.0,79849.0,6.0,Clear,0,8.0,7.99,1896.0,0,1,0,0,0,0,3,5,1,0.568,83.52,-0.01,0,11.287905153643159
SM105027,2025-02-05,Kanpur,Truck,44.7,5,3838.0,216.0,57701.0,6.4,Clear,0,9.0,7.97,2569.0,0,0,0,0,0,0,2,2,0,0.768,57.47,-1.03,0,10.963047113940537
SM103502,2025-04-24,Varanasi,Pickup,15.1,6,599.0,72.0,31842.0,5.5,Clear,0,7.0,5.26,622.0,0,0,0,0,0,0,4,3,0,0.749,41.19,-1.74,0,10.368572856625317
SM104512,2025-02-14,Lucknow,Pickup,29.0,3,228.0,26.0,9623.0,8.0,Clear,0,6.0,5.94,434.0,0,0,0,0,0,0,2,4,0,0.285,14.97,-0.06,0,9.172015257654515
SM105383,2025-05-20,Prayagraj,Mini Truck,45.7,6,1644.0,94.0,20702.0,6.8,Clear,0,9.0,7.23,1601.0,0,0,0,0,0,0,5,1,0,0.822,35.03,-1.77,0,9.938033896288712
SM102694,2025-12-08,Kanpur,Mini Truck,25.3,2,1079.0,48.0,5052.0,7.8,Rain,0,6.0,5.46,812.0,0,0,0,0,0,0,12,0,0,0.54,32.09,-0.54,0,8.527737405291909
SM100186,2025-03-02,Kanpur,Mini Truck,23.5,8,458.0,21.0,10583.0,4.1,Clear,0,8.0,5.39,797.0,0,0,0,0,0,0,3,6,1,0.229,33.91,-2.61,0,9.267098705794792
SM103232,2025-09-04,Kanpur,Mini Truck,24.2,8,1216.0,95.0,8407.0,7.5,Rain,0,8.0,7.2,1157.0,0,0,0,0,0,0,9,3,0,0.608,47.81,-0.8,0,9.036938912556787
SM101748,2025-10-21,Kanpur,Pickup,28.9,3,480.0,20.0,6636.0,6.3,Clear,1,6.0,6.24,597.0,0,0,0,0,0,0,10,1,0,0.6,20.66,0.24,1,8.800415333145924
SM105123,2025-09-05,Lucknow,Mini Truck,27.7,4,1161.0,74.0,27830.0,7.9,Rain,1,7.0,8.58,1029.0,0,1,0,0,0,0,9,4,0,0.58,37.15,1.58,1,10.233905786321381
SM104629,2025-05-09,Kanpur,Truck,13.8,8,1598.0,159.0,55866.0,4.9,Clear,0,8.0,5.7,1230.0,0,0,0,0,0,0,5,4,0,0.32,89.13,-2.3,0,10.930729144931322
SM104535,2025-07-05,Gorakhpur,Truck,35.3,4,3532.0,147.0,8940.0,8.0,Rain,0,8.0,8.43,2179.0,0,0,0,0,0,0,7,5,1,0.706,61.73,0.43,1,9.098402718735318
SM104846,2025-11-02,Prayagraj,Truck,20.2,4,4260.0,351.0,82353.5,6.4,Clear,0,8.0,8.23,2124.0,0,0,0,0,0,0,11,6,1,0.852,105.15,0.23,1,11.318788378921557
SM102159,2025-05-02,Prayagraj,Truck,35.5,7,2000.0,125.0,48820.0,4.7,Clear,0,9.0,7.97,1813.0,0,0,0,0,0,0,5,4,0,0.4,51.07,-1.03,0,10.795915827145608
SM102237,2025-04-09,Lucknow,Pickup,29.8,7,559.0,24.0,4378.0,6.6,Clear,0,8.0,6.12,844.0,0,0,0,0,0,0,4,2,0,0.699,28.32,-1.88,0,8.384575666801398
SM103492,2025-05-16,Kanpur,Mini Truck,24.0,5,1053.0,61.0,8129.0,5.3,Clear,0,7.0,5.93,874.0,0,0,0,0,0,0,5,4,0,0.526,36.42,-1.07,0,9.003316202541857
SM104981,2025-12-17,Gorakhpur,Pickup,38.8,9,180.0,12.0,3381.0,5.9,Clear,0,9.0,7.29,918.0,0,0,0,0,0,0,12,2,0,0.225,23.66,-1.71,0,8.126222529458525
SM102156,2025-06-11,Prayagraj,Mini Truck,60.0,9,1301.0,134.0,11782.0,6.2,Rain,0,10.0,10.12,1638.0,0,0,0,0,0,0,6,2,0,0.65,27.3,0.12,1,9.37441309371334
SM102560,2025-07-30,Gorakhpur,Pickup,91.7,3,526.0,28.0,6266.0,6.8,Clear,0,9.0,6.58,1218.0,0,0,0,0,0,0,7,2,0,0.658,13.28,-2.42,0,8.743053050224676
SM100447,2025-12-15,Kanpur,Mini Truck,9.5,7,1093.0,77.0,27057.0,6.0,Clear,0,7.0,5.12,804.0,0,0,0,0,0,0,12,0,0,0.546,84.63,-1.88,0,10.205737989163305
SM102889,2025-03-13,Lucknow,Mini Truck,36.4,3,831.0,76.0,22787.0,2.1,Clear,0,7.0,4.18,1102.0,0,0,0,0,0,0,3,3,0,0.416,30.27,-2.82,0,10.033989360600286
SM101624,2025-07-21,Lucknow,Mini Truck,25.4,8,1541.0,65.0,17693.0,4.6,Clear,0,8.0,5.94,1206.0,0,0,0,0,0,0,7,0,0,0.77,47.48,-2.06,0,9.780980878043332
SM104518,2025-09-17,Prayagraj,Pickup,35.3,5,614.0,58.0,5370.0,3.2,Rain,0,7.0,7.43,648.0,0,0,0,0,0,0,9,2,0,0.768,18.36,0.43,1,8.58876938990546
SM100325,2025-03-26,Kanpur,Mini Truck,12.9,4,1478.0,88.0,37730.0,3.7,Clear,0,6.0,5.16,919.0,0,0,0,0,0,0,3,2,0,0.739,71.24,-0.84,0,10.538237316715266
SM104525,2025-06-17,Lucknow,Truck,23.1,7,2598.0,113.0,36483.0,6.6,Clear,0,8.0,8.26,1734.0,0,0,0,0,0,0,6,1,0,0.52,75.06,0.26,1,10.50462908730005
SM100605,2025-07-15,Lucknow,Mini Truck,10.6,7,1121.0,45.0,3532.0,8.5,Rain,0,7.0,7.51,706.0,0,0,0,0,0,0,7,1,0,0.56,66.6,0.51,1,8.169902647359145
SM104972,2025-11-02,Varanasi,Pickup,24.5,7,428.0,19.0,3416.0,7.8,Rain,0,7.0,8.23,688.0,0,0,0,0,0,0,11,6,1,0.535,28.08,1.23,1,8.136518252115291
SM101060,2025-10-09,Gorakhpur,Pickup,49.5,11,655.0,43.0,8775.0,6.0,Clear,0,10.0,8.3,1121.0,0,0,0,0,0,0,10,3,0,0.819,22.65,-1.7,0,9.079776001955066
SM102512,2025-12-18,Prayagraj,Pickup,26.4,6,591.0,39.0,9859.0,2.1,Fog,0,7.0,6.55,715.0,0,0,0,0,0,0,12,3,0,0.739,27.08,-0.45,0,9.19624144759668
SM101913,2025-10-11,Gorakhpur,Pickup,11.8,6,462.0,26.0,4081.0,2.5,Rain,0,6.0,5.45,430.0,0,1,0,0,0,0,10,5,1,0.578,36.44,-0.55,0,8.31434234336979
SM103552,2025-12-09,Kanpur,Pickup,26.2,3,289.0,19.0,9699.0,3.6,Clear,0,6.0,4.65,441.0,0,0,0,0,0,0,12,1,0,0.361,16.83,-1.35,0,9.179881164491475
SM101951,2025-08-10,Kanpur,Mini Truck,25.2,9,1408.0,69.0,18316.0,5.9,Clear,0,8.0,6.49,1191.0,0,0,0,0,0,0,8,6,1,0.704,47.26,-1.51,0,9.815584869360217
SM103157,2025-12-30,Lucknow,Truck,46.9,4,2418.0,265.0,82353.5,5.6,Clear,0,8.0,6.32,2157.0,0,0,1,0,0,0,12,1,0,0.484,45.99,-1.68,0,11.318788378921557
SM100359,2025-10-01,Varanasi,Mini Truck,31.3,6,1238.0,140.0,32605.0,5.6,Rain,0,8.0,8.18,1113.0,0,0,1,0,0,0,10,2,0,0.619,35.56,0.18,1,10.3922515994996
SM104619,2025-11-24,Kanpur,Mini Truck,26.2,9,899.0,101.0,29016.0,3.9,Clear,0,8.0,5.96,1014.0,0,0,0,0,0,0,11,0,0,0.45,38.7,-2.04,0,10.275637144113018
SM104987,2025-12-04,Gorakhpur,Mini Truck,60.4,8,1339.0,91.0,13550.0,6.2,Fog,0,10.0,9.31,1750.0,0,0,0,0,0,0,12,3,0,0.67,28.97,-0.69,0,9.514215624322715
SM100486,2025-05-02,Varanasi,Mini Truck,17.9,4,1161.0,65.0,9180.0,6.1,Clear,0,6.0,4.76,846.0,0,1,0,0,0,0,5,4,0,0.58,47.26,-1.24,0,9.1248914101437
SM101416,2025-08-20,Varanasi,Mini Truck,50.8,7,792.0,35.0,10313.0,8.2,Rain,0,9.0,8.53,1297.0,0,0,0,0,0,0,8,2,0,0.396,25.53,-0.47,0,9.241257474610904
SM104274,2025-01-13,Varanasi,Pickup,22.8,5,374.0,23.0,7242.0,7.5,Fog,0,7.0,6.8,499.0,0,0,0,0,0,0,1,0,0,0.468,21.89,-0.2,0,8.887790764195326
SM102738,2025-06-29,Gorakhpur,Mini Truck,46.2,3,595.0,25.0,3580.0,3.8,Clear,0,8.0,4.77,1298.0,1,0,0,0,0,0,6,6,1,0.298,28.1,-3.23,0,8.183397369998433
SM100574,2025-01-03,Prayagraj,Mini Truck,14.2,9,896.0,96.0,20400.0,5.0,Fog,0,8.0,7.09,857.0,0,0,0,0,0,0,1,4,0,0.448,60.35,-0.91,0,9.923339198238729
SM101272,2025-12-07,Kanpur,Mini Truck,38.9,4,1041.0,45.0,2948.0,5.3,Clear,0,7.0,5.74,1178.0,0,0,0,0,0,0,12,6,1,0.52,30.28,-1.26,0,7.989221408815276
SM101016,2025-05-21,Lucknow,Pickup,20.7,4,683.0,30.0,9789.0,7.0,Clear,0,6.0,4.95,581.0,0,0,0,0,0,0,5,2,0,0.854,28.07,-1.05,0,9.189116735524555
SM105901,2025-02-26,Gorakhpur,Mini Truck,31.1,3,719.0,32.0,4814.0,6.3,Rain,0,6.0,6.61,764.0,0,0,0,0,0,0,2,2,0,0.36,24.57,0.61,1,8.479491324232226
SM103759,2025-07-24,Lucknow,Pickup,63.3,5,385.0,20.0,9488.0,4.9,Rain,0,9.0,7.59,1131.0,0,0,0,0,0,0,7,3,0,0.481,17.87,-1.41,0,9.15788851197376
SM101217,2025-09-25,Lucknow,Mini Truck,15.2,4,1559.0,65.0,16392.0,3.9,Rain,0,6.0,6.31,905.0,0,0,0,0,0,0,9,3,0,0.78,59.54,0.31,1,9.704609693426455
SM103951,2025-03-22,Gorakhpur,Mini Truck,27.6,7,766.0,48.0,4618.0,4.3,Clear,0,8.0,5.57,1039.0,0,0,0,0,0,0,3,5,1,0.383,37.64,-2.43,0,8.437933510430605
SM104017,2025-02-25,Lucknow,Truck,55.8,8,1818.0,196.0,30294.0,6.3,Clear,0,10.0,9.21,2177.0,0,0,0,0,0,0,2,1,0,0.364,39.01,-0.79,0,10.318737961379089
SM100968,2025-12-02,Prayagraj,Pickup,38.4,6,462.0,25.0,8425.0,5.6,Fog,0,8.0,9.26,864.0,0,0,1,0,0,0,12,1,0,0.578,22.5,1.26,1,9.039077442538963
SM105771,2025-03-22,Gorakhpur,Mini Truck,23.9,9,1555.0,73.0,22251.0,3.8,Clear,0,8.0,6.8,1186.0,0,0,0,0,0,0,3,5,1,0.778,49.62,-1.2,0,10.010187171195184
SM105855,2025-08-03,Lucknow,Truck,24.7,3,1525.0,163.0,30082.0,6.8,Rain,0,7.0,7.58,1322.0,0,0,0,0,0,0,8,6,1,0.305,53.52,0.58,1,10.31171550713322
SM102247,2025-03-06,Lucknow,Pickup,37.1,7,580.0,34.0,9992.0,8.0,Clear,0,8.0,6.8,801.0,0,0,0,0,0,0,3,3,0,0.725,21.59,-1.2,0,9.209640126861789
SM100082,2025-02-28,Varanasi,Mini Truck,13.1,2,785.0,33.0,5490.0,4.6,Clear,0,5.0,3.95,448.0,0,0,0,0,0,0,2,4,0,0.392,34.2,-1.05,0,8.610865667278873
SM104106,2025-02-07,Varanasi,Mini Truck,49.8,4,1476.0,63.0,19746.0,5.0,Clear,0,8.0,6.93,1550.0,0,0,0,0,0,0,2,4,0,0.738,31.12,-1.07,0,9.89075686005731
SM102015,2025-04-27,Prayagraj,Pickup,12.2,5,141.0,17.0,16333.0,5.3,Clear,0,6.0,5.12,373.0,0,0,0,0,0,0,4,6,1,0.176,30.57,-0.88,0,9.70100410391822
SM105684,2025-07-18,Lucknow,Mini Truck,25.5,6,568.0,23.0,13275.0,4.5,Rain,1,7.0,7.74,857.0,0,0,0,0,0,0,7,4,0,0.284,33.61,0.74,1,9.493713172839865
SM105906,2025-06-21,Prayagraj,Pickup,12.2,9,244.0,16.0,4791.0,6.5,Clear,1,7.0,6.52,554.0,0,0,0,0,0,0,6,5,1,0.305,45.41,-0.48,0,8.474703139795285
SM102708,2025-09-24,Lucknow,Truck,33.1,3,971.0,61.0,12252.0,8.8,Rain,0,7.0,7.93,1214.0,0,0,0,0,0,0,9,2,0,0.194,36.68,0.93,1,9.413526083949446
SM100196,2025-05-06,Varanasi,Pickup,75.7,2,371.0,24.0,2514.0,4.8,Clear,0,8.0,5.86,975.0,0,0,0,0,0,0,5,1,0,0.464,12.88,-2.14,0,7.83002808253384
SM104260,2025-03-24,Gorakhpur,Pickup,38.0,6,635.0,63.0,22428.0,5.0,Clear,0,8.0,6.0,878.0,0,0,0,0,0,0,3,0,0,0.794,23.11,-2.0,0,10.018110043372825
SM102090,2025-11-20,Prayagraj,Truck,12.7,6,1771.0,132.0,33976.0,3.4,Clear,0,7.0,5.73,1142.0,0,0,0,0,0,0,11,3,0,0.354,89.92,-1.27,0,10.433439104100595
SM101918,2025-06-14,Gorakhpur,Mini Truck,70.4,5,1369.0,95.0,15075.0,6.5,Clear,0,9.0,7.45,1827.0,0,0,0,0,0,0,6,5,1,0.684,25.95,-1.55,0,9.620859354387026
SM102406,2025-05-16,Prayagraj,Mini Truck,9.3,4,1157.0,115.0,5897.0,7.7,Clear,0,6.0,5.51,660.0,0,0,0,0,0,0,5,4,0,0.578,70.97,-0.49,0,8.682368589375221
SM104397,2025-04-05,Prayagraj,Pickup,54.8,7,679.0,28.0,10303.0,7.1,Clear,0,9.0,7.25,1054.0,0,0,0,0,0,0,4,5,1,0.849,19.23,-1.75,0,9.240287448344136
SM103641,2025-12-05,Kanpur,Pickup,27.9,3,746.0,52.0,4868.0,3.2,Fog,0,6.0,5.36,784.0,0,0,0,0,0,0,12,4,0,0.932,28.1,-0.64,0,8.4906438561827
SM105603,2025-06-29,Gorakhpur,Truck,50.7,5,1669.0,123.0,17334.0,5.3,Clear,0,9.0,7.71,2011.0,0,0,0,0,0,0,6,6,1,0.334,39.66,-1.29,0,9.760482858119124
SM103469,2025-11-13,Kanpur,Mini Truck,24.2,7,1370.0,65.0,18473.0,6.8,Clear,0,8.0,7.11,1111.0,0,0,0,0,0,0,11,3,0,0.685,45.91,-0.89,0,9.824119617152556
SM105289,2025-04-17,Lucknow,Mini Truck,9.3,7,954.0,38.0,16753.0,5.0,Clear,0,7.0,5.75,643.0,0,0,0,0,0,0,4,3,0,0.477,69.14,-1.25,0,9.726392314713754
SM102639,2025-11-08,Varanasi,Mini Truck,12.3,5,1303.0,85.0,13396.0,3.8,Clear,0,6.0,5.03,815.0,0,0,0,1,0,0,11,5,1,0.652,66.26,-0.97,0,9.502786080276985
SM104503,2025-10-09,Prayagraj,Pickup,81.7,3,780.0,37.0,18666.0,8.7,Clear,0,9.0,8.2,1358.0,0,0,0,0,0,0,10,3,0,0.975,16.62,-0.8,0,9.834512538032596
SM105178,2025-02-01,Varanasi,Truck,33.9,6,2880.0,119.0,32957.0,7.2,Clear,0,9.0,8.59,2098.0,0,0,0,0,0,0,2,5,1,0.576,61.89,-0.41,0,10.402989302570676
SM104485,2025-05-15,Kanpur,Pickup,17.8,9,418.0,18.0,3896.0,6.2,Clear,0,8.0,6.22,663.0,0,0,0,0,0,0,5,3,0,0.522,37.25,-1.78,0,8.26796230533871
SM103904,2025-11-15,Prayagraj,Truck,46.9,6,4288.0,211.0,74514.0,3.3,Clear,0,10.0,7.29,2913.0,0,0,0,1,0,0,11,5,1,0.858,62.11,-2.71,0,11.218755726382893
SM102823,2025-12-23,Lucknow,Mini Truck,23.7,4,770.0,86.0,16986.0,5.4,Clear,0,6.0,4.78,707.0,0,0,0,0,0,0,12,1,0,0.385,29.83,-1.22,0,9.74020362461931
SM100428,2025-01-10,Gorakhpur,Truck,62.6,4,3227.0,138.0,60475.0,4.9,Clear,0,10.0,7.34,2800.0,0,0,0,0,0,0,1,4,0,0.645,44.73,-2.66,0,11.010001871100092
SM100239,2025-08-17,Prayagraj,Pickup,38.8,3,257.0,20.0,3366.0,6.2,Clear,0,7.0,6.44,681.0,0,0,0,0,0,0,8,6,1,0.321,17.55,-0.56,0,8.121777419161074
SM102689,2025-12-25,Gorakhpur,Mini Truck,96.6,3,1516.0,159.0,49665.0,5.5,Fog,0,10.0,10.24,2150.0,0,0,0,0,0,0,12,3,0,0.758,22.26,0.24,1,10.813075873350607
SM101326,2025-09-05,Lucknow,Truck,20.5,5,3811.0,172.0,32644.0,6.2,Rain,1,8.0,10.05,1985.0,0,0,0,0,0,0,9,4,0,0.762,96.83,2.05,1,10.393446983620734
SM102377,2025-02-20,Kanpur,Truck,34.6,5,2057.0,84.0,23543.0,9.1,Clear,0,8.0,7.87,1715.0,0,0,0,0,0,0,2,3,0,0.411,49.57,-0.13,0,10.066626289913309
SM104346,2025-01-19,Prayagraj,Pickup,21.7,10,359.0,44.0,5998.0,5.6,Fog,0,8.0,7.09,631.0,0,0,1,0,0,0,1,6,1,0.449,29.08,-0.91,0,8.699348067653093
SM103867,2025-10-23,Lucknow,Truck,26.6,5,2827.0,275.0,58492.0,7.8,Clear,1,8.0,9.32,1787.0,0,0,0,0,0,0,10,3,0,0.565,67.18,1.32,1,10.976662367940685
SM105787,2025-08-11,Varanasi,Mini Truck,39.1,4,1529.0,100.0,25056.0,9.1,Rain,0,8.0,7.76,1304.0,0,0,0,0,0,0,8,0,0,0.764,33.35,-0.24,0,10.128908508594378
SM103464,2025-05-12,Varanasi,Pickup,45.2,7,737.0,50.0,26803.0,5.6,Clear,0,8.0,5.36,990.0,0,0,1,0,0,0,5,0,0,0.921,21.9,-2.64,0,10.196306409093062
SM100705,2025-07-26,Lucknow,Pickup,42.2,3,539.0,31.0,4337.0,6.0,Clear,0,7.0,5.84,807.0,0,0,0,0,0,0,7,5,1,0.674,19.12,-1.16,0,8.37516869138682
SM104028,2025-09-09,Varanasi,Pickup,37.9,6,457.0,19.0,2271.0,5.8,Rain,0,8.0,7.93,731.0,0,0,0,0,0,0,9,1,0,0.571,19.29,-0.07,0,7.7284157798410416
SM100784,2025-06-24,Varanasi,Truck,60.1,8,1341.0,96.0,15964.0,8.6,Clear,0,10.0,10.36,2176.0,0,0,0,0,0,0,6,1,0,0.268,36.21,0.36,1,9.678154105148883
SM102821,2025-10-30,Kanpur,Mini Truck,26.6,4,1129.0,139.0,8900.0,6.6,Clear,0,7.0,6.48,950.0,0,0,0,0,0,0,10,3,0,0.564,35.71,-0.52,0,9.093918908958932
SM105134,2025-09-23,Lucknow,Truck,15.8,4,3964.0,178.0,59370.0,5.6,Clear,0,8.0,7.11,1839.0,0,0,1,0,0,0,9,1,0,0.793,116.39,-0.89,0,10.991561170646536
SM102730,2025-12-17,Lucknow,Pickup,53.6,6,398.0,25.0,6034.0,5.6,Fog,0,8.0,8.45,1058.0,0,0,1,0,0,0,12,2,0,0.498,19.74,0.45,1,8.705331133531631
SM101921,2025-07-15,Lucknow,Pickup,28.0,4,377.0,26.0,1163.0,7.3,Clear,0,6.0,4.9,576.0,0,0,0,0,0,0,7,1,0,0.471,20.57,-1.1,0,7.059617628291383
SM100342,2025-08-15,Lucknow,Mini Truck,20.8,4,956.0,62.0,17456.0,4.1,Clear,0,6.0,4.57,825.0,0,0,0,0,0,0,8,4,0,0.478,39.66,-1.43,0,9.76749599332478
SM100958,2025-12-21,Lucknow,Truck,14.3,6,2443.0,152.0,32846.0,3.2,Fog,0,7.0,8.51,1427.0,0,0,0,0,0,0,12,6,1,0.489,99.79,1.51,1,10.399615695541534
SM104970,2025-11-09,Varanasi,Pickup,45.3,6,667.0,41.0,8923.0,7.2,Clear,0,8.0,7.15,1031.0,0,0,0,0,0,0,11,6,1,0.834,22.76,-0.85,0,9.096499555552423
SM103491,2025-08-20,Varanasi,Pickup,48.4,7,386.0,16.0,3565.0,6.7,Clear,0,8.0,5.28,872.0,0,0,0,0,0,0,8,2,0,0.482,18.02,-2.72,0,8.179199798423086
SM104835,2025-07-12,Prayagraj,Pickup,27.2,6,687.0,57.0,8015.0,5.9,Clear,0,7.0,6.28,703.0,0,0,0,0,0,0,7,5,1,0.859,25.85,-0.72,0,8.989194823324645
SM102987,2025-10-13,Prayagraj,Pickup,59.9,10,656.0,31.0,2441.0,4.0,Clear,0,10.0,7.32,1310.0,0,0,0,0,0,0,10,0,0,0.82,21.87,-2.68,0,7.80057265467065
SM103306,2025-04-11,Varanasi,Pickup,34.2,5,373.0,19.0,5393.0,5.4,Clear,0,7.0,6.36,677.0,0,0,0,0,0,0,4,4,0,0.466,19.8,-0.64,0,8.593042503699674
SM101564,2025-07-23,Lucknow,Mini Truck,71.2,9,607.0,64.0,37393.0,5.2,Clear,0,10.0,9.03,1790.0,0,0,0,0,0,0,7,2,0,0.304,25.14,-0.97,0,10.52926554272522
SM102407,2025-09-17,Lucknow,Mini Truck,26.0,7,913.0,38.0,4992.0,7.2,Rain,0,7.0,7.95,890.0,1,0,0,0,0,0,9,2,0,0.456,34.23,0.95,1,8.51579221050061
SM103819,2025-11-22,Gorakhpur,Pickup,65.8,7,322.0,14.0,1995.0,5.5,Clear,0,9.0,8.58,1016.0,0,0,0,0,0,0,11,5,1,0.402,15.44,-0.42,0,7.59890045687141
SM100582,2025-02-08,Prayagraj,Truck,20.1,6,3274.0,224.0,9217.0,5.4,Clear,0,8.0,6.93,1903.0,0,0,0,0,0,0,2,5,1,0.655,94.68,-1.07,0,9.128913373280454
SM102594,2025-04-22,Varanasi,Pickup,15.5,13,742.0,46.0,12826.0,5.5,Clear,0,9.0,7.17,928.0,0,0,0,0,0,0,4,1,0,0.928,59.87,-1.83,0,9.45930760329985
SM102544,2025-10-21,Varanasi,Pickup,37.9,11,324.0,17.0,3979.0,7.1,Clear,1,9.0,9.78,775.0,1,0,0,0,0,0,10,1,0,0.405,20.45,0.78,1,8.289037098278483
SM104040,2025-04-30,Varanasi,Mini Truck,35.0,10,1833.0,77.0,27848.0,4.6,Clear,0,9.0,6.6,1519.0,0,0,0,0,0,0,4,2,0,0.916,43.4,-2.4,0,10.234552338068042
SM103831,2025-03-16,Varanasi,Pickup,53.2,7,319.0,16.0,3910.0,7.8,Clear,0,9.0,7.69,986.0,0,0,0,1,0,0,3,6,1,0.399,18.53,-1.31,0,8.271548374755515
SM102740,2025-03-09,Varanasi,Pickup,25.7,4,595.0,44.0,9076.0,4.2,Clear,0,6.0,4.3,658.0,0,0,0,0,0,0,3,6,1,0.744,25.6,-1.7,0,9.113499020526627
SM100867,2025-11-02,Lucknow,Truck,27.0,5,1736.0,137.0,17967.0,2.5,Clear,0,7.0,5.58,1337.0,0,0,0,0,0,0,11,6,1,0.347,49.52,-1.42,0,9.796347676978224
SM101915,2025-07-08,Kanpur,Pickup,17.4,7,468.0,57.0,15928.0,5.6,Clear,0,7.0,5.53,606.0,0,0,1,0,0,0,7,1,0,0.585,34.83,-1.47,0,9.675896626294639
SM103599,2025-08-15,Prayagraj,Truck,5.7,8,3135.0,129.0,13565.0,3.5,Clear,0,8.0,6.62,1538.0,0,0,0,0,0,0,8,4,0,0.627,269.82,-1.38,0,9.515321941506025
SM104267,2025-12-05,Varanasi,Mini Truck,33.6,8,591.0,27.0,9547.0,3.7,Fog,0,8.0,8.33,1069.0,0,0,0,0,0,0,12,4,0,0.296,31.82,0.33,1,9.16408698745872
SM104948,2025-04-07,Prayagraj,Pickup,48.4,2,653.0,60.0,10990.0,3.5,Clear,0,7.0,4.19,860.0,0,0,0,0,0,0,4,0,0,0.816,17.77,-2.81,0,9.3048320350689
SM102032,2025-02-03,Lucknow,Pickup,16.9,6,376.0,42.0,5566.0,4.9,Clear,0,7.0,4.72,672.0,0,0,0,0,0,0,2,0,0,0.47,39.76,-2.28,0,8.624611588183507
SM102790,2025-12-08,Kanpur,Pickup,54.2,8,630.0,29.0,13909.0,5.1,Fog,0,9.0,9.25,1118.0,0,0,0,0,0,0,12,0,0,0.788,20.63,0.25,1,9.540363284917488
SM105129,2025-08-09,Prayagraj,Mini Truck,17.2,5,1025.0,52.0,6035.0,4.5,Rain,1,7.0,7.65,804.0,0,0,0,0,0,0,8,5,1,0.512,46.74,0.65,1,8.70549681988774
SM104169,2025-09-04,Lucknow,Pickup,10.6,5,422.0,26.0,2199.0,9.6,Rain,0,6.0,6.55,414.0,0,0,0,0,0,0,9,3,0,0.528,39.06,0.55,1,7.696212639346407
SM105233,2025-03-14,Varanasi,Pickup,41.8,4,605.0,55.0,22154.0,5.9,Clear,1,7.0,6.77,852.0,0,0,0,0,0,0,3,4,0,0.756,20.38,-0.23,0,10.00581848363359
SM102917,2025-12-12,Kanpur,Mini Truck,29.2,5,1012.0,56.0,17473.0,2.9,Fog,0,7.0,7.53,1109.0,0,0,0,0,0,0,12,4,0,0.506,37.98,0.53,1,9.76846934085804
SM101828,2025-08-13,Kanpur,Pickup,24.4,7,563.0,33.0,11338.0,2.5,Clear,0,7.0,5.57,725.0,0,0,0,0,0,0,8,2,0,0.704,29.71,-1.43,0,9.33600338997184
SM105207,2025-10-03,Prayagraj,Pickup,30.4,7,611.0,29.0,9618.0,6.4,Clear,0,8.0,6.56,721.0,0,0,0,0,0,0,10,4,0,0.764,23.72,-1.44,0,9.171495588152615
SM101891,2025-03-31,Prayagraj,Mini Truck,21.3,9,815.0,54.0,12108.0,5.7,Clear,1,8.0,7.49,977.0,0,0,0,0,0,0,3,0,0,0.408,45.87,-0.51,0,9.401704256754366
SM103019,2025-09-29,Gorakhpur,Mini Truck,99.3,9,747.0,57.0,9082.0,4.4,Clear,0,12.0,10.28,2182.0,0,0,0,0,0,0,9,0,0,0.374,21.97,-1.72,0,9.114159813502214
SM105875,2025-02-01,Prayagraj,Truck,30.5,4,3829.0,229.0,11044.0,3.9,Clear,0,8.0,6.72,2231.0,0,0,0,0,0,0,2,5,1,0.766,73.15,-1.28,0,9.309733115854218
SM101297,2025-09-05,Varanasi,Mini Truck,8.6,7,1196.0,137.0,44014.0,7.9,Rain,1,7.0,8.37,830.0,0,0,0,0,0,0,9,4,0,0.598,96.51,1.37,1,10.692285763895006
SM104566,2025-09-15,Lucknow,Mini Truck,27.0,9,1277.0,115.0,21117.0,5.2,Clear,0,8.0,7.82,1240.0,0,0,0,0,0,0,9,0,0,0.638,45.93,-0.18,0,9.95788103636646
SM102575,2025-05-01,Lucknow,Pickup,33.6,5,434.0,38.0,7467.0,6.3,Clear,0,7.0,4.95,758.0,0,0,0,0,0,0,5,3,0,0.542,22.56,-2.05,0,8.918382504661613
SM100694,2025-02-02,Kanpur,Truck,11.5,9,3949.0,277.0,82353.5,8.4,Clear,0,9.0,7.83,1920.0,0,0,0,0,0,0,2,6,1,0.79,166.96,-1.17,0,11.318788378921557
SM103853,2025-05-09,Prayagraj,Mini Truck,17.1,7,795.0,53.0,7566.0,7.5,Clear,0,7.0,6.26,848.0,0,0,0,0,0,0,5,4,0,0.398,49.59,-0.74,0,8.931551966694522
SM102472,2025-06-01,Gorakhpur,Pickup,31.6,6,357.0,25.0,1791.0,4.4,Clear,0,7.0,5.95,622.0,0,0,0,0,0,0,6,6,1,0.446,19.68,-1.05,0,7.491087593534876
SM100689,2025-10-13,Prayagraj,Pickup,25.9,6,462.0,9.0,2295.0,5.9,Clear,0,7.0,4.92,539.0,0,1,0,0,0,0,10,0,0,0.578,20.81,-2.08,0,7.738923757439457
SM101881,2025-04-07,Varanasi,Mini Truck,43.4,6,1515.0,73.0,28655.0,6.1,Clear,0,8.0,7.2,1425.0,0,0,0,0,0,0,4,0,0,0.758,32.83,-0.8,0,10.263118124300494
SM103297,2025-11-28,Varanasi,Truck,22.0,4,2715.0,146.0,43870.0,5.0,Rain,0,7.0,7.34,1604.0,0,0,0,0,0,0,11,4,0,0.543,72.91,0.34,1,10.689008788520935
SM102479,2025-02-19,Gorakhpur,Mini Truck,35.6,7,410.0,18.0,2139.0,6.2,Clear,0,8.0,6.38,825.0,0,0,0,0,0,0,2,2,0,0.205,23.17,-1.62,0,7.668561108015897
SM102263,2025-07-08,Gorakhpur,Mini Truck,49.9,6,778.0,41.0,9507.0,7.4,Clear,0,8.0,6.8,1283.0,0,0,0,0,0,0,7,1,0,0.389,25.71,-1.2,0,9.159888828480085
SM104699,2025-01-09,Varanasi,Pickup,37.9,5,462.0,32.0,6613.0,8.2,Clear,0,7.0,6.82,645.0,1,1,0,0,0,0,1,3,0,0.578,17.02,-0.18,0,8.796943893541737
SM103392,2025-10-18,Prayagraj,Mini Truck,9.4,6,1123.0,72.0,11677.0,4.8,Rain,0,7.0,5.81,648.0,0,0,0,0,0,0,10,5,1,0.562,68.94,-1.19,0,9.365462008843483
SM105800,2025-02-15,Lucknow,Pickup,29.7,4,306.0,18.0,3173.0,3.2,Clear,0,7.0,5.0,560.0,0,0,0,0,0,0,2,5,1,0.382,18.86,-2.0,0,8.062747901086354
SM103189,2025-11-01,Varanasi,Mini Truck,22.2,4,952.0,86.0,13813.0,2.4,Clear,0,6.0,3.72,902.0,0,0,0,0,0,0,11,5,1,0.476,40.63,-2.28,0,9.533437849648918
SM102723,2025-05-18,Gorakhpur,Pickup,44.8,4,343.0,25.0,4462.0,6.1,Clear,0,7.0,5.7,656.0,1,0,0,1,0,0,5,6,1,0.429,14.64,-1.3,0,8.40357646462927
SM103657,2025-12-03,Gorakhpur,Mini Truck,51.2,3,1357.0,94.0,19789.0,5.7,Fog,0,8.0,7.54,1824.0,0,0,0,0,0,1,12,2,0,0.678,35.62,-0.46,0,9.892932038596612
SM103590,2025-02-10,Lucknow,Mini Truck,20.4,9,778.0,50.0,10758.0,4.3,Clear,0,8.0,5.44,914.0,0,0,0,0,0,0,2,0,0,0.389,44.8,-2.56,0,9.283497892593909
SM104402,2025-05-26,Prayagraj,Mini Truck,39.7,9,1284.0,108.0,39971.0,5.6,Clear,0,9.0,7.69,1365.0,0,0,1,0,0,0,5,0,0,0.642,34.38,-1.31,0,10.59593448798168
SM104615,2025-06-07,Kanpur,Truck,18.7,12,3048.0,135.0,12921.0,2.1,Clear,0,10.0,7.51,2019.0,0,0,0,0,0,0,6,5,1,0.61,107.97,-2.49,0,9.466686564118111
SM101584,2025-08-21,Varanasi,Mini Truck,85.8,6,1020.0,51.0,8142.0,6.7,Rain,0,10.0,10.68,3056.0,0,0,0,0,0,1,8,3,0,0.51,35.62,0.68,1,9.004913941467132
SM103798,2025-01-04,Varanasi,Pickup,16.0,6,504.0,21.0,3605.0,1.7,Clear,0,7.0,3.75,578.0,0,0,0,0,0,0,1,5,1,0.63,36.12,-3.25,0,8.190354403763262
SM105136,2025-06-17,Varanasi,Truck,24.5,6,2113.0,109.0,24382.0,4.1,Clear,0,8.0,6.25,1532.0,0,0,0,0,0,0,6,1,0,0.423,62.53,-1.75,0,10.101641447146731
SM101620,2025-04-07,Lucknow,Truck,30.8,6,1021.0,48.0,5815.0,6.1,Clear,0,8.0,6.16,1297.0,0,0,0,0,0,0,4,0,0,0.204,42.11,-1.84,0,8.668368019213355
SM101289,2025-08-15,Varanasi,Pickup,10.4,5,574.0,68.0,7132.0,3.6,Rain,0,6.0,5.74,597.0,0,0,0,0,0,0,8,4,0,0.718,57.4,-0.26,0,8.872487182278038
SM101197,2025-12-25,Gorakhpur,Pickup,40.2,8,533.0,39.0,6077.0,5.6,Clear,0,8.0,7.64,852.0,0,0,0,0,0,0,12,3,0,0.666,21.19,-0.36,0,8.712430973476739
SM101453,2025-03-31,Varanasi,Pickup,57.7,3,364.0,18.0,2751.0,10.0,Clear,1,8.0,8.35,822.0,0,0,0,0,0,0,3,0,0,0.455,14.25,0.35,1,7.920083199053234
SM101651,2025-01-07,Kanpur,Mini Truck,34.6,9,896.0,63.0,7372.0,7.8,Clear,0,9.0,6.76,1155.0,0,0,0,0,0,0,1,1,0,0.448,33.38,-2.24,0,8.90557995798965
SM103768,2025-10-22,Kanpur,Pickup,41.8,5,680.0,35.0,4685.0,6.7,Clear,1,8.0,7.09,870.0,0,0,0,0,0,0,10,2,0,0.85,20.81,-0.91,0,8.452334619067742
SM101422,2025-08-03,Varanasi,Mini Truck,38.0,8,992.0,96.0,18358.0,5.1,Rain,0,9.0,7.94,1338.0,0,0,0,0,0,0,8,6,1,0.496,35.21,-1.06,0,9.817875196460205
SM103512,2025-02-16,Lucknow,Truck,21.3,9,3419.0,252.0,60182.0,6.3,Rain,0,9.0,9.1,2100.0,0,0,0,0,0,0,2,6,1,0.684,98.59,0.1,1,11.005145199390197
SM102398,2025-04-02,Varanasi,Mini Truck,37.2,8,1105.0,70.0,14200.0,7.7,Clear,0,9.0,7.66,1280.0,0,0,0,0,0,0,4,2,0,0.552,34.41,-1.34,0,9.561067663645012
SM101749,2025-09-20,Lucknow,Pickup,48.1,5,495.0,31.0,5262.0,6.1,Clear,0,8.0,6.18,899.0,0,0,0,0,0,0,9,5,1,0.619,18.69,-1.82,0,8.56845648535378
SM104499,2025-05-07,Lucknow,Mini Truck,32.8,4,1771.0,144.0,15653.0,6.1,Rain,0,7.0,7.38,1347.0,0,0,0,0,0,0,5,2,0,0.886,41.07,0.38,1,9.658481754364784
SM100820,2025-01-09,Kanpur,Mini Truck,45.4,9,806.0,33.0,5658.0,5.9,Fog,1,9.0,9.64,1339.0,0,0,0,1,0,0,1,3,0,0.403,29.49,0.64,1,8.641002477142523
SM102881,2025-03-28,Lucknow,Pickup,14.2,10,622.0,28.0,6044.0,5.6,Clear,0,8.0,6.86,706.0,0,0,1,0,0,0,3,4,0,0.778,49.72,-1.14,0,8.706986763048892
SM105035,2025-03-24,Kanpur,Mini Truck,22.1,2,1197.0,58.0,14739.0,3.4,Clear,0,6.0,4.21,881.0,0,0,0,0,0,0,3,0,0,0.598,39.86,-1.79,0,9.598320165743328
SM104704,2025-09-26,Prayagraj,Pickup,18.9,5,462.0,30.0,4150.0,6.7,Clear,0,6.0,5.59,429.0,0,1,0,0,0,1,9,4,0,0.578,22.7,-0.41,0,8.33110454805304
SM101990,2025-07-13,Lucknow,Truck,24.1,6,2540.0,113.0,82353.5,8.6,Clear,0,8.0,7.0,1665.0,0,0,0,0,0,0,7,6,1,0.508,69.09,-1.0,0,11.318788378921557
SM102879,2025-12-23,Prayagraj,Truck,18.3,9,1402.0,154.0,64401.0,5.6,Fog,0,8.0,9.72,1244.0,0,0,1,0,0,0,12,1,0,0.28,67.98,1.72,1,11.07289996751084
SM103821,2025-01-05,Gorakhpur,Mini Truck,63.6,5,424.0,21.0,3578.0,3.1,Clear,0,9.0,6.27,1351.0,0,0,0,0,0,0,1,6,1,0.212,21.24,-2.73,0,8.182838710766026
SM100104,2025-10-18,Varanasi,Pickup,71.6,4,692.0,40.0,15512.0,9.9,Clear,1,9.0,8.59,1074.0,0,0,0,0,0,0,10,5,1,0.865,15.0,-0.41,0,9.64943366106433
SM105998,2025-10-02,Gorakhpur,Truck,44.4,5,2698.0,233.0,66937.0,5.5,Clear,1,9.0,8.95,2362.0,0,0,0,0,0,0,10,3,0,0.54,53.2,-0.05,0,11.111522096816735
SM104541,2025-08-18,Prayagraj,Mini Truck,24.6,3,687.0,50.0,8947.0,5.8,Clear,0,6.0,4.31,682.0,0,0,0,0,0,0,8,0,0,0.344,27.72,-1.69,0,9.09918532261002
SM100763,2025-12-08,Lucknow,Truck,46.4,9,3811.0,155.0,63536.0,3.6,Clear,0,11.0,8.1,2816.0,0,0,0,0,0,0,12,0,0,0.762,60.69,-2.9,0,11.059377692355712
SM103745,2025-12-26,Lucknow,Truck,28.6,5,3533.0,181.0,34335.0,6.9,Fog,0,8.0,10.77,2009.0,0,0,0,0,0,0,12,4,0,0.707,70.24,2.77,1,10.443949645430425
SM101850,2025-01-30,Lucknow,Mini Truck,45.6,9,1268.0,91.0,11805.0,7.0,Fog,1,9.0,10.38,1516.0,0,0,0,0,0,0,1,3,0,0.634,33.25,1.38,1,9.376363155800634
SM103622,2025-05-01,Lucknow,Mini Truck,6.0,4,1572.0,65.0,82353.5,3.7,Clear,0,6.0,5.5,736.0,0,0,0,0,0,0,5,3,0,0.786,122.67,-0.5,0,11.318788378921557
SM102353,2025-06-19,Varanasi,Mini Truck,33.4,3,1225.0,54.0,11438.0,4.1,Clear,0,7.0,5.56,1084.0,0,0,0,0,0,0,6,3,0,0.612,32.46,-1.44,0,9.344783848525674
SM104847,2025-02-05,Prayagraj,Pickup,40.4,7,514.0,22.0,9678.0,4.0,Clear,0,8.0,5.69,914.0,0,0,0,0,0,0,2,2,0,0.642,22.62,-2.31,0,9.17771386914909
SM101941,2025-04-03,Lucknow,Pickup,27.4,3,390.0,18.0,3302.0,7.5,Clear,0,6.0,4.75,454.0,0,0,0,0,0,0,4,3,0,0.488,16.57,-1.25,0,8.10258642539079
SM102868,2025-11-11,Lucknow,Truck,41.0,3,2763.0,191.0,38489.0,6.6,Clear,0,8.0,6.75,2113.0,0,0,0,0,0,0,11,1,0,0.553,51.54,-1.25,0,10.558153746277792
SM104455,2025-01-25,Varanasi,Truck,36.6,6,2110.0,115.0,26194.0,5.3,Fog,0,8.0,8.72,1871.0,0,0,0,1,0,0,1,5,1,0.422,51.12,0.72,1,10.17332383184232
SM100592,2025-03-29,Kanpur,Pickup,27.2,2,640.0,54.0,7650.0,3.5,Rain,0,6.0,5.12,648.0,0,0,0,0,0,0,3,5,1,0.8,23.82,-0.88,0,8.942591637231851
SM104205,2025-10-22,Prayagraj,Pickup,21.5,4,595.0,36.0,7447.0,6.6,Clear,1,6.0,6.16,576.0,0,0,0,0,0,0,10,2,0,0.744,26.79,0.16,1,8.915700818956903
SM103472,2025-09-26,Gorakhpur,Truck,32.7,4,2397.0,169.0,28267.0,7.4,Rain,1,8.0,8.86,1839.0,0,0,0,0,0,0,9,4,0,0.479,56.24,0.86,1,10.249485701810745
SM104296,2025-06-12,Varanasi,Pickup,54.8,5,637.0,29.0,4516.0,5.6,Clear,0,8.0,6.94,1052.0,0,0,0,0,0,0,6,3,0,0.796,19.2,-1.06,0,8.415603335654604
SM100730,2025-09-24,Gorakhpur,Pickup,39.3,8,461.0,20.0,4813.0,6.2,Rain,0,8.0,8.92,918.0,0,0,0,0,0,0,9,2,0,0.576,23.36,0.92,1,8.479283618343016
SM100206,2025-10-06,Lucknow,Truck,58.2,4,3722.0,265.0,21785.0,7.7,Clear,0,10.0,10.35,2948.0,0,0,0,0,0,0,10,0,0,0.744,50.65,0.35,1,9.989022840642392
SM103381,2025-10-15,Kanpur,Mini Truck,35.5,4,1477.0,102.0,13279.0,6.3,Clear,0,7.0,6.82,1273.0,0,0,0,0,0,0,10,2,0,0.738,35.86,-0.18,0,9.494014423030425
SM102857,2025-10-12,Prayagraj,Truck,37.1,5,3041.0,216.0,41177.0,3.8,Clear,0,9.0,8.07,2115.0,0,0,0,0,0,0,10,6,1,0.608,57.01,-0.93,0,10.62565941213669
SM105301,2025-12-29,Prayagraj,Mini Truck,89.6,7,1880.0,118.0,26876.0,5.6,Fog,0,11.0,11.59,2332.0,0,0,1,0,0,0,12,0,0,0.94,26.03,0.59,1,10.199026181265689
SM105312,2025-03-18,Lucknow,Truck,26.8,8,2257.0,233.0,52123.0,7.2,Clear,0,9.0,7.73,1629.0,0,0,0,0,0,1,3,1,0,0.451,60.78,-1.27,0,10.861380774264797
SM105849,2025-01-22,Gorakhpur,Pickup,45.3,11,439.0,34.0,15039.0,8.1,Rain,0,10.0,9.4,1078.0,0,0,0,0,0,0,1,2,0,0.549,23.8,-0.6,0,9.618468597503831
SM102820,2025-07-17,Varanasi,Mini Truck,40.2,8,1587.0,99.0,7384.0,5.1,Clear,0,9.0,7.88,1460.0,0,0,0,0,0,0,7,3,0,0.794,36.32,-1.12,0,8.90720619496548
SM102420,2025-04-05,Prayagraj,Mini Truck,20.3,7,204.0,18.0,5956.0,6.6,Rain,0,7.0,6.93,677.0,0,0,0,0,0,0,4,5,1,0.102,33.35,-0.07,0,8.692322277628687
SM102106,2025-10-07,Lucknow,Truck,28.4,8,3235.0,171.0,20585.0,2.8,Clear,0,9.0,7.8,2121.0,0,0,0,0,0,0,10,1,0,0.647,74.68,-1.2,0,9.932366512086505
SM104993,2025-07-21,Kanpur,Pickup,6.1,7,624.0,32.0,3594.0,4.8,Rain,0,6.0,6.13,492.0,0,0,0,0,0,0,7,0,0,0.78,80.66,0.13,1,8.187299270155147
SM101837,2025-04-22,Lucknow,Pickup,12.0,6,513.0,25.0,4388.0,5.0,Clear,0,6.0,5.87,672.0,0,0,0,0,0,0,4,1,0,0.641,56.0,-0.13,0,8.386856689688234
SM101123,2025-03-30,Prayagraj,Mini Truck,96.0,4,1436.0,120.0,37750.0,5.4,Rain,0,10.0,9.35,2165.0,0,0,0,0,0,0,3,6,1,0.718,22.55,-0.65,0,10.53876724439254
SM102451,2025-11-21,Varanasi,Pickup,59.9,6,572.0,27.0,21397.0,6.8,Clear,0,9.0,7.32,1056.0,0,0,0,0,0,0,11,4,0,0.715,17.63,-1.68,0,9.971052738698551
SM100102,2025-10-21,Gorakhpur,Mini Truck,47.8,8,1189.0,86.0,61401.0,5.5,Clear,1,9.0,7.63,1418.0,0,0,0,0,0,0,10,1,0,0.594,29.67,-1.37,0,11.025197686894638
SM103321,2025-03-01,Prayagraj,Mini Truck,50.9,3,606.0,37.0,9118.0,6.1,Clear,0,7.0,5.68,1161.0,0,0,0,0,0,0,3,5,1,0.303,22.81,-1.32,0,9.118115427933665
SM104709,2025-06-05,Varanasi,Mini Truck,13.8,3,1533.0,115.0,12415.0,6.7,Clear,0,6.0,5.56,795.0,0,0,0,0,0,0,6,3,0,0.766,57.61,-0.44,0,9.426741242423
SM105858,2025-05-05,Lucknow,Mini Truck,44.2,8,1550.0,88.0,13269.0,6.0,Clear,0,9.0,9.34,1528.0,0,0,0,0,0,0,5,0,0,0.775,34.57,0.34,1,9.493261127326253
SM103765,2025-05-30,Varanasi,Truck,30.4,2,2788.0,119.0,19545.0,6.5,Clear,0,7.0,6.07,1653.0,0,0,0,0,0,0,5,4,0,0.558,54.38,-0.93,0,9.880525940898782
SM100589,2025-11-04,Prayagraj,Mini Truck,28.5,4,1463.0,114.0,34549.0,7.1,Clear,0,7.0,5.73,1015.0,0,0,0,0,0,1,11,1,0,0.732,35.61,-1.27,0,10.450162829195817
SM104282,2025-03-03,Lucknow,Pickup,26.9,11,471.0,39.0,8936.0,7.2,Clear,0,9.0,8.31,902.0,0,0,0,0,0,0,3,0,0,0.589,33.53,-0.69,0,9.097955241381392
SM101070,2025-09-04,Prayagraj,Truck,24.9,8,4081.0,263.0,82353.5,8.1,Rain,0,9.0,10.88,2258.0,0,0,0,0,0,0,9,3,0,0.816,90.68,1.88,1,11.318788378921557
SM104784,2025-11-05,Prayagraj,Truck,12.0,10,1233.0,69.0,6250.0,7.3,Clear,1,8.0,8.01,1061.0,0,0,0,0,0,0,11,2,0,0.247,88.42,0.01,1,8.740496729931813
SM100313,2025-04-13,Varanasi,Mini Truck,46.3,9,1726.0,82.0,22475.0,5.1,Clear,1,10.0,9.69,1687.0,0,0,0,0,0,0,4,6,1,0.863,36.44,-0.31,0,10.02020335223209
SM103402,2025-02-27,Lucknow,Truck,35.3,10,3717.0,191.0,31549.0,6.5,Clear,0,10.0,9.67,2519.0,0,0,0,0,0,0,2,3,0,0.743,71.36,-0.33,0,10.35932886796936
SM104147,2025-11-09,Kanpur,Mini Truck,8.0,4,674.0,69.0,8649.0,2.4,Clear,0,6.0,3.61,493.0,0,0,0,0,0,0,11,6,1,0.337,61.62,-2.39,0,9.065314599925925
SM101773,2025-05-24,Prayagraj,Mini Truck,55.0,9,1161.0,107.0,13940.0,5.8,Clear,0,10.0,8.94,1584.0,0,1,0,0,0,0,5,5,1,0.58,28.8,-1.06,0,9.542589417753089
SM104461,2025-05-04,Varanasi,Pickup,62.9,5,443.0,21.0,2001.0,5.5,Clear,0,9.0,6.66,1007.0,0,0,0,0,0,0,5,6,1,0.554,16.01,-2.34,0,7.601901959875166
SM103201,2025-11-30,Prayagraj,Truck,42.3,7,1617.0,145.0,59797.0,3.1,Rain,0,9.0,7.71,1924.0,0,0,0,0,0,0,11,6,1,0.323,45.48,-1.29,0,10.99872749456338
SM105064,2025-07-07,Gorakhpur,Pickup,61.1,8,359.0,38.0,4351.0,5.6,Rain,0,9.0,8.66,1084.0,0,0,0,0,0,0,7,0,0,0.449,17.74,-0.34,0,8.378390788535778
SM103405,2025-05-09,Kanpur,Pickup,12.8,4,595.0,63.0,16864.0,6.5,Fog,0,6.0,6.3,403.0,0,0,0,0,0,0,5,4,0,0.744,31.48,0.3,1,9.732995747495751
SM101375,2025-12-17,Lucknow,Mini Truck,19.7,7,1565.0,86.0,12914.0,4.6,Clear,0,8.0,6.84,1153.0,0,0,0,0,0,0,12,2,0,0.782,58.53,-1.16,0,9.46614470552994
SM101776,2025-05-02,Prayagraj,Truck,32.8,3,1921.0,94.0,16049.0,7.7,Clear,0,7.0,5.08,1137.0,1,0,0,0,0,0,5,4,0,0.384,34.66,-1.92,0,9.683464128558162
SM104399,2025-08-30,Kanpur,Mini Truck,14.0,6,1630.0,77.0,13074.0,1.8,Clear,0,7.0,5.07,889.0,0,0,0,0,0,0,8,5,1,0.815,63.5,-1.93,0,9.478457288933123
SM104097,2025-02-23,Prayagraj,Truck,32.0,4,2238.0,129.0,26820.0,5.4,Clear,0,8.0,6.83,1678.0,0,0,0,0,0,0,2,6,1,0.448,52.44,-1.17,0,10.196940441748334
SM104080,2025-11-26,Kanpur,Truck,28.65,5,1355.0,82.0,22788.0,2.5,Clear,0,7.0,5.37,1212.0,1,0,0,0,0,0,11,2,0,0.271,42.3,-1.63,0,10.03403324238277
SM103697,2025-05-31,Lucknow,Mini Truck,5.4,7,1566.0,84.0,30245.0,2.7,Clear,0,7.0,4.21,774.0,0,0,0,0,0,0,5,5,1,0.783,143.33,-2.79,0,10.317119223310685
SM102914,2025-05-29,Lucknow,Mini Truck,19.5,8,719.0,39.0,4870.0,6.5,Clear,1,7.0,7.11,963.0,0,0,0,0,0,0,5,3,0,0.36,49.38,0.11,1,8.491054533806542
SM100548,2025-07-08,Lucknow,Pickup,29.7,4,392.0,46.0,16013.0,8.9,Clear,0,7.0,6.09,600.0,0,0,0,0,0,0,7,1,0,0.49,20.2,-0.91,0,9.68121861863258
SM104489,2025-05-21,Lucknow,Pickup,28.3,6,329.0,16.0,4583.0,6.5,Rain,0,7.0,7.05,627.0,0,0,0,0,0,0,5,2,0,0.411,22.16,0.05,1,8.430327258394575
SM103525,2025-03-19,Gorakhpur,Mini Truck,61.9,7,1569.0,72.0,16480.0,4.5,Clear,0,10.0,8.04,1709.0,0,0,0,0,0,0,3,2,0,0.784,27.61,-1.96,0,9.70996348123418
SM101147,2025-10-08,Varanasi,Mini Truck,52.9,5,1624.0,80.0,11665.0,4.3,Clear,0,9.0,7.51,1605.0,0,0,0,0,0,0,10,2,0,0.812,30.34,-1.49,0,9.364433907313582
SM104639,2025-12-02,Prayagraj,Mini Truck,26.8,5,1089.0,49.0,8883.0,4.9,Clear,0,7.0,5.12,1109.0,0,0,0,0,0,0,12,1,0,0.544,41.38,-1.88,0,9.092007185014317
SM101230,2025-10-27,Gorakhpur,Pickup,62.0,5,186.0,9.0,1772.0,7.1,Rain,0,8.0,9.16,906.0,0,0,0,0,0,0,10,0,0,0.232,14.61,1.16,1,7.480428306074208
SM105597,2025-09-06,Varanasi,Pickup,34.6,9,462.0,23.0,5690.0,4.2,Clear,0,8.0,5.48,977.0,0,1,0,0,0,0,9,5,1,0.578,28.24,-2.52,0,8.646641258603124
SM103777,2025-11-07,Varanasi,Mini Truck,10.7,4,1017.0,54.0,19284.0,9.6,Clear,0,6.0,5.28,718.0,0,0,0,0,0,0,11,4,0,0.508,67.1,-0.72,0,9.867082870642328
SM101794,2025-06-24,Prayagraj,Mini Truck,35.2,6,1314.0,54.0,6976.0,6.7,Clear,0,8.0,7.13,1278.0,0,0,0,0,0,0,6,1,0,0.657,36.31,-0.87,0,8.850374303939237
SM104905,2025-08-23,Lucknow,Mini Truck,21.7,7,648.0,78.0,20143.0,5.5,Clear,0,7.0,5.95,787.0,0,0,0,0,0,0,8,5,1,0.324,36.27,-1.05,0,9.910661756284128
SM102640,2025-03-29,Prayagraj,Mini Truck,40.7,6,1609.0,136.0,42294.0,8.7,Rain,0,8.0,8.89,1288.0,0,0,0,0,0,0,3,5,1,0.804,31.65,0.89,1,10.652424154738116
SM103275,2025-12-04,Kanpur,Mini Truck,25.0,3,474.0,48.0,5647.0,7.1,Clear,0,6.0,4.71,648.0,0,0,0,0,0,0,12,3,0,0.237,25.92,-1.29,0,8.639056779173078
SM101851,2025-04-03,Kanpur,Pickup,40.2,11,475.0,33.0,3082.0,4.5,Clear,0,9.0,7.07,920.0,0,0,0,0,0,0,4,3,0,0.594,22.89,-1.93,0,8.03365842788615
SM105429,2025-11-11,Varanasi,Pickup,44.1,7,660.0,45.0,17618.0,5.5,Rain,0,8.0,7.43,1010.0,0,0,0,0,0,0,11,1,0,0.825,22.9,-0.57,0,9.77673314419063
SM102567,2025-08-20,Lucknow,Pickup,46.8,6,395.0,25.0,16705.0,5.6,Rain,0,8.0,7.21,913.0,0,0,1,0,0,0,8,2,0,0.494,19.51,-0.79,0,9.723523215315852
SM101159,2025-05-05,Lucknow,Pickup,38.3,12,462.0,17.0,1434.0,4.4,Clear,0,10.0,6.77,1040.0,0,1,0,0,0,0,5,0,0,0.578,27.15,-3.23,0,7.268920128193722
SM100067,2025-05-16,Lucknow,Mini Truck,36.1,4,1199.0,54.0,15239.0,5.2,Clear,0,7.0,6.3,1202.0,0,0,0,0,0,0,5,4,0,0.6,33.3,-0.7,0,9.631678829240638
SM103248,2025-02-21,Varanasi,Truck,71.8,8,2735.0,126.0,38474.0,5.9,Clear,0,11.0,9.67,2938.0,0,0,0,0,0,0,2,4,0,0.547,40.92,-1.33,0,10.55776395870708
SM103351,2025-12-09,Gorakhpur,Truck,103.2,4,3474.0,387.0,82353.5,7.3,Fog,0,12.0,12.75,3884.0,0,0,0,0,0,0,12,1,0,0.695,37.64,0.75,1,11.318788378921557
SM105246,2025-08-02,Lucknow,Mini Truck,26.0,6,872.0,36.0,9198.0,3.7,Clear,0,8.0,6.36,1203.0,1,0,0,0,0,0,8,5,1,0.436,46.27,-1.64,0,9.126850061477157
SM100192,2025-08-10,Varanasi,Mini Truck,41.3,5,1116.0,88.0,13774.0,5.5,Rain,0,8.0,7.11,1129.0,0,0,0,0,0,0,8,6,1,0.558,27.34,-0.89,0,9.530610634021116
SM101519,2025-06-18,Lucknow,Mini Truck,85.3,7,1562.0,102.0,38972.0,5.2,Fog,0,11.0,11.73,2086.0,0,0,0,0,0,0,6,2,0,0.781,24.45,0.73,1,10.570624377663842
SM104240,2025-05-03,Varanasi,Pickup,32.8,7,402.0,19.0,5322.0,3.8,Clear,0,8.0,6.41,773.0,0,0,0,0,0,0,5,5,1,0.502,23.57,-1.59,0,8.579792333172758
SM104498,2025-03-31,Varanasi,Mini Truck,43.6,6,775.0,96.0,36242.0,4.5,Clear,1,8.0,6.88,1225.0,0,0,0,0,0,0,3,0,0,0.388,28.1,-1.12,0,10.498001538187674
SM103963,2025-05-19,Prayagraj,Pickup,3.0,5,373.0,40.0,16675.0,9.7,Clear,0,6.0,4.17,316.0,0,0,0,0,0,0,5,0,0,0.466,105.33,-1.83,0,9.721725839000687
SM104589,2025-04-20,Prayagraj,Truck,30.4,8,2553.0,211.0,51163.0,3.4,Clear,0,9.0,8.31,1857.0,0,0,0,0,0,0,4,6,1,0.511,61.09,-0.69,0,10.842791438719283
SM105654,2025-03-31,Prayagraj,Truck,50.7,6,2401.0,116.0,12448.0,5.6,Clear,1,9.0,8.71,2418.0,0,0,1,0,0,0,3,0,0,0.48,47.69,-0.29,0,9.429395577381786
SM105000,2025-03-14,Varanasi,Pickup,73.4,4,450.0,40.0,6867.0,7.1,Fog,1,9.0,10.87,1156.0,0,0,0,0,0,0,3,4,0,0.562,15.75,1.87,1,8.834628222017367
SM103741,2025-04-21,Prayagraj,Mini Truck,28.2,9,969.0,52.0,4289.0,6.8,Clear,0,8.0,6.87,1071.0,0,0,0,0,0,0,4,0,0,0.484,37.98,-1.13,0,8.364042011922063
SM105953,2025-08-27,Gorakhpur,Truck,51.6,6,4401.0,204.0,24607.0,3.5,Rain,0,10.0,9.7,2886.0,0,0,0,0,0,0,8,2,0,0.88,55.93,-0.3,0,10.11082687230537
SM101573,2025-10-24,Prayagraj,Mini Truck,32.1,8,1162.0,121.0,68083.0,6.4,Clear,0,8.0,7.31,1137.0,0,0,0,0,0,0,10,4,0,0.581,35.42,-0.69,0,11.128497515927863
SM101655,2025-03-26,Kanpur,Mini Truck,13.2,1,746.0,57.0,13431.0,2.7,Clear,0,5.0,3.43,522.0,0,0,0,0,0,0,3,2,0,0.373,39.55,-1.57,0,9.505395198757377
SM101409,2025-04-14,Lucknow,Pickup,13.6,5,769.0,72.0,8360.0,7.0,Clear,0,6.0,3.88,547.0,0,0,0,0,0,0,4,0,0,0.961,40.22,-2.12,0,9.031333316150057
SM102938,2025-11-26,Varanasi,Truck,45.6,4,1736.0,95.0,15768.0,6.5,Clear,0,8.0,8.06,1869.0,0,0,0,0,0,0,11,2,0,0.347,40.99,0.06,1,9.665801266405587
SM100695,2025-04-03,Prayagraj,Pickup,29.5,8,611.0,36.0,6691.0,5.1,Rain,0,8.0,8.72,766.0,0,0,0,0,0,0,4,3,0,0.764,25.97,0.72,1,8.808668062106715
SM105420,2025-10-20,Prayagraj,Pickup,59.1,6,385.0,19.0,2480.0,5.6,Clear,1,9.0,8.76,919.0,0,0,1,0,0,0,10,0,0,0.481,15.55,-0.24,0,7.816416983691801
SM100238,2025-04-23,Prayagraj,Truck,28.1,6,3766.0,175.0,40355.0,5.8,Clear,0,9.0,7.56,2092.0,0,0,0,0,0,0,4,2,0,0.753,74.45,-1.44,0,10.60549536152827
SM100304,2025-07-18,Varanasi,Mini Truck,50.7,13,1620.0,75.0,16401.0,6.5,Rain,0,11.0,10.2,1850.0,0,0,0,0,0,0,7,4,0,0.81,36.49,-0.8,0,9.705158557596356
SM102864,2025-02-01,Varanasi,Truck,48.1,7,2665.0,119.0,27705.0,3.6,Clear,0,10.0,7.5,2339.0,0,0,0,0,0,0,2,5,1,0.533,48.63,-2.5,0,10.229404275217824
SM100058,2025-09-29,Lucknow,Pickup,28.3,2,347.0,17.0,7826.0,6.3,Clear,0,6.0,4.48,534.0,0,0,0,0,0,0,9,0,0,0.434,18.87,-1.52,0,8.965334573804839
SM101865,2025-05-28,Lucknow,Truck,26.4,7,1506.0,162.0,49505.0,7.1,Rain,0,8.0,9.22,1471.0,0,0,0,0,0,0,5,2,0,0.301,55.72,1.22,1,10.809849153332399
SM101560,2025-04-17,Gorakhpur,Mini Truck,29.5,7,498.0,41.0,7463.0,4.2,Clear,0,8.0,6.31,837.0,0,0,0,0,0,0,4,3,0,0.249,28.37,-1.69,0,8.91784674252718
SM103450,2025-06-23,Prayagraj,Pickup,27.4,4,436.0,30.0,2661.0,6.0,Clear,0,6.0,5.42,624.0,0,0,0,0,0,0,6,0,0,0.545,22.77,-0.58,0,7.8868329989550565
SM104769,2025-01-18,Varanasi,Pickup,27.8,1,593.0,25.0,10879.0,5.1,Fog,0,6.0,5.02,579.0,0,0,0,0,0,0,1,5,1,0.741,20.83,-0.98,0,9.294681520409934
SM104612,2025-10-15,Varanasi,Truck,36.7,9,3026.0,131.0,24688.0,4.2,Fog,0,10.0,9.58,2225.0,0,0,0,0,0,0,10,2,0,0.605,60.63,-0.42,0,10.114113079291366
SM104898,2025-10-04,Gorakhpur,Truck,60.4,8,2472.0,107.0,15640.0,5.7,Clear,0,10.0,8.55,2551.0,0,0,0,0,0,0,10,5,1,0.494,42.24,-1.45,0,9.657650950674242
SM102940,2025-09-19,Varanasi,Mini Truck,49.4,4,1746.0,105.0,5874.0,3.4,Clear,0,8.0,6.41,1450.0,0,0,0,0,0,0,9,4,0,0.873,29.35,-1.59,0,8.67846133901236
SM101897,2025-11-16,Prayagraj,Mini Truck,32.3,4,1248.0,143.0,16181.0,7.0,Rain,0,7.0,6.57,1097.0,0,0,0,0,0,0,11,6,1,0.624,33.96,-0.43,0,9.691654792367785
SM101403,2025-04-28,Lucknow,Mini Truck,57.1,9,516.0,21.0,3044.0,7.1,Clear,0,10.0,9.16,1308.0,0,0,0,0,0,0,4,0,0,0.258,22.91,-0.84,0,8.021256180143997
SM102657,2025-04-09,Kanpur,Mini Truck,32.2,5,1739.0,84.0,20089.0,4.3,Clear,0,8.0,4.93,1279.0,0,0,0,0,0,0,4,2,0,0.87,39.72,-3.07,0,9.90797745780898
SM102442,2025-01-04,Kanpur,Mini Truck,22.6,11,1370.0,76.0,10016.0,5.6,Fog,0,9.0,8.86,1137.0,0,0,0,0,0,0,1,5,1,0.685,50.31,-0.14,0,9.212038928611765
SM104870,2025-03-11,Lucknow,Pickup,39.7,5,329.0,16.0,8156.0,5.6,Clear,0,7.0,6.19,775.0,0,0,0,0,0,0,3,1,0,0.411,19.52,-0.81,0,9.00663173330058
SM101064,2025-10-02,Lucknow,Mini Truck,12.6,5,1267.0,112.0,25844.0,7.5,Clear,1,6.0,6.65,813.0,0,0,0,0,0,0,10,3,0,0.634,64.52,0.65,1,10.15987243763014
SM105438,2025-06-04,Gorakhpur,Truck,31.8,6,3380.0,163.0,26626.0,5.9,Clear,0,9.0,7.74,2286.0,0,0,0,0,0,0,6,2,0,0.676,71.89,-1.26,0,10.18968101756145
SM102916,2025-08-15,Kanpur,Mini Truck,66.2,7,818.0,86.0,22127.0,6.3,Clear,0,10.0,8.61,1585.0,0,0,0,0,0,0,8,4,0,0.409,23.94,-1.39,0,10.00459905390454
SM105884,2025-02-17,Prayagraj,Mini Truck,5.4,7,1353.0,116.0,21724.0,6.1,Clear,0,7.0,6.11,769.0,0,0,0,0,0,0,2,0,0,0.676,142.41,-0.89,0,9.986218950133592
SM104928,2025-03-08,Lucknow,Pickup,23.5,6,577.0,31.0,5485.0,5.3,Clear,0,7.0,5.58,534.0,0,0,0,0,0,1,3,5,1,0.721,22.72,-1.42,0,8.60995467149755
SM100783,2025-02-14,Lucknow,Mini Truck,5.7,7,1417.0,82.0,15710.0,6.2,Clear,0,7.0,5.08,836.0,0,0,0,0,0,0,2,4,0,0.708,146.67,-1.92,0,9.662116382947598
SM105661,2025-03-23,Lucknow,Pickup,19.8,5,267.0,11.0,2018.0,6.8,Clear,0,6.0,3.36,564.0,0,0,0,0,0,0,3,6,1,0.334,28.48,-2.64,0,7.610357618312838
SM100392,2025-05-15,Gorakhpur,Pickup,89.2,6,573.0,69.0,19053.0,7.3,Clear,0,10.0,8.98,1331.0,0,0,0,0,0,0,5,3,0,0.716,14.92,-1.02,0,9.855032332266724
SM104277,2025-10-07,Varanasi,Pickup,45.7,8,521.0,49.0,9468.0,7.0,Clear,0,9.0,7.58,977.0,0,0,0,0,0,0,10,1,0,0.651,21.38,-1.42,0,9.1557785839835
SM101078,2025-06-02,Lucknow,Mini Truck,30.6,4,1106.0,81.0,13610.0,6.3,Fog,0,7.0,7.06,1062.0,0,0,0,0,0,0,6,0,0,0.553,34.71,0.06,1,9.518633568332074
SM102103,2025-02-17,Varanasi,Mini Truck,14.4,6,1353.0,118.0,10006.0,4.1,Clear,0,7.0,5.21,968.0,0,0,0,0,0,0,2,0,0,0.676,67.22,-1.79,0,9.211040127090456
SM102440,2025-05-13,Lucknow,Mini Truck,17.6,7,1367.0,89.0,14821.0,5.6,Clear,0,7.0,5.56,1016.0,0,0,0,0,0,0,5,1,0,0.684,57.73,-1.44,0,9.603867842511304
SM103770,2025-06-04,Prayagraj,Mini Truck,25.5,7,1005.0,83.0,20925.0,7.2,Clear,0,8.0,6.68,1041.0,0,0,0,0,0,0,6,2,0,0.502,40.82,-1.32,0,9.948747683940992
SM104865,2025-08-02,Prayagraj,Truck,44.4,8,3773.0,181.0,28476.0,5.7,Rain,0,10.0,10.12,2700.0,0,0,0,0,0,0,8,5,1,0.755,60.81,0.12,1,10.25685202289892
SM105071,2025-08-02,Varanasi,Pickup,29.2,3,671.0,47.0,5598.0,8.1,Rain,0,6.0,6.86,658.0,0,0,0,0,1,0,8,5,1,0.839,22.53,0.86,1,8.630343289348893
SM101831,2025-12-14,Prayagraj,Truck,70.9,5,2203.0,118.0,13465.0,3.2,Fog,0,10.0,8.81,2774.0,0,0,0,0,0,0,12,6,1,0.441,39.13,-1.19,0,9.507923269105227
SM100280,2025-04-11,Varanasi,Pickup,28.9,3,471.0,42.0,11726.0,4.0,Fog,1,6.0,6.76,620.0,0,0,0,0,0,0,4,4,0,0.589,21.45,0.76,1,9.369649154461065
SM101546,2025-09-08,Gorakhpur,Mini Truck,78.3,8,1217.0,100.0,17735.0,8.7,Rain,1,11.0,11.07,1989.0,0,0,0,0,0,0,9,0,0,0.608,25.4,0.07,1,9.783351751296147
SM100557,2025-11-16,Gorakhpur,Truck,23.1,6,1334.0,137.0,18250.0,3.2,Clear,0,7.0,5.17,1268.0,0,0,0,0,0,0,11,6,1,0.267,54.89,-1.83,0,9.811975152030021
SM103044,2025-03-11,Varanasi,Mini Truck,21.9,6,990.0,96.0,16128.0,5.8,Clear,0,7.0,7.6,1066.0,0,0,0,0,0,0,3,1,0,0.495,48.68,0.6,1,9.688374172917182
SM100645,2025-04-30,Kanpur,Pickup,24.5,10,114.0,5.0,1241.0,6.1,Clear,1,8.0,7.56,701.0,0,0,0,0,0,0,4,2,0,0.142,28.61,-0.44,0,7.124478262493424
SM101079,2025-11-02,Prayagraj,Mini Truck,50.4,8,1260.0,62.0,13668.0,3.5,Clear,0,9.0,6.99,1602.0,0,0,0,0,0,0,11,6,1,0.63,31.79,-2.01,0,9.522885774152654
SM100231,2025-11-09,Lucknow,Mini Truck,12.2,8,954.0,55.0,15650.0,8.2,Clear,0,7.0,6.42,761.0,0,0,0,0,0,0,11,6,1,0.477,62.38,-0.58,0,9.658290091690503
SM105729,2025-06-01,Prayagraj,Truck,35.6,11,2768.0,287.0,82353.5,6.2,Clear,0,10.0,10.12,2165.0,0,0,0,0,0,0,6,6,1,0.554,60.81,0.12,1,11.318788378921557
SM103604,2025-12-04,Kanpur,Pickup,37.4,7,635.0,30.0,2513.0,5.0,Fog,0,8.0,8.22,864.0,0,0,0,0,0,0,12,3,0,0.794,23.1,0.22,1,7.829630389150193
SM102538,2025-07-13,Prayagraj,Pickup,62.3,5,414.0,43.0,5870.0,7.5,Clear,0,9.0,6.15,1069.0,0,0,0,0,0,0,7,6,1,0.518,17.16,-2.85,0,8.677780256064185
SM102223,2025-06-04,Lucknow,Pickup,9.5,11,557.0,31.0,8478.0,8.0,Clear,0,8.0,4.95,589.0,0,0,0,0,0,0,6,2,0,0.696,62.0,-3.05,0,9.045347797304004
SM101410,2025-01-23,Prayagraj,Truck,14.7,9,3500.0,140.0,55895.0,5.8,Fog,0,9.0,9.35,1907.0,0,0,0,0,0,0,1,3,0,0.7,129.73,0.35,1,10.931248100232287
SM105015,2025-12-09,Lucknow,Mini Truck,13.8,5,1157.0,72.0,7152.0,5.7,Rain,1,6.0,7.39,814.0,0,0,0,0,0,0,12,1,0,0.578,58.99,1.39,1,8.875287128108384
SM104657,2025-07-29,Kanpur,Mini Truck,30.9,9,818.0,47.0,5138.0,6.9,Rain,0,8.0,7.8,1161.0,0,0,0,0,0,0,7,1,0,0.409,37.57,-0.2,0,8.54461378699223
SM102776,2025-07-10,Varanasi,Mini Truck,33.0,5,1359.0,94.0,25958.0,7.4,Clear,0,8.0,6.79,1205.0,0,0,0,0,0,0,7,3,0,0.68,36.52,-1.21,0,10.164273649274849
SM102768,2025-06-24,Prayagraj,Pickup,11.2,5,504.0,23.0,5598.0,5.6,Clear,0,6.0,4.27,356.0,0,0,1,0,1,0,6,1,0,0.63,31.79,-1.73,0,8.630343289348893
SM102939,2025-03-03,Kanpur,Mini Truck,32.0,1,748.0,83.0,56161.0,6.7,Clear,0,6.0,4.47,853.0,0,0,0,0,0,0,3,0,0,0.374,26.66,-1.53,0,10.935995650601194
SM102978,2025-04-14,Lucknow,Mini Truck,18.9,5,1161.0,87.0,14478.0,3.3,Clear,0,7.0,4.83,1011.0,0,1,0,0,0,0,4,0,0,0.58,53.49,-2.17,0,9.58045460278142
SM100457,2025-08-20,Gorakhpur,Mini Truck,42.7,4,1163.0,68.0,7903.0,6.3,Clear,0,8.0,5.45,1186.0,0,0,0,0,0,0,8,2,0,0.582,27.78,-2.55,0,8.975124239427704
SM105791,2025-02-02,Kanpur,Mini Truck,72.1,5,659.0,69.0,15342.0,4.6,Fog,0,9.0,8.39,1631.0,0,0,0,0,0,0,2,6,1,0.33,22.62,-0.61,0,9.638414622945206
SM102304,2025-12-01,Lucknow,Pickup,49.1,5,531.0,23.0,4932.0,5.2,Fog,0,8.0,8.47,993.0,0,0,0,0,0,0,12,0,0,0.664,20.22,0.47,1,8.503702601233739
SM105108,2025-04-29,Varanasi,Mini Truck,20.0,6,551.0,32.0,2479.0,4.2,Clear,0,7.0,4.94,735.0,0,0,0,0,0,0,4,1,0,0.276,36.75,-2.06,0,7.8160138391590275
SM101381,2025-04-14,Prayagraj,Pickup,71.3,5,584.0,35.0,7987.0,6.0,Clear,0,9.0,7.38,1170.0,0,0,0,0,0,0,4,0,0,0.73,16.41,-1.62,0,8.985695694535705
SM105502,2025-01-13,Lucknow,Truck,50.0,5,3749.0,168.0,52678.0,5.2,Fog,0,10.0,8.71,2526.0,0,0,0,0,0,0,1,0,0,0.75,50.52,-1.29,0,10.87197217314098
SM102257,2025-08-27,Prayagraj,Mini Truck,54.5,7,1161.0,53.0,23449.0,6.2,Clear,0,9.0,8.08,1358.0,0,1,0,0,0,0,8,2,0,0.58,24.92,-0.92,0,10.062625773874425
SM105128,2025-09-05,Varanasi,Truck,34.8,3,3217.0,150.0,77247.0,5.4,Rain,1,8.0,8.65,1989.0,0,0,0,0,0,0,9,4,0,0.643,57.16,0.65,1,11.254776304457204
SM100846,2025-02-27,Kanpur,Pickup,29.2,3,104.0,5.0,394.0,5.0,Clear,0,6.0,4.42,426.0,0,0,0,0,0,0,2,3,0,0.13,14.59,-1.58,0,5.978885764901122
SM103811,2025-06-12,Prayagraj,Mini Truck,45.7,6,990.0,84.0,13961.0,5.8,Clear,0,8.0,5.65,1243.0,0,0,0,0,0,0,6,3,0,0.495,27.2,-2.35,0,9.544094632530348
SM100779,2025-11-07,Gorakhpur,Mini Truck,106.7,4,850.0,36.0,14411.0,6.2,Clear,0,11.0,8.02,2162.0,0,0,0,0,0,0,11,4,0,0.425,20.26,-2.98,0,9.575816471867984
SM105139,2025-12-30,Prayagraj,Mini Truck,31.3,10,1107.0,96.0,26991.0,1.1,Fog,0,13.0,12.43,2654.0,1,0,0,0,0,0,12,1,0,0.554,84.79,-0.57,0,10.20329580478575
SM104015,2025-02-21,Gorakhpur,Truck,49.7,6,2157.0,98.0,19444.0,5.6,Clear,0,9.0,6.94,2106.0,0,0,1,0,0,0,2,4,0,0.431,42.37,-2.06,0,9.875345246589848
SM103690,2025-05-27,Prayagraj,Pickup,24.4,5,637.0,64.0,7280.0,4.0,Clear,0,7.0,5.2,759.0,0,0,0,0,0,0,5,1,0,0.796,31.11,-1.8,0,8.893023494394711
SM105490,2025-06-22,Lucknow,Pickup,15.4,5,614.0,35.0,4047.0,6.0,Clear,0,6.0,5.5,629.0,0,0,0,0,0,0,6,6,1,0.768,40.84,-0.5,0,8.305978210967302
SM104299,2025-02-04,Varanasi,Mini Truck,25.2,7,844.0,38.0,15412.0,5.3,Fog,0,8.0,7.6,957.0,0,0,0,0,0,0,2,1,0,0.422,37.98,-0.4,0,9.64296658814672
SM101751,2025-11-20,Varanasi,Truck,40.9,3,1011.0,41.0,11112.0,3.7,Clear,0,7.0,6.47,1414.0,0,0,0,0,0,0,11,3,0,0.202,34.57,-0.53,0,9.315870873185647
SM102233,2025-02-20,Prayagraj,Mini Truck,14.6,7,1489.0,60.0,15888.0,6.2,Clear,0,7.0,5.93,1011.0,0,0,0,0,0,0,2,3,0,0.744,69.25,-1.07,0,9.673382324888367
SM100214,2025-09-26,Lucknow,Pickup,19.5,6,462.0,25.0,5598.0,7.1,Clear,0,7.0,6.36,583.0,0,1,0,0,1,0,9,4,0,0.578,29.9,-0.64,0,8.630343289348893
SM102048,2025-10-02,Lucknow,Pickup,62.5,7,594.0,60.0,8611.0,6.2,Clear,1,9.0,9.19,1020.0,0,0,0,0,0,0,10,3,0,0.742,16.32,0.19,1,9.060911858484253
SM102358,2025-08-17,Prayagraj,Truck,19.5,10,3026.0,231.0,44476.0,4.5,Rain,0,9.0,9.53,1916.0,0,0,0,0,0,0,8,6,1,0.605,98.26,0.53,1,10.702727480606711
SM101777,2025-03-01,Lucknow,Pickup,61.2,7,462.0,58.0,8110.0,5.0,Clear,0,9.0,6.78,1282.0,0,1,0,0,0,0,3,5,1,0.578,20.95,-2.22,0,9.000976444070345
SM102619,2025-12-12,Lucknow,Mini Truck,33.1,4,863.0,42.0,4522.0,5.4,Clear,0,7.0,6.38,985.0,0,0,0,0,0,0,12,4,0,0.432,29.76,-0.62,0,8.416930769477844
SM104909,2025-08-17,Prayagraj,Mini Truck,27.8,8,1325.0,65.0,6715.0,7.8,Clear,0,8.0,8.02,1161.0,0,0,0,0,0,0,8,6,1,0.662,41.76,0.02,1,8.812248018197431
SM102539,2025-06-30,Lucknow,Pickup,22.0,5,386.0,37.0,16079.0,4.0,Clear,0,6.0,4.13,524.0,0,0,0,0,0,0,6,0,0,0.482,23.82,-1.87,0,9.685331542732957
SM104492,2025-09-12,Kanpur,Truck,19.4,6,3914.0,396.0,82353.5,5.5,Rain,0,8.0,8.94,2129.0,0,0,0,0,0,0,9,4,0,0.783,109.74,0.94,1,11.318788378921557
SM101764,2025-07-30,Prayagraj,Pickup,82.2,5,361.0,16.0,5414.0,7.5,Rain,0,9.0,9.3,1077.0,0,0,0,0,0,0,7,2,0,0.451,13.1,0.3,1,8.596928159435091
SM102088,2025-04-22,Gorakhpur,Mini Truck,33.0,6,1161.0,54.0,5527.0,3.3,Rain,0,8.0,7.13,1074.0,0,1,0,0,0,0,4,1,0,0.58,32.55,-0.87,0,8.617581365447506
SM105567,2025-05-09,Prayagraj,Mini Truck,22.8,6,1142.0,100.0,36266.0,6.2,Clear,0,7.0,5.92,986.0,0,0,0,0,0,0,5,4,0,0.571,43.25,-1.08,0,10.498663515870101
SM103772,2025-07-12,Prayagraj,Truck,5.1,5,4305.0,241.0,28072.0,5.2,Fog,0,8.0,7.68,1787.0,0,0,0,0,0,0,7,5,1,0.861,350.39,-0.32,0,10.242563539313103
SM103720,2025-08-22,Prayagraj,Truck,21.5,8,2930.0,149.0,37850.0,4.1,Rain,0,9.0,7.52,1839.0,0,0,0,0,0,0,8,4,0,0.586,85.53,-1.48,0,10.54141267859585
SM102340,2025-06-04,Prayagraj,Pickup,31.5,4,709.0,78.0,17990.0,7.0,Clear,1,7.0,6.86,718.0,0,0,0,0,0,0,6,2,0,0.886,22.79,-0.14,0,9.79762691183662
SM105981,2025-10-16,Varanasi,Mini Truck,30.9,6,836.0,100.0,29613.0,4.3,Clear,0,7.0,6.42,966.0,0,0,0,1,0,0,10,3,0,0.418,31.26,-0.58,0,10.296002501468664
SM101394,2025-03-20,Prayagraj,Pickup,41.4,5,448.0,25.0,5809.0,1.9,Clear,0,7.0,5.7,765.0,0,0,0,0,0,0,3,3,0,0.56,18.48,-1.3,0,8.667335849845957
SM104431,2025-02-02,Varanasi,Truck,56.9,5,2443.0,276.0,82353.5,6.1,Clear,0,9.0,9.37,2437.0,0,0,0,0,0,0,2,6,1,0.489,42.83,0.37,1,11.318788378921557
SM103872,2025-11-12,Prayagraj,Mini Truck,11.6,1,417.0,40.0,10189.0,7.9,Clear,0,5.0,3.31,397.0,0,0,0,0,0,0,11,2,0,0.208,34.22,-1.69,0,9.229162126216771
SM104680,2025-04-29,Gorakhpur,Pickup,73.7,7,309.0,37.0,7779.0,6.7,Clear,0,10.0,9.48,1197.0,0,0,0,0,0,0,4,1,0,0.386,16.24,-0.52,0,8.959311617172437
SM104292,2025-06-29,Kanpur,Truck,34.9,7,3973.0,234.0,39812.0,4.0,Clear,0,10.0,7.17,2539.0,0,0,0,0,0,0,6,6,1,0.795,72.75,-2.83,0,10.59194877110536
SM105005,2025-12-13,Varanasi,Mini Truck,48.4,7,911.0,105.0,13992.0,3.3,Clear,0,9.0,5.71,1407.0,0,0,0,0,0,0,12,5,1,0.456,29.07,-3.29,0,9.546312483555713
SM102784,2025-11-29,Lucknow,Pickup,24.1,5,494.0,23.0,4961.0,4.0,Clear,0,7.0,4.2,755.0,0,0,0,0,0,0,11,5,1,0.618,31.33,-2.8,0,8.509564164251746
SM103991,2025-10-03,Lucknow,Truck,44.6,7,2454.0,109.0,10679.0,5.9,Clear,0,9.0,8.75,2258.0,0,0,0,0,0,0,10,4,0,0.491,50.63,-0.25,0,9.276128112514186
SM104227,2025-08-12,Prayagraj,Pickup,18.0,9,515.0,42.0,14807.0,2.9,Clear,0,8.0,5.48,654.0,0,0,0,0,0,0,8,1,0,0.644,36.33,-2.52,0,9.602922854253334
SM104775,2025-01-17,Prayagraj,Mini Truck,33.7,6,827.0,57.0,11805.0,6.3,Rain,0,8.0,6.86,1031.0,0,0,0,0,0,0,1,4,0,0.414,30.59,-1.14,0,9.376363155800634
SM101287,2025-03-27,Lucknow,Mini Truck,35.5,6,1566.0,84.0,4140.0,5.1,Clear,0,8.0,6.52,1376.0,0,0,0,0,0,0,3,3,0,0.783,38.76,-1.48,0,8.328692583545568
SM101026,2025-01-29,Varanasi,Truck,28.6,5,3065.0,127.0,65444.0,7.2,Fog,0,8.0,10.22,1920.0,0,0,0,0,0,0,1,2,0,0.613,67.13,2.22,1,11.08896537422582
SM105226,2025-04-24,Varanasi,Mini Truck,62.4,4,1278.0,62.0,13712.0,3.4,Rain,0,9.0,7.78,1622.0,0,0,0,0,0,0,4,3,0,0.639,25.99,-1.22,0,9.526099566999854
SM103650,2025-02-13,Varanasi,Truck,20.0,7,3511.0,199.0,55484.0,5.9,Clear,0,9.0,7.71,2048.0,0,0,0,0,0,0,2,3,0,0.702,102.4,-1.29,0,10.923867992934664
SM105304,2025-03-27,Kanpur,Mini Truck,16.1,8,749.0,30.0,3169.0,5.7,Clear,0,7.0,5.75,735.0,0,0,0,0,0,0,3,3,0,0.374,45.65,-1.25,0,8.061486866871327
SM100501,2025-08-26,Varanasi,Truck,33.0,3,2499.0,214.0,29522.0,4.2,Rain,0,7.0,7.75,1835.0,0,0,0,0,0,0,8,1,0,0.5,55.61,0.75,1,10.292924899567096
SM104803,2025-10-17,Prayagraj,Truck,17.8,3,3686.0,378.0,45246.0,8.5,Clear,0,7.0,6.83,1867.0,0,0,0,0,0,0,10,4,0,0.737,104.89,-0.17,0,10.719891648587698
SM104300,2025-04-11,Prayagraj,Mini Truck,22.3,3,1024.0,95.0,20041.0,6.1,Clear,0,6.0,4.26,764.0,0,0,0,0,0,0,4,4,0,0.512,34.26,-1.74,0,9.905585350618274
SM103521,2025-05-02,Prayagraj,Pickup,12.7,3,722.0,73.0,44930.0,8.0,Clear,0,6.0,5.6,500.0,0,0,0,0,0,0,5,4,0,0.902,39.37,-0.4,0,10.712883258660506
SM102478,2025-01-29,Varanasi,Mini Truck,51.3,7,1161.0,52.0,3893.0,9.3,Rain,0,9.0,9.8,1514.0,0,1,0,0,0,0,1,2,0,0.58,29.51,0.8,1,8.267192185932146
SM104103,2025-01-06,Lucknow,Mini Truck,32.5,8,1161.0,67.0,13376.0,4.5,Fog,0,8.0,8.59,1089.0,0,1,0,1,0,0,1,0,0,0.58,33.51,0.59,1,9.501292093295586
SM102039,2025-06-14,Kanpur,Pickup,29.9,3,541.0,60.0,11867.0,5.7,Clear,0,6.0,6.46,622.0,0,0,0,0,0,0,6,5,1,0.676,20.8,0.46,1,9.381600981410713
SM104038,2025-04-22,Gorakhpur,Mini Truck,80.3,4,930.0,62.0,66616.0,7.5,Clear,1,9.0,9.99,1779.0,0,0,0,0,0,0,4,1,0,0.465,22.15,0.99,1,11.106715079211655
SM102435,2025-07-25,Lucknow,Mini Truck,17.0,6,1497.0,79.0,19851.0,7.8,Clear,0,7.0,4.98,606.0,0,0,0,0,0,1,7,4,0,0.748,35.65,-2.02,0,9.89606003670733
SM102977,2025-11-24,Prayagraj,Mini Truck,26.2,9,673.0,41.0,7309.0,5.6,Clear,0,8.0,7.07,1012.0,0,0,0,0,0,0,11,0,0,0.336,38.63,-0.93,0,8.896998552743824
SM100881,2025-11-07,Gorakhpur,Truck,54.9,4,3327.0,255.0,29376.0,3.9,Clear,0,9.0,8.05,2618.0,0,0,0,0,0,0,11,4,0,0.665,47.69,-0.95,0,10.287967334235157
SM104315,2025-04-11,Lucknow,Truck,25.9,5,2441.0,286.0,79188.0,6.4,Fog,0,8.0,8.78,1697.0,0,0,0,0,0,0,4,4,0,0.488,65.52,0.78,1,11.279592679267674
SM101685,2025-07-09,Prayagraj,Pickup,45.5,8,246.0,20.0,2513.0,5.6,Rain,0,9.0,8.46,913.0,0,0,1,0,0,0,7,2,0,0.308,20.07,-0.54,0,7.829630389150193
SM102236,2025-04-02,Lucknow,Pickup,33.8,10,686.0,49.0,16258.0,4.7,Fog,0,9.0,7.64,838.0,0,0,0,0,0,0,4,2,0,0.858,24.79,-1.36,0,9.696401880595555
SM104140,2025-09-23,Prayagraj,Mini Truck,20.4,9,1361.0,113.0,51314.0,8.0,Rain,0,8.0,8.3,1137.0,0,0,0,0,0,0,9,1,0,0.68,55.74,0.3,1,10.845738386079814
SM100367,2025-04-26,Varanasi,Pickup,16.3,10,560.0,43.0,13784.0,6.5,Fog,0,8.0,7.99,778.0,0,0,0,0,0,0,4,5,1,0.7,47.73,-0.01,0,9.531336323457896
SM102332,2025-04-08,Lucknow,Mini Truck,38.1,7,1320.0,72.0,18097.0,6.9,Clear,0,8.0,7.66,1323.0,0,0,0,0,0,0,4,1,0,0.66,34.72,-0.34,0,9.803556713911078
SM103663,2025-12-18,Kanpur,Mini Truck,28.0,3,1809.0,78.0,8384.0,4.6,Fog,0,7.0,6.73,1088.0,0,0,0,0,0,0,12,3,0,0.904,38.86,-0.27,0,9.034199674257309
SM101515,2025-12-06,Prayagraj,Pickup,31.3,6,615.0,33.0,6797.0,5.9,Fog,0,7.0,7.46,808.0,0,0,0,0,0,0,12,5,1,0.769,25.81,0.46,1,8.824383730256061
SM102438,2025-11-05,Gorakhpur,Pickup,66.2,7,153.0,8.0,2891.0,6.3,Clear,1,9.0,8.84,1083.0,0,0,0,0,0,0,11,2,0,0.191,16.36,-0.16,0,7.969703583278656
SM104800,2025-08-12,Lucknow,Pickup,15.5,6,321.0,13.0,7604.0,4.6,Clear,0,6.0,4.57,405.0,0,0,0,0,0,0,8,1,0,0.401,26.13,-1.43,0,8.936561204693394
SM100566,2025-03-25,Kanpur,Mini Truck,22.7,8,1161.0,148.0,24042.0,4.5,Clear,0,8.0,7.08,1134.0,0,1,0,0,0,0,3,1,0,0.58,49.96,-0.92,0,10.08759917287658
SM101206,2025-07-08,Lucknow,Mini Truck,20.6,9,1229.0,61.0,13698.0,7.3,Clear,0,8.0,6.37,1162.0,0,0,0,0,0,0,7,1,0,0.614,56.41,-1.63,0,9.52507811645139
SM105650,2025-12-06,Prayagraj,Mini Truck,27.7,3,1262.0,79.0,31003.0,6.1,Clear,0,7.0,4.24,959.0,0,0,0,0,0,0,12,5,1,0.631,34.62,-2.76,0,10.341871507401402
SM104852,2025-02-08,Varanasi,Pickup,24.7,6,498.0,21.0,7735.0,1.7,Clear,0,7.0,4.15,632.0,0,0,0,0,0,0,2,5,1,0.622,25.59,-2.85,0,8.95364003713313
SM101892,2025-11-17,Prayagraj,Truck,77.3,6,2974.0,120.0,48172.0,8.8,Fog,0,11.0,12.08,3059.0,0,0,0,0,0,0,11,0,0,0.595,39.57,1.08,1,10.782553977112013
SM105810,2025-09-01,Kanpur,Pickup,28.049999999999997,8,462.0,25.0,3264.0,5.2,Rain,0,8.0,8.02,637.0,1,1,0,0,0,0,9,0,0,0.578,22.71,0.02,1,8.09101504171053
SM102161,2025-03-31,Gorakhpur,Pickup,90.6,8,537.0,65.0,25815.0,5.1,Clear,1,11.0,9.46,1450.0,0,0,0,0,0,0,3,0,0,0.671,16.0,-1.54,0,10.158749733731797
SM100507,2025-04-01,Kanpur,Pickup,42.5,3,228.0,12.0,1350.0,6.7,Clear,0,7.0,4.95,705.0,0,0,0,0,0,0,4,1,0,0.285,16.59,-2.05,0,7.208600337960199
SM102313,2025-01-20,Varanasi,Pickup,26.4,8,321.0,24.0,5763.0,5.9,Clear,0,8.0,6.47,575.0,0,0,0,0,0,0,1,0,0,0.401,21.78,-1.53,0,8.659386957119413
SM104053,2025-10-23,Prayagraj,Mini Truck,38.9,6,1576.0,110.0,30147.0,5.8,Clear,1,8.0,6.91,1309.0,0,0,0,0,0,0,10,3,0,0.788,33.65,-1.09,0,10.31387386496336
SM101558,2025-12-30,Lucknow,Mini Truck,21.2,7,1399.0,70.0,13028.0,5.7,Fog,0,8.0,7.64,1078.0,0,0,0,0,0,0,12,1,0,0.7,50.85,-0.36,0,9.474932921202932
SM100098,2025-08-21,Lucknow,Mini Truck,17.8,9,1590.0,67.0,13959.0,6.8,Rain,0,8.0,8.16,1226.0,0,0,0,0,0,0,8,3,0,0.795,68.88,0.16,1,9.543951376316363
SM101513,2025-05-01,Lucknow,Mini Truck,13.7,6,1472.0,123.0,41992.0,5.7,Clear,0,7.0,5.06,869.0,0,0,0,0,0,0,5,3,0,0.736,63.43,-1.94,0,10.645258216708406
SM104393,2025-01-25,Kanpur,Mini Truck,36.3,7,633.0,39.0,6829.0,6.8,Fog,0,8.0,7.54,992.0,0,0,0,0,0,0,1,5,1,0.316,27.33,-0.46,0,8.829079952564836
SM100667,2025-11-11,Lucknow,Truck,11.6,4,3695.0,273.0,82353.5,6.1,Clear,0,7.0,6.22,1652.0,0,0,0,0,0,0,11,1,0,0.739,142.41,-0.78,0,11.318788378921557
SM100858,2025-09-02,Varanasi,Pickup,37.9,6,628.0,41.0,5598.0,5.1,Rain,0,7.0,5.66,718.0,1,0,0,0,1,0,9,1,0,0.785,18.94,-1.34,0,8.630343289348893
SM104329,2025-11-17,Prayagraj,Mini Truck,74.3,8,1512.0,65.0,19339.0,6.1,Rain,0,11.0,9.57,1964.0,0,0,0,0,0,0,11,0,0,0.756,26.43,-1.43,0,9.869930769007285
SM103710,2025-05-12,Lucknow,Mini Truck,20.4,4,841.0,39.0,10506.0,7.1,Clear,0,6.0,5.14,762.0,0,0,0,0,0,0,5,0,0,0.42,37.35,-0.86,0,9.259796980688776
SM105229,2025-04-09,Varanasi,Pickup,24.9,4,414.0,22.0,5744.0,3.1,Clear,0,6.0,4.49,600.0,0,0,0,0,0,0,4,2,0,0.518,24.1,-1.51,0,8.656085190282855
SM103886,2025-01-31,Prayagraj,Mini Truck,74.7,4,1217.0,90.0,20910.0,5.4,Clear,0,9.0,9.2,1795.0,0,0,0,0,0,0,1,4,0,0.608,24.03,0.2,1,9.9480306152868
SM105218,2025-01-19,Prayagraj,Mini Truck,4.3,6,1538.0,100.0,57918.0,3.7,Fog,0,7.0,6.03,946.0,0,0,0,0,0,0,1,6,1,0.769,220.0,-0.97,0,10.966800761717183
SM104477,2025-05-15,Lucknow,Pickup,18.1,8,328.0,18.0,7175.0,6.7,Clear,0,7.0,6.59,592.0,0,0,0,0,0,0,5,3,0,0.41,32.71,-0.41,0,8.878497403738631
SM102379,2025-08-27,Kanpur,Pickup,25.2,7,390.0,22.0,2147.0,5.3,Clear,0,7.0,6.06,773.0,0,0,0,0,0,0,8,2,0,0.488,30.67,-0.94,0,7.672292455628756
SM100299,2025-01-08,Lucknow,Pickup,40.8,6,494.0,22.0,5825.0,4.8,Fog,0,8.0,6.55,905.0,0,0,0,0,0,0,1,2,0,0.618,22.18,-1.45,0,8.67008593751938
SM103329,2025-12-01,Lucknow,Mini Truck,28.4,2,1577.0,111.0,13360.0,5.2,Fog,0,6.0,7.0,1065.0,0,0,0,0,0,0,12,0,0,0.788,37.5,1.0,1,9.500095294588894
SM101790,2025-08-02,Prayagraj,Truck,36.4,9,3736.0,329.0,51212.0,3.6,Clear,0,10.0,8.6,2529.0,0,0,0,0,0,0,8,5,1,0.747,69.48,-1.4,0,10.843748685048862
SM102452,2025-02-04,Kanpur,Pickup,22.4,4,222.0,11.0,1371.0,6.9,Rain,0,6.0,5.78,471.0,0,0,0,0,0,0,2,1,0,0.278,21.03,-0.22,0,7.22402480828583
SM101463,2025-01-19,Gorakhpur,Pickup,41.7,8,466.0,56.0,9135.0,5.9,Clear,0,8.0,8.1,915.0,0,0,0,0,0,0,1,6,1,0.582,21.94,0.1,1,9.119977931895791
SM103105,2025-04-21,Gorakhpur,Mini Truck,46.0,7,1012.0,41.0,4180.0,6.4,Clear,0,9.0,6.6,1291.0,0,0,0,0,0,0,4,0,0,0.506,28.07,-2.4,0,8.338305731356565
SM105140,2025-05-18,Prayagraj,Mini Truck,40.8,5,689.0,34.0,10229.0,7.9,Clear,0,8.0,7.56,1008.0,0,0,0,0,0,0,5,6,1,0.344,24.71,-0.44,0,9.233079858945672
SM103069,2025-01-26,Lucknow,Pickup,15.0,6,282.0,15.0,3448.0,4.1,Clear,0,6.0,4.29,414.0,0,0,0,0,0,0,1,6,1,0.352,27.6,-1.71,0,8.145839612936841
SM103836,2025-03-13,Lucknow,Pickup,16.2,6,629.0,68.0,16149.0,4.9,Clear,0,7.0,5.73,569.0,0,0,0,0,0,0,3,3,0,0.786,35.12,-1.27,0,9.689675328650802
SM104287,2025-10-22,Lucknow,Pickup,26.0,6,557.0,27.0,8151.0,7.2,Clear,1,7.0,7.07,803.0,0,0,0,0,0,0,10,2,0,0.696,30.88,0.07,1,9.00601857490256
SM101273,2025-09-04,Kanpur,Pickup,20.8,5,467.0,49.0,12786.0,4.9,Clear,0,6.0,4.64,495.0,0,0,0,0,0,0,9,3,0,0.584,23.8,-1.36,0,9.456184308811169
SM101454,2025-07-28,Varanasi,Pickup,35.8,8,462.0,8.0,1263.0,5.5,Rain,0,8.0,6.95,784.0,0,1,0,0,0,0,7,0,0,0.578,21.9,-1.05,0,7.142036574706803
SM104862,2025-11-22,Lucknow,Pickup,31.2,7,509.0,21.0,11369.0,5.6,Clear,0,8.0,6.28,865.0,0,0,1,0,0,0,11,5,1,0.636,27.72,-1.72,0,9.338733586744581
SM104172,2025-07-04,Kanpur,Mini Truck,19.3,5,634.0,34.0,15692.0,4.8,Rain,1,6.0,8.14,731.0,0,0,0,0,0,0,7,4,0,0.317,37.88,2.14,1,9.66097003203872
SM105685,2025-06-09,Lucknow,Pickup,57.5,9,464.0,24.0,6381.0,6.0,Clear,0,10.0,8.03,1117.0,0,0,0,0,0,0,6,0,0,0.58,19.43,-1.97,0,8.76123680683819
SM101884,2025-08-14,Kanpur,Pickup,30.2,7,549.0,50.0,20751.0,4.9,Rain,0,8.0,7.41,794.0,0,0,0,0,0,0,8,3,0,0.686,26.29,-0.59,0,9.940397906556225
SM102851,2025-05-23,Kanpur,Pickup,31.2,7,560.0,28.0,6872.0,5.1,Clear,0,8.0,6.12,761.0,0,0,0,0,0,0,5,4,0,0.7,24.39,-1.88,0,8.835355971121606
SM100556,2025-09-26,Prayagraj,Pickup,30.2,6,457.0,51.0,4096.0,5.6,Rain,0,7.0,6.3,855.0,0,0,0,0,0,0,9,4,0,0.571,28.31,-0.7,0,8.318010277546872
SM103909,2025-11-27,Prayagraj,Truck,27.2,5,2360.0,274.0,73950.0,7.0,Clear,0,8.0,7.49,1675.0,0,0,0,0,0,0,11,3,0,0.472,61.58,-0.51,0,11.211157990697956
SM102863,2025-08-12,Kanpur,Mini Truck,16.2,5,1165.0,125.0,39112.0,5.0,Rain,0,7.0,6.52,738.0,0,0,0,0,0,0,8,1,0,0.582,45.56,-0.48,0,10.574210171532373
SM100993,2025-06-07,Prayagraj,Truck,30.6,8,2375.0,120.0,13041.0,5.1,Clear,0,9.0,8.07,1906.0,0,0,0,0,0,0,6,5,1,0.475,62.29,-0.93,0,9.475930197953147
SM104571,2025-02-04,Gorakhpur,Pickup,95.4,2,484.0,22.0,3802.0,3.4,Clear,0,9.0,6.96,1227.0,0,0,0,0,0,0,2,1,0,0.605,12.86,-2.04,0,8.24354550792826
SM103530,2025-05-19,Lucknow,Truck,15.4,8,2473.0,102.0,14848.0,7.0,Clear,0,8.0,7.72,1460.0,0,0,0,0,0,0,5,0,0,0.495,94.81,-0.28,0,9.605687801896062
SM101034,2025-01-25,Lucknow,Truck,27.3,9,4653.0,449.0,82353.5,6.5,Fog,0,10.0,11.76,2719.0,0,0,0,0,0,0,1,5,1,0.931,99.6,1.76,1,11.318788378921557
SM104969,2025-10-25,Lucknow,Mini Truck,23.0,8,1274.0,156.0,19527.0,7.5,Clear,0,8.0,6.82,1164.0,0,0,0,0,0,0,10,5,1,0.637,50.61,-1.18,0,9.879604612072796
SM104992,2025-12-28,Lucknow,Mini Truck,42.2,4,764.0,67.0,8574.0,6.8,Fog,0,7.0,8.13,1081.0,0,0,0,0,0,0,12,6,1,0.382,25.62,1.13,1,9.056606272034141
SM104331,2025-04-09,Gorakhpur,Pickup,53.0,8,512.0,37.0,5992.0,9.0,Clear,0,9.0,7.69,1051.0,0,0,0,0,0,0,4,2,0,0.64,19.83,-1.31,0,8.698347400458186
SM102354,2025-04-23,Gorakhpur,Truck,50.9,6,3782.0,330.0,82353.5,6.9,Clear,0,10.0,9.39,2796.0,0,0,0,0,0,0,4,2,0,0.756,54.93,-0.61,0,11.318788378921557
SM104668,2025-09-26,Varanasi,Truck,54.1,8,3866.0,172.0,17124.0,5.5,Rain,0,11.0,10.79,2912.0,0,0,0,0,0,0,9,4,0,0.773,53.83,-0.21,0,9.748294663130427
SM103979,2025-02-24,Varanasi,Pickup,31.5,11,263.0,29.0,4656.0,5.2,Clear,0,9.0,6.62,877.0,0,0,0,0,0,0,2,0,0,0.329,27.84,-2.38,0,8.446126742982377
SM102722,2025-02-11,Lucknow,Pickup,17.6,3,303.0,16.0,2353.0,7.4,Rain,0,6.0,5.61,351.0,0,0,0,0,0,0,2,1,0,0.379,19.94,-0.39,0,7.763871287820222
SM100934,2025-06-11,Prayagraj,Mini Truck,40.7,7,1029.0,58.0,13674.5,5.6,Clear,0,8.0,7.53,1349.0,0,0,1,0,1,0,6,2,0,0.514,33.14,-0.47,0,9.523361189693068
SM105262,2025-08-03,Kanpur,Pickup,53.5,8,452.0,47.0,50085.0,4.2,Rain,0,9.0,8.63,1050.0,0,0,0,0,0,0,8,6,1,0.565,19.63,-0.37,0,10.821496806904248
SM100700,2025-07-09,Gorakhpur,Mini Truck,151.2,8,1102.0,52.0,9637.0,6.2,Rain,0,14.0,13.66,3053.0,0,0,0,0,0,0,7,2,0,0.551,20.19,-0.34,0,9.173468897200278
SM104449,2025-11-24,Prayagraj,Pickup,21.8,7,314.0,16.0,2354.0,7.4,Fog,0,7.0,8.03,495.0,0,0,0,0,0,1,11,0,0,0.392,22.71,1.03,1,7.764296006450518
SM101132,2025-10-17,Prayagraj,Mini Truck,22.9,8,1344.0,55.0,19715.0,5.2,Clear,0,8.0,6.29,1031.0,0,0,0,0,0,0,10,4,0,0.672,45.02,-1.71,0,9.889185767825268
SM102588,2025-12-21,Prayagraj,Truck,48.1,5,2479.0,108.0,16973.0,4.3,Rain,0,9.0,8.0,2127.0,0,0,0,0,0,0,12,6,1,0.496,44.22,-1.0,0,9.739438040529622
SM102064,2025-08-04,Gorakhpur,Pickup,58.7,10,583.0,45.0,19550.0,2.9,Rain,0,10.0,8.27,1154.0,0,0,0,0,0,0,8,0,0,0.729,19.66,-1.73,0,9.88078171500049
SM102010,2025-07-01,Lucknow,Pickup,27.9,5,519.0,49.0,9159.0,6.7,Rain,0,7.0,6.67,663.0,0,0,0,0,0,0,7,1,0,0.649,23.76,-0.33,0,9.122601457668177
SM102139,2025-05-27,Kanpur,Pickup,17.2,3,271.0,16.0,3781.0,4.7,Fog,0,6.0,5.73,219.0,0,0,0,0,0,0,5,1,0,0.339,12.73,-0.27,0,8.238008249218403
SM100850,2025-12-24,Prayagraj,Truck,41.7,8,4077.0,181.0,80707.0,4.3,Rain,0,10.0,8.15,2691.0,0,0,0,0,0,0,12,2,0,0.815,64.53,-1.85,0,11.298592981934569
SM105029,2025-03-26,Varanasi,Pickup,24.8,8,641.0,38.0,7535.0,6.4,Rain,0,8.0,7.31,784.0,0,0,0,0,0,0,3,2,0,0.801,31.61,-0.69,0,8.927446816256198
SM100524,2025-04-27,Prayagraj,Mini Truck,40.8,5,1454.0,100.0,15375.0,5.6,Rain,0,8.0,7.1,1324.0,0,0,1,0,0,0,4,6,1,0.727,32.45,-0.9,0,9.640563131210074
SM104066,2025-11-08,Varanasi,Truck,46.0,2,3877.0,198.0,25171.0,4.9,Rain,0,8.0,7.64,2518.0,0,0,0,0,0,0,11,5,1,0.775,54.74,-0.36,0,10.133487544646824
SM105999,2025-02-05,Varanasi,Pickup,51.2,10,645.0,32.0,25281.0,5.0,Rain,0,10.0,9.31,1155.0,0,0,0,0,0,0,2,2,0,0.806,22.56,-0.69,0,10.137847959055502
SM103655,2025-06-25,Prayagraj,Mini Truck,20.9,6,1436.0,94.0,26441.0,4.8,Clear,0,7.0,5.49,978.0,0,0,0,0,0,0,6,2,0,0.718,46.79,-1.51,0,10.182708934070043
SM102990,2025-06-16,Lucknow,Mini Truck,54.8,5,1531.0,106.0,24453.0,6.5,Clear,0,9.0,8.07,1632.0,0,0,0,0,0,0,6,0,0,0.766,29.78,-0.93,0,10.104549080704135
SM103375,2025-07-04,Lucknow,Mini Truck,36.1,5,1229.0,124.0,39019.0,4.1,Rain,0,8.0,6.7,1249.0,0,0,0,0,0,0,7,4,0,0.614,34.6,-1.3,0,10.571829614177101
SM100005,2025-11-10,Kanpur,Mini Truck,40.1,7,1258.0,76.0,82353.5,4.9,Clear,0,8.0,6.68,1197.0,0,0,0,0,0,0,11,0,0,0.629,29.85,-1.32,0,11.318788378921557
SM102331,2025-11-11,Kanpur,Pickup,49.5,7,336.0,20.0,3151.0,6.9,Clear,0,8.0,7.09,914.0,0,0,0,0,0,0,11,1,0,0.42,18.46,-0.91,0,8.05579245097777
SM103505,2025-11-21,Lucknow,Pickup,46.6,8,363.0,36.0,4397.0,7.3,Clear,0,9.0,7.02,894.0,0,0,0,0,0,0,11,4,0,0.454,19.18,-1.98,0,8.388905171114706
SM104251,2025-05-21,Prayagraj,Mini Truck,33.6,4,1412.0,110.0,23537.0,7.9,Clear,0,7.0,5.92,1197.0,0,0,0,0,0,0,5,2,0,0.706,35.62,-1.08,0,10.066371415437608
SM100616,2025-04-02,Prayagraj,Truck,56.2,6,2318.0,143.0,13424.0,7.7,Clear,0,9.0,8.15,2496.0,0,0,0,0,0,0,4,2,0,0.464,44.41,-0.85,0,9.504873919377065
SM100575,2025-05-17,Prayagraj,Pickup,36.0,5,442.0,44.0,12411.0,4.2,Clear,0,7.0,5.36,659.0,0,0,0,0,0,0,5,5,1,0.552,18.31,-1.64,0,9.42641902556827
SM100976,2025-02-04,Lucknow,Mini Truck,12.7,5,1333.0,84.0,15078.0,5.7,Clear,0,7.0,5.33,905.0,0,0,0,0,0,0,2,1,0,0.666,71.26,-1.67,0,9.621058326365796
SM100639,2025-12-13,Varanasi,Truck,102.9,9,2738.0,152.0,69200.0,2.9,Clear,0,13.0,10.69,3727.0,0,0,0,0,0,0,12,5,1,0.548,36.22,-2.31,0,11.1447705923684
SM101662,2025-03-09,Prayagraj,Pickup,32.6,3,204.0,10.0,2267.0,4.0,Clear,0,6.0,4.2,590.0,0,0,0,0,0,0,3,6,1,0.255,18.1,-1.8,0,7.7266536648476425
SM101840,2025-06-05,Kanpur,Truck,17.4,12,2617.0,105.0,18833.0,7.4,Clear,0,10.0,9.85,1778.0,0,0,0,0,0,0,6,3,0,0.523,102.18,-0.15,0,9.84341902607001
SM104167,2025-03-08,Lucknow,Mini Truck,43.3,8,1465.0,94.0,10578.0,3.1,Clear,0,9.0,6.51,1530.0,0,0,0,0,0,0,3,5,1,0.732,35.33,-2.49,0,9.266626182986775
SM101807,2025-06-25,Varanasi,Truck,44.8,2,3535.0,151.0,8547.0,8.9,Clear,0,8.0,8.58,2723.0,0,0,0,0,0,1,6,2,0,0.707,60.78,0.58,1,9.053452616439039
SM100288,2025-07-17,Lucknow,Pickup,23.2,4,93.0,5.0,992.0,5.2,Rain,0,6.0,4.83,366.0,0,0,0,0,0,0,7,3,0,0.116,15.78,-1.17,0,6.900730664045173
SM100513,2025-10-26,Gorakhpur,Truck,25.6,6,2152.0,135.0,29103.0,5.9,Clear,0,8.0,7.27,1590.0,0,0,0,0,0,0,10,6,1,0.43,62.11,-0.73,0,10.278630900757904
SM104888,2025-05-04,Varanasi,Mini Truck,29.9,8,1769.0,185.0,50151.0,3.5,Clear,0,9.0,5.81,1400.0,0,0,0,0,0,0,5,6,1,0.884,46.82,-3.19,0,10.822813672953805
SM100987,2025-04-26,Prayagraj,Pickup,33.1,6,436.0,19.0,4033.0,7.1,Clear,0,7.0,7.08,645.0,0,0,0,0,0,0,4,5,1,0.545,19.49,0.08,1,8.302513718514158
SM100432,2025-10-29,Gorakhpur,Mini Truck,10.0,9,1438.0,76.0,16526.0,7.2,Clear,0,8.0,7.61,1046.0,0,0,0,0,0,0,10,2,0,0.719,104.6,-0.39,0,9.712750686140826
SM100588,2025-11-02,Kanpur,Mini Truck,49.8,4,1424.0,74.0,19541.0,3.8,Clear,0,8.0,6.98,1438.0,0,0,0,0,0,0,11,6,1,0.712,28.88,-1.02,0,9.880321274504288
SM103977,2025-12-27,Lucknow,Mini Truck,44.1,9,875.0,67.0,12045.0,4.6,Clear,0,9.0,6.9,1370.0,0,0,0,0,0,0,12,5,1,0.438,31.07,-2.1,0,9.396487933603666
SM102378,2025-12-27,Lucknow,Pickup,38.9,4,381.0,22.0,11725.0,6.4,Clear,0,7.0,5.28,757.0,0,0,0,0,0,0,12,5,1,0.476,19.46,-1.72,0,9.369563877524161
SM102842,2025-10-06,Lucknow,Mini Truck,48.2,4,1636.0,126.0,20365.0,6.7,Rain,0,8.0,7.79,1387.0,0,0,0,0,0,0,10,0,0,0.818,28.78,-0.21,0,9.92162212273161
SM100847,2025-01-19,Varanasi,Truck,70.1,10,2329.0,100.0,31855.0,6.2,Rain,0,11.0,11.55,2781.0,0,0,0,0,0,0,1,6,1,0.466,39.67,0.55,1,10.368981026303977
SM102128,2025-01-24,Gorakhpur,Pickup,45.0,7,333.0,21.0,3466.0,5.2,Clear,0,8.0,5.99,935.0,0,0,0,0,0,0,1,4,0,0.416,20.78,-2.01,0,8.151044945685024
SM103988,2025-06-01,Lucknow,Pickup,25.2,9,516.0,34.0,4323.0,3.1,Rain,0,8.0,5.39,813.0,1,0,0,0,0,0,6,6,1,0.645,32.26,-2.61,0,8.371936178759098
SM100062,2025-05-14,Lucknow,Mini Truck,23.6,5,1197.0,49.0,7923.0,4.0,Rain,0,7.0,6.74,989.0,0,0,0,0,0,0,5,2,0,0.598,41.91,-0.26,0,8.977651407818442
SM103539,2025-10-29,Kanpur,Truck,20.6,8,1782.0,90.0,42651.0,5.0,Clear,0,8.0,7.42,1351.0,0,0,0,0,0,0,10,2,0,0.356,65.58,-0.58,0,10.66082944513807
SM103390,2025-04-03,Lucknow,Truck,23.3,5,3044.0,228.0,47133.0,4.9,Clear,1,8.0,7.27,1866.0,0,0,0,0,0,0,4,3,0,0.609,80.09,-0.73,0,10.760749887948041
SM105431,2025-03-24,Lucknow,Mini Truck,32.8,7,1532.0,85.0,9879.0,5.8,Clear,1,8.0,8.85,1312.0,0,0,0,0,0,0,3,0,0,0.766,40.0,0.85,1,9.198267790741914
SM105923,2025-12-20,Prayagraj,Mini Truck,34.8,7,1152.0,92.0,8506.0,3.3,Clear,0,8.0,6.4,1230.0,0,0,0,0,0,0,12,5,1,0.576,35.34,-1.6,0,9.048644632975885
SM100108,2025-06-22,Lucknow,Mini Truck,32.7,3,1215.0,49.0,13560.0,7.0,Clear,0,7.0,6.06,1038.0,0,0,0,0,0,0,6,6,1,0.608,31.74,-0.94,0,9.514953305087944
SM100517,2025-01-25,Lucknow,Mini Truck,20.8,6,902.0,75.0,11590.0,6.6,Clear,0,7.0,6.78,892.0,0,0,0,0,0,0,1,5,1,0.451,42.88,-0.22,0,9.357984213888745
SM104281,2025-11-23,Lucknow,Mini Truck,41.3,4,1658.0,111.0,14638.0,3.6,Clear,0,8.0,4.84,1457.0,0,0,0,0,0,0,11,6,1,0.829,35.28,-3.16,0,9.591444479171411
SM102019,2025-06-18,Prayagraj,Mini Truck,22.5,5,695.0,32.0,8247.0,7.9,Clear,0,7.0,6.32,828.0,0,0,0,0,0,0,6,2,0,0.348,36.8,-0.68,0,9.017726025696795
SM105705,2025-10-25,Prayagraj,Mini Truck,58.9,6,1871.0,229.0,72273.0,4.6,Clear,0,9.0,7.73,1910.0,0,0,0,0,0,0,10,5,1,0.936,32.43,-1.27,0,11.188219730745937
SM101377,2025-10-02,Lucknow,Pickup,48.0,3,168.0,14.0,5045.0,5.5,Clear,1,7.0,7.31,650.0,0,0,0,0,0,0,10,3,0,0.21,13.54,0.31,1,8.526351129201004
SM102275,2025-06-05,Kanpur,Mini Truck,37.0,7,800.0,37.0,3912.0,3.6,Clear,0,8.0,6.01,1065.0,0,0,0,0,0,0,6,3,0,0.4,28.78,-1.99,0,8.272059622210412
SM102334,2025-07-21,Prayagraj,Mini Truck,68.1,6,1071.0,91.0,15117.0,9.5,Rain,0,9.0,11.18,1551.0,0,0,0,0,0,0,7,0,0,0.536,22.78,2.18,1,9.623641365852121
SM105887,2025-03-03,Varanasi,Truck,43.8,5,825.0,35.0,2597.0,2.7,Clear,0,8.0,6.26,1564.0,0,0,0,0,0,0,3,0,0,0.165,35.71,-1.74,0,7.862497197230545
SM105943,2025-08-26,Kanpur,Truck,19.4,7,3234.0,391.0,76952.0,3.1,Rain,0,8.0,6.63,1836.0,0,0,0,0,0,0,8,1,0,0.647,94.64,-1.37,0,11.250950124861854
SM103844,2025-12-03,Varanasi,Truck,29.6,9,3181.0,190.0,41672.0,7.0,Fog,0,10.0,10.6,1799.0,0,0,0,0,0,1,12,2,0,0.636,60.78,0.6,1,10.637608716065499
SM105002,2025-08-17,Lucknow,Pickup,32.3,4,504.0,57.0,17593.0,3.1,Rain,0,7.0,5.55,648.0,0,0,0,0,0,0,8,6,1,0.63,20.06,-1.45,0,9.77531321381262
SM102756,2025-11-19,Lucknow,Pickup,22.2,6,440.0,29.0,8405.0,5.1,Clear,0,7.0,5.08,589.0,0,0,0,0,0,0,11,2,0,0.55,26.53,-1.92,0,9.036701015565063
SM104050,2025-04-29,Gorakhpur,Truck,45.75,8,1727.0,111.0,20064.0,7.5,Clear,0,8.0,6.75,1220.0,1,0,0,0,0,0,4,1,0,0.345,26.67,-1.25,0,9.906732282701016
SM105760,2025-02-15,Varanasi,Pickup,12.3,6,510.0,37.0,1136.0,5.3,Clear,0,6.0,4.78,576.0,0,0,0,0,0,0,2,5,1,0.638,46.83,-1.22,0,7.036148493750536
SM105385,2025-11-16,Prayagraj,Mini Truck,20.1,5,983.0,84.0,46467.0,2.1,Rain,0,7.0,5.41,809.0,0,0,0,0,0,0,11,6,1,0.492,40.25,-1.59,0,10.746519182633365
SM105954,2025-09-06,Prayagraj,Mini Truck,66.0,6,1126.0,47.0,14599.0,7.1,Clear,0,9.0,7.95,2351.0,0,0,0,0,0,1,9,5,1,0.563,35.62,-1.05,0,9.588776807696428
SM104493,2025-04-06,Lucknow,Pickup,25.5,5,526.0,38.0,8296.0,6.0,Clear,0,7.0,4.85,662.0,0,0,0,0,0,0,4,6,1,0.658,25.96,-2.15,0,9.023649282664286
SM101169,2025-12-01,Prayagraj,Truck,32.8,5,2667.0,168.0,42183.0,5.5,Clear,0,8.0,7.82,2049.0,1,0,0,0,0,0,12,0,0,0.533,62.47,-0.18,0,10.649796281210305
SM103272,2025-08-27,Varanasi,Mini Truck,27.5,4,1737.0,101.0,20754.0,5.9,Rain,0,7.0,8.01,1220.0,0,0,0,0,0,0,8,2,0,0.868,44.36,1.01,1,9.940542460487139
SM103701,2025-03-26,Varanasi,Pickup,56.5,9,463.0,21.0,4608.0,5.4,Clear,0,10.0,6.85,1117.0,0,0,0,0,0,0,3,2,0,0.579,19.77,-3.15,0,8.435766192720509
SM100348,2025-03-07,Kanpur,Mini Truck,13.9,11,893.0,64.0,8392.0,5.5,Clear,0,8.0,8.01,930.0,0,0,0,1,0,0,3,4,0,0.446,66.91,0.01,1,9.035153304082828
SM101953,2025-06-19,Gorakhpur,Truck,56.0,6,1941.0,226.0,82353.5,1.9,Clear,0,9.0,7.75,2151.0,0,0,0,0,0,0,6,3,0,0.388,38.41,-1.25,0,11.318788378921557
SM101652,2025-01-19,Lucknow,Mini Truck,28.3,8,1358.0,76.0,22509.0,3.7,Clear,0,8.0,6.26,1235.0,0,0,0,0,0,0,1,6,1,0.679,43.64,-1.74,0,10.021714933900778
SM104236,2025-12-11,Prayagraj,Mini Truck,36.4,4,1397.0,62.0,12529.0,5.6,Fog,0,7.0,7.02,1235.0,0,0,1,0,0,0,12,3,0,0.698,33.93,0.02,1,9.435881047890113
SM104177,2025-09-19,Gorakhpur,Pickup,80.2,7,341.0,18.0,5362.0,4.9,Clear,0,10.0,7.65,1292.0,0,0,0,0,0,0,9,4,0,0.426,16.11,-2.35,0,8.587278798982926
SM100701,2025-08-13,Lucknow,Mini Truck,32.2,6,1432.0,77.0,15003.0,7.2,Rain,0,8.0,6.73,1359.0,0,0,0,0,0,0,8,2,0,0.716,42.2,-1.27,0,9.616072111201778
SM102049,2025-08-29,Gorakhpur,Pickup,112.5,6,316.0,15.0,1457.0,5.4,Rain,0,11.0,10.89,1639.0,0,0,0,0,0,0,8,4,0,0.395,14.57,-0.11,0,7.284820912568604
SM101745,2025-12-24,Lucknow,Truck,23.5,5,4073.0,250.0,82353.5,4.7,Fog,0,8.0,9.4,2310.0,0,0,0,0,0,0,12,2,0,0.815,98.3,1.4,1,11.318788378921557
SM102579,2025-07-27,Kanpur,Mini Truck,40.7,6,1113.0,86.0,20579.0,1.5,Rain,0,8.0,7.14,1273.0,0,0,0,0,0,0,7,6,1,0.556,31.28,-0.86,0,9.93207500938804
SM100686,2025-05-29,Prayagraj,Mini Truck,10.5,6,1275.0,94.0,29549.0,6.7,Clear,0,7.0,4.76,844.0,0,0,0,0,0,0,5,3,0,0.638,80.38,-2.24,0,10.293839022834245
SM102839,2025-12-21,Lucknow,Pickup,27.1,8,714.0,35.0,4166.0,6.9,Clear,0,8.0,7.7,824.0,0,0,0,0,0,0,12,6,1,0.892,30.41,-0.3,0,8.334951631422454
SM101534,2025-10-26,Prayagraj,Mini Truck,19.6,3,1065.0,61.0,9056.0,4.8,Rain,0,6.0,5.58,751.0,0,0,0,0,0,0,10,6,1,0.532,38.32,-0.42,0,9.111293218374948
SM104754,2025-03-19,Prayagraj,Truck,24.3,4,3590.0,303.0,82353.5,6.6,Clear,0,8.0,7.0,1919.0,0,0,0,0,0,0,3,2,0,0.718,78.97,-1.0,0,11.318788378921557
SM102271,2025-04-27,Kanpur,Truck,70.2,5,3998.0,209.0,18913.0,4.8,Clear,0,11.0,9.04,3286.0,0,0,0,0,0,0,4,6,1,0.8,46.81,-1.96,0,9.847657667575458
SM104189,2025-11-25,Varanasi,Mini Truck,33.8,5,1273.0,118.0,29339.0,3.4,Clear,0,8.0,5.68,1205.0,0,0,0,0,0,0,11,1,0,0.636,35.65,-2.32,0,10.286707051696972
SM103786,2025-03-06,Prayagraj,Pickup,33.0,5,294.0,14.0,3264.0,8.1,Clear,0,7.0,6.85,629.0,0,0,0,0,0,0,3,3,0,0.368,19.06,-0.15,0,8.09101504171053
SM102463,2025-08-02,Kanpur,Pickup,44.1,5,541.0,37.0,8409.0,3.1,Rain,0,8.0,7.09,884.0,0,0,0,0,0,0,8,5,1,0.676,20.05,-0.91,0,9.037176752966994
SM100643,2025-06-25,Lucknow,Truck,25.4,10,2704.0,122.0,14359.0,6.8,Clear,0,11.0,9.81,2559.0,1,0,0,0,0,0,6,2,0,0.541,100.75,-1.19,0,9.572201842602215
SM104995,2025-03-19,Prayagraj,Mini Truck,24.4,12,1426.0,95.0,17975.0,4.7,Clear,0,9.0,7.32,1273.0,0,0,0,0,0,0,3,2,0,0.713,52.17,-1.68,0,9.796792813865165
SM103210,2025-12-17,Lucknow,Mini Truck,26.0,2,121.0,9.0,1954.0,6.2,Clear,0,5.0,3.63,279.0,1,0,0,0,0,0,12,2,0,0.06,10.73,-1.37,0,7.578145472419466
SM101163,2025-07-13,Prayagraj,Pickup,19.2,5,385.0,31.0,6087.0,2.3,Rain,0,6.0,5.51,413.0,0,0,0,0,0,0,7,6,1,0.481,21.51,-0.49,0,8.714074899541522
SM103680,2025-09-16,Varanasi,Mini Truck,43.1,8,1249.0,92.0,27823.0,4.3,Rain,0,9.0,7.47,1376.0,0,0,0,0,0,0,9,1,0,0.624,31.93,-1.53,0,10.233654236594065
SM101019,2025-02-12,Kanpur,Pickup,19.9,6,453.0,25.0,2734.0,6.3,Clear,0,7.0,5.15,541.0,0,0,0,0,0,0,2,2,0,0.566,27.19,-1.85,0,7.913886714856082
SM104735,2025-06-02,Prayagraj,Truck,76.5,2,3307.0,159.0,30397.0,7.1,Clear,1,10.0,9.16,4649.0,0,0,0,0,0,1,6,0,0,0.661,60.77,-0.84,0,10.322132095756407
SM101669,2025-09-22,Lucknow,Mini Truck,12.9,11,858.0,55.0,22401.0,6.7,Rain,0,8.0,6.89,819.0,0,0,0,0,0,0,9,0,0,0.429,63.49,-1.11,0,10.016905519571685
SM101847,2025-07-17,Varanasi,Truck,34.9,8,3575.0,306.0,82353.5,7.3,Rain,0,10.0,10.8,2421.0,0,0,0,0,0,0,7,3,0,0.715,69.37,0.8,1,11.318788378921557
SM104215,2025-12-29,Lucknow,Truck,10.8,1,2112.0,156.0,31110.0,8.4,Rain,0,6.0,5.91,1055.0,0,0,0,0,0,0,12,0,0,0.422,97.69,-0.09,0,10.345316733380217
SM103004,2025-09-15,Lucknow,Pickup,25.2,5,300.0,19.0,2662.0,7.7,Rain,0,6.0,6.42,414.0,1,0,0,0,0,0,9,0,0,0.375,16.43,0.42,1,7.887208585813932
SM101691,2025-11-21,Lucknow,Mini Truck,46.8,3,1019.0,44.0,6559.0,9.0,Clear,0,7.0,8.02,1322.0,0,0,0,0,0,0,11,4,0,0.509,28.25,1.02,1,8.788745881938135
SM104760,2025-12-20,Prayagraj,Mini Truck,41.5,5,571.0,37.0,6417.0,4.8,Clear,0,8.0,5.74,1083.0,0,0,0,0,0,0,12,5,1,0.286,26.1,-2.26,0,8.766861821669803
SM100054,2025-07-01,Varanasi,Pickup,67.6,5,310.0,16.0,5920.0,9.4,Clear,0,9.0,8.65,915.0,0,0,0,0,0,0,7,1,0,0.388,13.54,-0.35,0,8.686260632531775
SM103282,2025-12-20,Prayagraj,Mini Truck,33.4,6,1315.0,100.0,31013.0,8.9,Fog,0,8.0,7.69,1106.0,0,0,0,0,0,0,12,5,1,0.658,33.11,-0.31,0,10.342193994424095
SM100094,2025-11-24,Prayagraj,Pickup,8.6,10,706.0,61.0,11337.0,7.5,Clear,0,8.0,7.16,596.0,0,0,0,0,0,0,11,0,0,0.882,69.3,-0.84,0,9.33591519488425
SM103678,2025-07-16,Lucknow,Truck,24.1,6,2131.0,88.0,43290.0,7.8,Clear,0,8.0,7.87,1422.0,0,0,0,0,0,0,7,2,0,0.426,59.0,-0.13,0,10.675700040192325
SM102600,2025-11-12,Varanasi,Mini Truck,22.5,5,1455.0,66.0,17425.0,8.7,Rain,0,7.0,7.38,979.0,0,0,0,0,0,0,11,2,0,0.728,43.51,0.38,1,9.765718622791232
SM103644,2025-12-17,Varanasi,Mini Truck,56.4,6,1104.0,45.0,5509.0,1.2,Fog,0,9.0,8.43,1520.0,0,0,0,0,0,0,12,2,0,0.552,26.95,-0.57,0,8.61431990214696
SM101933,2025-12-14,Lucknow,Mini Truck,65.8,5,1829.0,121.0,36942.0,5.5,Clear,0,9.0,7.39,2344.0,0,0,0,0,0,1,12,6,1,0.914,35.62,-1.61,0,10.51713146323313
SM101271,2025-02-09,Prayagraj,Mini Truck,69.7,6,1219.0,61.0,19272.0,4.9,Rain,0,10.0,9.08,1633.0,0,0,0,0,0,0,2,6,1,0.61,23.43,-0.92,0,9.866460431699052
SM103127,2025-11-28,Lucknow,Mini Truck,59.4,4,1433.0,119.0,32054.0,7.2,Clear,0,9.0,9.11,1605.0,0,0,0,0,0,0,11,4,0,0.716,27.02,0.11,1,10.375208456421358
SM101074,2025-06-20,Lucknow,Mini Truck,8.6,4,1591.0,173.0,19534.0,6.5,Clear,0,6.0,3.49,760.0,0,0,0,0,0,0,6,4,0,0.796,88.37,-2.51,0,9.87996300748917
SM104951,2025-01-19,Varanasi,Mini Truck,12.8,7,1496.0,120.0,34192.0,6.1,Clear,0,7.0,6.25,1071.0,0,0,0,0,0,0,1,6,1,0.748,83.67,-0.75,0,10.439776223738649
SM105759,2025-01-01,Lucknow,Mini Truck,31.3,6,527.0,40.0,82353.5,4.0,Fog,0,7.0,8.04,958.0,0,0,0,0,0,0,1,2,0,0.264,30.61,1.04,1,11.318788378921557
SM103243,2025-07-09,Kanpur,Mini Truck,14.0,7,727.0,39.0,15172.0,5.3,Clear,0,7.0,5.53,656.0,0,0,0,0,0,0,7,2,0,0.364,46.86,-1.47,0,9.627272811525241
SM105274,2025-08-13,Lucknow,Pickup,17.6,7,411.0,19.0,5437.0,6.2,Clear,0,7.0,6.14,658.0,0,0,0,0,0,0,8,2,0,0.514,37.39,-0.86,0,8.601166625192416
SM102142,2025-12-18,Prayagraj,Mini Truck,11.2,7,798.0,57.0,7264.0,6.0,Clear,0,7.0,5.74,639.0,0,0,0,0,0,0,12,3,0,0.399,57.05,-1.26,0,8.890823576004383
SM101615,2025-03-05,Prayagraj,Truck,34.2,5,2096.0,99.0,17252.0,6.3,Rain,0,8.0,9.63,1781.0,0,0,0,0,0,0,3,2,0,0.419,52.08,1.63,1,9.755741320381864
SM105862,2025-07-30,Kanpur,Truck,27.6,11,1950.0,119.0,33530.0,5.4,Rain,0,9.0,7.56,1799.0,0,0,0,1,0,0,7,2,0,0.39,65.18,-1.44,0,10.42022566305372
SM102781,2025-12-08,Gorakhpur,Pickup,36.3,5,323.0,13.0,1714.0,5.3,Fog,0,7.0,8.2,645.0,0,0,0,0,0,0,12,0,0,0.404,17.77,1.2,1,7.44716835960004
SM101958,2025-08-30,Prayagraj,Pickup,32.8,6,230.0,25.0,4994.0,5.6,Rain,0,9.0,7.51,910.0,1,0,0,0,0,0,8,5,1,0.288,27.74,-1.49,0,8.516192691082654
SM104469,2025-10-01,Varanasi,Truck,99.3,7,3055.0,153.0,22937.0,7.6,Clear,0,12.0,11.86,3760.0,0,0,0,0,0,0,10,2,0,0.611,37.87,-0.14,0,10.040550202924468
SM104295,2025-12-29,Gorakhpur,Pickup,67.0,6,549.0,26.0,5818.0,4.9,Fog,0,9.0,9.18,1027.0,0,0,0,0,0,0,12,0,0,0.686,15.33,0.18,1,8.66888370465667
SM105034,2025-01-08,Lucknow,Pickup,17.7,6,272.0,13.0,1481.0,3.2,Rain,0,7.0,5.7,404.0,0,0,0,0,0,0,1,2,0,0.34,22.82,-1.3,0,7.301147805856032
SM101581,2025-03-20,Kanpur,Truck,21.4,7,2654.0,113.0,11763.0,7.2,Clear,0,8.0,6.77,1700.0,0,0,0,0,0,0,3,3,0,0.531,79.44,-1.23,0,9.372799299673886
SM100349,2025-03-02,Prayagraj,Mini Truck,30.9,7,1007.0,107.0,33920.0,6.5,Rain,0,8.0,7.79,1194.0,0,0,0,0,0,0,3,6,1,0.503,38.64,-0.21,0,10.431789570603355
SM104160,2025-05-28,Varanasi,Mini Truck,36.5,9,1195.0,54.0,15160.0,5.4,Clear,0,9.0,8.72,1321.0,0,0,0,0,0,0,5,2,0,0.598,36.19,-0.28,0,9.62648162008158
SM105022,2025-09-07,Gorakhpur,Mini Truck,34.3,11,748.0,92.0,24441.0,5.5,Clear,0,9.0,7.98,1142.0,0,0,0,0,0,0,9,6,1,0.374,33.29,-1.02,0,10.104058242997946
SM102847,2025-05-22,Lucknow,Mini Truck,17.7,6,1636.0,77.0,16398.0,3.6,Clear,0,7.0,5.09,1016.0,0,0,0,0,0,0,5,3,0,0.818,57.4,-1.91,0,9.704975636343447
SM100244,2025-08-18,Lucknow,Mini Truck,8.5,8,774.0,83.0,12141.0,3.8,Rain,0,7.0,6.03,633.0,0,0,0,0,0,0,8,0,0,0.387,74.47,-0.97,0,9.40442579569038
SM100959,2025-05-31,Prayagraj,Pickup,53.4,5,471.0,22.0,3904.0,3.9,Clear,0,8.0,6.13,936.0,0,0,0,0,0,0,5,5,1,0.589,17.53,-1.87,0,8.270013062273787
SM100434,2025-06-08,Lucknow,Mini Truck,46.1,11,532.0,51.0,14135.0,4.5,Clear,0,10.0,7.92,1279.0,0,0,0,0,0,0,6,6,1,0.266,27.74,-2.08,0,9.556480013999533
SM103414,2025-08-07,Varanasi,Pickup,67.2,6,466.0,46.0,16910.0,4.4,Rain,0,9.0,8.01,1098.0,0,0,0,0,0,0,8,3,0,0.582,16.34,-0.99,0,9.735719576749684
SM102721,2025-09-01,Lucknow,Truck,32.8,7,1554.0,79.0,25959.0,5.7,Rain,0,8.0,8.86,1515.0,0,0,0,0,0,0,9,0,0,0.311,46.19,0.86,1,10.164312170818027
SM102527,2025-12-13,Lucknow,Pickup,43.7,6,549.0,67.0,9550.0,5.6,Clear,0,8.0,6.53,819.0,0,0,0,0,0,0,12,5,1,0.686,18.74,-1.47,0,9.164401140034737
SM104573,2025-11-21,Prayagraj,Truck,8.9,4,3933.0,248.0,43779.0,4.4,Clear,0,7.0,6.0,1744.0,0,0,0,0,0,0,11,4,0,0.787,195.96,-1.0,0,10.686932371076853
SM104827,2025-07-16,Lucknow,Mini Truck,35.5,7,845.0,80.0,11824.0,6.5,Rain,0,8.0,8.21,1081.0,0,0,0,0,0,0,7,2,0,0.422,30.45,0.21,1,9.377971213360134
SM103532,2025-01-23,Varanasi,Pickup,84.7,6,356.0,17.0,5598.0,4.3,Fog,0,10.0,10.36,1185.0,0,0,0,0,1,0,1,3,0,0.445,13.99,0.36,1,8.630343289348893
SM102912,2025-06-22,Varanasi,Mini Truck,42.3,8,526.0,29.0,3383.0,4.5,Clear,0,9.0,5.39,1104.0,0,0,0,0,0,0,6,6,1,0.263,26.1,-3.61,0,8.126813720726114
SM102197,2025-11-11,Prayagraj,Pickup,52.7,5,721.0,35.0,9413.0,5.1,Clear,0,8.0,6.91,1024.0,0,0,0,0,0,0,11,1,0,0.901,19.43,-1.09,0,9.149953221961088
SM102408,2025-06-19,Lucknow,Mini Truck,18.9,6,889.0,36.0,8634.0,6.4,Clear,0,7.0,5.05,919.0,0,0,0,0,0,0,6,3,0,0.444,48.62,-1.95,0,9.06357899058078
SM100495,2025-05-31,Kanpur,Truck,19.2,10,2161.0,103.0,38734.0,2.4,Rain,0,9.0,7.64,1555.0,0,0,0,0,0,0,5,5,1,0.432,80.99,-1.36,0,10.564498863066003
SM100600,2025-08-13,Prayagraj,Truck,22.0,5,2959.0,358.0,82353.5,1.0,Clear,0,8.0,7.39,1797.0,0,0,0,0,0,0,8,2,0,0.592,81.68,-0.61,0,11.318788378921557
SM102967,2025-03-25,Prayagraj,Truck,60.3,5,2965.0,147.0,33159.0,5.6,Clear,0,10.0,8.95,2738.0,0,0,1,0,0,0,3,1,0,0.593,45.41,-1.05,0,10.409099609249232
SM105558,2025-07-12,Prayagraj,Pickup,38.5,4,429.0,20.0,7825.0,4.3,Rain,0,7.0,5.71,775.0,0,0,0,0,0,0,7,5,1,0.536,20.13,-1.29,0,8.965206802770357
SM100840,2025-04-16,Varanasi,Mini Truck,63.5,7,587.0,52.0,17605.0,5.4,Clear,0,9.0,6.88,1533.0,0,0,0,0,0,0,4,2,0,0.294,24.14,-2.12,0,9.775995032020852
SM101929,2025-12-14,Prayagraj,Mini Truck,32.7,4,1300.0,88.0,11283.0,4.1,Clear,0,7.0,5.04,1183.0,0,0,0,0,0,0,12,6,1,0.65,36.18,-1.96,0,9.331141072121888
SM101766,2025-07-04,Varanasi,Mini Truck,79.6,9,1231.0,64.0,19663.0,5.6,Rain,0,11.0,10.77,2011.0,0,0,1,0,0,0,7,4,0,0.616,25.26,-0.23,0,9.886544831805816
SM102414,2025-05-16,Kanpur,Pickup,17.8,5,385.0,40.0,6074.0,6.5,Clear,0,6.0,5.18,457.0,0,0,0,0,0,0,5,4,0,0.481,25.67,-0.82,0,8.711937268208748
SM105616,2025-10-19,Varanasi,Mini Truck,35.849999999999994,7,1159.0,129.0,29685.0,1.2,Clear,0,9.0,6.26,1299.0,1,0,0,0,0,0,10,6,1,0.58,36.23,-2.74,0,10.29843083318471
SM100906,2025-05-31,Kanpur,Mini Truck,30.8,8,575.0,54.0,16025.0,2.7,Clear,0,8.0,4.68,876.0,0,0,0,0,0,0,5,5,1,0.288,28.44,-3.32,0,9.681967682338016
SM104224,2025-10-13,Varanasi,Mini Truck,62.1,7,668.0,46.0,5825.0,4.6,Clear,0,9.0,7.46,1553.0,0,0,0,0,0,0,10,0,0,0.334,25.01,-1.54,0,8.67008593751938
SM105574,2025-09-18,Gorakhpur,Mini Truck,58.5,4,688.0,30.0,7052.0,5.6,Clear,0,8.0,6.67,1277.0,0,0,0,0,0,0,9,3,0,0.344,21.83,-1.33,0,8.86120833720818
SM101537,2025-02-10,Kanpur,Pickup,31.6,5,369.0,19.0,1717.0,5.6,Fog,0,7.0,6.93,632.0,0,0,1,0,0,0,2,0,0,0.461,20.0,-0.07,0,7.4489161025442
SM102927,2025-04-28,Kanpur,Pickup,14.6,7,557.0,39.0,5963.0,8.2,Rain,0,7.0,7.38,638.0,0,0,0,0,0,0,4,0,0,0.696,43.7,0.38,1,8.69349667588463
SM105694,2025-08-03,Kanpur,Mini Truck,13.8,8,1101.0,118.0,14900.0,5.1,Rain,0,7.0,6.79,955.0,0,0,0,0,0,0,8,6,1,0.55,69.2,-0.21,0,9.60918360377546
SM103373,2025-07-03,Varanasi,Mini Truck,47.7,5,1242.0,56.0,12238.0,7.8,Clear,0,8.0,6.08,1342.0,0,0,0,0,0,0,7,3,0,0.621,28.13,-1.92,0,9.412382853382338
SM100563,2025-03-08,Lucknow,Pickup,60.1,2,363.0,15.0,4675.0,3.5,Clear,0,7.0,5.6,803.0,0,0,0,0,0,0,3,5,1,0.454,13.36,-1.4,0,8.450198322591959
SM104873,2025-08-03,Lucknow,Pickup,34.5,3,579.0,33.0,3927.0,2.9,Clear,0,7.0,3.67,721.0,0,0,0,0,0,0,8,6,1,0.724,20.9,-3.33,0,8.275885669474356
SM104903,2025-09-20,Varanasi,Pickup,13.6,6,663.0,34.0,7630.0,5.6,Rain,0,7.0,6.3,497.0,0,0,0,0,0,0,9,5,1,0.829,36.54,-0.7,0,8.939974177289633
SM104117,2025-02-17,Varanasi,Pickup,90.6,4,638.0,28.0,9413.0,5.8,Clear,0,10.0,8.67,1482.0,0,0,0,0,0,0,2,0,0,0.798,16.36,-1.33,0,9.149953221961088
SM102011,2025-05-24,Varanasi,Mini Truck,28.7,9,1148.0,52.0,15488.0,7.7,Clear,0,8.0,7.6,1168.0,0,0,0,0,0,0,5,5,1,0.574,40.7,-0.4,0,9.647885373547759
SM103406,2025-05-10,Gorakhpur,Mini Truck,21.3,3,796.0,33.0,6702.0,5.1,Clear,0,6.0,3.95,656.0,0,0,0,0,0,0,5,5,1,0.398,30.8,-2.05,0,8.810310466357958
SM100596,2025-07-31,Kanpur,Mini Truck,40.6,6,1352.0,56.0,10020.0,8.1,Rain,0,8.0,8.52,1317.0,0,0,0,0,0,0,7,3,0,0.676,32.44,0.52,1,9.212438170058329
SM100940,2025-09-10,Lucknow,Truck,59.1,4,3145.0,272.0,53334.0,6.4,Rain,0,9.0,10.64,2652.0,0,0,0,0,0,0,9,2,0,0.629,44.87,1.64,1,10.884348055059583
SM105947,2025-12-06,Kanpur,Pickup,29.8,3,332.0,29.0,3352.0,1.7,Fog,0,6.0,6.18,527.0,0,0,0,0,0,0,12,5,1,0.415,17.68,0.18,1,8.117610746466228
SM102418,2025-04-16,Lucknow,Truck,20.6,5,3597.0,265.0,32980.0,4.9,Clear,0,8.0,7.41,1870.0,0,0,0,0,0,0,4,2,0,0.719,90.78,-0.59,0,10.403686917060819
SM104691,2025-01-25,Prayagraj,Pickup,47.2,5,525.0,30.0,4836.0,5.4,Rain,0,8.0,7.11,976.0,0,0,0,0,0,0,1,5,1,0.656,20.68,-0.89,0,8.484049972822984
SM104929,2025-03-22,Varanasi,Pickup,30.2,5,448.0,27.0,10676.0,7.6,Clear,0,7.0,6.03,811.0,0,0,0,0,0,0,3,5,1,0.56,26.85,-0.97,0,9.275847174178303
SM100839,2025-11-29,Prayagraj,Truck,36.2,12,1024.0,54.0,51437.0,4.4,Clear,0,10.0,7.55,1638.0,0,0,0,0,0,0,11,5,1,0.205,45.25,-2.45,0,10.84813247790681
SM100344,2025-11-27,Prayagraj,Truck,22.2,9,3293.0,289.0,47964.0,10.0,Clear,0,9.0,9.39,1958.0,0,0,0,0,0,0,11,3,0,0.659,88.2,0.39,1,10.778226857252047
SM105248,2025-11-25,Prayagraj,Pickup,32.2,4,649.0,47.0,11283.0,5.5,Clear,0,7.0,4.79,763.0,0,0,0,0,0,0,11,1,0,0.811,23.7,-2.21,0,9.331141072121888
SM102458,2025-06-23,Lucknow,Truck,27.0,1,2593.0,233.0,82353.5,3.6,Clear,0,7.0,3.97,1655.0,0,0,0,0,0,0,6,0,0,0.519,61.3,-3.03,0,11.318788378921557
SM100778,2025-04-09,Kanpur,Mini Truck,15.7,6,1208.0,99.0,19711.0,3.9,Clear,0,7.0,5.2,942.0,0,0,0,0,0,0,4,2,0,0.604,60.0,-1.8,0,9.888982866333246
SM104524,2025-10-20,Lucknow,Truck,6.2,5,2507.0,197.0,20205.0,7.6,Clear,1,7.0,8.47,1155.0,0,0,0,0,0,0,10,0,0,0.501,186.29,1.47,1,9.913734868987678
SM102514,2025-02-07,Lucknow,Truck,25.4,4,3608.0,209.0,47405.0,4.6,Clear,0,8.0,7.64,2182.0,1,0,0,0,0,0,2,4,0,0.722,85.91,-0.36,0,10.766504081950789
SM105311,2025-12-05,Prayagraj,Pickup,32.8,4,496.0,26.0,5876.0,5.1,Fog,0,7.0,5.43,738.0,1,0,0,0,0,0,12,4,0,0.62,22.5,-1.57,0,8.678801706612651
SM100857,2025-01-21,Prayagraj,Pickup,56.7,8,441.0,25.0,5598.0,5.8,Rain,0,9.0,8.42,1063.0,0,0,0,0,1,0,1,1,0,0.551,18.75,-0.58,0,8.630343289348893
SM104157,2025-04-21,Gorakhpur,Truck,134.9,7,3845.0,201.0,13786.0,5.0,Rain,0,15.0,13.86,4845.0,0,0,0,0,0,0,4,0,0,0.769,35.92,-1.14,0,9.531481398171628
SM103230,2025-11-03,Gorakhpur,Pickup,33.8,6,447.0,30.0,7317.0,7.3,Clear,0,7.0,6.08,659.0,0,0,0,0,0,0,11,0,0,0.559,19.5,-0.92,0,8.898092345579153
SM103866,2025-07-10,Prayagraj,Truck,34.1,9,1964.0,130.0,14307.0,7.9,Rain,0,9.0,9.34,1733.0,0,0,0,0,0,0,7,3,0,0.393,50.82,0.34,1,9.568574100378909
SM105898,2025-08-26,Prayagraj,Pickup,32.8,5,276.0,12.0,3603.0,5.6,Rain,0,7.0,7.19,560.0,0,0,0,0,0,0,8,1,0,0.345,17.07,0.19,1,8.189799618728228
SM105497,2025-07-01,Gorakhpur,Mini Truck,36.7,6,1040.0,61.0,9056.0,7.9,Clear,0,8.0,7.46,1181.0,0,0,0,0,0,0,7,1,0,0.52,32.18,-0.54,0,9.111293218374948
SM100726,2025-09-21,Gorakhpur,Mini Truck,46.4,8,1474.0,71.0,40359.0,8.5,Rain,0,9.0,9.83,1555.0,0,0,0,0,0,0,9,6,1,0.737,33.51,0.83,1,10.605594474467546
SM105269,2025-07-10,Prayagraj,Pickup,12.2,5,633.0,68.0,10818.0,5.1,Rain,0,6.0,6.03,544.0,0,0,0,0,0,0,7,3,0,0.791,44.59,0.03,1,9.289059126687574
SM105235,2025-11-11,Lucknow,Pickup,47.0,5,334.0,19.0,2892.0,5.6,Clear,0,8.0,6.03,669.0,0,0,0,0,0,0,11,1,0,0.418,14.23,-1.97,0,7.970049304976135
SM105367,2025-08-01,Kanpur,Truck,20.0,2,3712.0,208.0,26345.0,4.5,Rain,0,7.0,6.87,1792.0,0,0,0,0,0,0,8,4,0,0.742,89.6,-0.13,0,10.179071739789773
SM105919,2025-11-30,Kanpur,Pickup,31.0,11,486.0,45.0,6311.0,4.2,Clear,0,9.0,7.02,925.0,0,0,0,0,0,0,11,6,1,0.608,29.84,-1.98,0,8.750207862525711
SM101791,2025-11-18,Lucknow,Pickup,28.2,7,592.0,30.0,4486.0,2.7,Clear,0,8.0,5.11,749.0,0,0,0,0,0,0,11,1,0,0.74,26.56,-2.89,0,8.408939605975984
SM100275,2025-06-26,Kanpur,Truck,25.3,3,1595.0,84.0,14325.0,6.8,Clear,0,7.0,5.43,1193.0,0,0,0,0,0,0,6,3,0,0.319,47.15,-1.57,0,9.569831347174397
SM101991,2025-06-09,Kanpur,Truck,22.8,3,2379.0,103.0,18918.0,5.6,Clear,0,7.0,5.65,1452.0,0,0,1,0,0,0,6,0,0,0.476,63.68,-1.35,0,9.84792198708642
SM103071,2025-06-25,Lucknow,Pickup,20.0,9,432.0,20.0,2175.0,7.7,Clear,0,8.0,6.75,763.0,0,0,0,0,0,0,6,2,0,0.54,38.15,-1.25,0,7.685243607975833
SM102596,2025-07-02,Gorakhpur,Mini Truck,45.3,8,992.0,48.0,6411.0,3.4,Clear,0,9.0,6.03,1471.0,0,0,0,0,0,0,7,2,0,0.496,32.47,-2.97,0,8.765926513729443
SM104751,2025-02-24,Lucknow,Truck,13.4,6,2976.0,145.0,80056.0,5.3,Rain,0,8.0,7.16,1567.0,0,0,0,0,0,0,2,0,0,0.595,116.94,-0.84,0,11.290494159948398
SM103771,2025-05-01,Varanasi,Truck,47.2,9,1872.0,146.0,38114.0,7.1,Clear,0,10.0,8.57,2096.0,0,0,0,0,0,0,5,3,0,0.374,44.41,-1.43,0,10.548363184422374
SM101554,2025-06-17,Lucknow,Mini Truck,44.4,4,1370.0,81.0,11432.0,7.5,Clear,0,8.0,7.24,1277.0,0,0,0,0,0,0,6,1,0,0.685,28.76,-0.76,0,9.34425918954197
SM105703,2025-06-07,Prayagraj,Truck,75.2,5,3165.0,127.0,52697.0,5.5,Clear,0,11.0,10.68,3075.0,0,0,0,0,0,0,6,5,1,0.633,40.89,-0.32,0,10.872332783145172
SM101102,2025-12-02,Varanasi,Pickup,81.7,5,610.0,28.0,10222.0,7.3,Fog,0,10.0,9.51,1341.0,0,0,0,0,0,0,12,1,0,0.762,16.41,-0.49,0,9.232395362757014
SM100329,2025-07-22,Lucknow,Pickup,22.0,7,459.0,42.0,11565.0,7.9,Rain,0,7.0,6.63,587.0,0,0,0,0,0,0,7,1,0,0.574,26.68,-0.37,0,9.355825038718164
SM101947,2025-12-01,Kanpur,Pickup,29.9,6,533.0,23.0,3283.0,7.8,Clear,0,7.0,5.77,777.0,0,0,0,0,0,0,12,0,0,0.666,25.99,-1.23,0,8.096817470572319
SM103234,2025-07-28,Prayagraj,Pickup,11.4,5,234.0,24.0,4316.0,3.6,Clear,0,6.0,3.69,224.0,0,0,0,0,0,0,7,0,0,0.292,19.65,-2.31,0,8.370315995555478
SM104795,2025-03-11,Kanpur,Pickup,15.8,8,697.0,57.0,9963.0,2.4,Clear,0,7.0,5.31,761.0,0,0,0,0,0,0,3,1,0,0.871,48.16,-1.69,0,9.20673387638207
SM105391,2025-03-02,Prayagraj,Pickup,14.3,3,685.0,31.0,8358.0,4.4,Clear,0,6.0,4.05,516.0,0,0,0,0,0,0,3,6,1,0.856,36.08,-1.95,0,9.031094081699155
SM102661,2025-10-10,Lucknow,Pickup,9.7,8,632.0,54.0,24528.0,6.0,Rain,0,7.0,7.58,682.0,0,0,0,0,0,0,10,4,0,0.79,70.31,0.58,1,10.107611370013084
SM102253,2025-07-02,Kanpur,Mini Truck,31.8,5,1211.0,62.0,13524.0,5.5,Rain,0,7.0,6.65,1087.0,0,0,0,0,0,0,7,2,0,0.606,34.18,-0.35,0,9.512295103714683
SM104067,2025-06-03,Gorakhpur,Mini Truck,36.9,6,1130.0,59.0,7398.0,5.3,Clear,0,8.0,6.68,1180.0,0,0,0,0,0,0,6,1,0,0.565,31.98,-1.32,0,8.90910013492555
SM105911,2025-05-03,Prayagraj,Mini Truck,16.6,6,1553.0,149.0,36310.0,5.3,Clear,0,7.0,5.39,1003.0,0,0,0,0,0,0,5,5,1,0.776,60.42,-1.61,0,10.499876004651563
SM100996,2025-07-12,Lucknow,Truck,23.0,4,3857.0,164.0,33065.0,5.1,Rain,0,8.0,8.32,2018.0,0,0,0,0,1,0,7,5,1,0.771,87.74,0.32,1,10.40626084311129
SM103468,2025-07-11,Gorakhpur,Mini Truck,30.6,3,535.0,59.0,10823.0,4.4,Clear,0,6.0,5.74,780.0,0,0,0,0,0,0,7,4,0,0.268,25.49,-0.26,0,9.289521169850625
SM105037,2025-07-20,Prayagraj,Pickup,78.0,8,422.0,18.0,5365.0,5.0,Clear,0,10.0,8.8,1306.0,0,0,0,0,0,0,7,6,1,0.528,16.74,-1.2,0,8.58783803098557
SM100796,2025-12-20,Varanasi,Pickup,88.3,4,452.0,40.0,5101.0,5.1,Clear,0,10.0,7.95,1202.0,0,0,0,0,0,0,12,5,1,0.565,13.61,-2.05,0,8.537387898701757
SM100123,2025-06-21,Prayagraj,Mini Truck,13.1,2,1849.0,99.0,16372.0,5.3,Clear,0,6.0,4.52,982.0,0,0,0,0,0,0,6,5,1,0.924,74.96,-1.48,0,9.703388915639492
SM101759,2025-08-01,Gorakhpur,Pickup,70.2,2,462.0,27.0,4533.0,3.3,Clear,0,8.0,5.44,1110.0,0,1,0,0,0,0,8,4,0,0.578,15.81,-2.56,0,8.419359831067474
SM103794,2025-11-22,Varanasi,Mini Truck,17.0,7,1460.0,113.0,20274.0,6.4,Clear,0,7.0,6.42,1007.0,0,0,0,0,0,0,11,5,1,0.73,59.24,-0.58,0,9.917143878983614
SM101993,2025-08-22,Prayagraj,Mini Truck,27.9,3,1194.0,132.0,16826.0,5.3,Clear,0,7.0,4.88,1028.0,0,0,0,0,0,0,8,4,0,0.597,36.85,-2.12,0,9.730740018176446
SM104200,2025-09-05,Prayagraj,Mini Truck,85.3,9,1786.0,100.0,26518.0,8.1,Rain,1,12.0,11.93,2290.0,0,0,0,0,0,0,9,4,0,0.893,26.85,-0.07,0,10.18561673619821
SM105426,2025-10-29,Kanpur,Pickup,12.4,7,695.0,31.0,2631.0,4.3,Clear,0,7.0,5.46,711.0,0,0,0,0,0,0,10,2,0,0.869,57.34,-1.54,0,7.875499292445208
SM102327,2025-03-03,Gorakhpur,Pickup,45.3,3,411.0,20.0,3475.0,3.6,Clear,0,7.0,4.19,687.0,0,0,0,0,0,0,3,0,0,0.514,15.17,-2.81,0,8.153637486385282
SM102181,2025-03-29,Prayagraj,Pickup,33.6,4,572.0,61.0,9731.0,5.4,Rain,0,7.0,5.73,799.0,0,0,0,0,0,0,3,5,1,0.715,23.78,-1.27,0,9.183174703903413
SM102274,2025-03-06,Prayagraj,Mini Truck,46.9,2,799.0,53.0,6724.0,5.7,Clear,0,7.0,4.91,1038.0,0,0,0,0,0,0,3,3,0,0.4,22.13,-2.09,0,8.81358720447004
SM104249,2025-05-19,Varanasi,Mini Truck,15.5,4,1161.0,31.0,82353.5,8.0,Clear,0,6.0,5.83,562.0,0,1,0,0,0,0,5,0,0,0.58,36.26,-0.17,0,11.318788378921557
SM105187,2025-02-15,Prayagraj,Truck,43.8,3,3164.0,165.0,33065.0,6.4,Clear,0,8.0,6.58,2246.0,0,0,0,0,1,0,2,5,1,0.633,51.28,-1.42,0,10.40626084311129
SM103938,2025-09-21,Lucknow,Truck,40.3,3,2283.0,103.0,10150.0,6.3,Clear,0,8.0,5.3,1846.0,0,0,0,0,0,0,9,6,1,0.457,45.81,-2.7,0,9.225327501784431
SM105780,2025-03-12,Varanasi,Pickup,25.0,2,527.0,43.0,13404.0,6.6,Clear,0,6.0,4.81,470.0,0,0,0,0,0,0,3,2,0,0.659,18.8,-1.19,0,9.50338305067006
SM101051,2025-05-14,Varanasi,Pickup,70.2,2,170.0,8.0,621.0,6.8,Clear,0,8.0,7.41,935.0,0,0,0,1,0,0,5,2,0,0.212,13.32,-0.59,0,6.432940092739179
SM105348,2025-04-23,Lucknow,Pickup,27.4,4,510.0,28.0,7511.0,9.7,Clear,0,7.0,5.52,571.0,0,0,0,0,0,0,4,2,0,0.638,20.84,-1.48,0,8.9242570208881
SM105652,2025-01-21,Gorakhpur,Pickup,46.7,1,537.0,26.0,3964.0,5.7,Fog,0,7.0,7.35,823.0,0,0,0,0,0,0,1,1,0,0.671,17.62,0.35,1,8.285261134068948
SM103865,2025-10-11,Prayagraj,Pickup,32.8,6,475.0,33.0,8648.0,5.7,Clear,0,7.0,6.03,798.0,0,0,0,0,0,0,10,5,1,0.594,24.33,-0.97,0,9.065198986306513
SM102984,2025-09-20,Varanasi,Pickup,55.8,5,696.0,35.0,4655.0,4.9,Clear,0,8.0,6.09,1040.0,0,0,0,0,0,0,9,5,1,0.87,18.64,-1.91,0,8.445911989411274
SM102343,2025-09-27,Varanasi,Truck,41.8,7,1617.0,86.0,17562.0,5.9,Rain,0,9.0,8.24,1743.0,0,0,0,0,0,0,9,5,1,0.323,41.7,-0.76,0,9.773549695421735
SM104808,2025-05-23,Gorakhpur,Pickup,51.2,5,530.0,53.0,5691.0,6.4,Clear,0,8.0,7.17,935.0,0,0,0,0,0,0,5,4,0,0.662,18.26,-0.83,0,8.646816959209742
SM100610,2025-11-01,Varanasi,Pickup,44.9,4,646.0,32.0,10867.0,5.5,Clear,0,7.0,6.43,789.0,0,0,0,0,0,0,11,5,1,0.808,17.57,-0.57,0,9.293577970546238
SM101936,2025-05-16,Prayagraj,Pickup,24.9,5,630.0,31.0,16866.0,6.0,Clear,0,7.0,6.52,727.0,0,0,0,0,0,0,5,4,0,0.788,29.2,-0.48,0,9.733114329258015
SM103571,2025-11-04,Varanasi,Pickup,45.8,6,417.0,36.0,5061.0,7.2,Clear,0,8.0,7.0,958.0,0,0,0,0,0,0,11,1,0,0.521,20.92,-1.0,0,8.529516941105069
SM100560,2025-07-15,Varanasi,Truck,45.6,6,2880.0,341.0,23739.0,6.6,Clear,0,9.0,9.21,2330.0,0,0,0,0,0,0,7,1,0,0.576,51.1,0.21,1,10.07491666816366
SM100910,2025-10-09,Prayagraj,Pickup,27.2,3,296.0,18.0,2757.0,7.0,Clear,0,6.0,4.78,502.0,0,0,0,0,0,0,10,3,0,0.37,18.46,-1.22,0,7.922261058353247
SM102653,2025-05-17,Prayagraj,Mini Truck,18.7,9,1237.0,113.0,19395.0,4.4,Clear,0,8.0,6.66,1073.0,0,0,0,0,0,0,5,5,1,0.618,57.38,-1.34,0,9.872822138225242
SM100717,2025-06-29,Kanpur,Pickup,34.2,5,353.0,24.0,7326.0,5.6,Clear,0,7.0,4.84,782.0,0,0,0,0,0,0,6,6,1,0.441,22.87,-2.16,0,8.899321434159964
SM103426,2025-06-25,Lucknow,Truck,18.8,7,2300.0,107.0,23959.0,3.9,Clear,0,8.0,6.37,1557.0,0,0,0,0,0,0,6,2,0,0.46,82.82,-1.63,0,10.084141052229386
SM103215,2025-04-07,Lucknow,Pickup,40.6,6,607.0,40.0,3618.0,5.1,Clear,0,8.0,6.57,799.0,0,0,0,0,0,0,4,0,0,0.759,19.68,-1.43,0,8.193953023563742
SM102097,2025-11-11,Varanasi,Pickup,42.8,6,476.0,39.0,38729.0,5.3,Clear,0,8.0,5.56,905.0,0,0,0,0,0,0,11,1,0,0.595,21.14,-2.44,0,10.564369772508797
SM105757,2025-07-13,Lucknow,Mini Truck,23.3,7,1413.0,69.0,11576.0,4.9,Rain,0,8.0,8.33,1086.0,0,0,0,0,0,0,7,6,1,0.706,46.61,0.33,1,9.356775650205728
SM105009,2025-04-12,Varanasi,Mini Truck,42.1,8,426.0,22.0,5805.0,6.4,Fog,0,8.0,8.56,1048.0,0,0,0,0,0,0,4,5,1,0.213,24.89,0.56,1,8.666647144584575
SM101814,2025-11-19,Prayagraj,Mini Truck,43.5,9,1266.0,143.0,57873.0,6.0,Clear,0,9.0,8.28,1460.0,0,0,0,0,0,0,11,2,0,0.633,33.56,-0.72,0,10.966023512621547
SM103341,2025-04-22,Gorakhpur,Mini Truck,56.8,6,1748.0,157.0,82353.5,6.0,Clear,0,9.0,7.69,1610.0,0,0,0,0,0,0,4,1,0,0.874,28.35,-1.31,0,11.318788378921557
SM103721,2025-08-01,Prayagraj,Mini Truck,33.3,2,1447.0,81.0,32795.0,6.8,Rain,0,7.0,6.18,1228.0,0,0,0,0,0,0,8,4,0,0.724,36.88,-0.82,0,10.398061835716069
SM104029,2025-06-01,Gorakhpur,Mini Truck,22.5,6,957.0,117.0,34039.0,5.8,Clear,0,7.0,5.72,811.0,0,0,0,0,0,0,6,6,1,0.478,36.04,-1.28,0,10.435291582687311
SM104464,2025-06-12,Gorakhpur,Truck,84.9,2,2840.0,147.0,24020.0,5.7,Rain,0,9.0,9.33,2676.0,0,1,0,0,0,0,6,3,0,0.568,31.52,0.33,1,10.086683726740743
SM101447,2025-12-17,Prayagraj,Pickup,26.5,7,305.0,36.0,8735.0,6.2,Rain,0,7.0,6.97,710.0,0,0,0,0,0,0,12,2,0,0.381,26.79,-0.03,0,9.075207697984686
SM105655,2025-03-22,Lucknow,Mini Truck,26.3,9,1683.0,136.0,35321.0,5.1,Clear,0,9.0,6.59,937.0,0,0,0,0,0,1,3,5,1,0.842,35.63,-2.41,0,10.472261278256317
SM104058,2025-03-16,Varanasi,Pickup,52.7,8,459.0,52.0,14368.0,1.9,Rain,0,9.0,5.94,1104.0,0,0,0,0,0,0,3,6,1,0.574,20.95,-3.06,0,9.572828387229206
SM105021,2025-06-18,Lucknow,Mini Truck,67.8,2,1169.0,49.0,5201.0,6.1,Clear,0,8.0,5.69,1664.0,0,0,0,0,0,0,6,2,0,0.584,24.54,-2.31,0,8.556798446008598
SM104683,2025-01-26,Kanpur,Truck,55.1,6,3701.0,327.0,41931.0,6.5,Rain,1,10.0,11.54,2879.0,0,0,0,0,0,0,1,6,1,0.74,52.25,1.54,1,10.643804537572464
SM103388,2025-04-16,Gorakhpur,Mini Truck,77.6,6,836.0,36.0,82353.5,6.2,Rain,0,10.0,9.25,1716.0,0,0,0,0,0,0,4,2,0,0.418,22.11,-0.75,0,11.318788378921557
SM100100,2025-10-31,Gorakhpur,Pickup,68.5,4,714.0,32.0,12271.0,7.3,Clear,0,9.0,7.83,1187.0,0,0,0,0,0,0,10,4,0,0.892,17.33,-1.17,0,9.415075523607037
SM102902,2025-11-12,Lucknow,Pickup,25.2,5,306.0,27.0,11076.0,4.3,Clear,0,6.0,3.86,424.0,1,0,0,0,0,0,11,2,0,0.382,16.83,-2.14,0,9.312626165516933
SM105345,2025-05-26,Prayagraj,Mini Truck,42.8,3,1031.0,52.0,13674.5,4.6,Clear,0,7.0,5.64,1193.0,0,0,0,0,1,0,5,0,0,0.516,27.87,-1.36,0,9.523361189693068
SM104654,2025-02-14,Lucknow,Truck,19.3,7,3338.0,147.0,12559.0,6.8,Clear,0,8.0,7.79,1173.0,0,0,0,0,0,1,2,4,0,0.668,60.78,-0.21,0,9.438272440022189
SM103974,2025-02-04,Varanasi,Pickup,98.0,5,414.0,27.0,16929.0,4.8,Clear,0,10.0,9.18,1310.0,0,0,0,0,0,0,2,1,0,0.518,13.37,-0.82,0,9.736842475127181
SM101162,2025-11-06,Kanpur,Pickup,27.0,3,268.0,16.0,2931.0,4.6,Clear,0,6.0,3.86,460.0,0,0,0,0,0,0,11,3,0,0.335,17.04,-2.14,0,7.983440063006542
SM103888,2025-02-20,Varanasi,Mini Truck,45.0,1,1677.0,69.0,10719.0,5.8,Clear,0,7.0,5.66,1345.0,0,0,0,0,0,0,2,3,0,0.838,29.89,-1.34,0,9.279866434624793
SM103978,2025-07-17,Kanpur,Mini Truck,47.3,3,1367.0,57.0,11460.0,5.6,Rain,0,8.0,6.63,1338.0,0,0,0,0,0,0,7,3,0,0.684,28.29,-1.37,0,9.346705246496699
SM104582,2025-03-02,Lucknow,Mini Truck,18.2,10,1230.0,62.0,11230.0,8.0,Rain,1,8.0,9.7,1099.0,0,0,0,0,0,0,3,6,1,0.615,60.38,1.7,1,9.326433090963036
SM103828,2025-09-06,Varanasi,Truck,79.1,11,3019.0,128.0,49273.0,5.0,Rain,0,13.0,14.04,3316.0,0,0,0,0,0,0,9,5,1,0.604,41.92,1.04,1,10.80515183754812
SM103761,2025-07-04,Varanasi,Mini Truck,59.9,6,1353.0,78.0,43335.0,6.6,Rain,0,9.0,8.63,1718.0,0,0,0,0,0,0,7,4,0,0.676,28.68,-0.37,0,10.676738977337735
SM100210,2025-04-06,Prayagraj,Pickup,21.6,7,519.0,27.0,3977.0,6.3,Clear,0,7.0,5.92,684.0,0,0,0,0,0,0,4,6,1,0.649,31.67,-1.08,0,8.288534459413917
SM103972,2025-02-15,Lucknow,Mini Truck,26.0,8,1458.0,116.0,27738.0,4.1,Clear,0,9.0,7.31,1474.0,1,0,0,0,0,0,2,5,1,0.729,56.69,-1.69,0,10.230594644192365
SM104949,2025-05-15,Gorakhpur,Truck,26.4,4,4731.0,338.0,82353.5,6.0,Clear,0,9.0,7.8,2388.0,0,0,0,0,0,0,5,3,0,0.946,90.45,-1.2,0,11.318788378921557
SM105197,2025-12-11,Lucknow,Pickup,46.3,9,400.0,20.0,5403.0,7.2,Clear,0,9.0,7.01,900.0,0,0,0,0,0,0,12,3,0,0.5,19.44,-1.99,0,8.59489469908009
SM102605,2025-10-03,Varanasi,Pickup,26.8,6,757.0,34.0,5473.0,3.2,Clear,0,7.0,5.73,857.0,0,0,0,0,0,0,10,4,0,0.946,31.98,-1.27,0,8.607764889600624
SM104150,2025-05-01,Varanasi,Mini Truck,27.2,7,1063.0,68.0,19177.0,4.8,Clear,0,8.0,6.59,1014.0,0,0,0,0,0,0,5,3,0,0.532,37.28,-1.41,0,9.861519067713626
SM104994,2025-08-23,Lucknow,Pickup,24.0,4,462.0,18.0,2329.0,7.2,Clear,0,6.0,5.83,480.0,0,1,0,0,0,0,8,5,1,0.578,20.0,-0.17,0,7.753623546559746
SM104893,2025-01-18,Lucknow,Mini Truck,26.0,4,1048.0,63.0,20730.0,2.5,Fog,0,6.0,4.83,680.0,1,0,0,0,0,0,1,5,1,0.524,26.15,-1.17,0,9.939385443533112
SM101005,2025-12-03,Lucknow,Mini Truck,15.1,7,892.0,84.0,6979.0,4.5,Clear,0,7.0,5.24,841.0,0,0,0,0,0,0,12,2,0,0.446,55.7,-1.76,0,8.850804195756417
SM101240,2025-07-05,Kanpur,Truck,47.7,8,3886.0,197.0,20836.0,5.5,Clear,0,10.0,8.84,2755.0,0,0,0,0,0,0,7,5,1,0.777,57.76,-1.16,0,9.9444855315702
SM104796,2025-07-03,Lucknow,Mini Truck,33.8,2,1438.0,89.0,8717.0,4.4,Clear,0,7.0,4.58,1066.0,0,0,0,0,0,0,7,3,0,0.719,31.54,-2.42,0,9.073145132798338
SM104595,2025-01-16,Gorakhpur,Pickup,30.3,8,520.0,42.0,9679.0,5.9,Fog,0,8.0,9.34,863.0,0,0,0,0,0,0,1,3,0,0.65,28.48,1.34,1,9.177817180270623
SM104424,2025-04-25,Kanpur,Pickup,46.4,8,345.0,29.0,5890.0,3.0,Clear,0,9.0,6.42,957.0,0,0,0,0,0,0,4,4,0,0.431,20.62,-2.58,0,8.681181041521688
SM102471,2025-02-06,Lucknow,Mini Truck,19.5,8,1800.0,94.0,30032.0,3.7,Clear,0,8.0,7.63,1317.0,0,0,0,0,0,0,2,3,0,0.9,67.54,-0.37,0,10.310052056087594
SM102901,2025-10-20,Lucknow,Mini Truck,17.0,6,1500.0,96.0,16786.0,6.1,Clear,1,7.0,6.57,1113.0,0,0,0,0,0,0,10,0,0,0.75,65.47,-0.43,0,9.728360056322414
SM105975,2025-07-20,Lucknow,Pickup,28.3,3,193.0,24.0,1488.0,6.5,Clear,0,6.0,5.07,470.0,0,0,0,0,0,0,7,6,1,0.241,16.61,-0.93,0,7.305860032684009
SM101914,2025-04-30,Prayagraj,Mini Truck,50.1,7,1173.0,99.0,15493.0,4.9,Clear,0,9.0,7.86,1399.0,0,0,0,0,0,0,4,2,0,0.586,27.92,-1.14,0,9.648208131191847
SM103196,2025-03-24,Kanpur,Truck,41.6,4,1029.0,45.0,14924.0,2.9,Rain,0,7.0,5.19,1487.0,0,0,0,0,0,0,3,0,0,0.206,35.75,-1.81,0,9.610792938260802
SM104457,2025-01-15,Kanpur,Mini Truck,30.4,7,840.0,83.0,22611.0,5.3,Clear,0,8.0,5.74,1065.0,0,0,0,0,0,0,1,2,0,0.42,35.03,-2.26,0,10.026236017795181
SM104711,2025-10-18,Kanpur,Truck,24.3,9,2696.0,115.0,16605.0,3.6,Rain,0,9.0,7.46,1839.0,0,0,0,0,0,0,10,5,1,0.539,75.68,-1.54,0,9.717519354821976
SM100372,2025-05-30,Kanpur,Truck,33.7,4,3823.0,177.0,37318.0,5.0,Clear,0,8.0,6.93,2367.0,0,0,0,0,0,0,5,4,0,0.765,70.24,-1.07,0,10.52725785931825
SM104126,2025-01-17,Prayagraj,Mini Truck,27.3,13,783.0,64.0,27311.0,5.3,Rain,0,10.0,8.05,1261.0,0,0,0,0,0,0,1,4,0,0.392,46.19,-1.95,0,10.215081445034222
SM103984,2025-11-10,Prayagraj,Truck,32.8,5,1638.0,85.0,19175.0,5.4,Clear,0,7.0,6.13,1042.0,1,0,0,0,0,0,11,0,0,0.328,31.77,-0.87,0,9.86141477611422
SM105486,2025-03-19,Gorakhpur,Truck,56.0,8,2539.0,104.0,53192.0,6.1,Clear,0,10.0,8.98,2494.0,0,0,0,0,0,0,3,2,0,0.508,44.54,-1.02,0,10.881682087725098
SM103370,2025-12-27,Gorakhpur,Pickup,35.4,4,516.0,34.0,9695.0,6.5,Fog,0,7.0,7.55,695.0,0,0,0,0,0,0,12,5,1,0.645,19.63,0.55,1,9.179468708309095
SM104410,2025-02-14,Kanpur,Mini Truck,63.5,11,990.0,60.0,5723.0,5.4,Clear,0,11.0,8.26,1778.0,0,0,0,0,0,0,2,4,0,0.495,28.0,-2.74,0,8.652423140676342
SM105609,2025-02-13,Lucknow,Mini Truck,23.1,4,1161.0,22.0,2096.0,8.0,Clear,0,6.0,4.34,666.0,0,1,0,0,0,0,2,3,0,0.58,28.83,-1.66,0,7.64826303090192
SM102193,2025-03-21,Varanasi,Mini Truck,26.1,5,1065.0,78.0,7709.0,10.0,Fog,0,7.0,8.98,930.0,0,0,0,0,0,1,3,4,0,0.532,35.63,1.98,1,8.950273466557375
SM100834,2025-11-08,Prayagraj,Truck,39.2,4,2944.0,203.0,65871.0,3.5,Clear,0,8.0,7.27,2184.0,0,0,0,0,0,0,11,5,1,0.589,55.71,-0.73,0,11.095468744009686
SM104785,2025-05-12,Gorakhpur,Pickup,51.4,1,351.0,21.0,3200.0,7.7,Clear,0,7.0,5.8,753.0,0,0,0,0,0,0,5,0,0,0.439,14.65,-1.2,0,8.071218539969863
SM104476,2025-12-09,Prayagraj,Truck,45.0,6,3858.0,247.0,28983.0,5.5,Clear,0,10.0,7.93,2537.0,0,0,0,0,0,0,12,1,0,0.772,56.38,-2.07,0,10.274499232574913
SM102403,2025-07-21,Lucknow,Mini Truck,29.9,7,831.0,41.0,10707.0,5.3,Clear,0,8.0,6.62,968.0,0,0,0,0,0,0,7,0,0,0.416,32.37,-1.38,0,9.278746404640243
SM104124,2025-10-15,Prayagraj,Pickup,50.9,4,392.0,33.0,4988.0,3.9,Clear,0,8.0,6.31,768.0,0,0,0,0,0,0,10,2,0,0.49,15.09,-1.69,0,8.514990767861038
SM103239,2025-01-15,Varanasi,Mini Truck,15.3,6,1676.0,126.0,9209.0,6.1,Clear,0,7.0,5.59,1017.0,0,0,0,0,0,0,1,2,0,0.838,66.47,-1.41,0,9.128045129249353
SM102416,2025-08-15,Lucknow,Pickup,16.5,5,391.0,19.0,7430.0,2.7,Rain,0,6.0,5.37,572.0,0,0,0,0,0,0,8,4,0,0.489,34.67,-0.63,0,8.91341571815747
SM104560,2025-06-28,Gorakhpur,Pickup,39.3,8,297.0,20.0,2316.0,4.8,Clear,0,8.0,5.91,718.0,0,0,0,0,0,0,6,5,1,0.371,18.27,-2.09,0,7.748028524432376
SM100205,2025-04-08,Prayagraj,Pickup,18.0,9,464.0,37.0,11795.0,5.9,Clear,0,8.0,6.37,665.0,0,0,0,0,0,0,4,1,0,0.58,36.94,-1.63,0,9.375515769935166
SM105498,2025-12-28,Varanasi,Mini Truck,52.1,7,1545.0,86.0,11964.0,4.2,Clear,0,9.0,6.52,1671.0,0,0,0,0,0,0,12,6,1,0.772,32.07,-2.48,0,9.389741000342473
SM101006,2025-11-07,Prayagraj,Truck,53.4,3,3762.0,180.0,43356.0,6.6,Clear,0,9.0,5.84,2703.0,0,0,0,0,0,0,11,4,0,0.752,50.62,-3.16,0,10.677223445528032
SM105265,2025-11-21,Gorakhpur,Mini Truck,44.0,7,787.0,40.0,2728.0,5.1,Rain,0,8.0,7.97,1197.0,0,0,0,0,0,0,11,4,0,0.394,27.2,-0.03,0,7.911690520708339
SM103385,2025-04-01,Kanpur,Pickup,28.049999999999997,5,444.0,24.0,6752.0,6.0,Clear,0,6.0,4.7,557.0,1,0,0,0,0,0,4,1,0,0.555,19.86,-1.3,0,8.817742129574842
SM104538,2025-11-01,Lucknow,Pickup,13.9,3,419.0,20.0,5283.0,6.0,Clear,0,5.0,5.3,420.0,0,0,0,0,0,0,11,5,1,0.524,30.22,0.3,1,8.572438665642215
SM104507,2025-08-03,Kanpur,Mini Truck,13.6,6,1362.0,98.0,9270.0,5.8,Clear,0,7.0,5.37,719.0,0,0,0,0,0,0,8,6,1,0.681,52.87,-1.63,0,9.134646527606982
SM101586,2025-10-28,Prayagraj,Truck,63.7,8,3207.0,177.0,32254.0,5.2,Clear,0,11.0,8.78,2977.0,0,0,0,0,0,0,10,1,0,0.641,46.73,-2.22,0,10.381428348966342
SM103353,2025-09-23,Prayagraj,Mini Truck,47.8,4,795.0,95.0,44861.0,6.8,Clear,0,8.0,5.52,1172.0,0,0,0,0,0,0,9,1,0,0.398,24.52,-2.48,0,10.71134639022797
SM105557,2025-04-05,Kanpur,Pickup,27.9,8,311.0,13.0,2543.0,3.6,Clear,0,8.0,5.48,780.0,0,0,0,0,0,0,4,5,1,0.389,27.96,-2.52,0,7.841492924460013
SM100951,2025-04-22,Gorakhpur,Mini Truck,23.5,4,1635.0,136.0,32481.0,6.0,Clear,0,7.0,5.68,1107.0,0,0,0,0,0,0,4,1,0,0.818,47.11,-1.32,0,10.388441368734549
SM105907,2025-11-30,Kanpur,Pickup,26.0,4,420.0,41.0,9906.0,7.5,Fog,0,6.0,6.67,577.0,0,0,0,0,0,0,11,6,1,0.525,22.19,0.67,1,9.20099685697303
SM105444,2025-04-02,Kanpur,Truck,38.8,15,2840.0,79.0,19881.0,6.4,Clear,0,11.0,10.61,1859.0,0,1,0,0,0,0,4,2,0,0.568,47.91,-0.39,0,9.897570078772091
SM101494,2025-05-30,Lucknow,Pickup,14.6,6,384.0,18.0,6261.0,5.7,Clear,0,6.0,5.61,609.0,0,0,0,0,0,0,5,4,0,0.48,41.71,-0.39,0,8.742254901886351
SM105388,2025-07-01,Prayagraj,Mini Truck,16.7,3,1202.0,55.0,7623.0,4.3,Clear,0,6.0,4.95,785.0,0,0,0,0,0,0,7,1,0,0.601,47.01,-1.05,0,8.939056445334039
SM102993,2025-11-09,Gorakhpur,Mini Truck,11.6,9,1799.0,126.0,54537.0,4.3,Clear,0,8.0,5.74,1150.0,0,0,0,0,0,0,11,6,1,0.9,99.14,-2.26,0,10.906652985393507
SM104556,2025-02-26,Prayagraj,Pickup,63.3,8,568.0,29.0,4712.0,5.9,Clear,0,10.0,8.77,1242.0,0,0,0,0,0,0,2,2,0,0.71,19.62,-1.23,0,8.45807992692373
SM101483,2025-02-10,Lucknow,Pickup,37.8,3,676.0,30.0,5785.0,5.6,Clear,0,7.0,4.84,723.0,0,0,1,0,0,0,2,0,0,0.845,19.13,-2.16,0,8.66319648553608
SM105934,2025-11-02,Kanpur,Mini Truck,21.6,2,1384.0,76.0,8868.0,4.9,Clear,0,6.0,4.97,872.0,0,0,0,0,0,0,11,6,1,0.692,40.37,-1.03,0,9.090317329376452
SM103876,2025-09-11,Lucknow,Truck,49.6,5,2857.0,128.0,28442.0,5.9,Clear,0,9.0,8.85,2344.0,0,0,0,0,0,0,9,3,0,0.571,47.26,-0.15,0,10.255657363586069
SM103112,2025-01-22,Lucknow,Mini Truck,26.0,5,1605.0,73.0,19406.0,10.0,Clear,0,7.0,6.57,1042.0,1,0,0,0,0,0,1,2,0,0.802,40.08,-0.43,0,9.873389104712095
SM103183,2025-01-22,Varanasi,Mini Truck,52.3,8,1161.0,23.0,3931.0,5.6,Fog,0,9.0,10.06,1276.0,0,1,0,0,0,0,1,2,0,0.58,24.4,1.06,1,8.276903481267057
SM102905,2025-11-12,Gorakhpur,Pickup,28.7,10,458.0,24.0,4344.0,7.6,Clear,0,8.0,7.52,837.0,0,0,0,0,0,0,11,2,0,0.572,29.16,-0.48,0,8.376781037699493
SM100057,2025-02-26,Lucknow,Truck,34.0,1,1124.0,65.0,10504.0,7.8,Clear,0,6.0,4.76,1043.0,0,0,0,0,0,0,2,2,0,0.225,30.68,-1.24,0,9.2596066132791
SM101352,2025-06-30,Varanasi,Truck,44.2,8,4173.0,273.0,53104.0,3.6,Clear,0,10.0,9.33,2750.0,0,0,0,0,0,0,6,0,0,0.835,62.22,-0.67,0,10.88002636475564
SM105153,2025-09-12,Gorakhpur,Mini Truck,30.7,2,638.0,65.0,6540.0,5.4,Rain,0,6.0,4.79,856.0,0,0,0,0,0,0,9,4,0,0.319,27.88,-1.21,0,8.785845337961213
SM103382,2025-12-17,Varanasi,Mini Truck,64.6,2,605.0,43.0,7229.0,4.4,Clear,0,8.0,5.29,1369.0,0,0,0,0,0,0,12,2,0,0.302,21.19,-2.71,0,8.88599431515281
SM104364,2025-07-31,Lucknow,Pickup,56.9,9,395.0,27.0,4852.0,7.4,Clear,1,10.0,9.94,1090.0,0,0,0,0,0,0,7,3,0,0.494,19.16,-0.06,0,8.487352349405215
SM102040,2025-04-16,Lucknow,Truck,30.3,5,1961.0,209.0,29716.0,6.9,Clear,0,8.0,7.18,1573.0,0,0,0,0,0,0,4,2,0,0.392,51.91,-0.82,0,10.299474551610182
SM104351,2025-07-26,Lucknow,Mini Truck,26.2,2,1461.0,94.0,17141.0,5.6,Rain,0,6.0,6.85,945.0,0,0,1,0,0,0,7,5,1,0.73,36.07,0.85,1,9.749286871458828
SM105450,2025-04-03,Gorakhpur,Truck,154.9,10,2655.0,176.0,52327.0,6.7,Rain,0,16.0,15.38,5093.0,0,0,0,0,0,0,4,3,0,0.531,32.88,-0.62,0,10.865286879641049
SM100646,2025-06-18,Prayagraj,Pickup,33.4,8,520.0,63.0,12428.0,4.6,Clear,0,8.0,6.6,803.0,0,0,0,0,0,0,6,2,0,0.65,24.04,-1.4,0,9.42778773074551
SM102255,2025-09-08,Kanpur,Truck,30.2,7,1223.0,98.0,42602.0,5.5,Rain,0,8.0,8.39,1452.0,0,0,0,0,0,0,9,0,0,0.245,48.08,0.39,1,10.659679952313123
SM102582,2025-04-17,Prayagraj,Truck,30.2,4,3498.0,189.0,51824.0,5.9,Clear,0,8.0,7.79,2178.0,0,0,0,0,0,0,4,3,0,0.7,72.12,-0.21,0,10.85562793730398
SM101626,2025-07-30,Kanpur,Truck,41.8,12,1825.0,106.0,19637.0,4.1,Rain,0,10.0,9.47,2161.0,0,0,0,0,0,0,7,2,0,0.365,51.7,-0.53,0,9.885221743729236
SM105695,2025-01-24,Prayagraj,Truck,42.3,5,3776.0,407.0,82353.5,6.0,Fog,0,9.0,9.54,2424.0,0,0,0,0,0,0,1,4,0,0.755,57.3,0.54,1,11.318788378921557
SM102285,2025-10-31,Lucknow,Truck,26.7,8,3102.0,362.0,54803.0,5.5,Fog,0,9.0,9.4,1944.0,0,0,0,0,0,0,10,4,0,0.62,72.81,0.4,1,10.911518462973
SM102038,2025-12-27,Gorakhpur,Pickup,76.9,3,424.0,41.0,2759.0,3.8,Clear,0,9.0,6.14,1120.0,0,0,0,0,0,0,12,5,1,0.53,14.56,-2.86,0,7.9229859587111955
SM104429,2025-12-03,Gorakhpur,Pickup,31.0,8,560.0,38.0,27081.0,5.9,Fog,0,8.0,8.44,825.0,0,0,0,0,0,0,12,2,0,0.7,26.61,0.44,1,10.206624579542769
SM101637,2025-08-15,Varanasi,Mini Truck,47.0,4,705.0,37.0,5928.0,6.5,Rain,0,8.0,7.82,1148.0,0,0,0,0,0,0,8,4,0,0.352,24.43,-0.18,0,8.687610843707368
SM102754,2025-12-28,Lucknow,Truck,10.7,8,2058.0,90.0,14258.0,7.3,Clear,0,8.0,6.52,1290.0,0,0,0,0,0,0,12,6,1,0.412,120.56,-1.48,0,9.565143565282119
SM105509,2025-11-18,Kanpur,Pickup,73.7,5,542.0,43.0,3620.0,3.4,Clear,0,9.0,7.38,1168.0,0,0,0,0,0,0,11,1,0,0.678,15.85,-1.62,0,8.19450550976564
SM104941,2025-06-12,Prayagraj,Truck,56.5,5,1922.0,97.0,29310.0,3.0,Clear,0,9.0,6.6,2104.0,0,0,0,0,0,0,6,3,0,0.384,37.24,-2.4,0,10.285718151171379
SM102023,2025-08-07,Varanasi,Truck,44.9,7,2324.0,113.0,18642.0,5.3,Clear,0,9.0,8.65,2011.0,0,0,0,0,0,0,8,3,0,0.465,44.79,-0.35,0,9.833226019495461
SM105236,2025-07-23,Gorakhpur,Mini Truck,75.3,6,1311.0,108.0,15696.0,7.8,Clear,1,10.0,10.18,1953.0,0,0,0,0,0,0,7,2,0,0.656,25.94,0.18,1,9.661224890275207
SM103883,2025-06-16,Kanpur,Truck,14.0,8,2321.0,121.0,29573.0,4.1,Clear,0,8.0,6.9,1455.0,0,0,0,0,0,0,6,0,0,0.464,103.93,-1.1,0,10.294650875933433
SM101296,2025-04-06,Prayagraj,Mini Truck,52.3,5,1442.0,76.0,14307.0,6.1,Clear,0,9.0,7.44,1535.0,0,0,0,0,0,0,4,6,1,0.721,29.35,-1.56,0,9.568574100378909
SM105202,2025-11-02,Lucknow,Mini Truck,51.4,4,611.0,31.0,3323.0,6.3,Clear,0,8.0,6.41,1025.0,0,0,0,0,0,0,11,6,1,0.306,19.94,-1.59,0,8.10892415597534
SM100203,2025-09-13,Varanasi,Mini Truck,77.9,8,1133.0,98.0,21141.0,4.4,Clear,0,11.0,8.48,1847.0,0,0,0,0,0,0,9,5,1,0.566,23.71,-2.52,0,9.959016862328609
SM104192,2025-09-28,Varanasi,Mini Truck,35.849999999999994,5,680.0,33.0,3349.0,4.4,Rain,0,7.0,6.98,968.0,1,0,0,0,0,0,9,6,1,0.34,27.0,-0.02,0,8.116715624819111
SM100518,2025-06-23,Varanasi,Pickup,55.3,4,549.0,55.0,16041.0,5.3,Clear,0,8.0,7.16,978.0,0,0,0,0,0,0,6,0,0,0.686,17.69,-0.84,0,9.68296556192687
SM104365,2025-11-02,Lucknow,Pickup,8.9,8,563.0,25.0,3321.0,5.5,Clear,0,7.0,6.26,629.0,0,0,0,0,0,0,11,6,1,0.704,70.67,-0.74,0,8.10832229017324
SM105839,2025-09-16,Varanasi,Mini Truck,21.7,6,1169.0,56.0,15448.0,5.8,Rain,0,7.0,6.66,950.0,0,0,0,0,0,0,9,1,0,0.584,43.78,-0.34,0,9.64529955531205
SM102787,2025-01-22,Kanpur,Mini Truck,37.2,3,1638.0,89.0,14980.0,6.1,Clear,0,7.0,6.48,1325.0,0,0,0,0,0,0,1,2,0,0.819,35.62,-0.52,0,9.614538010517382
SM104075,2025-01-09,Prayagraj,Truck,32.8,7,3404.0,171.0,39036.0,4.0,Clear,0,9.0,7.92,2073.0,1,0,0,0,0,0,1,3,0,0.681,63.2,-1.08,0,10.572265193312061
SM101885,2025-03-07,Kanpur,Mini Truck,27.0,6,1169.0,47.0,6944.0,6.7,Clear,0,7.0,6.93,1029.0,0,0,0,1,0,0,3,4,0,0.584,38.11,-0.07,0,8.845777255188445
SM103485,2025-01-10,Gorakhpur,Mini Truck,55.9,5,1302.0,57.0,13823.0,7.5,Fog,0,9.0,9.45,1540.0,0,0,0,1,0,0,1,4,0,0.651,27.55,0.45,1,9.534161491043838
SM101077,2025-03-02,Varanasi,Mini Truck,99.7,4,363.0,36.0,8825.0,4.8,Clear,0,10.0,9.23,1944.0,0,0,0,0,0,0,3,6,1,0.182,19.5,-0.77,0,9.085457189829492
SM102685,2025-06-25,Lucknow,Mini Truck,21.1,7,1161.0,32.0,6961.0,3.3,Clear,0,7.0,5.68,708.0,0,1,0,0,0,0,6,2,0,0.58,33.55,-1.32,0,8.848222068371385
SM100877,2025-09-29,Gorakhpur,Mini Truck,78.2,8,1106.0,59.0,36504.0,8.2,Rain,0,11.0,9.64,2019.0,0,0,0,0,0,0,9,0,0,0.553,25.82,-1.36,0,10.505204516490187
SM102971,2025-01-19,Lucknow,Pickup,26.5,5,474.0,26.0,6450.0,5.4,Rain,0,7.0,7.15,701.0,0,0,0,0,0,0,1,6,1,0.592,26.45,0.15,1,8.771990436532242
SM102501,2025-02-06,Prayagraj,Mini Truck,27.0,4,1717.0,70.0,9079.0,3.9,Clear,0,7.0,5.59,1269.0,0,0,0,0,0,0,2,3,0,0.858,47.0,-1.41,0,9.11382947159534
SM101971,2025-12-03,Lucknow,Pickup,64.6,5,632.0,52.0,11754.0,7.6,Rain,0,9.0,8.52,1126.0,0,0,0,0,0,0,12,2,0,0.79,17.43,-0.48,0,9.37203396097417
SM103078,2025-03-17,Lucknow,Pickup,57.0,10,590.0,34.0,3216.0,6.6,Clear,0,10.0,7.43,1145.0,0,0,0,0,0,0,3,0,0,0.738,20.09,-2.57,0,8.076204527239026
SM105569,2025-03-21,Kanpur,Mini Truck,16.1,9,891.0,40.0,16933.0,5.6,Clear,0,8.0,6.39,823.0,0,0,0,0,0,0,3,4,0,0.446,51.12,-1.61,0,9.737078714202223
SM102031,2025-03-06,Kanpur,Pickup,8.4,6,572.0,24.0,3485.0,8.6,Clear,0,6.0,5.34,522.0,0,0,0,0,0,0,3,3,0,0.715,62.14,-0.66,0,8.156510226079966
SM101988,2025-03-18,Gorakhpur,Mini Truck,91.8,4,1427.0,66.0,11356.0,6.4,Clear,0,10.0,8.39,2073.0,0,0,0,0,0,0,3,1,0,0.714,22.58,-1.61,0,9.337589572891646
SM102336,2025-06-15,Varanasi,Mini Truck,45.1,4,386.0,29.0,12027.0,3.1,Rain,0,7.0,5.4,1010.0,0,0,0,0,0,0,6,6,1,0.193,22.39,-1.6,0,9.394992544108419
SM103840,2025-11-15,Varanasi,Truck,62.0,6,3032.0,181.0,14496.0,3.1,Clear,0,10.0,8.73,2670.0,0,0,0,0,0,0,11,5,1,0.606,43.06,-1.27,0,9.581697010450897
SM104471,2025-11-16,Kanpur,Pickup,28.049999999999997,4,333.0,17.0,3744.0,5.8,Rain,0,6.0,5.85,571.0,1,0,0,0,0,0,11,6,1,0.416,20.36,-0.15,0,8.22817689595132
SM104985,2025-01-19,Lucknow,Mini Truck,16.6,6,954.0,68.0,5657.0,9.7,Fog,0,7.0,6.61,872.0,0,0,0,1,0,0,1,6,1,0.477,52.53,-0.39,0,8.640825751861513
SM101357,2025-02-19,Prayagraj,Mini Truck,34.1,7,945.0,40.0,4537.0,6.0,Clear,0,8.0,6.53,1101.0,0,0,0,0,0,0,2,2,0,0.472,32.29,-1.47,0,8.420241665339788
SM102651,2025-11-17,Prayagraj,Truck,44.8,13,1919.0,105.0,19893.0,5.3,Rain,0,11.0,11.13,2232.0,0,0,0,0,0,0,11,0,0,0.384,49.82,0.13,1,9.898173457712359
SM100016,2025-07-07,Gorakhpur,Truck,41.1,3,3889.0,173.0,41670.0,5.3,Rain,0,9.0,7.53,2451.0,0,0,0,0,0,0,7,0,0,0.778,59.64,-1.47,0,10.637560722208704
SM102318,2025-11-07,Prayagraj,Mini Truck,7.1,4,733.0,51.0,8140.0,4.6,Rain,0,6.0,4.93,522.0,0,0,0,0,0,0,11,4,0,0.366,73.52,-1.07,0,9.004668301573977
SM102625,2025-07-31,Varanasi,Mini Truck,53.4,5,972.0,118.0,57819.0,5.5,Rain,0,8.0,9.08,1367.0,0,0,0,0,0,0,7,3,0,0.486,25.6,1.08,1,10.965090015570338
SM102461,2025-03-20,Lucknow,Pickup,23.3,9,355.0,16.0,3155.0,8.0,Clear,0,8.0,6.79,685.0,0,0,0,0,0,0,3,3,0,0.444,29.4,-1.21,0,8.057060681965766
SM104137,2025-04-05,Lucknow,Pickup,25.4,7,459.0,57.0,31013.0,2.8,Rain,0,7.0,6.46,708.0,0,0,0,0,0,0,4,5,1,0.574,27.87,-0.54,0,10.342193994424095
SM100761,2025-07-21,Prayagraj,Pickup,27.1,4,642.0,60.0,16347.0,5.4,Clear,0,7.0,6.15,740.0,0,0,0,0,0,0,7,0,0,0.802,27.31,-0.85,0,9.701860844684168
SM103953,2025-06-19,Varanasi,Truck,41.7,5,3019.0,152.0,20918.0,4.0,Clear,0,9.0,6.68,2231.0,0,0,0,0,0,0,6,3,0,0.604,53.5,-2.32,0,9.948413115889121
SM101061,2025-09-08,Varanasi,Truck,10.1,6,1617.0,107.0,46485.0,6.9,Clear,0,7.0,6.32,1084.0,0,0,0,0,0,0,9,0,0,0.323,107.33,-0.68,0,10.746906470974373
SM101577,2025-10-19,Lucknow,Pickup,25.2,1,289.0,32.0,5750.0,3.3,Clear,0,5.0,3.05,369.0,1,0,0,0,0,0,10,6,1,0.361,14.64,-1.95,0,8.657129031713755
SM105864,2025-11-30,Lucknow,Mini Truck,65.0,4,683.0,53.0,68034.0,7.7,Clear,0,8.0,7.02,1385.0,0,0,0,0,0,0,11,6,1,0.342,21.31,-0.98,0,11.12777755762496
SM105042,2025-05-26,Kanpur,Mini Truck,27.9,3,922.0,37.0,4292.0,6.2,Clear,0,6.0,4.93,949.0,0,0,0,0,0,0,5,0,0,0.461,34.01,-1.07,0,8.36474106822456
SM104574,2025-09-17,Lucknow,Mini Truck,45.9,1,1355.0,119.0,42498.0,4.6,Rain,0,7.0,7.59,1151.0,0,0,0,0,0,0,9,2,0,0.678,25.08,0.59,1,10.657235825223923
SM100190,2025-09-07,Lucknow,Truck,23.8,7,2840.0,195.0,82353.5,6.2,Rain,0,8.0,8.42,1753.0,0,0,0,0,0,0,9,6,1,0.568,73.66,0.42,1,11.318788378921557
SM101998,2025-04-13,Prayagraj,Mini Truck,25.8,6,958.0,58.0,30078.0,5.3,Clear,0,7.0,6.08,919.0,0,0,0,0,0,1,4,6,1,0.479,35.62,-0.92,0,10.31158253283031
SM100462,2025-10-01,Lucknow,Mini Truck,24.5,5,969.0,46.0,3927.0,6.0,Clear,1,7.0,6.49,863.0,0,0,0,0,0,0,10,2,0,0.484,35.22,-0.51,0,8.275885669474356
SM100484,2025-06-18,Varanasi,Truck,3.6,6,3121.0,131.0,23041.0,5.6,Clear,0,7.0,6.45,1417.0,0,0,0,0,0,0,6,2,0,0.624,393.61,-0.55,0,10.045073916598
SM101264,2025-03-29,Varanasi,Mini Truck,58.0,1,674.0,45.0,7635.0,5.5,Clear,0,7.0,5.41,1235.0,0,0,0,0,0,0,3,5,1,0.337,21.29,-1.59,0,8.940629184845639
SM103957,2025-09-25,Varanasi,Mini Truck,21.5,10,1000.0,48.0,5881.0,8.6,Clear,0,8.0,8.32,1063.0,0,0,0,0,0,0,9,3,0,0.5,49.44,0.32,1,8.67965211911394
SM101125,2025-11-04,Lucknow,Mini Truck,12.4,2,1161.0,115.0,32148.0,8.6,Clear,0,6.0,5.33,745.0,0,1,0,0,0,0,11,1,0,0.58,60.08,-0.67,0,10.378136624982952
SM104494,2025-04-23,Gorakhpur,Mini Truck,60.1,3,1089.0,45.0,8081.0,4.6,Clear,0,8.0,5.37,1526.0,0,0,0,0,0,0,4,2,0,0.544,25.39,-2.63,0,8.997394645638419
SM101370,2025-11-18,Prayagraj,Pickup,38.5,5,525.0,35.0,12208.0,5.8,Clear,0,7.0,5.93,785.0,0,0,0,0,0,0,11,1,0,0.656,20.39,-1.07,0,9.409928663668856
SM102973,2025-12-25,Gorakhpur,Pickup,62.7,7,633.0,52.0,3304.0,6.7,Fog,0,9.0,10.07,1062.0,0,0,0,0,0,0,12,3,0,0.791,16.94,1.07,1,8.103191752285786
SM102084,2025-02-17,Gorakhpur,Truck,63.4,8,2523.0,179.0,59490.0,7.6,Rain,0,11.0,11.19,2746.0,0,0,0,0,0,0,2,0,0,0.505,43.31,0.19,1,10.993580319588496
SM102692,2025-11-29,Varanasi,Mini Truck,25.5,6,1342.0,57.0,6189.0,6.0,Fog,0,7.0,7.07,1068.0,0,0,0,0,0,0,11,5,1,0.671,41.88,0.07,1,8.730690365678642
SM101743,2025-01-09,Prayagraj,Mini Truck,25.5,4,1149.0,61.0,32738.0,4.4,Fog,0,7.0,6.5,985.0,0,0,0,0,0,0,1,3,0,0.574,38.63,-0.5,0,10.3963223067812
SM105377,2025-04-04,Kanpur,Truck,21.6,3,3184.0,292.0,45004.0,6.1,Clear,0,7.0,7.46,1664.0,0,0,0,0,0,0,4,4,0,0.637,77.04,0.46,1,10.714528873691185
SM103076,2025-02-09,Varanasi,Truck,62.4,12,3705.0,304.0,56288.0,5.6,Clear,0,12.0,10.7,3133.0,0,0,1,0,0,0,2,6,1,0.741,50.21,-1.3,0,10.938254413155484
SM100110,2025-04-12,Prayagraj,Truck,63.9,7,2840.0,155.0,30601.0,5.8,Clear,0,10.0,10.17,2761.0,0,1,0,0,0,0,4,5,1,0.568,43.21,0.17,1,10.328820645281759
SM102437,2025-09-04,Lucknow,Mini Truck,20.0,5,1181.0,95.0,15932.0,8.0,Rain,1,7.0,7.98,815.0,0,0,0,0,0,0,9,3,0,0.59,40.75,0.98,1,9.67614770909051
SM103510,2025-12-21,Kanpur,Pickup,9.9,9,400.0,30.0,14594.0,3.9,Clear,0,7.0,5.72,475.0,0,0,0,0,0,0,12,6,1,0.5,47.98,-1.28,0,9.588434283288215
SM101924,2025-05-12,Prayagraj,Truck,29.9,2,3126.0,180.0,21047.0,3.3,Clear,0,7.0,6.68,1877.0,0,0,0,0,0,0,5,0,0,0.625,62.78,-0.32,0,9.95456082272013
SM103787,2025-01-08,Varanasi,Mini Truck,47.0,6,967.0,72.0,11041.0,6.0,Fog,0,8.0,7.8,1387.0,0,0,0,0,0,0,1,2,0,0.484,29.51,-0.2,0,9.30946146284399
SM101172,2025-05-23,Gorakhpur,Truck,18.7,5,2840.0,149.0,29069.0,4.1,Clear,0,7.0,6.12,1189.0,0,1,0,0,0,0,5,4,0,0.568,63.58,-0.88,0,10.277461993552922
SM104805,2025-10-02,Varanasi,Mini Truck,22.9,10,864.0,46.0,8437.0,8.2,Clear,1,8.0,8.71,1055.0,0,0,0,0,0,0,10,3,0,0.432,46.07,0.71,1,9.040500592684284
SM103179,2025-03-03,Prayagraj,Pickup,30.9,8,329.0,25.0,4821.0,5.3,Clear,0,8.0,7.1,689.0,0,0,0,0,0,0,3,0,0,0.411,22.3,-0.9,0,8.480944058741116
SM100232,2025-01-08,Prayagraj,Mini Truck,46.2,5,1438.0,60.0,44023.0,2.3,Fog,0,8.0,8.39,1402.0,0,0,0,0,0,0,1,2,0,0.719,30.35,0.39,1,10.692490218739595
SM101248,2025-04-29,Lucknow,Mini Truck,37.8,5,1250.0,77.0,11658.0,4.7,Clear,0,8.0,5.92,1231.0,0,0,0,0,0,0,4,1,0,0.625,32.57,-2.08,0,9.36383369293329
SM102656,2025-01-22,Gorakhpur,Truck,10.5,6,3370.0,201.0,42362.0,5.0,Clear,0,8.0,7.9,1685.0,0,0,0,0,0,0,1,2,0,0.674,160.48,-0.1,0,10.654030618737362
SM101710,2025-05-06,Kanpur,Mini Truck,40.8,7,536.0,22.0,4068.0,10.0,Clear,0,8.0,8.0,1126.0,0,0,0,0,0,0,5,1,0,0.268,27.6,0.0,0,8.31115254800169
SM102459,2025-01-22,Lucknow,Pickup,45.3,7,304.0,32.0,5579.0,5.2,Clear,0,8.0,7.38,804.0,0,0,0,0,0,0,1,2,0,0.38,17.75,-0.62,0,8.626944055375356
SM104872,2025-01-22,Lucknow,Pickup,4.5,6,364.0,18.0,11726.0,3.8,Clear,0,6.0,4.33,430.0,0,0,0,0,0,0,1,2,0,0.455,95.56,-1.67,0,9.369649154461065
SM102430,2025-02-18,Prayagraj,Pickup,22.3,4,560.0,26.0,5856.0,6.1,Rain,0,6.0,7.17,629.0,0,0,0,0,0,0,2,1,0,0.7,28.21,1.17,1,8.675392806089782
SM104642,2025-12-14,Prayagraj,Truck,58.2,5,3064.0,381.0,82353.5,7.0,Fog,0,10.0,10.06,2660.0,0,0,0,0,0,0,12,6,1,0.613,45.7,0.06,1,11.318788378921557
SM105028,2025-09-14,Gorakhpur,Mini Truck,75.4,4,1291.0,142.0,55465.0,6.6,Rain,0,9.0,9.18,1882.0,0,0,0,0,0,0,9,6,1,0.646,24.96,0.18,1,10.923525499398135
SM103147,2025-11-02,Prayagraj,Pickup,31.6,4,247.0,18.0,1582.0,1.0,Clear,0,7.0,3.84,664.0,0,0,0,0,0,0,11,6,1,0.309,21.01,-3.16,0,7.367077059881012
SM102338,2025-01-16,Kanpur,Mini Truck,33.1,7,1262.0,65.0,10007.0,8.4,Clear,0,8.0,7.32,1132.0,0,0,0,0,0,0,1,3,0,0.631,34.2,-0.68,0,9.211140052146748
SM100933,2025-08-25,Lucknow,Pickup,38.5,8,206.0,15.0,3943.0,5.3,Rain,0,8.0,8.69,866.0,0,0,0,0,0,0,8,0,0,0.258,22.49,0.69,1,8.279950715722526
SM101045,2025-02-26,Lucknow,Truck,53.2,3,3364.0,136.0,14450.0,7.3,Clear,0,9.0,8.11,2589.0,0,0,0,0,0,0,2,2,0,0.673,48.67,-0.89,0,9.57851889529833
SM103851,2025-01-17,Prayagraj,Truck,28.5,4,2984.0,199.0,39607.0,2.8,Fog,0,8.0,8.3,1732.0,0,0,0,0,0,1,1,4,0,0.597,60.77,0.3,1,10.586786397041259
SM100448,2025-07-10,Prayagraj,Mini Truck,8.3,5,841.0,41.0,6496.0,4.2,Clear,0,6.0,3.84,452.0,0,0,0,0,0,0,7,3,0,0.42,54.46,-2.16,0,8.77909581088053
SM100453,2025-01-10,Lucknow,Pickup,56.3,4,579.0,41.0,13703.0,2.2,Fog,0,8.0,6.65,1015.0,0,0,0,0,0,0,1,4,0,0.724,18.03,-1.35,0,9.525443040003957
SM101549,2025-01-02,Prayagraj,Pickup,66.4,8,659.0,28.0,5512.0,3.9,Clear,0,10.0,7.57,1240.0,0,0,0,0,0,0,1,3,0,0.824,18.67,-2.43,0,8.614864218589684
SM100012,2025-09-26,Kanpur,Pickup,61.3,7,564.0,30.0,4425.0,5.2,Clear,0,9.0,7.68,1158.0,0,0,0,0,0,0,9,4,0,0.705,18.89,-1.32,0,8.395251520610994
SM105488,2025-11-11,Kanpur,Mini Truck,8.1,3,792.0,92.0,6163.0,6.2,Clear,0,5.0,4.65,533.0,0,0,0,0,0,0,11,1,0,0.396,65.8,-0.35,0,8.726481196440007
SM101387,2025-04-29,Lucknow,Mini Truck,21.7,4,339.0,42.0,7291.0,5.3,Clear,0,6.0,4.22,640.0,0,0,0,1,0,0,4,1,0,0.17,29.49,-1.78,0,8.894533135798554
SM103987,2025-01-27,Lucknow,Pickup,31.9,3,298.0,17.0,1265.0,3.6,Fog,0,6.0,6.04,628.0,0,0,0,0,0,0,1,0,0,0.372,19.69,0.04,1,7.143617602704121
SM102262,2025-01-12,Lucknow,Pickup,24.5,7,390.0,18.0,3068.0,4.5,Rain,0,7.0,6.43,635.0,0,0,0,0,0,0,1,6,1,0.488,25.92,-0.57,0,8.029107054619736
SM104060,2025-02-22,Lucknow,Mini Truck,19.0,6,1063.0,70.0,9992.0,3.4,Clear,0,7.0,5.45,924.0,0,0,0,0,0,0,2,5,1,0.532,48.63,-1.55,0,9.209640126861789
SM101893,2025-09-17,Lucknow,Mini Truck,43.8,6,1243.0,63.0,10884.0,5.7,Clear,0,8.0,6.34,1404.0,0,0,0,0,0,0,9,2,0,0.622,32.05,-1.66,0,9.295140973668648
SM103659,2025-06-30,Prayagraj,Pickup,27.1,5,386.0,19.0,2883.0,6.8,Clear,1,7.0,6.97,675.0,0,0,0,0,0,0,6,0,0,0.482,24.91,-0.03,0,7.96693349840484
SM105741,2025-08-15,Varanasi,Mini Truck,40.4,4,1159.0,57.0,18921.0,2.0,Clear,0,7.0,4.7,1148.0,0,0,0,0,0,0,8,4,0,0.58,28.42,-2.3,0,9.84808054526439
SM105415,2025-03-25,Kanpur,Mini Truck,55.9,4,1119.0,47.0,13581.0,7.1,Clear,0,8.0,6.19,1430.0,0,0,0,0,0,0,3,1,0,0.56,25.58,-1.81,0,9.516500665673737
SM101021,2025-01-27,Lucknow,Pickup,25.2,6,541.0,27.0,3283.0,5.9,Fog,0,6.0,6.01,468.0,1,0,0,0,0,0,1,0,0,0.676,18.57,0.01,1,8.096817470572319
SM100836,2025-10-23,Varanasi,Truck,112.5,9,2738.0,152.0,31217.0,4.6,Clear,1,13.0,11.69,3933.0,0,0,0,0,0,0,10,3,0,0.548,34.96,-1.31,0,10.348750130518358
SM101396,2025-08-15,Lucknow,Pickup,25.2,3,198.0,20.0,2539.0,5.7,Clear,0,7.0,4.03,581.0,1,0,0,0,0,0,8,4,0,0.248,23.06,-2.97,0,7.8399193600125825
SM105299,2025-11-05,Prayagraj,Pickup,70.1,5,699.0,61.0,7860.0,7.7,Clear,1,9.0,8.9,1232.0,0,0,0,0,0,0,11,2,0,0.874,17.57,-0.1,0,8.969669103793757
SM101596,2025-08-29,Prayagraj,Mini Truck,43.0,7,742.0,36.0,9527.0,6.6,Rain,0,8.0,9.19,1190.0,0,0,0,0,0,0,8,4,0,0.371,27.67,1.19,1,9.161990111035136
SM104484,2025-06-21,Prayagraj,Pickup,43.3,4,467.0,49.0,12535.0,5.6,Clear,0,7.0,5.91,845.0,0,0,1,0,0,0,6,5,1,0.584,19.52,-1.09,0,9.436359784035856
SM104119,2025-01-19,Varanasi,Pickup,23.6,6,360.0,17.0,2551.0,1.3,Clear,0,7.0,3.89,582.0,0,0,0,0,0,0,1,6,1,0.45,24.66,-3.11,0,7.844632644464681
SM100791,2025-06-15,Prayagraj,Pickup,13.8,5,235.0,13.0,1711.0,5.4,Clear,0,6.0,6.12,465.0,0,0,0,0,0,0,6,6,1,0.294,33.7,0.12,1,7.445417556701687
SM103841,2025-06-30,Gorakhpur,Mini Truck,124.8,10,1680.0,73.0,3930.0,5.2,Clear,0,14.0,11.93,2968.0,0,0,0,0,0,0,6,0,0,0.84,23.78,-2.07,0,8.27664912542186
SM101740,2025-06-07,Lucknow,Mini Truck,30.7,7,1661.0,200.0,82353.5,6.8,Clear,0,8.0,6.28,1288.0,0,0,0,0,0,0,6,5,1,0.83,41.95,-1.72,0,11.318788378921557
SM105174,2025-03-16,Lucknow,Mini Truck,12.2,4,1453.0,61.0,11020.0,5.0,Clear,0,6.0,5.62,844.0,0,0,0,0,0,0,3,6,1,0.726,69.18,-0.38,0,9.307557822691543
SM101216,2025-07-05,Varanasi,Pickup,81.6,6,245.0,13.0,7118.0,5.6,Rain,0,10.0,9.46,1179.0,0,0,1,0,0,0,7,5,1,0.306,14.45,-0.54,0,8.870522545103873
SM104747,2025-04-02,Varanasi,Pickup,12.7,10,282.0,18.0,4531.0,4.8,Clear,0,8.0,6.37,545.0,0,0,0,0,0,0,4,2,0,0.352,42.91,-1.63,0,8.418918622147897
SM102928,2025-03-09,Kanpur,Truck,28.65,9,671.0,29.0,8289.0,5.6,Clear,0,9.0,7.74,1473.0,1,0,1,0,0,0,3,6,1,0.134,51.41,-1.26,0,9.022805248129341
SM105237,2025-10-28,Varanasi,Pickup,49.3,7,586.0,55.0,9708.0,4.8,Clear,0,9.0,6.66,980.0,0,0,0,0,0,0,10,1,0,0.732,19.88,-2.34,0,9.180808569370145
SM100863,2025-10-09,Prayagraj,Truck,33.7,5,2492.0,100.0,11493.0,3.7,Clear,0,8.0,6.72,1857.0,0,0,0,0,0,0,10,3,0,0.498,55.1,-1.28,0,9.349580439067687
SM101344,2025-03-10,Kanpur,Mini Truck,13.3,2,1628.0,117.0,19006.0,4.4,Clear,0,6.0,4.71,939.0,0,0,0,0,0,0,3,0,0,0.814,70.6,-1.29,0,9.852562611350837
SM105746,2025-06-08,Varanasi,Mini Truck,23.9,9,1113.0,77.0,21796.0,4.0,Clear,0,8.0,5.86,1109.0,0,0,0,0,0,0,6,6,1,0.556,46.4,-2.14,0,9.989527624628513
SM102705,2025-04-14,Prayagraj,Pickup,26.0,8,414.0,31.0,4407.0,2.8,Clear,0,8.0,5.49,730.0,0,0,0,0,0,0,4,0,0,0.518,28.08,-2.51,0,8.391176350832751
SM101268,2025-12-14,Kanpur,Pickup,10.6,5,205.0,13.0,3277.0,5.5,Clear,0,6.0,4.94,431.0,0,0,0,0,0,0,12,6,1,0.256,40.66,-1.06,0,8.094988759303774
SM102265,2025-02-04,Lucknow,Mini Truck,6.6,7,1591.0,85.0,24880.0,5.0,Rain,0,7.0,6.91,982.0,0,0,0,0,0,0,2,1,0,0.796,148.79,-0.09,0,10.121859738971446
SM103001,2025-09-03,Lucknow,Pickup,12.2,3,265.0,30.0,3189.0,6.4,Rain,0,5.0,4.35,287.0,0,0,0,0,0,0,9,2,0,0.331,23.52,-0.65,0,8.06777619577889
SM100516,2025-11-18,Varanasi,Pickup,34.3,4,423.0,23.0,3271.0,6.8,Clear,0,7.0,5.0,730.0,0,0,0,0,0,0,11,1,0,0.529,21.28,-2.0,0,8.093156697722637
SM102105,2025-04-11,Prayagraj,Pickup,18.6,6,634.0,64.0,6653.0,6.9,Clear,0,7.0,5.81,533.0,0,0,0,0,0,0,4,4,0,0.792,28.66,-1.19,0,8.802973456578423
SM105552,2025-08-28,Kanpur,Mini Truck,23.5,6,502.0,27.0,6065.0,9.6,Rain,0,7.0,7.65,819.0,0,0,0,0,0,0,8,3,0,0.251,34.85,0.65,1,8.710454688248527
SM102162,2025-05-28,Lucknow,Mini Truck,16.4,6,1291.0,69.0,20041.0,3.6,Clear,0,7.0,5.88,905.0,0,0,0,0,0,0,5,2,0,0.646,55.18,-1.12,0,9.905585350618274
SM105413,2025-11-22,Prayagraj,Pickup,30.0,2,583.0,37.0,7754.0,4.9,Clear,0,6.0,4.56,566.0,0,0,0,0,0,0,11,5,1,0.729,18.87,-1.44,0,8.956093075610639
SM103949,2025-03-05,Gorakhpur,Mini Truck,33.6,6,935.0,77.0,10368.0,1.0,Clear,0,8.0,5.23,1062.0,0,0,0,0,0,0,3,2,0,0.468,31.61,-2.77,0,9.246575864558277
SM102624,2025-12-03,Lucknow,Truck,29.3,4,1467.0,142.0,24058.0,5.0,Fog,0,7.0,6.81,1395.0,0,0,0,0,0,0,12,2,0,0.293,47.61,-0.19,0,10.088264425905146
SM104786,2025-07-24,Varanasi,Pickup,50.7,6,671.0,29.0,5205.0,5.7,Clear,0,8.0,6.25,930.0,0,0,0,0,0,0,7,3,0,0.839,18.34,-1.75,0,8.55756708555451
SM105587,2025-12-27,Prayagraj,Truck,71.7,6,1514.0,106.0,30468.0,4.7,Fog,0,10.0,10.86,2328.0,0,0,0,0,0,0,12,5,1,0.303,32.47,0.86,1,10.324465052274801
SM102229,2025-12-24,Lucknow,Mini Truck,10.3,4,1276.0,52.0,8335.0,5.7,Fog,0,6.0,6.39,762.0,0,0,0,0,0,0,12,2,0,0.638,73.98,0.39,1,9.028338763993148
SM102897,2025-08-17,Kanpur,Truck,29.0,8,2840.0,160.0,13718.0,5.9,Rain,0,9.0,9.78,1928.0,0,1,0,0,0,0,8,6,1,0.568,66.48,0.78,1,9.526537012326164
SM102054,2025-09-18,Kanpur,Mini Truck,17.0,4,1689.0,117.0,15972.0,5.6,Rain,0,7.0,5.76,939.0,0,0,0,0,0,0,9,3,0,0.844,55.24,-1.24,0,9.678655075789957
SM101703,2025-03-14,Prayagraj,Mini Truck,48.7,6,876.0,43.0,15974.0,5.3,Clear,1,8.0,7.08,1283.0,0,0,0,0,0,0,3,4,0,0.438,26.34,-0.92,0,9.678780279245736
SM105857,2025-05-14,Gorakhpur,Pickup,23.7,8,656.0,38.0,7544.0,7.4,Clear,0,8.0,6.07,804.0,0,0,0,0,0,0,5,2,0,0.82,33.92,-1.93,0,8.928640371201949
SM102351,2025-10-01,Kanpur,Mini Truck,27.0,6,1615.0,100.0,19026.0,3.1,Clear,0,8.0,5.62,1213.0,0,0,0,0,0,0,10,2,0,0.808,44.93,-2.38,0,9.8536143020404
SM100159,2025-10-14,Prayagraj,Truck,34.1,8,3352.0,162.0,43666.0,7.4,Clear,0,10.0,11.65,2218.0,0,0,0,1,0,0,10,1,0,0.67,65.04,1.65,1,10.68434794707383
SM105883,2025-03-23,Lucknow,Pickup,35.4,5,475.0,21.0,3960.0,5.2,Clear,0,7.0,4.09,764.0,0,0,0,0,0,0,3,6,1,0.594,21.58,-2.91,0,8.284251797621916
SM105948,2025-12-08,Prayagraj,Pickup,42.4,4,419.0,27.0,3404.0,5.6,Clear,0,7.0,5.73,740.0,0,0,1,1,0,0,12,0,0,0.524,17.45,-1.27,0,8.133000218583613
SM105193,2025-02-02,Gorakhpur,Mini Truck,74.4,3,1087.0,47.0,5430.0,3.9,Clear,0,9.0,6.54,1690.0,0,0,0,0,0,0,2,6,1,0.544,22.72,-2.46,0,8.599878558034845
SM101134,2025-08-13,Prayagraj,Truck,69.9,5,1132.0,71.0,11546.0,6.7,Rain,0,9.0,10.57,2106.0,0,0,0,0,0,0,8,2,0,0.226,30.13,1.57,1,9.354180941951856
SM101987,2025-03-19,Lucknow,Mini Truck,26.0,6,1327.0,59.0,13085.0,5.6,Clear,0,7.0,5.74,771.0,1,0,0,0,0,0,3,2,0,0.664,29.65,-1.26,0,9.479298235429685
SM103301,2025-04-08,Prayagraj,Pickup,26.6,4,714.0,47.0,5572.0,3.3,Clear,0,7.0,5.33,684.0,0,0,0,0,0,0,4,1,0,0.892,25.71,-1.67,0,8.625688787569537
SM100678,2025-07-10,Lucknow,Pickup,79.2,4,653.0,32.0,3368.0,3.5,Rain,0,9.0,7.79,1238.0,0,0,0,0,0,0,7,3,0,0.816,15.63,-1.21,0,8.122371243406553
SM101714,2025-08-24,Varanasi,Mini Truck,37.5,8,1184.0,85.0,28537.0,6.8,Rain,0,9.0,8.22,1396.0,0,0,0,0,0,0,8,6,1,0.592,37.23,-0.78,0,10.258991811490521
SM103522,2025-10-30,Lucknow,Truck,17.7,4,2898.0,154.0,30273.0,5.6,Rain,0,7.0,8.33,1538.0,0,0,0,0,0,0,10,3,0,0.58,86.89,1.33,1,10.31804453732251
SM101246,2025-11-10,Kanpur,Pickup,20.2,4,511.0,36.0,27613.0,3.8,Clear,0,6.0,4.17,557.0,0,0,0,0,0,0,11,0,0,0.639,27.57,-1.83,0,10.226078169476098
SM100165,2025-10-25,Varanasi,Truck,23.1,5,926.0,45.0,5961.0,6.2,Clear,0,7.0,5.29,1038.0,0,0,0,0,0,0,10,5,1,0.185,44.94,-1.71,0,8.693161274238017
SM105924,2025-11-29,Prayagraj,Mini Truck,23.5,10,919.0,80.0,14525.0,6.3,Clear,0,8.0,6.89,1027.0,0,0,0,0,0,0,11,5,1,0.46,43.7,-1.11,0,9.583695426166113
SM102925,2025-03-08,Lucknow,Truck,30.4,6,3154.0,175.0,18184.0,3.8,Clear,0,9.0,8.45,1978.0,0,0,0,0,0,0,3,5,1,0.631,65.07,-0.55,0,9.80835235742109
SM100394,2025-09-20,Kanpur,Truck,11.1,8,2904.0,308.0,73546.0,5.2,Rain,0,8.0,8.41,1602.0,0,0,0,0,0,0,9,5,1,0.581,144.32,0.41,1,11.205679936618509
SM104219,2025-03-01,Lucknow,Truck,24.8,4,2261.0,129.0,26858.0,4.9,Clear,0,7.0,6.51,1430.0,0,0,0,0,0,0,3,5,1,0.452,57.66,-0.49,0,10.198356239302266
SM104369,2025-07-12,Gorakhpur,Mini Truck,34.5,3,1574.0,121.0,18300.0,4.2,Clear,0,7.0,6.11,1092.0,0,0,0,0,0,0,7,5,1,0.787,31.65,-0.89,0,9.814710982145282
SM101579,2025-08-08,Lucknow,Truck,18.8,4,4158.0,250.0,46801.0,5.3,Rain,0,8.0,8.52,1971.0,0,0,0,0,0,0,8,4,0,0.832,104.84,0.52,1,10.753681216035357
SM103194,2025-09-28,Lucknow,Truck,16.9,10,2814.0,132.0,18706.0,5.5,Clear,0,9.0,8.59,1707.0,0,0,0,0,0,0,9,6,1,0.563,101.01,-0.41,0,9.836653064348905
SM103172,2025-06-07,Prayagraj,Mini Truck,21.1,7,1306.0,79.0,13163.0,5.0,Rain,0,8.0,6.57,1104.0,0,0,0,0,0,0,6,5,1,0.653,52.32,-1.43,0,9.48524111006323
SM102243,2025-02-10,Lucknow,Mini Truck,23.9,4,1207.0,83.0,14825.0,4.3,Clear,0,7.0,4.34,919.0,0,0,0,0,0,0,2,0,0,0.604,38.45,-2.66,0,9.604137675216665
SM101642,2025-06-13,Prayagraj,Pickup,32.2,6,284.0,18.0,3207.0,4.2,Rain,0,7.0,6.05,703.0,0,0,0,0,0,0,6,4,0,0.355,21.83,-0.95,0,8.073402968986406
SM100995,2025-08-17,Lucknow,Mini Truck,11.6,9,1384.0,65.0,8783.0,2.7,Clear,0,8.0,5.16,1018.0,0,0,0,0,0,0,8,6,1,0.692,87.76,-2.84,0,9.080687163749312
SM102865,2025-01-13,Prayagraj,Pickup,64.2,5,565.0,47.0,8689.0,9.7,Fog,0,9.0,9.5,1044.0,0,0,0,0,0,0,1,0,0,0.706,16.26,0.5,1,9.069928218259438
SM101145,2025-06-26,Lucknow,Mini Truck,28.2,6,1316.0,140.0,82353.5,5.3,Clear,0,8.0,6.27,1185.0,0,0,0,0,0,0,6,3,0,0.658,42.02,-1.73,0,11.318788378921557
SM104230,2025-01-27,Prayagraj,Pickup,67.7,7,632.0,45.0,7986.0,5.3,Clear,0,10.0,7.84,1247.0,0,0,0,0,0,0,1,0,0,0.79,18.42,-2.16,0,8.985570498917388
SM101495,2025-06-07,Prayagraj,Truck,13.5,4,2840.0,91.0,65801.0,6.0,Clear,0,6.0,5.27,891.0,0,1,0,0,0,0,6,5,1,0.568,66.0,-0.73,0,11.094405511988263
SM103317,2025-05-26,Varanasi,Truck,35.6,6,2730.0,115.0,23552.0,8.7,Clear,0,9.0,7.82,2048.0,0,0,0,0,0,0,5,0,0,0.546,57.53,-1.18,0,10.067008479866365
SM103115,2025-07-01,Kanpur,Pickup,33.1,6,359.0,15.0,2707.0,4.7,Rain,0,7.0,7.58,786.0,0,0,0,0,0,0,7,1,0,0.449,23.75,0.58,1,7.903965634032166
SM101435,2025-02-07,Varanasi,Mini Truck,46.8,6,1291.0,101.0,29606.0,5.8,Clear,0,9.0,5.99,1359.0,0,0,0,0,0,0,2,4,0,0.646,29.04,-3.01,0,10.295766098840117
SM102666,2025-03-29,Lucknow,Truck,20.5,2,2703.0,331.0,82353.5,3.3,Clear,0,7.0,5.5,1492.0,0,0,0,0,0,0,3,5,1,0.541,72.78,-1.5,0,11.318788378921557
SM105411,2025-06-20,Prayagraj,Pickup,25.3,8,748.0,57.0,4599.0,5.2,Clear,0,8.0,6.79,717.0,0,0,0,0,0,0,6,4,0,0.935,28.34,-1.21,0,8.433811582477187
SM104073,2025-12-10,Varanasi,Pickup,51.7,6,473.0,30.0,5294.0,5.6,Clear,0,8.0,6.23,878.0,0,0,1,0,0,0,12,2,0,0.591,16.98,-1.77,0,8.574518258035507
SM103858,2025-04-29,Lucknow,Mini Truck,23.1,9,596.0,68.0,4673.0,6.3,Clear,0,8.0,8.53,917.0,0,0,0,1,0,0,4,1,0,0.298,39.7,0.53,1,8.449770515098804
SM101687,2025-05-29,Prayagraj,Pickup,6.9,8,505.0,58.0,7767.0,5.8,Clear,0,7.0,5.71,469.0,0,0,0,0,0,0,5,3,0,0.631,67.97,-1.29,0,8.957768009971161
SM100037,2025-10-30,Lucknow,Pickup,64.1,9,240.0,18.0,5818.0,5.2,Clear,0,10.0,8.41,1222.0,0,0,0,0,0,0,10,3,0,0.3,19.06,-1.59,0,8.66888370465667
SM101300,2025-10-05,Prayagraj,Pickup,40.1,2,756.0,37.0,16353.0,2.1,Clear,0,7.0,3.52,729.0,0,0,0,0,0,0,10,6,1,0.945,18.18,-3.48,0,9.702227794721923
SM100885,2025-09-26,Lucknow,Mini Truck,18.8,4,403.0,34.0,12170.0,6.6,Clear,0,6.0,4.36,585.0,0,0,0,0,0,0,9,4,0,0.202,31.12,-1.64,0,9.406811351874557
SM105183,2025-11-22,Lucknow,Truck,17.0,7,2908.0,118.0,17178.0,5.1,Clear,0,8.0,7.16,1773.0,0,0,0,0,0,0,11,5,1,0.582,104.29,-0.84,0,9.751442986626445
SM101899,2025-05-04,Kanpur,Truck,28.6,7,1045.0,97.0,20323.0,6.4,Clear,0,8.0,7.15,1326.0,0,0,0,0,0,0,5,6,1,0.209,46.36,-0.85,0,9.919557732713622
SM104285,2025-10-07,Gorakhpur,Pickup,55.3,5,179.0,10.0,1191.0,3.3,Clear,0,8.0,6.17,859.0,0,0,0,0,0,0,10,1,0,0.224,15.53,-1.83,0,7.083387847625295
SM101750,2025-12-06,Lucknow,Truck,46.8,7,2833.0,126.0,21066.0,6.4,Rain,0,10.0,10.22,2368.0,0,0,0,0,0,0,12,5,1,0.567,50.6,0.22,1,9.95546311412647
SM105891,2025-06-02,Varanasi,Truck,41.6,10,3663.0,158.0,11161.0,7.6,Rain,0,11.0,11.42,2572.0,0,0,0,0,0,0,6,0,0,0.733,61.83,0.42,1,9.320270431348378
SM102213,2025-02-12,Gorakhpur,Truck,39.6,6,3214.0,142.0,13033.0,5.6,Clear,0,9.0,7.5,2296.0,0,0,0,0,0,0,2,2,0,0.643,57.98,-1.5,0,9.475316606892326
SM101185,2025-04-23,Kanpur,Pickup,13.6,4,435.0,25.0,1926.0,6.0,Clear,0,6.0,4.55,473.0,0,0,0,0,0,0,4,2,0,0.544,34.78,-1.45,0,7.563719668414366
SM103632,2025-01-14,Gorakhpur,Truck,58.2,6,2426.0,111.0,36586.0,7.0,Fog,1,10.0,11.12,2458.0,0,0,0,0,0,0,1,1,0,0.485,42.23,1.12,1,10.507448265037272
SM100322,2025-08-13,Varanasi,Mini Truck,29.6,6,1434.0,80.0,19085.0,7.3,Rain,0,8.0,6.89,1251.0,0,0,0,0,0,0,8,2,0,0.717,42.26,-1.11,0,9.8567103609772
SM100011,2025-12-23,Gorakhpur,Truck,59.0,5,3380.0,407.0,82353.5,5.3,Fog,0,10.0,11.33,2749.0,0,0,0,0,0,0,12,1,0,0.676,46.59,1.33,1,11.318788378921557
SM102739,2025-05-06,Prayagraj,Truck,26.1,7,3207.0,269.0,33065.0,6.8,Clear,0,9.0,8.32,2028.0,0,0,0,0,1,0,5,1,0,0.641,77.7,-0.68,0,10.40626084311129
SM100017,2025-02-16,Lucknow,Truck,37.3,8,2400.0,112.0,12295.0,4.2,Fog,0,9.0,10.16,1951.0,0,0,0,0,0,0,2,6,1,0.48,52.31,1.16,1,9.417029285218431
SM103917,2025-11-07,Varanasi,Mini Truck,35.849999999999994,6,1068.0,93.0,8827.0,5.6,Clear,0,9.0,7.11,1546.0,1,0,0,0,0,0,11,4,0,0.534,43.12,-1.89,0,9.085683767376628
SM102603,2025-07-25,Gorakhpur,Mini Truck,66.5,4,1434.0,78.0,17581.0,7.4,Rain,0,9.0,9.46,1723.0,0,0,0,0,0,0,7,4,0,0.717,25.91,0.46,1,9.774630930411124
SM105949,2025-07-04,Lucknow,Truck,6.6,6,2305.0,283.0,27684.0,5.2,Clear,0,7.0,7.39,1165.0,0,0,0,0,0,0,7,4,0,0.461,176.52,0.39,1,10.228646029257067
SM104007,2025-08-26,Lucknow,Mini Truck,58.8,4,840.0,36.0,12018.0,3.1,Clear,0,8.0,6.24,1268.0,0,0,0,0,0,0,8,1,0,0.42,21.56,-1.76,0,9.39424400995279
SM102089,2025-01-08,Prayagraj,Pickup,54.2,9,289.0,17.0,2242.0,5.4,Clear,0,9.0,7.42,1009.0,0,0,0,0,0,0,1,2,0,0.361,18.62,-1.58,0,7.715569534520208
SM104957,2025-05-17,Lucknow,Truck,32.7,8,3907.0,218.0,53340.0,5.0,Clear,0,10.0,8.76,2524.0,0,0,0,0,0,0,5,5,1,0.781,77.19,-1.24,0,10.884460545216813
SM105725,2025-04-26,Gorakhpur,Pickup,22.6,8,598.0,43.0,7029.0,3.5,Rain,0,8.0,6.39,621.0,0,0,0,0,0,0,4,5,1,0.748,27.48,-1.61,0,8.857941984804711
SM102702,2025-03-22,Lucknow,Mini Truck,40.2,5,808.0,65.0,19766.0,4.9,Clear,0,8.0,4.3,1031.0,0,0,0,0,0,0,3,5,1,0.404,25.65,-3.7,0,9.89176915958193
SM102289,2025-06-02,Varanasi,Truck,50.1,3,3184.0,391.0,43252.0,6.7,Clear,0,9.0,6.93,2459.0,0,0,0,0,0,0,6,0,0,0.637,49.08,-2.07,0,10.674821874116294
SM101310,2025-07-11,Varanasi,Pickup,61.4,7,361.0,25.0,2015.0,6.6,Rain,0,9.0,8.44,1009.0,0,0,0,0,0,0,7,4,0,0.451,16.43,-0.56,0,7.60887062919126
SM101783,2025-12-15,Varanasi,Pickup,67.5,4,557.0,23.0,5889.0,5.4,Fog,0,9.0,8.62,1109.0,0,0,0,0,0,0,12,0,0,0.696,16.43,-0.38,0,8.681011276645632
SM101228,2025-02-26,Varanasi,Truck,31.2,7,2806.0,264.0,79773.0,7.2,Rain,0,9.0,9.68,2054.0,0,0,0,0,0,0,2,2,0,0.561,65.83,0.68,1,11.28695291581247
SM100579,2025-02-07,Lucknow,Mini Truck,37.9,8,888.0,45.0,6106.0,6.0,Clear,0,8.0,6.88,1350.0,0,0,0,0,0,1,2,4,0,0.444,35.62,-1.12,0,8.717190933223135
SM100019,2025-06-14,Lucknow,Mini Truck,8.4,4,1052.0,56.0,4305.0,7.7,Clear,0,6.0,5.29,672.0,0,0,0,0,0,0,6,5,1,0.526,80.0,-0.71,0,8.367764677924308
SM100800,2025-01-05,Lucknow,Pickup,39.9,8,223.0,11.0,1861.0,6.1,Fog,0,8.0,8.81,805.0,0,0,0,0,0,0,1,6,1,0.279,20.18,0.81,1,7.529406457837013
SM101395,2025-08-04,Prayagraj,Truck,33.0,5,2594.0,105.0,40234.0,7.5,Rain,0,8.0,9.15,1827.0,0,0,0,0,0,0,8,0,0,0.519,55.36,1.15,1,10.602492542580233
SM102680,2025-02-12,Kanpur,Mini Truck,33.7,2,1428.0,71.0,12078.0,5.2,Rain,0,7.0,5.97,1165.0,0,0,0,0,0,0,2,2,0,0.714,34.57,-1.03,0,9.399223686605279
SM102998,2025-06-08,Kanpur,Mini Truck,8.9,3,652.0,55.0,16336.0,9.5,Rain,0,5.0,7.19,548.0,0,0,0,0,0,0,6,6,1,0.326,61.57,2.19,1,9.701187753026508
SM103274,2025-03-30,Lucknow,Truck,6.0,4,2449.0,99.0,11138.0,5.2,Clear,0,6.0,4.12,1103.0,0,0,0,0,0,0,3,6,1,0.49,183.83,-1.88,0,9.318207742845189
SM102043,2025-10-01,Prayagraj,Mini Truck,38.2,6,907.0,87.0,45216.0,2.8,Clear,0,8.0,6.34,1235.0,0,0,0,0,0,0,10,2,0,0.454,32.33,-1.66,0,10.719228401304807
SM101735,2025-10-19,Kanpur,Mini Truck,16.9,7,1155.0,66.0,15433.0,4.2,Clear,0,7.0,5.54,924.0,0,0,0,0,0,0,10,6,1,0.578,54.67,-1.46,0,9.644328147017548
SM104608,2025-11-15,Prayagraj,Mini Truck,75.9,3,579.0,25.0,2346.0,2.2,Clear,0,9.0,6.88,1527.0,0,0,0,0,0,0,11,5,1,0.29,20.12,-2.12,0,7.760893195851024
SM105590,2025-01-30,Varanasi,Mini Truck,20.7,4,1063.0,49.0,6798.0,3.5,Clear,0,6.0,4.24,854.0,0,0,0,0,0,0,1,3,0,0.532,41.26,-1.76,0,8.82453082152646
SM102488,2025-07-11,Prayagraj,Pickup,22.1,8,414.0,41.0,5400.0,3.0,Rain,0,7.0,7.85,671.0,0,0,0,0,0,0,7,4,0,0.518,30.36,0.85,1,8.594339400592892
SM101812,2025-09-03,Prayagraj,Pickup,24.6,1,298.0,20.0,2939.0,3.5,Rain,0,5.0,5.03,408.0,0,0,0,0,0,0,9,2,0,0.372,16.59,0.03,1,7.986164860332727
SM103242,2025-11-24,Lucknow,Pickup,56.6,4,336.0,33.0,14314.0,5.5,Clear,0,8.0,7.27,856.0,0,0,0,0,0,0,11,0,0,0.42,15.12,-0.73,0,9.569063217532216
SM102969,2025-08-21,Kanpur,Mini Truck,64.4,7,614.0,37.0,3779.0,7.5,Clear,0,9.0,8.25,1541.0,0,0,0,0,0,0,8,3,0,0.307,23.93,-0.75,0,8.237479288613633
SM100494,2025-04-16,Lucknow,Mini Truck,22.9,8,1201.0,70.0,12039.0,7.6,Clear,0,8.0,6.42,1086.0,0,0,0,0,0,0,4,2,0,0.6,47.42,-1.58,0,9.395989718862811
SM104030,2025-07-17,Lucknow,Mini Truck,54.1,5,1235.0,64.0,9875.0,5.8,Clear,0,9.0,7.34,1517.0,0,0,0,0,0,0,7,3,0,0.618,28.04,-1.66,0,9.19786285046507
SM101600,2025-04-21,Varanasi,Mini Truck,37.8,7,1757.0,176.0,21111.0,3.6,Fog,0,9.0,7.62,1453.0,0,0,0,0,0,0,4,0,0,0.878,38.44,-1.38,0,9.95759687818316
SM102385,2025-11-16,Kanpur,Pickup,26.3,7,393.0,30.0,5598.0,7.4,Clear,0,7.0,5.64,754.0,0,0,0,0,1,0,11,6,1,0.491,28.67,-1.36,0,8.630343289348893
SM102273,2025-06-18,Kanpur,Mini Truck,40.1,4,697.0,28.0,3512.0,5.3,Clear,0,7.0,5.94,1002.0,0,0,0,0,0,0,6,2,0,0.348,24.99,-1.06,0,8.164225652265827
SM104902,2025-08-15,Gorakhpur,Truck,70.3,7,2676.0,109.0,30137.0,5.0,Clear,0,11.0,10.24,2904.0,0,0,0,0,0,0,8,4,0,0.535,41.31,-0.76,0,10.3135421129781
SM103620,2025-12-30,Kanpur,Truck,6.4,7,2840.0,108.0,52246.0,5.4,Rain,0,7.0,6.58,969.0,0,1,0,0,0,0,12,1,0,0.568,151.41,-0.42,0,10.863737751910739
SM105449,2025-03-03,Kanpur,Mini Truck,42.7,5,1155.0,74.0,13149.0,3.0,Clear,1,8.0,6.26,1259.0,0,0,0,0,0,0,3,0,0,0.578,29.48,-1.74,0,9.48417703760591
SM104165,2025-09-06,Prayagraj,Pickup,53.0,6,681.0,49.0,19634.0,8.8,Rain,0,9.0,9.11,1004.0,0,0,0,0,0,0,9,5,1,0.851,18.94,0.11,1,9.88506896701211
SM105070,2025-11-28,Prayagraj,Mini Truck,35.2,8,1161.0,93.0,22373.0,7.7,Rain,0,9.0,8.89,1461.0,0,1,0,0,0,0,11,4,0,0.58,41.51,-0.11,0,10.015654849406875
SM100946,2025-12-22,Lucknow,Truck,21.0,4,3406.0,220.0,53390.0,4.6,Fog,0,8.0,7.97,1763.0,0,0,0,0,0,0,12,0,0,0.681,83.95,-0.03,0,10.885397471418095
SM102983,2025-10-28,Prayagraj,Mini Truck,41.2,5,1233.0,58.0,8306.0,3.3,Clear,0,8.0,6.08,1281.0,0,0,0,0,0,0,10,1,0,0.616,31.09,-1.92,0,9.02485381183907
SM103202,2025-10-08,Varanasi,Mini Truck,22.8,3,1251.0,121.0,30366.0,4.8,Rain,0,6.0,5.4,897.0,0,0,0,0,0,0,10,2,0,0.626,39.34,-0.6,0,10.321111771468102
SM103205,2025-09-05,Varanasi,Mini Truck,61.5,7,1540.0,67.0,15712.0,5.8,Clear,1,10.0,9.95,1701.0,0,0,0,0,0,0,9,4,0,0.77,27.66,-0.05,0,9.662243674190131
SM104834,2025-12-23,Varanasi,Mini Truck,56.2,9,1523.0,79.0,14927.0,5.6,Fog,0,10.0,9.75,1771.0,0,0,1,0,0,0,12,1,0,0.762,31.51,-0.25,0,9.610993923087126
SM105798,2025-07-25,Lucknow,Truck,7.2,5,2606.0,122.0,17286.0,7.2,Fog,0,7.0,8.1,1250.0,0,0,0,0,0,0,7,4,0,0.521,173.61,1.1,1,9.757710052922787
SM103218,2025-12-26,Lucknow,Mini Truck,48.6,6,1254.0,53.0,10438.0,7.7,Fog,0,9.0,7.77,1420.0,0,0,0,0,0,0,12,4,0,0.627,29.22,-1.23,0,9.253304071408298
SM103672,2025-08-03,Prayagraj,Mini Truck,8.4,6,1373.0,68.0,8241.0,5.9,Rain,0,7.0,6.48,774.0,0,0,0,0,0,0,8,6,1,0.686,92.14,-0.52,0,9.016998311898762
SM101225,2025-12-20,Kanpur,Truck,22.6,5,3839.0,356.0,25942.0,6.4,Fog,0,8.0,9.21,2060.0,0,0,0,0,0,0,12,5,1,0.768,91.15,1.21,1,10.163657102686784
SM100324,2025-12-22,Varanasi,Pickup,37.9,6,462.0,24.0,7628.0,9.7,Clear,0,7.0,6.07,443.0,1,1,0,0,0,0,12,0,0,0.578,11.69,-0.93,0,8.93971205409023
SM101771,2025-05-18,Prayagraj,Pickup,31.4,7,209.0,20.0,4476.0,4.7,Clear,0,8.0,5.14,628.0,0,0,0,1,0,0,5,6,1,0.261,20.0,-2.86,0,8.406708458240965
SM100086,2025-02-05,Lucknow,Pickup,24.6,6,534.0,40.0,6564.0,6.7,Rain,0,7.0,5.91,649.0,0,0,0,0,0,0,2,2,0,0.668,26.38,-1.09,0,8.789507786736896
SM100090,2025-06-08,Kanpur,Mini Truck,32.4,6,749.0,32.0,3258.0,6.4,Clear,0,8.0,6.37,1013.0,0,0,0,0,0,0,6,6,1,0.374,31.27,-1.63,0,8.089175678837561
SM102204,2025-06-15,Lucknow,Truck,41.7,6,2694.0,123.0,17037.0,6.4,Rain,0,9.0,8.53,2129.0,0,0,0,0,0,0,6,6,1,0.539,51.06,-0.47,0,9.743201422602786
SM103466,2025-07-16,Lucknow,Pickup,31.1,8,314.0,29.0,2833.0,9.0,Clear,0,8.0,7.34,824.0,0,0,0,0,0,0,7,2,0,0.392,26.5,-0.66,0,7.949444420250626
SM101753,2025-05-25,Prayagraj,Mini Truck,72.2,7,1113.0,79.0,26800.0,5.7,Fog,0,10.0,9.91,1760.0,0,0,0,0,0,0,5,6,1,0.556,24.38,-0.09,0,10.196194479235656
SM103829,2025-02-24,Kanpur,Mini Truck,16.8,3,1304.0,85.0,12180.0,4.8,Clear,0,6.0,4.52,864.0,0,0,0,0,0,0,2,0,0,0.652,51.43,-1.48,0,9.407632639699958
SM100480,2025-04-16,Prayagraj,Mini Truck,42.9,10,1313.0,74.0,11658.0,6.0,Clear,0,10.0,9.04,1472.0,0,0,0,0,0,0,4,2,0,0.656,34.31,-0.96,0,9.36383369293329
SM104076,2025-12-24,Lucknow,Mini Truck,44.0,5,1541.0,106.0,28572.0,7.8,Rain,0,8.0,7.61,1408.0,0,0,0,0,0,0,12,2,0,0.77,32.0,-0.39,0,10.260217494962417
SM100157,2025-07-23,Lucknow,Truck,16.1,3,3207.0,149.0,51012.0,4.4,Rain,0,7.0,6.77,1561.0,0,0,0,0,0,0,7,2,0,0.641,96.96,-0.23,0,10.839835781185261
SM102132,2025-07-09,Lucknow,Pickup,38.9,8,386.0,21.0,3702.0,8.7,Rain,0,8.0,9.63,857.0,0,0,0,0,0,0,7,2,0,0.482,22.03,1.63,1,8.216898580913613
SM103553,2025-09-18,Lucknow,Pickup,37.7,3,348.0,32.0,1891.0,7.7,Clear,0,7.0,4.66,856.0,0,0,0,0,0,1,9,3,0,0.435,22.71,-2.34,0,7.545389749611823
SM105890,2025-09-29,Kanpur,Mini Truck,18.1,6,614.0,31.0,8158.0,6.3,Rain,0,7.0,6.27,729.0,0,0,0,0,0,0,9,0,0,0.307,40.28,-0.73,0,9.0068768914288
SM104475,2025-04-27,Varanasi,Mini Truck,43.5,3,609.0,33.0,7752.0,3.6,Rain,0,7.0,7.02,1550.0,0,0,0,0,0,1,4,6,1,0.304,35.63,0.02,1,8.955835144218959
SM105238,2025-11-30,Varanasi,Truck,19.3,5,2838.0,273.0,52657.0,4.5,Clear,0,8.0,6.62,1713.0,0,0,0,0,0,0,11,6,1,0.568,88.76,-1.38,0,10.871573452837987
SM103731,2025-11-10,Varanasi,Mini Truck,77.3,7,1182.0,77.0,18762.0,4.2,Clear,0,10.0,6.07,1851.0,0,0,0,0,0,0,11,0,0,0.591,23.95,-3.93,0,9.839642124487375
SM101044,2025-09-16,Prayagraj,Pickup,25.7,10,267.0,23.0,4071.0,4.3,Clear,0,8.0,5.24,732.0,0,0,0,0,0,0,9,1,0,0.334,28.48,-2.76,0,8.311889558230359
SM101825,2025-11-26,Prayagraj,Mini Truck,21.5,10,1470.0,105.0,13671.0,6.5,Clear,0,9.0,7.65,1179.0,0,0,0,0,0,0,11,2,0,0.735,54.84,-1.35,0,9.523105224795426
SM104241,2025-04-10,Prayagraj,Pickup,53.6,6,460.0,38.0,4617.0,7.1,Clear,0,8.0,6.83,847.0,0,0,0,0,0,0,4,3,0,0.575,15.8,-1.17,0,8.43771698991444
SM105639,2025-12-04,Lucknow,Truck,37.9,7,1858.0,86.0,18053.0,5.8,Fog,0,9.0,8.71,1755.0,0,0,0,0,0,0,12,3,0,0.372,46.31,-0.29,0,9.8011225458581
SM102107,2025-02-20,Prayagraj,Truck,63.7,7,3324.0,144.0,61301.0,5.4,Clear,0,11.0,10.7,2912.0,0,0,0,0,0,0,2,3,0,0.665,45.71,-0.3,0,11.02356774781948
SM101827,2025-12-26,Prayagraj,Pickup,36.9,5,512.0,21.0,3266.0,5.7,Clear,0,7.0,6.62,725.0,0,0,0,0,0,0,12,4,0,0.64,19.65,-0.38,0,8.09162741160107
SM104623,2025-01-29,Lucknow,Mini Truck,19.1,5,1333.0,54.0,8928.0,4.2,Clear,0,7.0,5.57,1083.0,0,0,0,0,0,0,1,2,0,0.666,56.7,-1.43,0,9.097059685517216
SM103684,2025-12-23,Lucknow,Mini Truck,26.0,9,685.0,82.0,36993.0,5.3,Fog,0,7.0,6.92,694.0,1,0,0,0,0,0,12,1,0,0.342,26.69,-0.08,0,10.518511016314495
SM104148,2025-11-11,Kanpur,Mini Truck,27.5,6,1411.0,110.0,8974.0,4.4,Clear,0,8.0,4.61,1162.0,0,0,0,0,0,0,11,1,0,0.706,42.25,-3.39,0,9.10219821335648
SM103826,2025-05-04,Lucknow,Pickup,10.3,5,751.0,49.0,13150.0,7.0,Clear,1,6.0,6.44,493.0,0,0,0,0,0,0,5,6,1,0.939,47.86,0.44,1,9.484253080341965
SM100913,2025-12-24,Prayagraj,Truck,15.0,4,2622.0,138.0,38769.0,5.1,Fog,0,7.0,7.43,1423.0,0,0,0,0,0,0,12,2,0,0.524,94.87,0.43,1,10.565402030664975
SM101262,2025-06-12,Prayagraj,Mini Truck,39.4,4,1266.0,64.0,20079.0,4.8,Rain,0,7.0,7.66,1219.0,0,0,0,0,0,0,6,3,0,0.633,30.94,0.66,1,9.907479573805665
SM100769,2025-05-18,Varanasi,Mini Truck,24.0,5,1161.0,68.0,12477.0,5.6,Clear,0,7.0,5.16,1003.0,0,1,1,0,0,0,5,6,1,0.58,41.79,-1.84,0,9.431722372670732
SM100003,2025-06-10,Kanpur,Pickup,48.8,4,385.0,16.0,2666.0,5.2,Clear,0,8.0,4.8,760.0,0,0,0,0,0,0,6,1,0,0.481,15.57,-3.2,0,7.888709524182015
SM100230,2025-06-19,Prayagraj,Mini Truck,43.5,5,1520.0,71.0,20281.0,6.7,Clear,0,8.0,7.57,1481.0,0,0,0,0,0,0,6,3,0,0.76,34.05,-0.43,0,9.917489072171941
SM101488,2025-02-10,Prayagraj,Truck,33.5,4,524.0,24.0,4494.0,7.2,Clear,0,7.0,5.43,1153.0,0,0,0,0,0,0,2,0,0,0.105,34.42,-1.57,0,8.410720946905721
SM101419,2025-06-23,Prayagraj,Pickup,32.9,6,531.0,36.0,2712.0,4.8,Clear,0,7.0,6.27,741.0,0,0,0,0,0,0,6,0,0,0.664,22.52,-0.73,0,7.905810312658931
SM103594,2025-04-01,Gorakhpur,Pickup,88.0,5,541.0,37.0,9233.0,7.3,Clear,0,10.0,7.3,1269.0,0,0,0,0,0,0,4,1,0,0.676,14.42,-2.7,0,9.130647603066935
SM105446,2025-09-01,Prayagraj,Pickup,28.0,4,632.0,74.0,26929.0,5.8,Clear,0,7.0,5.86,630.0,0,0,0,0,0,0,9,0,0,0.79,22.5,-1.14,0,10.200996185805645
SM102543,2025-05-19,Varanasi,Pickup,54.3,9,320.0,39.0,6248.0,5.6,Clear,1,9.0,9.21,1095.0,0,0,1,0,0,0,5,0,0,0.4,20.17,0.21,1,8.740176729929082
SM101004,2025-02-16,Varanasi,Pickup,17.7,4,448.0,41.0,10879.0,6.3,Clear,1,6.0,6.32,497.0,0,0,0,0,0,0,2,6,1,0.56,28.08,0.32,1,9.294681520409934
SM105471,2025-06-17,Kanpur,Mini Truck,62.0,7,1218.0,103.0,23439.0,8.7,Clear,0,10.0,8.08,1612.0,0,0,0,0,0,0,6,1,0,0.609,26.0,-1.92,0,10.06219924369095
SM103336,2025-07-10,Prayagraj,Pickup,17.6,4,589.0,28.0,6476.0,7.3,Rain,0,6.0,6.69,667.0,0,0,0,0,0,0,7,3,0,0.736,37.9,0.69,1,8.776012719182917
SM100965,2025-08-03,Lucknow,Pickup,33.4,6,523.0,25.0,3835.0,5.6,Clear,0,7.0,4.63,784.0,0,0,1,0,0,0,8,6,1,0.654,23.47,-2.37,0,8.252185436003328
SM105137,2025-08-28,Lucknow,Truck,38.6,5,1604.0,69.0,4368.0,6.7,Rain,0,8.0,8.38,1645.0,0,0,0,0,0,0,8,3,0,0.321,42.62,0.38,1,8.382289428951436
SM104181,2025-05-12,Prayagraj,Pickup,18.4,4,520.0,34.0,5340.0,7.3,Fog,0,6.0,6.52,561.0,0,0,0,0,0,0,5,0,0,0.65,30.49,0.52,1,8.58316818033977
SM101113,2025-04-17,Prayagraj,Mini Truck,22.7,9,965.0,88.0,16098.0,8.4,Clear,0,8.0,7.92,903.0,0,0,0,0,0,0,4,3,0,0.482,39.78,-0.08,0,9.686512437242294
SM102634,2025-01-31,Lucknow,Pickup,17.6,3,451.0,56.0,10478.0,8.2,Fog,0,6.0,7.27,341.0,0,0,0,0,0,0,1,4,0,0.564,19.38,1.27,1,9.257128533474942
SM105057,2025-10-30,Prayagraj,Pickup,22.8,3,499.0,50.0,17134.0,5.8,Clear,0,6.0,4.44,474.0,0,0,0,0,0,0,10,3,0,0.624,20.79,-1.56,0,9.74887843430871
SM104145,2025-04-13,Kanpur,Mini Truck,15.7,7,1297.0,69.0,12039.0,3.0,Clear,0,7.0,4.29,879.0,0,0,0,0,0,0,4,6,1,0.648,55.99,-2.71,0,9.395989718862811
SM103286,2025-02-17,Prayagraj,Mini Truck,25.6,9,1156.0,53.0,7924.0,4.3,Rain,0,8.0,7.66,1080.0,0,0,0,0,0,0,2,0,0,0.578,42.19,-0.34,0,8.977777598745481
SM103735,2025-03-16,Gorakhpur,Truck,22.4,2,2828.0,174.0,26851.0,2.8,Rain,0,7.0,6.65,1685.0,0,0,0,0,0,0,3,6,1,0.566,75.22,-0.35,0,10.198095585058642
SM101412,2025-04-02,Kanpur,Truck,27.3,8,3339.0,204.0,55437.0,7.7,Clear,0,9.0,8.18,2220.0,0,0,0,0,0,0,4,2,0,0.668,81.32,-0.82,0,10.92302055817699
SM104078,2025-04-01,Lucknow,Mini Truck,11.1,7,1349.0,150.0,28151.0,7.5,Clear,0,7.0,5.82,839.0,0,0,0,0,0,0,4,1,0,0.674,75.59,-1.18,0,10.245373679001421
SM104495,2025-08-17,Kanpur,Pickup,31.7,6,518.0,31.0,4572.0,4.4,Clear,0,7.0,5.61,618.0,0,0,0,0,0,0,8,6,1,0.648,19.5,-1.39,0,8.427924723658055
SM100921,2025-07-28,Kanpur,Truck,34.9,7,3431.0,196.0,63704.0,4.8,Clear,0,9.0,8.51,2182.0,0,0,0,0,0,0,7,0,0,0.686,62.52,-0.49,0,11.062018331415482
SM101552,2025-07-14,Lucknow,Truck,21.6,7,2671.0,144.0,9286.0,5.5,Rain,0,8.0,8.25,1749.0,0,0,0,0,0,0,7,0,0,0.534,80.97,0.25,1,9.13637085177601
SM102779,2025-01-17,Lucknow,Mini Truck,81.2,7,1696.0,124.0,65448.0,5.7,Clear,0,11.0,9.87,2146.0,0,0,0,0,0,0,1,4,0,0.848,26.43,-1.13,0,11.089026492382516
SM102608,2025-07-12,Prayagraj,Mini Truck,25.4,9,1298.0,74.0,53571.0,6.7,Clear,0,8.0,7.61,1194.0,0,0,0,0,0,0,7,5,1,0.649,47.01,-0.39,0,10.888781822507013
SM100731,2025-06-02,Gorakhpur,Pickup,77.5,3,352.0,21.0,9010.0,4.9,Clear,0,9.0,7.21,1040.0,0,0,0,0,0,0,6,0,0,0.44,13.42,-1.79,0,9.106201332235038
SM102506,2025-06-17,Lucknow,Pickup,60.9,8,457.0,18.0,3893.0,7.8,Clear,1,9.0,9.71,1141.0,0,0,0,0,0,0,6,1,0,0.571,18.74,0.71,1,8.267192185932146
SM100960,2025-02-26,Prayagraj,Mini Truck,7.7,3,1427.0,60.0,8102.0,5.8,Rain,0,6.0,6.57,741.0,0,0,0,0,0,0,2,2,0,0.714,96.23,0.57,1,8.999989642460726
SM104344,2025-05-17,Prayagraj,Truck,28.8,7,2133.0,230.0,36392.0,5.8,Clear,0,8.0,7.84,1694.0,0,0,0,0,0,0,5,5,1,0.427,58.82,-0.16,0,10.502131727439028
SM102704,2025-01-26,Varanasi,Pickup,30.4,4,586.0,62.0,17085.0,5.6,Clear,0,7.0,5.16,684.0,0,0,0,0,0,0,1,6,1,0.732,22.5,-1.84,0,9.746014693711563
SM101039,2025-10-29,Kanpur,Pickup,28.049999999999997,5,457.0,32.0,3106.0,5.5,Clear,0,6.0,4.17,392.0,1,0,0,0,0,0,10,2,0,0.571,13.98,-1.83,0,8.041412909393047
SM104739,2025-07-10,Prayagraj,Mini Truck,35.8,11,1499.0,61.0,40868.0,7.7,Rain,0,10.0,10.32,1491.0,0,0,0,0,0,0,7,3,0,0.75,41.65,0.32,1,10.618127108434171
SM105155,2025-11-10,Gorakhpur,Pickup,44.8,8,514.0,24.0,7928.0,6.6,Clear,0,8.0,6.53,734.0,1,0,0,0,0,0,11,0,0,0.642,16.38,-1.47,0,8.978282203272398
SM104143,2025-06-13,Lucknow,Mini Truck,23.7,6,1156.0,47.0,9562.0,6.0,Clear,0,7.0,6.0,931.0,0,0,0,0,0,0,6,4,0,0.578,39.28,-1.0,0,9.165656764349542
SM102360,2025-08-25,Varanasi,Mini Truck,43.2,9,1353.0,130.0,17157.0,4.7,Rain,0,9.0,8.23,1533.0,0,0,0,0,0,0,8,0,0,0.676,35.49,-0.77,0,9.75021981613291
SM102652,2025-12-27,Varanasi,Truck,37.5,4,2527.0,110.0,20091.0,4.9,Rain,0,8.0,8.02,2039.0,0,0,0,0,0,0,12,5,1,0.505,54.37,0.02,1,9.908077004869936
SM100393,2025-08-07,Lucknow,Mini Truck,13.7,6,1289.0,76.0,11829.0,9.0,Clear,0,7.0,5.97,828.0,0,0,0,0,0,0,8,3,0,0.644,60.44,-1.03,0,9.378393956972433
SM101634,2025-06-01,Varanasi,Pickup,37.9,6,626.0,64.0,31579.0,5.4,Clear,0,8.0,5.95,1094.0,1,0,0,0,0,0,6,6,1,0.782,28.87,-2.05,0,10.360279287809632
SM104610,2025-02-03,Kanpur,Truck,77.2,4,3332.0,311.0,49710.0,7.1,Rain,0,10.0,11.43,3117.0,0,0,0,0,0,0,2,0,0,0.666,40.38,1.43,1,10.813981515563105
SM102772,2025-03-16,Lucknow,Mini Truck,14.6,12,1040.0,106.0,14152.0,5.6,Clear,0,9.0,6.85,1058.0,0,0,1,0,0,0,3,6,1,0.52,72.47,-2.15,0,9.55768189473384
SM100551,2025-05-24,Varanasi,Pickup,35.9,2,480.0,40.0,8043.0,6.2,Clear,0,6.0,4.86,674.0,0,0,0,0,0,0,5,5,1,0.6,18.77,-1.14,0,8.992681750892542
SM104527,2025-02-03,Kanpur,Pickup,19.0,5,338.0,23.0,4896.0,5.6,Clear,0,6.0,4.74,495.0,0,0,1,0,0,0,2,0,0,0.422,26.05,-1.26,0,8.496378051702317
SM101625,2025-12-29,Varanasi,Mini Truck,61.1,9,1122.0,121.0,15460.0,4.9,Clear,0,10.0,7.71,1662.0,0,0,0,0,0,0,12,0,0,0.561,27.2,-2.29,0,9.646076003102594
SM102196,2025-04-17,Prayagraj,Pickup,46.2,11,695.0,60.0,6905.0,6.9,Clear,0,10.0,6.77,1183.0,0,0,0,0,0,0,4,3,0,0.869,25.61,-3.23,0,8.840145877949938
SM104549,2025-11-14,Lucknow,Mini Truck,53.7,5,1523.0,115.0,12443.0,6.1,Clear,0,9.0,7.22,1594.0,0,0,0,0,0,0,11,4,0,0.762,29.68,-1.78,0,9.428993858017527
SM101822,2025-04-21,Varanasi,Truck,72.0,10,2362.0,153.0,43456.0,6.9,Clear,0,12.0,10.7,2929.0,0,0,0,0,0,0,4,0,0,0.472,40.68,-1.3,0,10.679527222435633
SM105928,2025-02-11,Prayagraj,Truck,27.1,7,3356.0,152.0,25569.0,6.4,Clear,0,9.0,7.53,2033.0,0,0,0,0,0,0,2,1,0,0.671,75.02,-1.47,0,10.149175068285233
SM102165,2025-12-04,Kanpur,Pickup,45.4,5,491.0,29.0,3819.0,10.0,Clear,0,8.0,7.32,957.0,0,0,0,0,0,0,12,3,0,0.614,21.08,-0.68,0,8.24800570160062
SM104308,2025-10-21,Lucknow,Pickup,21.9,7,629.0,27.0,7058.0,5.1,Clear,1,7.0,7.19,625.0,0,0,0,0,0,0,10,1,0,0.786,28.54,0.19,1,8.862058677395472
SM102242,2025-06-15,Prayagraj,Pickup,35.0,11,565.0,40.0,12038.0,7.6,Rain,0,9.0,8.86,1024.0,0,0,0,0,0,0,6,6,1,0.706,29.26,-0.14,0,9.395906658935026
SM103137,2025-06-24,Lucknow,Pickup,22.9,4,454.0,47.0,14182.0,3.0,Clear,0,6.0,4.36,659.0,0,0,0,0,0,0,6,1,0,0.568,28.78,-1.64,0,9.559799343294607
SM104599,2025-09-24,Varanasi,Mini Truck,32.5,2,1298.0,160.0,36645.0,7.8,Clear,0,7.0,4.51,1039.0,0,0,0,0,0,0,9,2,0,0.649,31.97,-2.49,0,10.50905956084012
SM100703,2025-03-04,Varanasi,Pickup,26.5,9,376.0,22.0,2418.0,5.4,Clear,0,8.0,6.64,810.0,0,0,0,0,0,0,3,1,0,0.47,30.57,-1.36,0,7.791109510610028
SM100823,2025-08-26,Lucknow,Truck,16.3,7,4076.0,181.0,14402.0,3.9,Rain,0,9.0,8.83,2113.0,0,0,0,0,0,0,8,1,0,0.815,129.63,-0.17,0,9.57519179719905
SM102045,2025-12-29,Gorakhpur,Mini Truck,33.4,4,1161.0,129.0,11695.0,4.5,Clear,0,7.0,6.7,1104.0,0,1,0,0,0,0,12,0,0,0.58,33.05,-0.3,0,9.36700218198956
SM104359,2025-12-20,Varanasi,Truck,30.1,6,2392.0,148.0,21502.0,1.7,Fog,0,8.0,7.03,1788.0,0,0,0,0,0,0,12,5,1,0.478,59.4,-0.97,0,9.975947739265388
SM103021,2025-02-17,Gorakhpur,Truck,46.2,8,2583.0,143.0,14574.0,7.5,Clear,0,10.0,9.35,2259.0,0,0,0,0,0,0,2,0,0,0.517,48.9,-0.65,0,9.587063011218692
SM105075,2025-05-18,Prayagraj,Truck,70.7,4,2840.0,97.0,22268.0,5.5,Clear,0,9.0,7.85,2549.0,0,1,0,0,0,0,5,6,1,0.568,36.05,-1.15,0,10.010950855785657
SM103401,2025-12-02,Lucknow,Truck,25.4,6,2787.0,239.0,82353.5,4.8,Clear,0,8.0,6.77,1804.0,1,0,0,0,0,0,12,1,0,0.557,71.02,-1.23,0,11.318788378921557
SM102606,2025-07-14,Lucknow,Mini Truck,26.0,4,1269.0,57.0,10353.0,6.6,Rain,0,6.0,5.08,560.0,1,0,0,0,0,0,7,0,0,0.634,21.54,-0.92,0,9.245128197461847
SM102036,2025-08-02,Gorakhpur,Mini Truck,24.0,5,1184.0,76.0,13335.0,6.5,Clear,0,7.0,5.91,1030.0,0,0,0,0,0,0,8,5,1,0.592,42.92,-1.09,0,9.49822242443063
SM100901,2025-01-16,Kanpur,Pickup,50.4,9,639.0,28.0,14085.0,4.4,Fog,0,9.0,9.13,1085.0,0,0,0,0,0,0,1,3,0,0.799,21.53,0.13,1,9.552936675305356
SM101666,2025-10-02,Kanpur,Pickup,36.3,7,408.0,17.0,3639.0,4.6,Clear,1,8.0,6.97,775.0,0,0,0,0,0,0,10,3,0,0.51,21.35,-1.03,0,8.199738960630786
SM104899,2025-08-02,Prayagraj,Mini Truck,41.1,3,1161.0,93.0,27186.0,6.6,Rain,0,7.0,7.46,1097.0,0,0,0,0,0,0,8,5,1,0.58,26.69,0.46,1,10.21049419685733
SM101335,2025-12-31,Lucknow,Pickup,64.8,5,708.0,83.0,7299.0,4.2,Rain,0,9.0,7.51,1146.0,0,0,0,0,0,0,12,2,0,0.885,17.69,-1.49,0,8.895629627136483
SM103053,2025-05-11,Lucknow,Truck,41.6,5,2219.0,208.0,24915.0,4.7,Clear,0,8.0,7.0,1946.0,0,0,0,0,0,0,5,6,1,0.444,46.78,-1.0,0,10.123265446374036
SM101561,2025-04-03,Lucknow,Pickup,19.5,5,519.0,40.0,6205.0,7.7,Clear,1,6.0,6.28,443.0,0,0,0,0,0,1,4,3,0,0.649,22.72,0.28,1,8.733271845008325
SM104338,2025-09-28,Lucknow,Mini Truck,30.3,7,1161.0,68.0,8499.0,4.7,Clear,0,8.0,5.59,1253.0,0,1,0,0,0,0,9,6,1,0.58,41.35,-2.41,0,9.047821442478408
SM103135,2025-01-06,Lucknow,Pickup,28.6,3,533.0,49.0,7938.0,5.6,Fog,0,6.0,7.51,675.0,0,0,1,0,0,0,1,0,0,0.666,23.6,1.51,1,8.979542601725113
SM100194,2025-12-17,Varanasi,Mini Truck,59.5,7,1148.0,73.0,22748.0,5.6,Rain,0,9.0,9.11,1691.0,0,0,0,0,0,0,12,2,0,0.574,28.42,0.11,1,10.032276467369046
SM103155,2025-11-06,Lucknow,Mini Truck,27.0,10,1644.0,80.0,19975.0,7.9,Clear,0,9.0,6.66,1275.0,0,0,0,0,0,0,11,3,0,0.822,47.22,-2.34,0,9.902286831959609
SM103422,2025-08-08,Varanasi,Mini Truck,35.849999999999994,5,1255.0,58.0,6527.0,7.3,Clear,0,7.0,5.76,805.0,1,0,0,0,0,0,8,4,0,0.628,22.45,-1.24,0,8.783855896643942
SM101406,2025-05-07,Gorakhpur,Mini Truck,46.2,7,1745.0,150.0,40969.0,6.3,Clear,0,19.0,16.6,4711.0,1,0,0,0,0,0,5,2,0,0.872,101.97,-2.4,0,10.620595370540917
SM103816,2025-06-14,Varanasi,Pickup,35.3,4,481.0,20.0,14911.0,2.2,Clear,0,7.0,3.37,685.0,0,0,0,0,0,0,6,5,1,0.601,19.41,-3.63,0,9.609921536925372
SM100659,2025-04-16,Lucknow,Pickup,34.7,6,524.0,47.0,11569.0,7.7,Clear,0,8.0,6.37,803.0,0,0,0,0,0,0,4,2,0,0.655,23.14,-1.63,0,9.356170820187723
SM103846,2025-10-09,Lucknow,Mini Truck,28.1,6,811.0,44.0,23552.0,3.5,Clear,0,7.0,5.5,1009.0,0,0,0,0,0,0,10,3,0,0.406,35.91,-1.5,0,10.067008479866365
SM104974,2025-10-20,Kanpur,Truck,19.9,5,595.0,61.0,46152.0,6.5,Clear,1,6.0,6.76,768.0,0,0,0,0,0,0,10,0,0,0.119,38.59,0.76,1,10.739717243235356
SM102921,2025-10-09,Lucknow,Pickup,25.5,10,306.0,13.0,3766.0,5.0,Clear,0,8.0,5.98,711.0,0,0,0,0,0,0,10,3,0,0.382,27.88,-2.02,0,8.23403420769204
SM100994,2025-07-13,Lucknow,Mini Truck,40.3,6,670.0,34.0,11109.0,7.0,Rain,0,8.0,7.78,1105.0,0,0,0,0,0,0,7,6,1,0.335,27.42,-0.22,0,9.315600882633676
SM102827,2025-12-11,Lucknow,Mini Truck,27.5,7,1209.0,102.0,23877.0,7.8,Fog,0,8.0,8.83,1077.0,0,0,0,0,0,0,12,3,0,0.604,39.16,0.83,1,10.080712811905334
SM103176,2025-08-13,Varanasi,Pickup,48.3,5,609.0,53.0,23138.0,3.2,Rain,0,8.0,6.4,912.0,0,0,0,0,0,0,8,2,0,0.761,18.88,-1.6,0,10.049274784602108
SM104152,2025-11-29,Gorakhpur,Truck,62.2,4,4110.0,232.0,54114.0,3.8,Rain,0,10.0,9.22,3051.0,0,0,0,0,0,0,11,5,1,0.822,49.05,-0.78,0,10.898866690729246
SM103985,2025-05-05,Varanasi,Truck,51.2,5,2573.0,184.0,74002.0,3.5,Clear,0,9.0,8.03,2360.0,0,0,0,0,0,0,5,0,0,0.515,46.09,-0.97,0,11.211860911905102
SM105638,2025-02-09,Varanasi,Mini Truck,19.9,9,728.0,40.0,9754.0,8.9,Clear,0,8.0,6.75,873.0,0,0,0,0,0,0,2,6,1,0.364,43.87,-1.25,0,9.185535253057212
SM102320,2025-02-06,Lucknow,Truck,8.5,8,2771.0,118.0,22790.0,4.3,Clear,0,8.0,6.48,1361.0,0,0,0,0,0,0,2,3,0,0.554,160.12,-1.52,0,10.034121000171332
SM101126,2025-11-08,Prayagraj,Pickup,31.2,9,510.0,30.0,4877.0,5.9,Clear,0,8.0,5.73,789.0,0,0,0,0,0,0,11,5,1,0.638,25.29,-2.27,0,8.492490578775866
SM104797,2025-02-15,Kanpur,Mini Truck,36.3,4,75.0,6.0,1085.0,3.8,Rain,0,7.0,5.2,745.0,0,0,0,0,0,0,2,5,1,0.038,20.52,-1.8,0,6.990256500493881
SM104168,2025-07-05,Varanasi,Mini Truck,39.4,4,984.0,42.0,10763.0,7.2,Rain,0,7.0,8.26,1290.0,0,0,0,0,0,0,7,5,1,0.492,32.74,1.26,1,9.283962511846797
SM101020,2025-01-21,Lucknow,Truck,18.6,6,3637.0,289.0,82353.5,3.9,Clear,0,8.0,7.02,1926.0,0,0,0,0,0,0,1,1,0,0.727,103.55,-0.98,0,11.318788378921557
SM100218,2025-06-13,Prayagraj,Pickup,19.7,7,296.0,15.0,3050.0,6.2,Clear,0,7.0,3.51,653.0,0,0,0,0,0,0,6,4,0,0.37,33.15,-3.49,0,8.02322468471667
SM102961,2025-06-03,Lucknow,Mini Truck,27.6,6,1252.0,56.0,3074.0,5.1,Clear,0,8.0,5.13,1130.0,0,0,0,0,0,0,6,1,0,0.626,40.94,-2.87,0,8.031060180240619
SM101413,2025-10-17,Lucknow,Mini Truck,17.7,4,887.0,61.0,9231.0,6.1,Rain,0,6.0,5.37,707.0,0,0,0,0,0,0,10,4,0,0.444,39.94,-0.63,0,9.13043098874788
SM102774,2025-07-18,Lucknow,Mini Truck,25.8,8,1362.0,92.0,22340.0,2.9,Clear,0,8.0,6.34,1189.0,0,0,0,0,0,0,7,4,0,0.681,46.09,-1.66,0,10.014178834378756
SM100771,2025-12-27,Gorakhpur,Mini Truck,41.6,9,807.0,36.0,5770.0,6.7,Fog,0,9.0,8.26,1137.0,0,0,0,0,0,0,12,5,1,0.404,27.33,-0.74,0,8.660600654710967
SM104649,2025-04-06,Varanasi,Mini Truck,30.5,6,1041.0,61.0,10873.0,5.7,Clear,0,8.0,5.79,1179.0,0,0,0,1,0,0,4,6,1,0.52,38.66,-2.21,0,9.294129897705867
SM100013,2025-10-05,Varanasi,Truck,35.0,8,2462.0,110.0,7869.0,7.0,Rain,0,9.0,9.62,1854.0,0,0,0,0,0,0,10,6,1,0.492,52.97,0.62,1,8.970813341411448
SM102706,2025-09-15,Gorakhpur,Mini Truck,26.1,5,1071.0,83.0,25486.0,2.6,Clear,0,7.0,4.72,909.0,0,0,0,0,0,0,9,0,0,0.536,34.83,-2.28,0,10.145923797230747
SM104685,2025-09-23,Kanpur,Mini Truck,52.4,2,894.0,39.0,5178.0,4.5,Rain,0,7.0,7.2,1205.0,0,0,0,0,0,0,9,1,0,0.447,23.0,0.2,1,8.552367266423891
SM101160,2025-08-01,Varanasi,Mini Truck,34.4,3,1586.0,73.0,26581.0,5.3,Rain,0,7.0,6.46,1196.0,0,0,0,0,0,0,8,4,0,0.793,34.77,-0.54,0,10.187989573981278
SM104894,2025-06-25,Prayagraj,Truck,31.2,5,3171.0,173.0,27740.0,5.9,Clear,0,8.0,7.7,1995.0,0,0,0,0,0,0,6,2,0,0.634,63.94,-0.3,0,10.230666742245749
SM105900,2025-12-06,Lucknow,Truck,17.8,8,2077.0,240.0,82353.5,7.5,Clear,0,8.0,8.07,1517.0,0,0,0,0,0,0,12,5,1,0.415,85.22,0.07,1,11.318788378921557
SM103891,2025-12-04,Prayagraj,Pickup,19.3,4,549.0,52.0,5366.0,4.3,Clear,0,6.0,5.37,513.0,0,0,0,0,0,0,12,3,0,0.686,26.58,-0.63,0,8.588024372176829
SM100133,2025-07-24,Lucknow,Truck,62.5,9,2953.0,187.0,43388.0,10.0,Clear,0,11.0,10.91,2953.0,0,0,0,0,0,0,7,3,0,0.591,47.25,-0.09,0,10.677961231741842
SM102890,2025-02-24,Gorakhpur,Mini Truck,36.8,5,1537.0,168.0,82353.5,3.0,Clear,1,8.0,6.91,1306.0,0,0,0,0,0,0,2,0,0,0.768,35.49,-1.09,0,11.318788378921557
SM100827,2025-11-24,Prayagraj,Truck,27.9,6,3347.0,318.0,82353.5,6.7,Fog,0,9.0,9.94,2014.0,0,0,0,0,0,0,11,0,0,0.669,72.19,0.94,1,11.318788378921557
SM105623,2025-11-15,Varanasi,Mini Truck,53.3,3,865.0,67.0,7934.0,6.5,Clear,0,8.0,6.38,1163.0,0,0,0,0,0,0,11,5,1,0.432,21.82,-1.62,0,8.97903863296051
SM104113,2025-12-23,Varanasi,Mini Truck,86.9,5,1239.0,76.0,13782.0,8.9,Rain,0,10.0,9.25,2022.0,0,0,0,0,0,0,12,1,0,0.62,23.27,-0.75,0,9.531191227694439
SM104904,2025-03-11,Gorakhpur,Pickup,42.6,5,384.0,16.0,5071.0,5.1,Clear,0,8.0,6.24,708.0,0,0,0,0,0,0,3,1,0,0.48,16.62,-1.76,0,8.531490496117062
SM104955,2025-03-12,Varanasi,Mini Truck,62.3,3,1730.0,98.0,20603.0,5.4,Clear,0,9.0,6.56,1709.0,0,0,0,0,0,0,3,2,0,0.865,27.43,-2.44,0,9.933240510685476
SM103100,2025-05-14,Varanasi,Pickup,20.8,5,539.0,24.0,2949.0,7.8,Clear,0,7.0,5.53,614.0,0,0,0,0,0,0,5,2,0,0.674,29.52,-1.47,0,7.989560449333865
SM105279,2025-03-14,Prayagraj,Mini Truck,39.0,4,1180.0,57.0,29669.0,6.7,Rain,1,7.0,8.53,1074.0,0,0,0,0,0,0,3,4,0,0.59,27.54,1.53,1,10.297891713284868
SM103628,2025-11-05,Lucknow,Truck,11.9,6,1355.0,57.0,23697.0,7.4,Rain,1,7.0,7.75,946.0,0,0,0,0,0,0,11,2,0,0.271,79.5,0.75,1,10.073145935376685
SM101298,2025-07-13,Varanasi,Truck,57.1,6,3184.0,160.0,82353.5,5.9,Clear,0,10.0,8.44,2703.0,0,0,0,0,0,0,7,6,1,0.637,47.34,-1.56,0,11.318788378921557
SM102252,2025-03-30,Lucknow,Pickup,11.1,5,473.0,24.0,2610.0,4.7,Clear,0,6.0,5.83,451.0,0,0,0,0,0,0,3,6,1,0.591,40.63,-0.17,0,7.8674885686991285
SM104185,2025-07-28,Prayagraj,Pickup,14.3,3,529.0,23.0,5667.0,6.7,Rain,0,6.0,5.48,461.0,0,0,0,0,0,0,7,0,0,0.661,32.24,-0.52,0,8.64259160081057
SM105653,2025-06-19,Lucknow,Truck,25.0,3,3615.0,146.0,30764.0,1.8,Clear,0,8.0,4.6,1916.0,0,0,0,0,0,0,6,3,0,0.723,76.64,-3.4,0,10.33413295917459
SM105513,2025-11-14,Gorakhpur,Pickup,29.4,8,301.0,24.0,3384.0,4.4,Clear,0,8.0,6.89,627.0,0,0,0,0,0,0,11,4,0,0.376,21.33,-1.11,0,8.127109185346375
SM104261,2025-03-15,Kanpur,Truck,48.5,5,2973.0,175.0,72828.0,5.7,Clear,0,9.0,8.7,2327.0,0,0,0,1,0,0,3,5,1,0.595,47.98,-0.3,0,11.195869506512176
SM104108,2025-07-07,Prayagraj,Mini Truck,56.5,7,794.0,32.0,5760.0,5.4,Rain,0,9.0,8.91,1303.0,0,0,0,0,0,0,7,0,0,0.397,23.06,-0.09,0,8.658866349732383
SM105586,2025-03-23,Lucknow,Mini Truck,33.2,3,364.0,33.0,5389.0,4.0,Rain,0,6.0,5.47,709.0,0,0,0,0,0,0,3,6,1,0.182,21.36,-0.53,0,8.592300663903043
SM105957,2025-09-19,Varanasi,Mini Truck,29.5,8,1321.0,109.0,21787.0,7.4,Clear,0,8.0,7.72,1277.0,0,0,0,0,0,0,9,4,0,0.66,43.29,-0.28,0,9.989114638503565
SM101094,2025-04-30,Lucknow,Mini Truck,42.3,10,1525.0,89.0,18711.0,7.6,Clear,0,10.0,8.81,1687.0,0,0,0,0,0,0,4,2,0,0.762,39.88,-1.19,0,9.836920308264014
SM105755,2025-05-27,Lucknow,Mini Truck,42.6,12,894.0,84.0,22815.0,5.9,Clear,0,10.0,7.77,1343.0,0,0,0,0,0,0,5,1,0,0.447,31.53,-2.23,0,10.035217323214022
SM105860,2025-07-07,Lucknow,Pickup,21.4,9,367.0,24.0,2524.0,4.9,Clear,0,8.0,5.88,629.0,0,0,0,0,0,0,7,0,0,0.459,29.39,-2.12,0,7.83399634170946
SM100622,2025-03-02,Prayagraj,Pickup,17.0,6,200.0,13.0,2823.0,3.5,Clear,0,6.0,4.09,440.0,0,0,0,0,0,0,3,6,1,0.25,25.88,-1.91,0,7.945909598613133
SM104035,2025-01-12,Varanasi,Mini Truck,31.7,5,1204.0,57.0,6627.0,5.5,Clear,0,7.0,5.86,1088.0,0,0,0,0,0,0,1,6,1,0.602,34.32,-1.14,0,8.799058378546453
SM105321,2025-11-03,Varanasi,Mini Truck,34.1,5,774.0,46.0,5792.0,6.5,Clear,0,7.0,6.03,1003.0,0,0,0,0,0,0,11,0,0,0.387,29.41,-0.97,0,8.664405571096625
SM104577,2025-03-14,Lucknow,Pickup,12.7,7,655.0,60.0,23709.0,5.7,Clear,1,7.0,6.08,529.0,0,0,0,0,0,0,3,4,0,0.819,41.65,-0.92,0,10.07365217905945
SM104911,2025-07-16,Lucknow,Truck,35.6,3,3264.0,238.0,42543.0,6.8,Clear,0,8.0,7.63,2047.0,0,0,0,0,0,0,7,2,0,0.653,57.5,-0.37,0,10.658294113482802
SM100804,2025-09-27,Lucknow,Truck,26.6,4,2746.0,216.0,80774.0,7.1,Clear,0,8.0,7.4,1732.0,0,0,0,0,0,0,9,5,1,0.549,65.11,-0.6,0,11.299422790692699
SM101030,2025-06-27,Prayagraj,Mini Truck,34.6,6,1337.0,59.0,13674.5,6.1,Clear,0,8.0,5.79,1145.0,0,0,0,0,1,0,6,4,0,0.668,33.09,-2.21,0,9.523361189693068
SM100587,2025-02-06,Prayagraj,Mini Truck,26.0,7,1831.0,222.0,29678.0,8.6,Clear,0,8.0,7.78,926.0,0,0,0,0,0,1,2,3,0,0.916,35.62,-0.22,0,10.298195003991331
SM104733,2025-04-07,Lucknow,Mini Truck,48.3,10,998.0,53.0,12130.0,5.6,Clear,0,10.0,7.96,1462.0,0,0,1,0,0,0,4,0,0,0.499,30.27,-2.04,0,9.40351943877092
SM102294,2025-09-18,Kanpur,Pickup,17.6,10,359.0,20.0,3238.0,3.3,Rain,0,8.0,7.14,751.0,0,0,0,0,0,0,9,3,0,0.449,42.67,-0.86,0,8.08301991917133
SM103198,2025-12-24,Prayagraj,Pickup,29.5,9,259.0,20.0,2370.0,5.8,Fog,0,8.0,8.31,718.0,0,0,0,0,0,0,12,2,0,0.324,24.34,0.31,1,7.771067086065406
SM105819,2025-07-27,Gorakhpur,Truck,23.7,5,3574.0,208.0,50623.0,4.5,Rain,0,8.0,8.32,1440.0,0,0,0,0,0,1,7,6,1,0.715,60.76,0.32,1,10.832181051127325
SM105448,2025-06-06,Lucknow,Mini Truck,12.4,8,1586.0,100.0,15675.0,6.8,Clear,0,8.0,6.46,1106.0,0,0,0,0,0,0,6,4,0,0.793,89.19,-1.54,0,9.659886159319521
SM100593,2025-12-24,Lucknow,Pickup,12.0,5,363.0,25.0,2605.0,6.2,Fog,0,6.0,6.29,416.0,0,0,0,0,0,0,12,2,0,0.454,34.67,0.29,1,7.8655717576847906
SM105313,2025-05-24,Prayagraj,Pickup,17.5,5,416.0,22.0,8937.0,7.6,Clear,0,6.0,5.46,451.0,0,0,0,0,0,0,5,5,1,0.52,25.77,-0.54,0,9.098067129493398
SM103486,2025-05-05,Lucknow,Pickup,32.3,7,632.0,27.0,3980.0,7.0,Clear,0,8.0,7.52,836.0,0,0,0,0,0,0,5,0,0,0.79,25.88,-0.48,0,8.289288323000317
SM104302,2025-02-18,Kanpur,Mini Truck,17.0,8,1648.0,112.0,17137.0,6.2,Clear,0,8.0,5.88,1205.0,0,0,0,0,0,0,2,1,0,0.824,70.88,-2.12,0,9.749053499229063
SM102098,2025-10-02,Kanpur,Pickup,30.8,7,350.0,15.0,1959.0,6.8,Clear,1,8.0,7.3,739.0,0,0,0,0,0,0,10,3,0,0.438,23.99,-0.7,0,7.580699752224563
SM103766,2025-09-05,Kanpur,Mini Truck,11.5,8,1117.0,50.0,15386.0,8.2,Clear,1,7.0,7.07,830.0,0,0,0,0,0,0,9,4,0,0.558,72.17,0.07,1,9.641278276057378
SM101963,2025-10-26,Lucknow,Truck,26.0,6,2388.0,106.0,50445.0,7.9,Rain,0,8.0,8.61,1692.0,0,0,0,0,0,0,10,6,1,0.478,65.08,0.61,1,10.82865873621622
SM102804,2025-03-04,Prayagraj,Truck,40.9,4,2789.0,247.0,82353.5,3.4,Clear,0,8.0,7.78,1988.0,0,0,0,0,0,0,3,1,0,0.558,48.61,-0.22,0,11.318788378921557
SM100756,2025-09-27,Lucknow,Mini Truck,11.4,6,677.0,70.0,15820.0,4.6,Clear,0,6.0,4.59,658.0,0,0,0,0,0,0,9,5,1,0.338,57.72,-1.41,0,9.669093450449063
SM105360,2025-08-27,Lucknow,Pickup,5.1,12,408.0,26.0,4930.0,5.2,Rain,0,8.0,7.16,655.0,0,0,0,0,0,0,8,2,0,0.51,128.43,-0.84,0,8.503297086224126
SM100757,2025-05-20,Lucknow,Mini Truck,21.2,6,1655.0,138.0,10968.0,4.1,Clear,0,7.0,6.2,1042.0,0,0,0,0,0,0,5,1,0,0.828,49.15,-0.8,0,9.302828391411333
SM103725,2025-12-28,Prayagraj,Pickup,41.8,5,248.0,23.0,1638.0,5.8,Clear,0,7.0,7.06,736.0,0,0,0,0,0,0,12,6,1,0.31,17.61,0.06,1,7.40184157874383
SM105273,2025-06-19,Kanpur,Mini Truck,70.1,5,965.0,45.0,9102.0,4.4,Clear,0,9.0,7.44,1686.0,0,0,0,0,0,0,6,3,0,0.482,24.05,-1.56,0,9.116359308505288
SM100599,2025-08-23,Prayagraj,Pickup,23.3,5,492.0,58.0,10306.0,7.3,Rain,0,7.0,7.22,539.0,0,0,0,0,0,0,8,5,1,0.615,23.13,0.22,1,9.240578555036793
SM101384,2025-05-22,Kanpur,Truck,36.0,5,3697.0,368.0,69448.0,5.0,Clear,0,9.0,7.69,2361.0,0,0,0,0,0,0,5,3,0,0.739,65.58,-1.31,0,11.148347949230732
SM100443,2025-06-28,Prayagraj,Mini Truck,44.6,6,1320.0,116.0,24389.0,6.5,Clear,0,8.0,7.42,1362.0,0,0,0,0,0,0,6,5,1,0.66,30.54,-0.58,0,10.101928491209966
SM100358,2025-02-03,Varanasi,Pickup,19.9,4,677.0,33.0,5598.0,3.6,Clear,0,6.0,4.76,659.0,0,0,0,0,1,0,2,0,0,0.846,33.12,-1.24,0,8.630343289348893
SM105339,2025-06-20,Kanpur,Mini Truck,44.3,5,909.0,91.0,12884.0,5.1,Clear,0,8.0,7.78,1121.0,0,0,0,0,0,0,6,4,0,0.454,25.3,-0.22,0,9.463819123086465
SM103906,2025-09-19,Kanpur,Truck,4.9,5,1713.0,74.0,11089.0,6.2,Rain,0,6.0,7.24,885.0,0,0,0,0,0,0,9,4,0,0.343,180.61,1.24,1,9.313799080344413
SM104183,2025-11-08,Prayagraj,Pickup,63.8,4,416.0,51.0,10169.0,5.2,Clear,0,8.0,6.33,1072.0,0,0,0,0,0,0,11,5,1,0.52,16.8,-1.67,0,9.227197489042606
SM100998,2025-12-18,Prayagraj,Truck,11.5,8,2327.0,143.0,17371.0,2.6,Fog,0,8.0,8.5,1411.0,0,0,0,0,0,0,12,3,0,0.465,122.7,0.5,1,9.762614993654713
SM105524,2025-08-12,Lucknow,Pickup,21.5,11,443.0,29.0,82353.5,5.8,Clear,1,8.0,7.96,696.0,0,0,0,0,0,0,8,1,0,0.554,32.37,-0.04,0,11.318788378921557
SM105162,2025-04-15,Lucknow,Pickup,45.0,6,438.0,49.0,6313.0,5.6,Clear,0,8.0,6.69,846.0,0,0,0,0,0,0,4,1,0,0.548,18.8,-1.31,0,8.750524669117937
SM102305,2025-02-05,Varanasi,Pickup,22.8,5,566.0,69.0,10178.0,5.6,Fog,0,7.0,6.8,633.0,0,0,1,0,0,0,2,2,0,0.708,27.76,-0.2,0,9.22808205345234
SM102805,2025-12-20,Kanpur,Pickup,28.049999999999997,5,418.0,19.0,7108.0,5.8,Fog,0,6.0,6.79,508.0,1,0,0,0,0,0,12,5,1,0.522,18.11,0.79,1,8.869116865929483
SM105487,2025-10-07,Lucknow,Pickup,7.3,5,493.0,20.0,3994.0,5.3,Clear,0,6.0,4.32,554.0,0,0,0,0,0,0,10,1,0,0.616,75.89,-1.68,0,8.292798858200374
SM102394,2025-06-22,Prayagraj,Pickup,22.5,3,291.0,15.0,3558.0,5.2,Clear,0,6.0,4.78,369.0,0,0,0,0,0,0,6,6,1,0.364,16.4,-1.22,0,8.177234885510194
SM100661,2025-09-26,Gorakhpur,Mini Truck,31.8,3,862.0,44.0,12379.0,6.4,Rain,0,7.0,6.79,863.0,0,0,0,0,0,0,9,4,0,0.431,27.14,-0.21,0,9.423837546238587
SM103983,2025-09-04,Kanpur,Mini Truck,33.5,6,1464.0,80.0,11186.0,7.7,Rain,0,8.0,7.69,1181.0,0,0,0,0,0,0,9,3,0,0.732,35.25,-0.31,0,9.32250766884693
SM104686,2025-12-13,Prayagraj,Mini Truck,29.6,3,910.0,55.0,12270.0,7.9,Clear,0,6.0,5.6,880.0,0,0,0,0,0,0,12,5,1,0.455,29.73,-0.4,0,9.414994033976548
SM105950,2025-05-27,Prayagraj,Pickup,32.8,5,462.0,24.0,11110.0,4.9,Clear,0,7.0,5.74,621.0,1,1,0,0,0,0,5,1,0,0.578,18.93,-1.26,0,9.315690887584008
SM100191,2025-08-19,Lucknow,Pickup,19.4,7,522.0,26.0,8440.0,8.9,Clear,0,7.0,6.62,563.0,0,0,0,0,0,0,8,1,0,0.652,29.02,-0.38,0,9.04085606398372
SM100893,2025-12-24,Varanasi,Mini Truck,66.9,5,947.0,50.0,3088.0,7.7,Fog,0,9.0,8.87,1588.0,0,0,0,0,0,0,12,2,0,0.474,23.74,-0.13,0,8.035602692918582
SM105277,2025-10-28,Kanpur,Pickup,32.0,6,528.0,28.0,5119.0,5.6,Rain,1,7.0,9.53,645.0,0,0,1,0,0,0,10,1,0,0.66,20.16,2.53,1,8.540909718033554
SM102801,2025-06-12,Varanasi,Pickup,24.5,6,518.0,23.0,2373.0,4.9,Clear,0,7.0,5.43,750.0,0,0,0,0,0,0,6,3,0,0.648,30.61,-1.57,0,7.772331575169614
SM105543,2025-10-19,Gorakhpur,Pickup,81.5,5,520.0,45.0,5339.0,4.4,Rain,0,10.0,8.79,1369.0,0,0,0,0,0,0,10,6,1,0.65,16.8,-1.21,0,8.582980931954241
SM104319,2025-01-16,Prayagraj,Mini Truck,13.8,7,1240.0,101.0,16537.0,4.7,Fog,0,7.0,6.48,939.0,0,0,0,0,0,0,1,3,0,0.62,68.04,-0.52,0,9.713416042282113
SM100321,2025-02-09,Prayagraj,Mini Truck,20.1,4,912.0,72.0,13615.0,3.3,Clear,0,6.0,4.66,715.0,0,0,0,0,0,0,2,6,1,0.456,35.57,-1.34,0,9.519000850813155
SM101055,2025-12-30,Kanpur,Mini Truck,23.9,8,798.0,79.0,37635.0,5.7,Rain,0,8.0,7.61,1028.0,0,0,0,0,0,0,12,1,0,0.399,43.01,-0.39,0,10.535716318126656
SM100197,2025-02-13,Lucknow,Mini Truck,15.5,3,1475.0,165.0,44911.0,6.8,Clear,0,6.0,3.87,927.0,0,0,0,0,0,0,2,3,0,0.738,59.81,-2.13,0,10.712460298601664
SM105688,2025-10-04,Lucknow,Mini Truck,10.6,8,1377.0,60.0,16147.0,4.1,Clear,0,7.0,6.21,978.0,0,0,0,0,0,0,10,5,1,0.688,92.26,-0.79,0,9.689551481972831
SM105260,2025-12-29,Prayagraj,Pickup,33.5,6,678.0,41.0,8776.0,8.8,Clear,0,8.0,6.51,869.0,0,0,0,0,0,0,12,0,0,0.848,25.94,-1.49,0,9.079889942592118
SM103448,2025-08-09,Varanasi,Truck,34.9,7,3929.0,206.0,64577.0,7.8,Clear,1,10.0,10.49,2441.0,0,0,0,0,0,0,8,5,1,0.786,69.94,0.49,1,11.075629074492353
SM101907,2025-02-28,Lucknow,Mini Truck,49.0,3,610.0,73.0,30887.0,5.5,Clear,0,7.0,5.11,1171.0,0,0,0,0,0,0,2,4,0,0.305,23.9,-1.89,0,10.338123037944072
SM100256,2025-09-05,Lucknow,Mini Truck,23.7,4,1242.0,56.0,7105.0,2.8,Rain,1,7.0,6.53,995.0,0,0,0,0,0,0,9,4,0,0.621,41.98,-0.47,0,8.868694776580972
SM103190,2025-01-02,Kanpur,Mini Truck,33.9,7,650.0,26.0,6527.0,5.7,Clear,0,8.0,5.28,899.0,0,0,0,0,0,0,1,3,0,0.325,26.52,-2.72,0,8.783855896643942
SM105333,2025-11-23,Varanasi,Pickup,15.9,3,566.0,37.0,2212.0,5.1,Clear,0,6.0,4.2,497.0,0,0,0,0,0,0,11,6,1,0.708,31.26,-1.8,0,7.70210434005105
SM103307,2025-02-19,Kanpur,Mini Truck,17.8,6,328.0,34.0,7144.0,5.3,Clear,0,7.0,5.34,582.0,0,0,0,0,0,0,2,2,0,0.164,32.7,-1.66,0,8.874168090363968
SM103081,2025-10-27,Lucknow,Pickup,40.9,4,483.0,30.0,9397.0,6.2,Rain,0,7.0,7.25,776.0,0,0,0,0,0,0,10,0,0,0.604,18.97,0.25,1,9.14825217966276
SM105465,2025-07-22,Prayagraj,Truck,19.4,7,2514.0,174.0,27266.0,7.7,Clear,0,8.0,8.33,1531.0,0,0,0,0,0,0,7,1,0,0.503,78.92,0.33,1,10.21343245878688
SM105093,2025-12-21,Gorakhpur,Pickup,42.4,7,597.0,36.0,14209.0,4.7,Clear,0,8.0,6.02,902.0,0,0,0,0,0,0,12,6,1,0.746,21.27,-1.98,0,9.561701221091147
SM103528,2025-03-10,Prayagraj,Pickup,17.2,5,422.0,18.0,5598.0,8.2,Clear,0,6.0,5.11,569.0,0,0,0,0,1,0,3,0,0,0.528,33.08,-0.89,0,8.630343289348893
SM100246,2025-10-04,Prayagraj,Mini Truck,17.2,10,921.0,70.0,13989.0,6.9,Clear,0,8.0,7.18,967.0,0,0,0,0,0,0,10,5,1,0.46,56.22,-0.82,0,9.546098067659527
SM101832,2025-08-03,Varanasi,Mini Truck,25.2,4,814.0,48.0,9299.0,4.9,Rain,0,7.0,6.62,883.0,0,0,0,0,0,0,8,6,1,0.407,35.04,-0.38,0,9.137769679141348
SM101213,2025-11-13,Lucknow,Pickup,29.9,6,307.0,12.0,5596.0,5.6,Clear,0,7.0,5.18,627.0,0,0,0,0,0,0,11,3,0,0.384,20.97,-1.82,0,8.62998601889136
SM104514,2025-11-29,Varanasi,Pickup,12.4,8,375.0,23.0,7563.0,5.6,Clear,0,7.0,5.08,546.0,0,0,1,0,0,0,11,5,1,0.469,44.03,-1.92,0,8.931155429778348
SM103804,2025-01-09,Gorakhpur,Pickup,56.6,4,573.0,31.0,6143.0,7.7,Clear,0,8.0,6.82,964.0,0,0,0,0,0,0,1,3,0,0.716,17.03,-1.18,0,8.723231274827508
SM105931,2025-07-18,Prayagraj,Mini Truck,42.6,6,1662.0,82.0,16411.0,6.5,Clear,0,8.0,7.01,1495.0,0,0,0,0,0,0,7,4,0,0.831,35.09,-0.99,0,9.705768053562077
SM101037,2025-01-06,Kanpur,Pickup,29.5,6,518.0,48.0,5179.0,5.8,Fog,0,7.0,7.01,724.0,0,0,0,0,0,0,1,0,0,0.648,24.54,0.01,1,8.55256033525353
SM100471,2025-10-21,Prayagraj,Truck,12.7,9,3082.0,146.0,37547.0,5.8,Rain,1,9.0,9.15,1715.0,0,0,0,0,0,0,10,1,0,0.616,135.04,0.15,1,10.533375393456883
SM101926,2025-05-12,Lucknow,Pickup,21.2,6,529.0,23.0,4788.0,5.6,Clear,0,7.0,5.65,592.0,0,0,1,0,0,0,5,0,0,0.661,27.92,-1.35,0,8.47407690034261
SM100759,2025-09-24,Lucknow,Pickup,11.0,5,476.0,19.0,3321.0,6.7,Clear,0,6.0,4.24,572.0,0,0,0,0,0,0,9,2,0,0.595,52.0,-1.76,0,8.10832229017324
SM104694,2025-09-16,Lucknow,Pickup,36.4,8,583.0,33.0,5336.0,8.0,Rain,0,8.0,8.5,932.0,0,0,0,0,0,0,9,1,0,0.729,25.6,0.5,1,8.582418976333944
SM101042,2025-06-01,Lucknow,Truck,11.8,4,1314.0,56.0,24701.0,7.8,Clear,0,6.0,6.46,903.0,0,0,0,0,0,0,6,6,1,0.263,76.53,0.46,1,10.11463949099796
SM104021,2025-01-18,Gorakhpur,Truck,19.3,4,3613.0,438.0,82353.5,6.5,Clear,0,8.0,6.66,1867.0,0,0,0,0,0,0,1,5,1,0.723,96.74,-1.34,0,11.318788378921557
SM102718,2025-07-31,Lucknow,Mini Truck,26.1,4,799.0,72.0,16460.0,7.9,Rain,0,7.0,6.48,801.0,0,0,0,0,0,0,7,3,0,0.4,30.69,-0.52,0,9.708749225727084
SM103536,2025-01-11,Lucknow,Truck,25.9,9,2674.0,295.0,44025.0,4.8,Fog,0,9.0,9.45,1848.0,0,0,0,0,0,0,1,5,1,0.535,71.35,0.45,1,10.692535647473276
SM100851,2025-10-20,Lucknow,Mini Truck,21.6,5,957.0,96.0,82353.5,4.5,Clear,1,7.0,6.66,1005.0,0,0,0,0,0,0,10,0,0,0.478,46.53,-0.34,0,11.318788378921557
SM103778,2025-12-26,Prayagraj,Mini Truck,17.1,8,1089.0,80.0,9287.0,6.2,Fog,0,8.0,8.69,818.0,0,0,0,0,0,0,12,4,0,0.544,47.84,0.69,1,9.136478523377727
SM102707,2025-04-21,Kanpur,Mini Truck,34.9,4,1067.0,45.0,3836.0,4.6,Clear,0,7.0,5.21,1035.0,0,0,0,0,0,0,4,0,0,0.534,29.66,-1.79,0,8.252446090246952
SM104045,2025-01-06,Gorakhpur,Mini Truck,93.0,1,1455.0,141.0,17337.0,5.6,Clear,0,9.0,6.16,2160.0,0,0,1,0,0,0,1,0,0,0.728,23.23,-2.84,0,9.760655903428585
SM105293,2025-09-24,Lucknow,Pickup,31.0,5,248.0,17.0,6854.0,5.8,Clear,0,7.0,5.71,521.0,0,0,0,0,0,0,9,2,0,0.31,16.81,-1.29,0,8.832733591996416
SM101364,2025-07-22,Kanpur,Mini Truck,63.3,4,1539.0,78.0,13008.0,8.2,Rain,0,9.0,9.06,1640.0,0,0,0,0,0,0,7,1,0,0.77,25.91,0.06,1,9.473396704601559
SM105440,2025-07-08,Kanpur,Truck,15.4,8,1481.0,73.0,11866.0,6.6,Rain,0,8.0,8.24,1245.0,0,0,0,0,0,0,7,1,0,0.296,80.84,0.24,1,9.38151671766514
SM103014,2025-06-28,Lucknow,Mini Truck,18.3,12,1174.0,81.0,7364.0,5.1,Clear,0,9.0,7.61,1166.0,0,0,0,0,0,0,6,5,1,0.587,63.72,-1.39,0,8.90449432889673
SM100891,2025-09-17,Varanasi,Truck,30.0,6,3029.0,287.0,53477.0,3.5,Rain,0,9.0,7.79,2040.0,0,0,0,0,0,0,9,2,0,0.606,68.0,-1.21,0,10.887025633358773
SM100273,2025-12-16,Varanasi,Truck,39.9,4,4263.0,335.0,82353.5,1.1,Clear,0,9.0,6.75,2632.0,0,0,0,0,0,0,12,1,0,0.853,65.96,-2.25,0,11.318788378921557
SM104387,2025-01-22,Lucknow,Pickup,13.9,8,525.0,46.0,12209.0,8.3,Fog,0,7.0,8.17,690.0,0,0,0,0,0,0,1,2,0,0.656,49.64,1.17,1,9.41001056710475
SM101715,2025-11-17,Lucknow,Pickup,8.3,10,761.0,64.0,18506.0,5.2,Clear,1,8.0,7.08,667.0,0,0,0,0,0,0,11,0,0,0.951,80.36,-0.92,0,9.825904317877749
SM103823,2025-03-07,Lucknow,Truck,8.3,7,3333.0,158.0,54073.0,4.1,Clear,0,8.0,6.84,1598.0,0,0,0,0,0,0,3,4,0,0.667,192.53,-1.16,0,10.898108757816239
SM105713,2025-08-30,Varanasi,Pickup,52.9,6,629.0,72.0,15742.0,6.2,Rain,0,8.0,8.16,1140.0,0,0,0,0,0,0,8,5,1,0.786,21.55,0.16,1,9.664151101014628
SM104665,2025-10-29,Prayagraj,Mini Truck,54.7,6,576.0,50.0,5272.0,5.9,Clear,0,9.0,7.55,1336.0,0,0,0,0,0,0,10,2,0,0.288,24.42,-1.45,0,8.57035473953047
SM102954,2025-04-12,Prayagraj,Pickup,18.2,5,601.0,26.0,12728.0,2.8,Clear,0,6.0,4.51,586.0,0,0,0,0,0,0,4,5,1,0.751,32.2,-1.49,0,9.451638133870434
SM101414,2025-08-02,Lucknow,Mini Truck,11.1,5,405.0,24.0,12936.0,2.5,Clear,0,6.0,4.35,597.0,0,0,0,0,0,0,8,5,1,0.202,53.78,-1.65,0,9.467846701917901
SM100099,2025-02-21,Lucknow,Pickup,14.5,6,605.0,73.0,20329.0,8.9,Clear,1,7.0,7.24,601.0,0,0,0,0,0,0,2,4,0,0.756,41.45,0.24,1,9.919852906622392
SM103355,2025-06-11,Prayagraj,Pickup,13.9,9,699.0,79.0,17645.0,5.5,Clear,0,8.0,5.8,674.0,0,0,0,0,0,0,6,2,0,0.874,48.49,-2.2,0,9.77826440778205
SM105745,2025-01-08,Prayagraj,Mini Truck,50.8,7,610.0,29.0,5783.0,5.3,Fog,0,9.0,9.5,1240.0,0,0,0,0,0,0,1,2,0,0.305,24.41,0.5,1,8.6628507638386
SM105927,2025-08-05,Gorakhpur,Mini Truck,35.9,8,1205.0,116.0,34031.0,6.0,Clear,0,9.0,6.65,1182.0,0,0,0,0,0,0,8,1,0,0.602,32.92,-2.35,0,10.435056537440019
SM100335,2025-10-23,Prayagraj,Mini Truck,68.9,8,1482.0,73.0,9983.0,5.2,Clear,1,10.0,9.9,1873.0,0,0,0,0,0,0,10,3,0,0.741,27.18,-0.1,0,9.208739090609209
SM105290,2025-10-30,Kanpur,Mini Truck,32.2,4,1041.0,49.0,24440.0,6.7,Clear,0,7.0,6.38,1035.0,0,0,0,0,0,0,10,3,0,0.52,32.14,-0.62,0,10.10401732897875
SM101121,2025-01-31,Kanpur,Mini Truck,54.7,4,1254.0,83.0,39099.0,5.1,Clear,0,8.0,6.07,1307.0,0,0,0,0,0,0,1,4,0,0.627,23.89,-1.93,0,10.573877745973457
SM102621,2025-05-24,Prayagraj,Truck,32.8,7,2519.0,244.0,28124.0,4.2,Clear,0,9.0,6.5,1963.0,0,0,0,0,0,0,5,5,1,0.504,59.85,-2.5,0,10.244414139506722
SM100040,2025-03-02,Prayagraj,Mini Truck,61.1,6,1629.0,78.0,10114.0,4.4,Clear,0,9.0,8.1,1853.0,0,0,0,0,0,0,3,6,1,0.814,30.33,-0.9,0,9.221774749601845
SM103817,2025-10-21,Lucknow,Pickup,30.9,5,401.0,29.0,7130.0,7.4,Clear,1,7.0,6.5,629.0,0,0,0,0,0,0,10,1,0,0.501,20.36,-0.5,0,8.872206756028303
SM103168,2025-10-28,Prayagraj,Mini Truck,48.3,9,1704.0,101.0,82353.5,5.3,Clear,0,10.0,8.05,1587.0,0,0,0,0,0,0,10,1,0,0.852,32.86,-1.95,0,11.318788378921557
SM104976,2025-07-29,Kanpur,Pickup,15.7,11,364.0,34.0,10999.0,9.0,Clear,0,8.0,7.35,703.0,0,0,0,0,0,0,7,1,0,0.455,44.78,-0.65,0,9.305650551780507
SM104564,2025-11-24,Prayagraj,Mini Truck,49.7,7,482.0,28.0,4143.0,6.3,Clear,0,9.0,7.3,1185.0,0,0,0,0,0,0,11,0,0,0.241,23.84,-1.7,0,8.329416783939319
SM104900,2025-05-07,Prayagraj,Mini Truck,29.4,5,634.0,49.0,8536.0,5.5,Rain,0,7.0,6.01,866.0,0,0,0,0,0,0,5,2,0,0.317,29.46,-0.99,0,9.052164937010307
SM105602,2025-01-04,Prayagraj,Pickup,31.3,3,529.0,35.0,4201.0,4.6,Fog,0,6.0,7.0,718.0,0,0,0,0,0,0,1,5,1,0.661,22.94,1.0,1,8.343315881404946
SM104443,2025-06-15,Lucknow,Truck,28.3,9,2454.0,231.0,82353.5,3.8,Clear,0,9.0,8.06,1869.0,0,0,0,0,0,0,6,6,1,0.491,66.04,-0.94,0,11.318788378921557
SM100919,2025-08-21,Prayagraj,Pickup,32.8,9,426.0,19.0,2709.0,5.1,Clear,0,7.0,5.08,624.0,1,0,0,0,0,0,8,3,0,0.532,19.02,-1.92,0,7.904703913873747
SM104761,2025-11-06,Gorakhpur,Mini Truck,32.5,12,1684.0,70.0,22947.0,5.1,Clear,0,10.0,7.86,1418.0,0,0,0,0,0,0,11,3,0,0.842,43.63,-2.14,0,10.040986065721762
SM105801,2025-05-21,Prayagraj,Pickup,40.4,7,137.0,15.0,7362.0,8.5,Clear,0,8.0,6.85,736.0,0,0,0,0,0,0,5,2,0,0.171,18.22,-1.15,0,8.904222737368716
SM102192,2025-04-15,Lucknow,Mini Truck,13.5,5,1433.0,74.0,10609.0,6.5,Clear,0,7.0,4.89,907.0,0,0,0,0,0,0,4,1,0,0.716,67.19,-2.11,0,9.26955223160803
SM100955,2025-08-12,Varanasi,Pickup,47.8,6,502.0,45.0,9694.0,5.6,Rain,0,8.0,8.59,833.0,0,0,1,0,0,0,8,1,0,0.628,17.43,0.59,1,9.179365567676752
SM105038,2025-12-30,Lucknow,Pickup,39.1,2,628.0,25.0,4426.0,7.0,Clear,0,7.0,5.1,845.0,0,0,0,1,0,0,12,1,0,0.785,21.61,-1.9,0,8.395477432732141
SM104544,2025-06-12,Varanasi,Mini Truck,31.4,6,597.0,44.0,10224.0,4.2,Clear,0,7.0,4.75,841.0,0,0,0,0,0,0,6,3,0,0.298,26.78,-2.25,0,9.232590980911002
SM104131,2025-12-06,Varanasi,Mini Truck,31.4,5,964.0,73.0,14612.0,3.9,Fog,0,7.0,7.74,1095.0,0,0,0,0,0,0,12,5,1,0.482,34.87,0.74,1,9.589666822474653
SM101277,2025-10-10,Kanpur,Truck,10.0,6,1485.0,171.0,47873.0,5.4,Clear,0,7.0,6.45,1064.0,0,0,0,0,0,0,10,4,0,0.297,106.4,-0.55,0,10.776327838536336
SM100306,2025-04-21,Lucknow,Truck,9.9,6,2309.0,278.0,45235.0,6.9,Clear,0,7.0,6.72,1198.0,0,0,0,0,0,0,4,0,0,0.462,121.01,-0.28,0,10.719648508991218
SM101548,2025-06-30,Kanpur,Truck,34.7,3,3882.0,219.0,64574.0,10.0,Clear,0,8.0,8.53,2262.0,0,0,0,0,0,0,6,0,0,0.776,65.19,0.53,1,11.075582617964042
SM101736,2025-07-03,Varanasi,Pickup,65.7,6,348.0,28.0,4352.0,3.7,Rain,0,9.0,7.75,1032.0,0,0,0,0,0,0,7,3,0,0.435,15.71,-1.25,0,8.378620541552298
SM101249,2025-12-23,Kanpur,Mini Truck,51.5,9,1141.0,54.0,82353.5,7.6,Clear,0,10.0,8.09,1630.0,0,0,0,0,0,0,12,1,0,0.57,31.65,-1.91,0,11.318788378921557
SM102886,2025-12-07,Lucknow,Truck,53.3,7,3085.0,270.0,76163.0,6.1,Fog,0,10.0,11.86,2551.0,0,0,0,0,0,0,12,6,1,0.617,47.86,1.86,1,11.240644189094471
SM105666,2025-03-15,Prayagraj,Mini Truck,15.1,7,557.0,61.0,10633.0,1.4,Clear,0,7.0,4.41,659.0,0,0,0,0,0,0,3,5,1,0.278,43.64,-2.59,0,9.271811694064283
SM102025,2025-06-22,Varanasi,Mini Truck,27.1,14,959.0,109.0,22161.0,4.6,Rain,0,10.0,9.42,1160.0,0,0,0,0,0,0,6,6,1,0.48,42.8,-0.58,0,10.006134389496271
SM102164,2025-12-15,Varanasi,Mini Truck,47.7,10,401.0,39.0,3794.0,7.4,Fog,1,9.0,10.68,1211.0,0,0,0,0,0,0,12,0,0,0.2,25.39,1.68,1,8.24143968982973
SM102611,2025-12-05,Varanasi,Mini Truck,12.1,4,1782.0,134.0,28297.0,4.0,Clear,0,6.0,4.81,901.0,0,0,0,0,0,0,12,4,0,0.891,74.46,-1.19,0,10.250546409755898
SM101731,2025-11-26,Gorakhpur,Pickup,36.4,5,277.0,30.0,4433.0,4.9,Clear,0,7.0,5.49,739.0,0,0,0,0,0,0,11,2,0,0.346,20.3,-1.51,0,8.397057390176256
SM100553,2025-04-27,Prayagraj,Mini Truck,35.4,5,1032.0,46.0,3940.0,10.0,Clear,0,7.0,8.07,1152.0,0,0,0,0,0,0,4,6,1,0.516,32.54,1.07,1,8.279189777195004
SM103260,2025-06-08,Gorakhpur,Pickup,24.0,7,579.0,24.0,4056.0,4.1,Rain,1,7.0,7.6,733.0,0,0,0,0,0,0,6,6,1,0.724,30.54,0.6,1,8.308199063206446
SM103273,2025-05-28,Lucknow,Mini Truck,26.0,6,791.0,33.0,16707.0,7.7,Clear,0,7.0,5.43,656.0,1,0,0,0,0,0,5,2,0,0.396,25.23,-1.57,0,9.723642925617066
SM104943,2025-11-12,Prayagraj,Truck,13.2,9,2213.0,132.0,66183.0,3.6,Clear,0,8.0,6.24,1376.0,0,0,0,0,0,0,11,2,0,0.443,104.24,-1.76,0,11.100194020870019
SM104398,2025-01-26,Gorakhpur,Pickup,88.2,7,486.0,44.0,5845.0,2.3,Fog,0,10.0,8.16,1398.0,0,0,0,0,0,0,1,6,1,0.608,15.85,-1.84,0,8.673512945671192
SM101253,2025-10-17,Varanasi,Mini Truck,48.1,3,1161.0,36.0,7774.0,7.3,Rain,0,7.0,7.44,1099.0,0,1,0,0,0,0,10,4,0,0.58,22.85,0.44,1,8.958668737047434
SM101041,2025-11-09,Kanpur,Truck,8.4,6,3473.0,230.0,30099.0,6.1,Clear,0,8.0,6.71,1571.0,0,0,0,0,0,0,11,6,1,0.695,187.02,-1.29,0,10.312280450736967
SM101697,2025-02-24,Prayagraj,Truck,35.2,9,2062.0,88.0,73445.0,4.8,Clear,0,9.0,7.75,1810.0,0,0,0,0,0,0,2,0,0,0.412,51.42,-1.25,0,11.204305721303568
SM102948,2025-07-13,Prayagraj,Pickup,19.7,7,136.0,9.0,1339.0,6.9,Clear,0,7.0,5.8,559.0,0,0,0,0,0,0,7,6,1,0.17,28.38,-1.2,0,7.200424892944957
SM100188,2025-03-29,Lucknow,Truck,21.0,4,921.0,76.0,16363.0,6.2,Clear,0,6.0,6.73,1019.0,0,0,0,0,0,0,3,5,1,0.184,48.52,0.73,1,9.702839079049289
SM105649,2025-12-24,Varanasi,Pickup,17.8,5,426.0,51.0,16876.0,4.0,Clear,1,6.0,5.53,554.0,0,0,0,0,0,0,12,2,0,0.532,31.12,-0.47,0,9.733707027236484
SM104008,2025-03-11,Lucknow,Truck,25.4,6,2602.0,125.0,31473.0,5.5,Clear,0,8.0,6.54,1841.0,0,0,0,0,0,0,3,1,0,0.52,72.48,-1.46,0,10.35691708716081
SM102577,2025-06-14,Varanasi,Pickup,21.4,6,585.0,24.0,8746.0,4.1,Clear,0,7.0,3.75,579.0,0,0,0,0,0,0,6,5,1,0.731,27.06,-3.25,0,9.076466063419854
SM104653,2025-03-18,Lucknow,Pickup,23.0,9,473.0,33.0,7331.0,7.5,Clear,0,8.0,6.71,634.0,0,0,0,0,0,0,3,1,0,0.591,27.57,-1.29,0,8.900003608959596
SM102860,2025-03-12,Varanasi,Truck,63.1,4,3887.0,202.0,41154.0,5.0,Clear,0,10.0,8.56,2931.0,0,0,0,0,0,0,3,2,0,0.777,46.45,-1.44,0,10.625100705406744
SM101518,2025-06-30,Kanpur,Pickup,28.049999999999997,4,497.0,30.0,5598.0,4.9,Clear,0,6.0,4.32,640.0,1,0,0,0,1,0,6,0,0,0.621,22.82,-1.68,0,8.630343289348893
SM103901,2025-12-14,Varanasi,Pickup,44.9,8,394.0,16.0,3158.0,6.7,Fog,0,9.0,9.56,927.0,0,0,0,0,0,0,12,6,1,0.492,20.65,0.56,1,8.058010800802085
SM100685,2025-10-20,Lucknow,Mini Truck,17.2,4,1018.0,122.0,27563.0,4.3,Clear,1,6.0,6.5,783.0,0,0,0,0,0,0,10,0,0,0.509,45.52,0.5,1,10.224265852477098
SM105007,2025-10-30,Kanpur,Mini Truck,11.2,5,1143.0,67.0,3351.0,6.2,Rain,0,6.0,5.92,888.0,0,0,0,0,0,0,10,3,0,0.572,79.29,-0.08,0,8.117312461601975
SM105404,2025-01-10,Gorakhpur,Truck,77.3,7,4126.0,191.0,58595.0,8.9,Clear,0,12.0,12.1,3642.0,0,0,0,0,0,0,1,4,0,0.825,47.12,0.1,1,10.978421713849661
SM104845,2025-10-07,Lucknow,Pickup,12.5,6,366.0,28.0,5814.0,5.6,Clear,0,6.0,4.71,423.0,0,0,1,0,0,0,10,1,0,0.458,33.84,-1.29,0,8.668196064952765
SM100789,2025-01-05,Varanasi,Truck,76.4,5,3291.0,168.0,36140.0,6.1,Fog,0,11.0,12.41,3146.0,0,0,0,0,0,0,1,6,1,0.658,41.18,1.41,1,10.495183233934963
SM102970,2025-08-12,Prayagraj,Mini Truck,19.9,2,763.0,44.0,10625.0,6.2,Clear,0,6.0,4.04,704.0,0,0,0,0,0,0,8,1,0,0.382,35.38,-1.96,0,9.271059107010888
SM104749,2025-05-14,Kanpur,Mini Truck,16.5,3,873.0,39.0,6357.0,1.8,Clear,0,6.0,3.39,711.0,0,0,0,0,0,0,5,2,0,0.436,43.09,-2.61,0,8.757469141470748
SM101012,2025-03-31,Gorakhpur,Pickup,35.1,9,520.0,51.0,20663.0,6.6,Clear,1,8.0,7.69,920.0,0,0,0,0,0,0,3,0,0,0.65,26.21,-0.31,0,9.936148334775677
SM105387,2025-12-27,Varanasi,Pickup,43.1,8,362.0,23.0,5332.0,7.5,Fog,1,8.0,9.43,911.0,0,0,0,0,0,0,12,5,1,0.452,21.14,1.43,1,8.581669210600602
SM102006,2025-06-08,Kanpur,Mini Truck,42.5,6,1358.0,163.0,11165.0,6.1,Clear,0,8.0,6.59,1514.0,0,0,0,0,0,1,6,6,1,0.679,35.62,-1.41,0,9.320628725870305
SM105442,2025-12-03,Prayagraj,Mini Truck,56.2,8,629.0,36.0,3168.0,4.5,Fog,0,9.0,9.08,1354.0,0,0,0,0,0,0,12,2,0,0.314,24.09,0.08,1,8.06117135969092
SM102282,2025-04-29,Gorakhpur,Pickup,44.8,8,454.0,43.0,7371.0,6.6,Clear,0,9.0,7.1,1107.0,0,0,0,0,0,0,4,1,0,0.568,24.71,-1.9,0,8.905444318789714
SM101785,2025-03-30,Kanpur,Pickup,11.7,8,539.0,24.0,5805.0,3.4,Clear,0,7.0,5.13,575.0,0,0,0,0,0,0,3,6,1,0.674,49.15,-1.87,0,8.666647144584575
SM103747,2025-12-26,Varanasi,Truck,108.3,3,2589.0,131.0,18919.0,6.0,Clear,0,11.0,10.19,3583.0,0,0,0,0,0,0,12,4,0,0.518,33.08,-0.81,0,9.847974842605868
SM105451,2025-09-28,Lucknow,Mini Truck,26.0,4,885.0,36.0,6671.0,3.3,Rain,0,7.0,6.75,910.0,1,0,0,0,0,0,9,6,1,0.442,35.0,-0.25,0,8.805674944038582
SM105205,2025-06-16,Prayagraj,Mini Truck,60.1,5,776.0,40.0,5603.0,4.6,Clear,0,9.0,5.71,1436.0,0,0,0,0,0,0,6,0,0,0.388,23.89,-3.29,0,8.631235907456897
SM105680,2025-03-11,Lucknow,Mini Truck,32.8,4,1404.0,87.0,42935.0,8.5,Clear,0,7.0,6.6,1126.0,0,0,0,0,0,0,3,1,0,0.702,34.33,-0.4,0,10.667465913856665
SM103999,2025-07-09,Kanpur,Pickup,28.4,3,462.0,16.0,2172.0,9.2,Clear,0,6.0,5.2,523.0,0,1,0,0,0,0,7,2,0,0.578,18.42,-0.8,0,7.6838639802564295
SM101587,2025-01-29,Gorakhpur,Mini Truck,33.3,6,1161.0,71.0,13339.0,7.0,Fog,0,8.0,8.42,1280.0,0,1,0,0,0,0,1,2,0,0.58,38.44,0.42,1,9.498522319469615
SM104087,2025-12-06,Lucknow,Pickup,22.3,9,321.0,18.0,2467.0,7.0,Rain,0,8.0,8.12,779.0,0,0,0,0,0,0,12,5,1,0.401,34.93,0.12,1,7.811163385025279
SM101441,2025-07-07,Prayagraj,Mini Truck,34.6,7,1196.0,134.0,44112.0,3.1,Rain,0,8.0,6.47,1276.0,0,0,0,0,0,0,7,0,0,0.598,36.88,-1.53,0,10.694509802574999
SM101613,2025-09-10,Prayagraj,Mini Truck,26.4,4,819.0,42.0,7547.0,4.2,Rain,0,7.0,5.79,915.0,0,0,0,0,0,0,9,2,0,0.41,34.66,-1.21,0,8.92903790648844
SM102726,2025-02-19,Varanasi,Mini Truck,33.2,4,1580.0,82.0,20488.0,6.7,Clear,0,7.0,5.34,1154.0,0,0,0,0,0,0,2,2,0,0.79,34.76,-1.66,0,9.9276434357472
SM103862,2025-04-01,Lucknow,Mini Truck,32.5,10,408.0,36.0,11019.0,7.1,Clear,0,9.0,8.51,1034.0,0,0,0,0,0,0,4,1,0,0.204,31.82,-0.49,0,9.307467082706905
SM103005,2025-05-16,Prayagraj,Mini Truck,44.2,8,704.0,33.0,5995.0,5.5,Clear,0,9.0,8.31,1293.0,0,0,0,0,0,0,5,4,0,0.352,29.25,-0.69,0,8.698847859222488
SM103501,2025-08-22,Prayagraj,Truck,46.6,6,1910.0,147.0,17031.0,6.1,Rain,0,9.0,9.4,2057.0,0,0,0,0,0,0,8,4,0,0.382,44.14,0.4,1,9.742849206573315
SM102893,2025-11-30,Kanpur,Pickup,35.0,7,581.0,27.0,2516.0,7.7,Clear,0,8.0,7.21,881.0,0,0,0,0,0,0,11,6,1,0.726,25.17,-0.79,0,7.830822995135316
SM103339,2025-11-13,Varanasi,Truck,75.1,7,4150.0,193.0,66109.0,5.1,Fog,0,12.0,11.95,3427.0,0,0,0,0,0,0,11,3,0,0.83,45.63,-0.05,0,11.099075300327623
SM100316,2025-09-24,Kanpur,Mini Truck,67.9,5,1046.0,64.0,13674.5,6.1,Clear,0,9.0,6.98,1561.0,0,0,0,0,1,0,9,2,0,0.523,22.99,-2.02,0,9.523361189693068
SM103875,2025-08-09,Prayagraj,Pickup,13.1,7,268.0,19.0,5596.0,7.6,Rain,1,7.0,7.74,442.0,0,0,0,0,0,0,8,5,1,0.335,33.74,0.74,1,8.62998601889136
SM101355,2025-07-01,Varanasi,Mini Truck,59.3,7,910.0,73.0,7001.0,5.3,Rain,0,9.0,7.21,1499.0,0,0,0,0,0,0,7,1,0,0.455,25.28,-1.79,0,8.85395110151461
SM105170,2025-08-08,Gorakhpur,Mini Truck,39.7,3,1338.0,63.0,7310.0,5.0,Clear,0,7.0,5.06,1191.0,0,0,0,0,0,0,8,4,0,0.669,30.0,-1.94,0,8.897135342293316
SM103903,2025-01-05,Prayagraj,Pickup,40.8,7,327.0,17.0,7397.0,5.7,Fog,0,8.0,8.02,875.0,0,0,0,0,0,0,1,6,1,0.409,21.45,0.02,1,8.908964972392399
SM105352,2025-02-14,Kanpur,Mini Truck,61.4,6,603.0,37.0,12336.0,7.6,Clear,0,9.0,6.92,1416.0,0,0,0,0,0,0,2,4,0,0.302,23.06,-2.08,0,9.420358156071465
SM105447,2025-05-30,Varanasi,Truck,30.6,3,3056.0,131.0,12305.0,4.5,Clear,0,8.0,6.43,1863.0,0,0,0,0,0,0,5,4,0,0.611,60.88,-1.57,0,9.417842227300435
SM101177,2025-03-11,Gorakhpur,Truck,43.9,8,3703.0,285.0,58041.0,4.5,Rain,0,10.0,9.98,2632.0,0,0,0,0,0,0,3,1,0,0.741,59.95,-0.02,0,10.968922165398224
SM101630,2025-07-29,Lucknow,Mini Truck,35.8,3,1161.0,57.0,11040.0,6.9,Rain,0,7.0,6.43,860.0,0,1,0,0,0,0,7,1,0,0.58,24.02,-0.57,0,9.309370895439137
SM105439,2025-07-23,Lucknow,Mini Truck,19.7,3,1111.0,126.0,18657.0,5.6,Rain,0,6.0,4.9,780.0,0,0,1,0,0,0,7,2,0,0.556,39.59,-1.1,0,9.834030287520907
SM104272,2025-12-07,Lucknow,Mini Truck,31.5,6,1266.0,146.0,34248.0,3.9,Clear,0,8.0,6.06,1143.0,0,0,0,0,0,0,12,6,1,0.633,36.29,-1.94,0,10.441412646183837
SM103652,2025-05-30,Varanasi,Mini Truck,36.5,8,1022.0,44.0,13083.0,2.9,Clear,0,8.0,5.48,1292.0,0,0,0,0,0,0,5,4,0,0.511,35.4,-2.52,0,9.479145388658274
SM105657,2025-10-24,Prayagraj,Truck,24.5,7,3700.0,432.0,70119.0,5.5,Clear,0,9.0,7.95,2084.0,0,0,0,0,0,0,10,4,0,0.74,85.06,-1.05,0,11.15796333903517
SM100330,2025-07-19,Gorakhpur,Mini Truck,86.1,3,764.0,45.0,8341.0,4.4,Clear,0,9.0,7.43,1726.0,0,0,0,0,0,0,7,5,1,0.382,20.05,-1.57,0,9.02905827475689
SM105561,2025-02-12,Lucknow,Mini Truck,61.4,7,892.0,45.0,12273.0,4.4,Clear,1,9.0,8.73,1519.0,0,0,0,0,0,0,2,2,0,0.446,24.74,-0.27,0,9.415238482949043
SM101673,2025-10-04,Prayagraj,Mini Truck,36.1,4,1388.0,56.0,10426.0,5.4,Clear,0,7.0,6.3,1085.0,0,0,0,0,0,0,10,5,1,0.694,30.06,-0.7,0,9.252153874789594
SM104339,2025-07-03,Gorakhpur,Pickup,16.8,7,343.0,18.0,2112.0,3.6,Clear,0,7.0,4.67,525.0,0,0,0,0,0,0,7,3,0,0.429,31.25,-2.33,0,7.655864017616056
SM105840,2025-10-12,Lucknow,Truck,45.0,8,4564.0,286.0,72293.0,6.0,Clear,0,11.0,10.7,3001.0,0,0,0,0,0,0,10,6,1,0.913,66.69,-0.3,0,11.188496417151331
SM105687,2025-03-31,Lucknow,Pickup,25.2,4,657.0,35.0,3638.0,4.9,Clear,1,6.0,6.03,671.0,1,0,0,0,0,0,3,0,0,0.821,26.63,0.03,1,8.19946419761216
SM101498,2025-06-20,Kanpur,Mini Truck,45.6,6,937.0,105.0,9318.0,7.1,Clear,0,8.0,6.85,1242.0,0,0,0,0,0,0,6,4,0,0.468,27.24,-1.15,0,9.139810605785655
SM100032,2025-02-03,Lucknow,Mini Truck,61.3,5,1703.0,80.0,8418.0,4.7,Clear,0,9.0,7.47,1838.0,0,0,0,0,0,0,2,0,0,0.852,29.98,-1.53,0,9.038246335337664
SM102000,2025-11-17,Lucknow,Mini Truck,32.3,4,1162.0,56.0,21684.0,5.9,Clear,0,7.0,6.55,1034.0,0,0,0,0,0,0,11,0,0,0.581,32.01,-0.45,0,9.984376056269467
SM101724,2025-07-14,Lucknow,Pickup,42.8,8,671.0,28.0,3598.0,6.0,Clear,0,9.0,6.76,1070.0,0,0,0,0,0,0,7,0,0,0.839,25.0,-2.24,0,8.188411308079031
SM103361,2025-09-29,Varanasi,Mini Truck,44.9,5,1403.0,62.0,11253.0,7.7,Rain,0,8.0,8.53,1360.0,0,0,0,0,0,0,9,0,0,0.702,30.29,0.53,1,9.328478899993224
SM104203,2025-02-17,Gorakhpur,Mini Truck,82.9,6,1466.0,87.0,8794.0,6.7,Clear,0,10.0,8.59,2104.0,0,0,0,0,0,0,2,0,0,0.733,25.38,-1.41,0,9.081938657171658
SM103945,2025-09-25,Kanpur,Pickup,18.6,5,705.0,41.0,12042.0,5.8,Clear,0,6.0,5.41,641.0,0,0,0,0,0,0,9,3,0,0.881,34.46,-0.59,0,9.39623885726048
SM102429,2025-04-09,Varanasi,Mini Truck,28.5,4,1161.0,50.0,13573.0,5.1,Rain,0,7.0,6.54,908.0,0,0,0,0,0,0,4,2,0,0.58,31.86,-0.46,0,9.515911477263703
SM104265,2025-12-28,Lucknow,Pickup,16.7,6,517.0,22.0,3032.0,3.8,Clear,0,7.0,4.49,565.0,0,0,0,0,0,0,12,6,1,0.646,33.83,-2.51,0,8.017307507688582
SM101438,2025-04-27,Prayagraj,Pickup,40.4,4,510.0,33.0,12612.0,4.6,Clear,0,7.0,5.14,768.0,0,0,0,0,0,0,4,6,1,0.638,19.01,-1.86,0,9.442483307087192
SM105913,2025-02-27,Prayagraj,Mini Truck,28.4,9,1605.0,160.0,4661.0,4.7,Rain,0,9.0,6.68,1392.0,0,0,0,0,0,0,2,3,0,0.802,49.01,-2.32,0,8.447199819595703
SM101398,2025-01-10,Lucknow,Mini Truck,77.4,4,1649.0,126.0,36192.0,4.4,Clear,0,10.0,7.24,2036.0,0,0,0,0,0,0,1,4,0,0.824,26.3,-2.76,0,10.496621008949695
SM101476,2025-06-29,Varanasi,Truck,35.0,13,2459.0,288.0,60910.0,3.7,Clear,0,11.0,8.58,2090.0,0,0,0,0,0,0,6,6,1,0.492,59.71,-2.42,0,11.01716906136117
SM105526,2025-08-03,Kanpur,Mini Truck,11.0,9,1131.0,99.0,14655.0,4.9,Rain,0,8.0,7.26,870.0,0,0,0,0,0,0,8,6,1,0.566,79.09,-0.74,0,9.592605086913911
SM100663,2025-03-15,Varanasi,Pickup,28.1,8,281.0,21.0,6591.0,5.6,Clear,0,8.0,6.84,616.0,0,0,1,0,0,0,3,5,1,0.351,21.92,-1.16,0,8.793612071589308
SM105711,2025-12-09,Lucknow,Mini Truck,58.4,6,1161.0,75.0,5751.0,7.9,Fog,0,9.0,11.35,1550.0,0,1,0,0,0,0,12,1,0,0.58,26.54,2.35,1,8.657302899400882
SM101010,2025-04-09,Lucknow,Truck,21.1,9,2840.0,75.0,11406.0,5.7,Clear,0,8.0,7.67,1244.0,0,1,0,0,0,0,4,2,0,0.568,58.96,-0.33,0,9.341982481027898
SM101333,2025-10-22,Prayagraj,Mini Truck,44.1,5,886.0,48.0,14245.0,5.5,Clear,1,8.0,7.64,1214.0,0,0,0,0,0,0,10,2,0,0.443,27.53,-0.36,0,9.564231444538299
SM100221,2025-06-16,Kanpur,Mini Truck,27.6,4,1440.0,71.0,9885.0,5.6,Clear,1,7.0,5.18,983.0,0,0,0,0,0,1,6,0,0,0.72,35.62,-1.82,0,9.198874893866904
SM101386,2025-07-24,Prayagraj,Mini Truck,61.4,9,1703.0,96.0,11723.0,4.0,Clear,0,10.0,7.85,1871.0,0,0,0,0,0,0,7,3,0,0.852,30.47,-2.15,0,9.369393301830783
SM105920,2025-02-23,Prayagraj,Mini Truck,32.8,5,1502.0,92.0,8938.0,3.2,Clear,0,8.0,5.16,1159.0,0,0,0,0,0,0,2,6,1,0.751,35.34,-2.84,0,9.098179005087852
SM101141,2025-05-04,Varanasi,Mini Truck,61.1,7,877.0,46.0,6634.0,2.2,Clear,0,9.0,7.07,1457.0,0,0,0,0,0,0,5,6,1,0.438,23.85,-1.93,0,8.800113946766308
SM103253,2025-05-16,Prayagraj,Truck,44.8,7,4235.0,210.0,52586.0,5.7,Clear,0,10.0,9.76,2678.0,0,0,0,0,0,0,5,4,0,0.847,59.78,-0.24,0,10.870224219890657
SM103404,2025-05-24,Lucknow,Pickup,29.5,4,394.0,31.0,10894.0,7.0,Clear,0,7.0,4.51,655.0,0,0,0,0,0,0,5,5,1,0.492,22.2,-2.49,0,9.29605924737872
SM103495,2025-07-14,Lucknow,Pickup,25.2,6,426.0,22.0,2663.0,5.5,Rain,0,7.0,6.88,642.0,1,0,0,0,0,0,7,0,0,0.532,25.48,-0.12,0,7.88758403166028
SM105719,2025-06-17,Lucknow,Pickup,27.9,6,544.0,50.0,19569.0,6.9,Clear,0,7.0,6.28,739.0,0,0,0,0,0,0,6,1,0,0.68,26.49,-0.72,0,9.881753060390121
SM102711,2025-01-09,Varanasi,Mini Truck,47.5,6,831.0,41.0,5528.0,3.4,Clear,0,8.0,5.17,1281.0,0,0,0,0,0,0,1,3,0,0.416,26.97,-2.83,0,8.617762246337932
SM101380,2025-12-24,Varanasi,Pickup,23.0,9,375.0,22.0,4113.0,5.3,Fog,0,8.0,8.47,703.0,0,0,0,0,0,0,12,2,0,0.469,30.57,0.47,1,8.322151070212902
SM103219,2025-06-07,Prayagraj,Mini Truck,14.4,3,945.0,107.0,43631.0,7.9,Clear,0,6.0,4.36,553.0,0,0,0,0,0,0,6,5,1,0.472,38.4,-1.64,0,10.68354610508537
SM101720,2025-02-02,Prayagraj,Mini Truck,33.1,6,686.0,37.0,4771.0,5.6,Clear,0,8.0,6.57,915.0,0,0,0,0,0,0,2,6,1,0.343,27.64,-1.43,0,8.470520783217808
SM105227,2025-10-10,Lucknow,Truck,34.5,13,1974.0,132.0,31226.0,5.6,Clear,0,10.0,8.58,1941.0,0,0,1,0,0,0,10,4,0,0.395,56.26,-1.42,0,10.349038384183578
SM105436,2025-05-28,Prayagraj,Pickup,40.9,5,322.0,16.0,12004.0,6.6,Clear,0,7.0,6.01,695.0,0,0,0,0,0,0,5,2,0,0.402,16.99,-0.99,0,9.393078508655353
SM104913,2025-08-10,Kanpur,Truck,12.3,7,4354.0,188.0,8301.0,6.2,Clear,0,9.0,8.25,1992.0,0,0,0,0,0,0,8,6,1,0.871,161.95,-0.75,0,9.024251728612985
SM100932,2025-04-04,Prayagraj,Mini Truck,31.3,6,680.0,29.0,3263.0,4.4,Clear,0,7.0,5.27,977.0,1,0,0,0,0,0,4,4,0,0.34,31.21,-1.73,0,8.090708716083997
SM103432,2025-03-17,Lucknow,Pickup,17.4,3,459.0,22.0,15731.0,4.3,Clear,0,6.0,3.5,412.0,0,0,0,0,0,0,3,0,0,0.574,23.68,-2.5,0,9.6634521335517
SM104314,2025-10-02,Prayagraj,Pickup,37.6,9,451.0,19.0,6654.0,4.2,Clear,1,9.0,7.01,859.0,0,0,0,0,0,0,10,3,0,0.564,22.85,-1.99,0,8.803123730829212
SM101938,2025-12-17,Varanasi,Mini Truck,32.6,6,384.0,17.0,5418.0,6.5,Clear,0,7.0,5.97,831.0,0,0,0,0,0,0,12,2,0,0.192,25.49,-1.03,0,8.597666575566114
SM103508,2025-01-22,Varanasi,Truck,22.0,5,3856.0,435.0,82353.5,3.4,Fog,0,8.0,9.2,1900.0,0,0,0,0,0,0,1,2,0,0.771,86.36,1.2,1,11.318788378921557
SM101608,2025-03-28,Lucknow,Pickup,23.8,9,551.0,27.0,8064.0,2.3,Clear,0,8.0,7.29,754.0,0,0,0,0,0,0,3,4,0,0.689,31.68,-0.71,0,8.99528899055931
SM102026,2025-08-13,Prayagraj,Mini Truck,12.0,7,1493.0,142.0,25487.0,7.3,Rain,0,7.0,7.32,1015.0,0,0,0,0,0,0,8,2,0,0.746,84.58,0.32,1,10.14596303214983
SM102246,2025-07-30,Prayagraj,Mini Truck,37.3,7,1187.0,79.0,26937.0,6.2,Clear,0,8.0,6.84,1324.0,0,0,0,0,0,0,7,2,0,0.594,35.5,-1.16,0,10.20129320815876
SM103834,2025-02-21,Prayagraj,Pickup,26.7,11,326.0,33.0,2236.0,3.8,Clear,0,9.0,6.58,736.0,0,0,0,0,0,0,2,4,0,0.408,27.57,-2.42,0,7.71289096149013
SM105107,2025-12-13,Kanpur,Pickup,28.4,9,504.0,22.0,5529.0,4.5,Clear,0,8.0,6.81,841.0,0,0,0,0,0,0,12,5,1,0.63,29.61,-1.19,0,8.61794309451638
SM102541,2025-12-21,Varanasi,Mini Truck,9.5,3,933.0,103.0,9625.0,2.6,Fog,0,6.0,5.34,540.0,0,0,0,0,0,0,12,6,1,0.466,56.84,-0.66,0,9.172223049863055
SM105568,2025-04-25,Varanasi,Truck,20.6,9,2939.0,245.0,78806.0,5.8,Clear,0,9.0,8.3,1778.0,0,0,0,0,0,0,4,4,0,0.588,86.31,-0.7,0,11.27475710438791
SM101140,2025-11-18,Prayagraj,Pickup,18.0,9,671.0,81.0,24700.0,5.0,Clear,0,8.0,4.41,738.0,0,0,0,0,0,0,11,1,0,0.839,41.0,-3.59,0,10.114599007626499
SM102589,2025-05-07,Varanasi,Pickup,72.1,3,485.0,28.0,7415.0,3.7,Clear,0,8.0,6.56,940.0,0,0,0,0,0,0,5,2,0,0.606,13.04,-1.44,0,8.91139510724569
SM105307,2025-09-29,Varanasi,Pickup,50.8,4,513.0,28.0,5598.0,6.6,Rain,0,8.0,7.86,874.0,0,0,0,0,1,0,9,0,0,0.641,17.2,-0.14,0,8.630343289348893
SM100710,2025-09-05,Kanpur,Pickup,10.1,6,420.0,23.0,3427.0,5.3,Rain,1,6.0,6.27,499.0,0,0,0,0,0,0,9,4,0,0.525,49.41,0.27,1,8.13973227971767
SM104630,2025-02-23,Prayagraj,Pickup,37.0,2,533.0,43.0,11244.0,5.3,Clear,0,6.0,4.54,669.0,0,0,0,0,0,0,2,6,1,0.666,18.08,-1.46,0,9.327678864393416
SM103237,2025-12-29,Varanasi,Mini Truck,22.5,4,1005.0,47.0,4901.0,5.6,Clear,0,7.0,6.05,984.0,0,0,1,1,0,0,12,0,0,0.502,43.73,-0.95,0,8.497398564088058
SM104194,2025-07-26,Kanpur,Mini Truck,19.9,4,1867.0,81.0,28974.0,6.2,Clear,0,7.0,5.48,1101.0,0,0,0,0,0,0,7,5,1,0.934,55.33,-1.52,0,10.274188668207952
SM101989,2025-12-04,Lucknow,Pickup,21.5,6,296.0,19.0,6356.0,7.7,Clear,0,7.0,6.48,474.0,0,0,0,0,0,0,12,3,0,0.37,22.05,-0.52,0,8.757311846936409
SM103698,2025-04-16,Kanpur,Truck,13.3,4,3659.0,149.0,19232.0,5.4,Clear,0,7.0,6.27,1773.0,0,0,0,0,0,0,4,2,0,0.732,133.31,-0.73,0,9.864382832655368
SM104672,2025-03-18,Gorakhpur,Pickup,37.1,8,272.0,20.0,3724.0,4.3,Clear,0,8.0,6.7,769.0,0,0,0,0,0,0,3,1,0,0.34,20.73,-1.3,0,8.22282213081366
SM102445,2025-11-23,Lucknow,Pickup,49.0,7,515.0,28.0,7644.0,5.7,Clear,0,9.0,6.93,919.0,0,0,0,0,0,0,11,6,1,0.644,18.76,-2.07,0,8.941807118363164
SM100361,2025-11-22,Prayagraj,Pickup,32.8,2,381.0,20.0,1374.0,4.1,Clear,0,6.0,3.82,607.0,0,0,0,0,0,0,11,5,1,0.476,18.51,-2.18,0,7.226209010100671
SM101686,2025-06-06,Prayagraj,Pickup,51.5,2,396.0,18.0,3365.0,5.7,Clear,0,7.0,4.44,851.0,0,0,0,0,0,0,6,4,0,0.495,16.52,-2.56,0,8.121480374750751
SM100772,2025-01-02,Varanasi,Pickup,39.4,3,444.0,27.0,5598.0,4.1,Clear,0,7.0,5.13,751.0,0,0,0,0,1,0,1,3,0,0.555,19.06,-1.87,0,8.630343289348893
SM101606,2025-02-23,Kanpur,Truck,32.1,3,3486.0,152.0,10421.0,4.2,Clear,0,8.0,6.96,2094.0,0,0,0,0,0,0,2,6,1,0.697,65.23,-1.04,0,9.25167423546916
SM104867,2025-04-28,Lucknow,Truck,14.9,4,2833.0,119.0,9823.0,5.7,Clear,0,7.0,6.23,1466.0,0,0,0,0,0,0,4,0,0,0.567,98.39,-0.77,0,9.192583650386924
SM100900,2025-01-02,Lucknow,Pickup,8.5,9,462.0,26.0,7349.0,6.0,Fog,0,7.0,6.86,598.0,0,1,0,0,0,0,1,3,0,0.578,70.35,-0.14,0,8.902455592206882
SM101533,2025-03-10,Prayagraj,Mini Truck,46.0,6,1356.0,117.0,26369.0,6.0,Clear,0,8.0,7.23,1364.0,0,0,0,0,0,0,3,0,0,0.678,29.65,-0.77,0,10.179982279347332
SM101427,2025-11-26,Lucknow,Mini Truck,7.9,4,1402.0,117.0,41381.0,3.1,Clear,0,6.0,4.92,815.0,0,0,0,0,0,0,11,2,0,0.701,103.16,-1.08,0,10.630601282659347
SM103822,2025-07-20,Prayagraj,Pickup,26.1,5,432.0,36.0,14434.0,3.9,Clear,0,7.0,5.26,690.0,0,0,0,0,0,0,7,6,1,0.54,26.44,-1.74,0,9.577411092097035
SM100854,2025-04-16,Varanasi,Truck,25.7,8,2135.0,109.0,13573.0,7.2,Clear,0,9.0,7.34,1776.0,0,0,0,0,0,0,4,2,0,0.427,69.11,-1.66,0,9.515911477263703
SM105424,2025-04-20,Prayagraj,Truck,31.8,3,3645.0,221.0,35223.0,2.9,Clear,0,8.0,6.14,2210.0,0,0,0,0,0,0,4,6,1,0.729,69.5,-1.86,0,10.46948294743559
SM101392,2025-12-26,Prayagraj,Pickup,47.2,6,548.0,29.0,2833.0,5.9,Clear,0,8.0,5.9,808.0,0,0,0,0,0,0,12,4,0,0.685,17.12,-2.1,0,7.949444420250626
SM101195,2025-08-20,Prayagraj,Pickup,32.1,6,216.0,10.0,1335.0,6.2,Clear,1,7.0,6.98,666.0,0,0,0,0,0,0,8,2,0,0.27,20.75,-0.02,0,7.197435354096591
SM102867,2025-02-27,Varanasi,Pickup,37.9,8,538.0,32.0,5879.0,3.5,Clear,0,7.0,5.84,544.0,1,0,0,0,0,0,2,3,0,0.672,14.35,-1.16,0,8.679312040892672
SM100874,2025-09-12,Gorakhpur,Truck,45.75,2,2840.0,359.0,32947.0,4.8,Rain,0,9.0,8.3,2830.0,1,1,0,0,0,0,9,4,0,0.568,61.86,-0.7,0,10.402685840061139
SM102112,2025-11-30,Kanpur,Mini Truck,29.6,8,952.0,84.0,13251.0,5.4,Rain,0,8.0,6.86,1070.0,0,0,0,0,0,0,11,6,1,0.476,36.15,-1.14,0,9.491903763419787
SM100770,2025-08-26,Gorakhpur,Pickup,71.5,3,339.0,37.0,3939.0,5.3,Rain,0,8.0,7.09,1063.0,0,0,0,0,0,0,8,1,0,0.424,14.87,-0.91,0,8.27893600229198
SM100894,2025-10-01,Gorakhpur,Mini Truck,43.9,8,1108.0,54.0,9812.0,7.1,Clear,0,9.0,7.39,1378.0,0,0,0,0,0,0,10,2,0,0.554,31.39,-1.61,0,9.191463316206494
SM102366,2025-05-04,Prayagraj,Pickup,26.0,10,408.0,17.0,7762.0,5.7,Clear,0,8.0,5.23,774.0,0,0,0,0,0,0,5,6,1,0.51,29.77,-2.77,0,8.95712413640568
SM105683,2025-06-08,Kanpur,Mini Truck,24.7,6,1058.0,111.0,21945.0,5.3,Clear,0,7.0,5.42,1012.0,0,0,0,0,0,0,6,6,1,0.529,40.97,-1.58,0,9.996340169550745
SM100749,2025-02-27,Lucknow,Mini Truck,21.7,6,1284.0,57.0,8920.0,4.2,Clear,0,7.0,6.6,959.0,0,0,0,0,0,0,2,3,0,0.642,44.19,-0.4,0,9.096163326913784
SM102328,2025-01-10,Prayagraj,Mini Truck,17.0,8,1406.0,71.0,7622.0,5.0,Clear,0,8.0,6.18,1150.0,0,0,0,0,0,0,1,4,0,0.703,67.65,-1.82,0,8.938925271988273
SM100083,2025-10-31,Kanpur,Truck,19.7,7,2994.0,170.0,35609.0,6.5,Clear,0,8.0,7.41,1663.0,0,0,0,0,0,0,10,4,0,0.599,84.42,-0.59,0,10.480381776271823
SM105300,2025-01-25,Varanasi,Mini Truck,32.5,5,926.0,43.0,11289.0,4.3,Clear,0,7.0,5.43,946.0,0,0,0,0,0,0,1,5,1,0.463,29.11,-1.57,0,9.331672657143708
SM103616,2025-01-19,Prayagraj,Mini Truck,37.4,5,1294.0,129.0,14106.0,6.0,Rain,0,8.0,7.42,1310.0,0,0,0,0,0,0,1,6,1,0.647,35.03,-0.58,0,9.554426407074502
SM100128,2025-07-29,Varanasi,Pickup,37.9,5,289.0,30.0,5964.0,7.5,Rain,0,8.0,8.0,873.0,1,0,0,0,0,0,7,1,0,0.361,23.03,0.0,0,8.693664334532016
SM104031,2025-07-10,Lucknow,Mini Truck,21.3,4,1053.0,62.0,82353.5,10.0,Clear,0,6.0,6.67,793.0,0,0,0,0,0,0,7,3,0,0.526,37.23,0.67,1,11.318788378921557
SM101431,2025-03-09,Gorakhpur,Mini Truck,15.0,4,1381.0,104.0,14711.0,7.5,Clear,0,6.0,6.09,849.0,0,0,0,0,0,0,3,6,1,0.69,56.6,0.09,1,9.596418766284158
SM101852,2025-06-15,Kanpur,Pickup,25.0,7,532.0,63.0,17122.0,5.3,Rain,0,7.0,6.8,753.0,0,0,0,0,0,0,6,6,1,0.665,30.12,-0.2,0,9.748177867988971
SM102228,2025-04-16,Lucknow,Pickup,24.4,8,341.0,39.0,8405.0,7.1,Clear,0,8.0,7.42,673.0,0,0,0,0,0,0,4,2,0,0.426,27.58,-0.58,0,9.036701015565063
SM104832,2025-05-23,Lucknow,Pickup,7.2,7,487.0,36.0,4414.0,4.3,Clear,0,6.0,5.4,552.0,0,0,0,0,0,0,5,4,0,0.609,76.67,-0.6,0,8.392763113038061
SM104482,2025-11-02,Varanasi,Mini Truck,20.6,7,1403.0,88.0,15376.0,4.4,Clear,0,8.0,5.24,1064.0,0,0,0,0,0,0,11,6,1,0.702,51.65,-2.76,0,9.640628165515693
SM100522,2025-03-12,Lucknow,Mini Truck,33.9,5,1325.0,70.0,12159.0,6.4,Rain,0,8.0,8.92,1143.0,0,0,0,0,0,0,3,2,0,0.662,33.72,0.92,1,9.405907155520158
SM101545,2025-08-04,Lucknow,Pickup,34.7,7,340.0,14.0,1988.0,5.2,Clear,0,8.0,5.84,613.0,0,0,0,0,0,0,8,0,0,0.425,17.67,-2.16,0,7.5953872788539725
SM104554,2025-09-16,Varanasi,Mini Truck,35.849999999999994,11,1388.0,68.0,15038.0,2.6,Clear,0,9.0,8.32,1302.0,1,0,0,0,0,0,9,1,0,0.694,36.32,-0.68,0,9.618402105931613
SM104166,2025-06-18,Varanasi,Mini Truck,23.6,3,1017.0,42.0,6547.0,4.8,Clear,0,6.0,4.89,807.0,0,0,0,0,0,0,6,2,0,0.508,34.19,-1.11,0,8.786914938491025
SM101301,2025-05-27,Varanasi,Mini Truck,46.0,5,1370.0,72.0,26282.0,6.2,Clear,0,8.0,6.96,1421.0,0,0,0,0,0,0,5,1,0,0.685,30.89,-1.04,0,10.176677621334473
SM100111,2025-10-12,Lucknow,Pickup,21.0,7,613.0,53.0,10540.0,3.1,Clear,0,7.0,5.7,700.0,0,0,0,0,0,0,10,6,1,0.766,33.33,-1.3,0,9.26302769425519
SM100478,2025-08-31,Gorakhpur,Pickup,59.6,10,487.0,27.0,5598.0,4.2,Rain,0,10.0,9.72,1112.0,0,0,0,0,1,0,8,6,1,0.609,18.66,-0.28,0,8.630343289348893
SM103092,2025-09-20,Varanasi,Truck,32.5,9,759.0,35.0,15577.0,3.7,Rain,0,8.0,7.96,1288.0,0,0,0,0,0,0,9,5,1,0.152,39.63,-0.04,0,9.653614941479894
SM103335,2025-03-25,Prayagraj,Mini Truck,54.5,4,747.0,45.0,13482.0,6.0,Clear,0,8.0,6.71,1255.0,0,0,0,0,0,0,3,1,0,0.374,23.03,-1.29,0,9.509184911634074
SM104519,2025-06-06,Lucknow,Mini Truck,34.6,5,1161.0,130.0,26172.0,6.6,Clear,0,8.0,5.84,1229.0,0,1,0,0,0,0,6,4,0,0.58,35.52,-2.16,0,10.172483624032427
SM100657,2025-08-20,Prayagraj,Mini Truck,9.3,7,1575.0,79.0,27158.0,5.9,Clear,0,7.0,6.76,1012.0,0,0,0,0,0,0,8,2,0,0.788,108.82,-0.24,0,10.20946376214355
SM104298,2025-01-14,Gorakhpur,Pickup,44.8,7,620.0,28.0,9922.0,6.3,Fog,1,9.0,9.73,974.0,1,0,0,0,0,0,1,1,0,0.775,21.74,0.73,1,9.202610573914242
SM103756,2025-08-21,Kanpur,Pickup,49.7,7,471.0,22.0,6402.0,7.6,Clear,0,9.0,6.99,958.0,0,0,0,0,0,0,8,3,0,0.589,19.28,-2.01,0,8.764521909518802
SM102209,2025-02-20,Lucknow,Mini Truck,16.5,3,645.0,55.0,9278.0,5.2,Clear,0,6.0,4.39,564.0,0,0,0,0,0,0,2,3,0,0.322,34.18,-1.61,0,9.13550906135318
SM105608,2025-08-10,Lucknow,Mini Truck,49.3,8,1120.0,134.0,5514.0,3.7,Rain,0,9.0,7.8,1388.0,0,0,0,0,0,0,8,6,1,0.56,28.15,-1.2,0,8.615226931687603
SM105461,2025-01-01,Varanasi,Truck,91.1,3,3917.0,247.0,28945.0,7.0,Fog,0,11.0,12.06,3550.0,0,0,0,0,0,0,1,2,0,0.783,38.97,1.06,1,10.273187304197549
SM103762,2025-07-30,Gorakhpur,Pickup,52.2,6,420.0,20.0,1871.0,5.0,Clear,0,8.0,7.17,910.0,0,0,0,0,0,0,7,2,0,0.525,17.43,-0.83,0,7.534762657037537
SM102256,2025-10-18,Varanasi,Mini Truck,31.9,9,1161.0,89.0,18238.0,7.1,Clear,0,9.0,8.23,1338.0,0,1,0,0,0,0,10,5,1,0.58,41.94,-0.77,0,9.811317437563998
SM101432,2025-03-04,Kanpur,Truck,29.7,8,2569.0,263.0,23448.0,4.9,Clear,0,9.0,8.37,1794.0,0,0,0,0,0,0,3,1,0,0.514,60.4,-0.63,0,10.062583129041906
SM100748,2025-04-25,Prayagraj,Pickup,57.1,2,484.0,27.0,4313.0,3.6,Clear,0,7.0,4.77,925.0,0,0,0,0,0,0,4,4,0,0.605,16.2,-2.23,0,8.369620826949102
SM102030,2025-07-22,Lucknow,Pickup,25.2,3,699.0,43.0,3275.0,5.6,Clear,0,8.0,6.85,966.0,1,0,0,0,0,0,7,1,0,0.874,38.33,-1.15,0,8.09437844497296
SM102140,2025-09-13,Varanasi,Mini Truck,73.3,4,1777.0,81.0,32156.0,6.3,Rain,0,9.0,8.68,1943.0,0,0,0,0,0,0,9,5,1,0.888,26.51,-0.32,0,10.378385435359629
SM105048,2025-04-17,Varanasi,Mini Truck,31.8,5,1711.0,86.0,23540.0,5.9,Clear,0,8.0,5.57,1351.0,0,0,0,0,0,0,4,3,0,0.856,42.48,-2.43,0,10.066498860795583
SM103349,2025-10-13,Varanasi,Pickup,72.9,6,743.0,40.0,4669.0,6.1,Rain,0,10.0,9.34,1316.0,0,0,0,0,0,0,10,0,0,0.929,18.05,-0.66,0,8.448914350662942
SM105765,2025-07-20,Prayagraj,Mini Truck,49.5,6,990.0,77.0,12663.0,5.6,Rain,0,8.0,7.78,1763.0,0,0,0,0,0,1,7,6,1,0.495,35.62,-0.22,0,9.446518601560848
SM101919,2025-07-13,Prayagraj,Mini Truck,34.2,6,856.0,69.0,11533.0,5.6,Rain,0,8.0,6.88,1036.0,0,0,0,0,0,0,7,6,1,0.428,30.29,-1.12,0,9.353054474175359
SM104179,2025-06-20,Prayagraj,Mini Truck,24.7,6,719.0,84.0,29300.0,4.0,Clear,0,7.0,5.16,855.0,0,0,0,0,0,0,6,4,0,0.36,34.62,-1.84,0,10.285376924115587
SM104860,2025-01-22,Varanasi,Pickup,32.1,3,513.0,48.0,22835.0,7.3,Fog,0,6.0,7.68,750.0,0,0,0,0,0,0,1,2,0,0.641,23.36,1.68,1,10.036093517084149
SM103802,2025-10-21,Prayagraj,Truck,21.6,7,2895.0,248.0,45328.0,8.4,Clear,1,8.0,9.53,1736.0,0,0,0,1,0,0,10,1,0,0.579,80.37,1.53,1,10.72170228324594
SM100107,2025-08-31,Varanasi,Mini Truck,64.4,5,899.0,92.0,9470.0,5.1,Rain,0,9.0,7.94,1474.0,0,0,0,0,0,0,8,6,1,0.45,22.89,-1.06,0,9.155989777226102
SM103393,2025-03-10,Lucknow,Mini Truck,30.5,10,1292.0,71.0,10357.0,5.1,Clear,0,9.0,6.74,1374.0,0,0,0,0,0,0,3,0,0,0.646,45.05,-2.26,0,9.245514446983837
SM105747,2025-04-02,Kanpur,Mini Truck,56.7,4,1314.0,66.0,21029.0,5.7,Clear,0,8.0,7.01,1456.0,0,0,0,0,0,0,4,2,0,0.657,25.68,-0.99,0,9.953705268696746
SM100120,2025-06-10,Lucknow,Mini Truck,26.3,4,1102.0,118.0,17302.0,5.0,Rain,0,7.0,5.65,944.0,0,0,0,0,0,0,6,1,0,0.551,35.89,-1.35,0,9.758635175856648
SM100364,2025-02-12,Prayagraj,Pickup,42.8,6,541.0,33.0,3232.0,3.7,Clear,0,8.0,6.53,801.0,0,0,0,0,0,0,2,2,0,0.676,18.71,-1.47,0,8.081165777725433
SM104405,2025-11-23,Lucknow,Pickup,34.2,11,620.0,29.0,5430.0,5.1,Clear,0,9.0,6.75,961.0,0,0,0,0,0,0,11,6,1,0.775,28.1,-2.25,0,8.599878558034845
SM103732,2025-05-27,Kanpur,Truck,56.9,6,2656.0,106.0,27886.0,7.1,Clear,0,10.0,9.27,2381.0,0,0,0,0,0,0,5,1,0,0.531,41.85,-0.73,0,10.235915909400319
SM103258,2025-07-25,Prayagraj,Truck,31.0,5,2599.0,184.0,75469.0,6.8,Clear,0,8.0,7.97,1891.0,0,0,0,0,0,0,7,4,0,0.52,61.0,-0.03,0,11.231490505278915
SM100872,2025-02-11,Lucknow,Pickup,15.5,8,105.0,6.0,1205.0,4.5,Clear,0,7.0,5.38,515.0,0,0,0,0,0,0,2,1,0,0.131,33.23,-1.62,0,7.095064377287131
SM100898,2025-01-26,Lucknow,Truck,15.9,7,2652.0,129.0,24544.0,1.8,Fog,0,8.0,8.13,1594.0,0,0,0,0,0,0,1,6,1,0.53,100.25,0.13,1,10.108263446492153
SM104226,2025-06-14,Lucknow,Pickup,29.9,8,399.0,18.0,2966.0,4.4,Clear,0,8.0,6.09,735.0,0,0,0,0,0,0,6,5,1,0.499,24.58,-1.91,0,7.995306620290822
SM104082,2025-10-08,Kanpur,Truck,28.1,8,4032.0,173.0,23518.0,6.3,Rain,0,10.0,11.14,2350.0,0,0,0,0,0,0,10,2,0,0.806,83.63,1.14,1,10.065563884101888
SM104327,2025-06-05,Prayagraj,Mini Truck,44.7,8,1292.0,59.0,26065.0,5.1,Clear,0,9.0,6.15,1461.0,0,0,0,0,0,0,6,3,0,0.646,32.68,-2.85,0,10.168387062090664
SM103206,2025-12-31,Prayagraj,Pickup,58.1,6,462.0,9.0,3397.0,6.3,Clear,0,8.0,6.77,846.0,0,1,0,0,0,0,12,2,0,0.578,14.56,-1.23,0,8.130942302231878
SM102397,2025-04-16,Prayagraj,Truck,77.4,4,4147.0,232.0,19291.0,2.7,Clear,0,11.0,8.94,3384.0,0,0,0,0,0,0,4,2,0,0.829,43.72,-2.06,0,9.867445781188863
SM103665,2025-06-14,Varanasi,Pickup,33.5,5,395.0,31.0,4343.0,5.1,Clear,0,7.0,6.36,603.0,0,0,0,0,0,0,6,5,1,0.494,18.0,-0.64,0,8.37655086161377
SM104363,2025-12-20,Kanpur,Mini Truck,40.5,8,1408.0,93.0,14388.0,5.1,Clear,0,9.0,7.38,1511.0,0,0,0,0,0,0,12,5,1,0.704,37.31,-1.62,0,9.574219304763417
SM103427,2025-11-19,Prayagraj,Mini Truck,55.9,5,996.0,82.0,20411.0,7.1,Clear,0,8.0,7.62,1510.0,0,0,0,0,0,0,11,2,0,0.498,27.01,-0.38,0,9.923878242183862
SM102698,2025-02-16,Kanpur,Truck,28.65,4,3993.0,193.0,36279.0,4.5,Rain,0,7.0,7.85,1793.0,1,0,0,0,0,0,2,6,1,0.799,62.58,0.85,1,10.499021904229073
SM105353,2025-06-22,Lucknow,Mini Truck,23.0,7,1161.0,51.0,3121.0,4.6,Clear,0,7.0,6.11,858.0,0,1,0,0,0,0,6,6,1,0.58,37.3,-0.89,0,8.046229101075378
SM103461,2025-12-11,Kanpur,Truck,27.0,3,3062.0,192.0,29545.0,7.4,Rain,0,7.0,8.39,1814.0,0,0,0,0,0,0,12,3,0,0.612,67.19,1.39,1,10.293703649881554
SM103467,2025-04-05,Kanpur,Pickup,13.3,4,462.0,16.0,3459.0,5.6,Clear,0,6.0,4.52,460.0,0,1,1,0,0,0,4,5,1,0.578,34.59,-1.48,0,8.14902386805177
SM102654,2025-11-07,Prayagraj,Truck,54.8,5,1417.0,134.0,35710.0,7.5,Clear,0,9.0,7.19,1966.0,0,0,0,0,0,0,11,4,0,0.283,35.88,-1.81,0,10.48321404355681
SM101524,2025-08-09,Kanpur,Mini Truck,51.7,5,996.0,55.0,32082.0,6.2,Clear,1,8.0,8.08,1346.0,0,0,0,0,0,0,8,5,1,0.498,26.03,0.08,1,10.37608157381756
SM102682,2025-05-23,Lucknow,Pickup,31.4,3,601.0,52.0,13222.0,4.5,Clear,0,6.0,5.38,722.0,0,0,0,0,0,0,5,4,0,0.751,22.99,-0.62,0,9.489713016556824
SM103715,2025-04-15,Kanpur,Mini Truck,19.6,6,1453.0,82.0,17860.0,5.4,Clear,0,7.0,5.86,889.0,0,0,0,0,0,0,4,1,0,0.726,45.36,-1.14,0,9.790374843904484
SM101960,2025-11-03,Lucknow,Truck,47.3,5,3383.0,154.0,33065.0,5.3,Clear,0,9.0,8.28,2575.0,0,0,0,0,1,0,11,0,0,0.677,54.44,-0.72,0,10.40626084311129
SM102027,2025-12-13,Prayagraj,Mini Truck,31.3,6,1006.0,57.0,10399.0,3.1,Fog,0,8.0,8.72,1342.0,1,0,0,0,0,0,12,5,1,0.503,42.88,0.72,1,9.249561085129464
SM105570,2025-10-06,Varanasi,Pickup,68.6,6,559.0,28.0,4035.0,6.2,Clear,0,9.0,8.05,1205.0,0,0,0,0,0,0,10,0,0,0.699,17.57,-0.95,0,8.3030093814735
SM102174,2025-03-27,Lucknow,Pickup,49.3,7,424.0,20.0,1506.0,4.9,Clear,0,9.0,8.17,978.0,0,0,0,0,0,0,3,3,0,0.53,19.84,-0.83,0,7.317876198626496
SM102241,2025-08-31,Prayagraj,Pickup,23.3,9,558.0,34.0,6858.0,5.6,Clear,0,8.0,7.4,792.0,0,0,0,0,0,0,8,6,1,0.698,33.99,-0.6,0,8.83331693749932
SM102157,2025-08-19,Varanasi,Mini Truck,99.6,6,1518.0,82.0,28864.0,5.4,Clear,0,11.0,10.33,2309.0,0,0,0,0,0,0,8,1,0,0.759,23.18,-0.67,0,10.270385067495035
SM105272,2025-03-30,Gorakhpur,Mini Truck,61.2,6,1190.0,67.0,9278.0,6.9,Clear,0,9.0,7.52,1629.0,0,0,0,0,0,0,3,6,1,0.595,26.62,-1.48,0,9.13550906135318
SM103477,2025-07-13,Prayagraj,Pickup,25.9,6,462.0,30.0,8243.0,5.5,Clear,0,7.0,5.03,602.0,0,1,0,0,0,0,7,6,1,0.578,23.24,-1.97,0,9.01724094201035
SM100055,2025-01-16,Prayagraj,Truck,32.8,1,2998.0,139.0,35813.0,7.1,Fog,0,6.0,6.6,1592.0,1,0,0,0,0,0,1,3,0,0.6,48.54,0.6,1,10.486094157396705
SM103563,2025-10-18,Gorakhpur,Pickup,42.6,8,595.0,58.0,17000.0,2.7,Clear,0,9.0,6.0,1023.0,0,0,0,0,0,0,10,5,1,0.744,24.01,-3.0,0,9.741027444837728
SM103211,2025-04-11,Kanpur,Pickup,39.8,7,705.0,44.0,7900.0,6.8,Rain,0,8.0,7.65,856.0,0,0,0,0,0,0,4,4,0,0.881,21.51,-0.35,0,8.974744612722734
SM102584,2025-05-08,Varanasi,Pickup,34.0,8,457.0,28.0,6444.0,6.8,Rain,0,8.0,7.62,753.0,0,0,0,0,0,0,5,3,0,0.571,22.15,-0.38,0,8.771059915373288
SM102610,2025-12-21,Lucknow,Mini Truck,46.9,5,1114.0,53.0,12046.0,4.5,Clear,0,8.0,6.56,1195.0,0,0,0,0,0,0,12,6,1,0.557,25.48,-1.44,0,9.396570945266852
SM101727,2025-07-28,Lucknow,Truck,20.7,6,4454.0,322.0,64901.0,4.5,Clear,0,9.0,8.19,2272.0,0,0,0,0,0,0,7,0,0,0.891,109.76,-0.81,0,11.080633718858344
SM101325,2025-03-10,Varanasi,Pickup,11.5,7,461.0,21.0,3448.0,5.8,Clear,0,7.0,4.91,619.0,0,0,0,0,0,0,3,0,0,0.576,53.83,-2.09,0,8.145839612936841
SM102227,2025-12-07,Lucknow,Truck,42.7,4,2604.0,108.0,33065.0,6.2,Fog,0,8.0,9.75,1984.0,0,0,0,0,1,0,12,6,1,0.521,46.46,1.75,1,10.40626084311129
SM103779,2025-06-12,Kanpur,Pickup,33.8,7,449.0,21.0,5915.0,6.2,Rain,0,8.0,7.05,767.0,0,0,0,0,0,1,6,3,0,0.561,22.69,-0.95,0,8.68541582383069
SM102018,2025-09-20,Varanasi,Truck,23.2,4,3347.0,140.0,18912.0,8.2,Rain,0,8.0,7.68,1959.0,0,0,0,0,0,0,9,5,1,0.669,84.44,-0.32,0,9.847604795288454
SM100482,2025-04-02,Kanpur,Pickup,60.8,6,447.0,26.0,3469.0,10.0,Clear,0,9.0,8.09,1145.0,0,0,0,0,0,0,4,2,0,0.559,18.83,-0.91,0,8.151909872940905
SM105144,2025-08-22,Varanasi,Mini Truck,34.1,4,1527.0,63.0,33714.0,8.1,Rain,0,7.0,7.76,1280.0,0,0,0,0,0,0,8,4,0,0.764,37.54,0.76,1,10.425698121168683
SM104459,2025-08-27,Varanasi,Mini Truck,38.0,3,956.0,39.0,13104.0,5.3,Rain,0,7.0,5.89,1067.0,0,0,0,0,0,0,8,2,0,0.478,28.08,-1.11,0,9.480749115757506
SM101388,2025-11-22,Kanpur,Truck,19.2,6,3880.0,163.0,31308.0,7.2,Clear,0,8.0,8.0,2062.0,0,0,0,0,0,0,11,5,1,0.776,107.4,0.0,0,10.351660875132662
SM104667,2025-02-20,Prayagraj,Mini Truck,28.0,7,1157.0,106.0,20743.0,6.3,Clear,0,8.0,5.68,1036.0,0,0,0,0,0,0,2,3,0,0.578,37.0,-2.32,0,9.9400123272185
SM101810,2025-03-31,Prayagraj,Mini Truck,26.9,7,877.0,70.0,20618.0,5.1,Rain,1,8.0,7.49,1058.0,0,0,0,0,0,0,3,0,0,0.438,39.33,-0.51,0,9.933968259789715
SM102896,2025-08-29,Lucknow,Pickup,20.9,5,652.0,44.0,9241.0,5.0,Clear,0,7.0,5.05,507.0,0,0,0,0,0,0,8,4,0,0.815,24.26,-1.95,0,9.131513591430211
SM100671,2025-08-13,Varanasi,Mini Truck,18.8,7,1281.0,72.0,11310.0,6.2,Clear,1,7.0,7.23,1004.0,0,0,0,0,0,0,8,2,0,0.64,53.4,0.23,1,9.33353098253138
SM105252,2025-09-18,Kanpur,Mini Truck,6.5,6,1282.0,114.0,13117.0,7.1,Clear,0,6.0,5.56,802.0,0,0,0,0,0,0,9,3,0,0.641,123.38,-0.44,0,9.481740611853681
SM103940,2025-07-18,Varanasi,Mini Truck,35.9,7,1210.0,144.0,34146.0,8.1,Rain,1,8.0,9.9,1279.0,0,0,0,0,0,1,7,4,0,0.605,35.63,1.9,1,10.438430013409498
SM103287,2025-03-15,Gorakhpur,Mini Truck,46.5,3,1150.0,63.0,20154.0,3.9,Clear,0,7.0,5.74,1194.0,0,0,0,0,0,0,3,5,1,0.575,25.68,-1.26,0,9.911207675551266
SM100187,2025-05-20,Kanpur,Pickup,34.8,5,536.0,45.0,11603.0,5.8,Clear,0,7.0,6.52,748.0,0,0,0,1,0,0,5,1,0,0.67,21.49,-0.48,0,9.359105145241294
SM102362,2025-12-18,Lucknow,Truck,15.4,8,2579.0,152.0,24792.0,2.7,Clear,0,8.0,7.1,1621.0,0,0,0,0,0,0,12,3,0,0.516,105.26,-0.9,0,10.118316634246252
SM104142,2025-03-01,Kanpur,Mini Truck,48.4,9,826.0,38.0,4066.0,4.1,Clear,0,9.0,8.41,1389.0,0,0,0,0,0,0,3,5,1,0.413,28.7,-0.59,0,8.310660905907225
SM101477,2025-05-24,Lucknow,Pickup,51.8,7,381.0,21.0,6211.0,2.3,Clear,0,9.0,6.3,968.0,0,0,0,0,0,0,5,5,1,0.476,18.69,-2.7,0,8.734238184268579
SM102361,2025-10-02,Lucknow,Pickup,47.2,4,393.0,24.0,7520.0,7.5,Clear,1,7.0,7.47,701.0,0,0,0,0,0,0,10,3,0,0.491,14.85,0.47,1,8.925454386826402
SM104283,2025-06-08,Lucknow,Mini Truck,24.2,4,710.0,55.0,7044.0,4.3,Clear,0,6.0,5.01,713.0,0,0,0,0,0,0,6,6,1,0.355,29.46,-0.99,0,8.86007342433278
SM101802,2025-06-15,Lucknow,Mini Truck,36.6,3,1283.0,111.0,22106.0,6.4,Clear,0,7.0,5.28,1098.0,0,0,0,0,0,0,6,6,1,0.642,30.0,-1.72,0,10.003649579435109
SM104467,2025-12-13,Lucknow,Mini Truck,11.2,6,1195.0,107.0,25161.0,5.3,Clear,0,7.0,4.95,764.0,0,0,0,0,0,0,12,5,1,0.598,68.21,-2.05,0,10.133090198911075
SM101512,2025-09-29,Kanpur,Truck,34.2,6,2826.0,149.0,25619.0,6.9,Rain,0,9.0,7.98,2040.0,0,0,0,0,0,0,9,0,0,0.565,59.65,-1.02,0,10.151128575450725
SM103026,2025-02-11,Lucknow,Pickup,32.7,7,448.0,30.0,6526.0,5.8,Clear,0,8.0,7.11,728.0,0,0,0,0,0,0,2,1,0,0.56,22.26,-0.89,0,8.783702698635217
SM102743,2025-12-12,Gorakhpur,Pickup,59.9,6,572.0,29.0,9166.0,5.9,Rain,0,9.0,9.09,1075.0,0,0,0,0,0,0,12,4,0,0.715,17.95,0.09,1,9.123365357961776
SM104468,2025-11-21,Kanpur,Mini Truck,8.8,5,772.0,40.0,14220.0,7.9,Rain,1,6.0,7.79,313.0,0,0,0,0,0,1,11,4,0,0.386,35.57,1.79,1,9.562475024372697
SM103683,2025-07-28,Kanpur,Mini Truck,20.9,8,964.0,89.0,26684.0,6.9,Clear,0,8.0,6.17,886.0,0,0,0,0,0,0,7,0,0,0.482,42.39,-1.83,0,10.191856888768045
SM100236,2025-08-31,Gorakhpur,Mini Truck,46.2,4,268.0,16.0,976.0,1.9,Clear,0,7.0,4.33,962.0,0,0,0,0,0,0,8,6,1,0.134,20.82,-2.67,0,6.884486652042782
SM102947,2025-07-01,Varanasi,Mini Truck,35.849999999999994,9,1260.0,67.0,18490.0,1.9,Clear,0,9.0,8.12,1367.0,1,0,0,0,0,0,7,1,0,0.63,38.13,-0.88,0,9.825039406206987
SM103807,2025-02-26,Gorakhpur,Pickup,34.7,4,569.0,27.0,7853.0,5.5,Clear,0,7.0,5.67,620.0,0,0,0,0,0,0,2,2,0,0.711,17.87,-1.33,0,8.968778235137956
SM102800,2025-10-17,Prayagraj,Pickup,81.8,3,441.0,25.0,1284.0,5.5,Clear,0,9.0,6.94,1104.0,0,0,0,0,0,0,10,4,0,0.551,13.5,-2.06,0,7.158513997329321
SM103687,2025-12-10,Gorakhpur,Pickup,73.1,5,501.0,62.0,15676.0,3.1,Clear,0,9.0,7.12,1157.0,0,0,0,0,0,0,12,2,0,0.626,15.83,-1.88,0,9.659949949068531
SM103084,2025-05-04,Lucknow,Mini Truck,11.8,6,1161.0,54.0,9487.0,5.0,Clear,0,6.0,6.08,618.0,0,1,0,0,0,0,5,6,1,0.58,52.37,0.08,1,9.157783121237507
SM103359,2025-07-12,Prayagraj,Truck,28.5,9,3631.0,146.0,54620.0,7.6,Clear,0,10.0,9.32,2306.0,0,0,0,0,0,0,7,5,1,0.726,80.91,-0.68,0,10.908173703172075
SM102837,2025-11-25,Prayagraj,Mini Truck,20.1,11,423.0,37.0,12043.0,6.3,Clear,0,8.0,6.96,853.0,0,0,0,0,0,0,11,1,0,0.212,42.44,-1.04,0,9.396321889601625
SM102615,2025-09-02,Lucknow,Mini Truck,14.1,4,612.0,27.0,7344.0,5.2,Clear,0,6.0,4.34,627.0,0,0,0,0,0,0,9,1,0,0.306,44.47,-1.66,0,8.901775088607979
SM101444,2025-02-20,Lucknow,Truck,17.1,6,2465.0,209.0,71390.0,2.9,Clear,0,8.0,7.71,1446.0,0,0,0,0,0,0,2,3,0,0.493,84.56,-0.29,0,11.175927089962485
SM101928,2025-03-08,Varanasi,Truck,12.9,7,2740.0,157.0,63064.0,5.0,Clear,0,8.0,6.39,1413.0,0,0,0,0,0,0,3,5,1,0.548,109.53,-1.61,0,11.051921219521294
SM105086,2025-10-31,Gorakhpur,Truck,44.9,8,1791.0,144.0,13844.0,5.7,Clear,0,9.0,9.08,1895.0,0,0,0,0,0,0,10,4,0,0.358,42.2,0.08,1,9.535679435605061
SM105025,2025-02-13,Prayagraj,Truck,9.2,2,2257.0,236.0,61880.0,4.6,Clear,0,6.0,5.38,1075.0,0,0,0,0,0,0,2,3,0,0.451,116.85,-0.62,0,11.032968464866704
SM103267,2025-09-09,Kanpur,Truck,21.0,5,3200.0,200.0,34931.0,5.1,Rain,0,8.0,8.67,1783.0,0,0,0,0,0,0,9,1,0,0.64,84.9,0.67,1,10.461158593533623
SM104428,2025-10-09,Varanasi,Mini Truck,33.0,4,1142.0,60.0,23365.0,3.3,Fog,0,7.0,6.2,910.0,0,0,0,0,0,0,10,3,0,0.571,27.58,-0.8,0,10.059037253277094
SM102133,2025-05-26,Prayagraj,Mini Truck,43.1,7,1188.0,50.0,9877.0,5.1,Clear,0,9.0,6.86,1355.0,0,0,0,0,0,0,5,0,0,0.594,31.44,-2.14,0,9.19806534110057
SM103383,2025-11-30,Kanpur,Truck,10.1,5,3270.0,262.0,81449.0,3.3,Clear,0,7.0,6.69,1607.0,0,0,0,0,0,0,11,6,1,0.654,159.11,-0.31,0,11.307744614030192
SM100418,2025-04-19,Lucknow,Pickup,25.2,6,640.0,40.0,7074.0,3.5,Clear,0,9.0,7.27,1051.0,1,0,0,0,0,0,4,5,1,0.8,41.71,-1.73,0,8.864322722511439
SM101702,2025-09-06,Prayagraj,Pickup,15.3,7,564.0,30.0,5995.0,6.2,Rain,0,7.0,6.61,668.0,0,0,0,1,0,0,9,5,1,0.705,43.66,-0.39,0,8.698847859222488
SM105701,2025-05-19,Varanasi,Truck,24.0,4,2840.0,169.0,82353.5,5.3,Clear,0,7.0,6.54,1454.0,0,1,0,0,0,0,5,0,0,0.568,60.58,-0.46,0,11.318788378921557
SM105316,2025-07-16,Gorakhpur,Pickup,42.5,4,654.0,41.0,6599.0,3.9,Clear,0,7.0,5.72,852.0,0,0,0,0,0,0,7,2,0,0.818,20.05,-1.28,0,8.794824928014517
SM105150,2025-02-27,Prayagraj,Truck,38.3,4,2820.0,306.0,82353.5,3.5,Clear,0,8.0,8.14,2024.0,0,0,0,0,0,0,2,3,0,0.564,52.85,0.14,1,11.318788378921557
SM103969,2025-08-14,Varanasi,Truck,52.0,5,3893.0,223.0,28539.0,9.6,Rain,0,10.0,11.53,2716.0,0,0,0,0,0,0,8,3,0,0.779,52.23,1.53,1,10.259061891030827
SM105610,2025-04-12,Lucknow,Mini Truck,7.2,4,1578.0,77.0,19047.0,5.9,Clear,0,6.0,5.16,751.0,0,0,0,0,0,0,4,5,1,0.789,104.31,-0.84,0,9.854717388166698
SM105285,2025-07-29,Lucknow,Truck,13.1,4,2654.0,314.0,44537.0,5.6,Clear,1,7.0,8.1,1438.0,0,0,1,0,0,0,7,1,0,0.531,109.77,1.1,1,10.704098036345602
SM105633,2025-04-14,Varanasi,Mini Truck,52.5,5,1543.0,86.0,19422.0,3.7,Clear,0,9.0,6.7,1553.0,0,0,0,0,0,0,4,0,0,0.772,29.58,-2.3,0,9.874213209832133
SM100437,2025-12-05,Prayagraj,Truck,35.8,5,3748.0,164.0,31071.0,4.4,Clear,0,9.0,7.9,2405.0,0,0,0,0,0,0,12,4,0,0.75,67.18,-1.1,0,10.344062371091052
SM103455,2025-11-12,Kanpur,Truck,32.1,6,4090.0,284.0,32909.0,5.0,Clear,0,9.0,7.65,2348.0,0,0,0,0,0,0,11,2,0,0.818,73.15,-1.35,0,10.401531841937386
SM101436,2025-06-05,Kanpur,Mini Truck,27.05,8,1161.0,67.0,12128.0,6.5,Clear,0,8.0,5.49,989.0,1,1,0,0,0,0,6,3,0,0.58,36.56,-2.51,0,9.40335455830888
SM103814,2025-05-20,Prayagraj,Pickup,37.4,4,462.0,36.0,8887.0,7.7,Clear,0,7.0,8.24,692.0,0,1,0,0,0,0,5,1,0,0.578,18.5,1.24,1,9.092457331319466
SM105902,2025-02-04,Kanpur,Pickup,67.5,1,233.0,15.0,3658.0,5.2,Clear,0,7.0,6.37,908.0,0,0,0,0,0,0,2,1,0,0.291,13.45,-0.63,0,8.204945165019208
SM102900,2025-07-05,Kanpur,Pickup,23.3,11,248.0,27.0,6758.0,3.4,Clear,0,8.0,6.89,642.0,0,0,0,0,0,0,7,5,1,0.31,27.55,-1.11,0,8.818630229100354
SM100534,2025-07-30,Varanasi,Truck,47.4,7,1529.0,75.0,15098.0,6.1,Rain,0,9.0,8.4,1985.0,0,0,0,0,0,0,7,2,0,0.306,41.88,-0.6,0,9.62238379544447
SM100821,2025-08-31,Varanasi,Truck,59.9,7,3475.0,234.0,33065.0,5.3,Rain,0,11.0,11.51,2818.0,0,0,0,0,1,0,8,6,1,0.695,47.05,0.51,1,10.40626084311129
SM101848,2025-07-10,Lucknow,Truck,11.5,4,2940.0,214.0,54225.0,8.8,Rain,0,7.0,7.9,1442.0,0,0,0,0,0,0,7,3,0,0.588,125.39,0.9,1,10.900915777203222
SM101571,2025-05-12,Kanpur,Mini Truck,22.0,9,1274.0,114.0,10244.0,6.2,Clear,0,8.0,7.46,978.0,0,0,0,0,0,0,5,0,0,0.637,44.45,-0.54,0,9.234545060673
SM105110,2025-07-20,Prayagraj,Pickup,12.0,9,389.0,43.0,10409.0,4.6,Clear,0,7.0,6.08,537.0,0,0,0,0,0,0,7,6,1,0.486,44.75,-0.92,0,9.250522161609014
SM103857,2025-01-07,Prayagraj,Mini Truck,15.8,5,1045.0,65.0,7983.0,4.5,Rain,0,7.0,6.12,711.0,0,0,0,0,0,0,1,1,0,0.522,45.0,-0.88,0,8.9851948179913
SM101417,2025-06-10,Lucknow,Pickup,21.9,9,497.0,33.0,10380.0,5.7,Clear,0,8.0,6.21,781.0,0,0,0,0,0,0,6,1,0,0.621,35.66,-1.79,0,9.247732491193245
SM101563,2025-12-02,Kanpur,Mini Truck,46.3,10,1251.0,118.0,36856.0,5.6,Clear,0,10.0,9.03,1584.0,0,0,1,0,0,0,12,1,0,0.626,34.21,-0.97,0,10.514800838871937
SM100175,2025-06-18,Lucknow,Mini Truck,8.0,7,693.0,29.0,4626.0,6.2,Clear,0,7.0,4.59,602.0,0,0,0,0,0,0,6,2,0,0.346,75.25,-2.41,0,8.439663988907
SM104863,2025-09-20,Prayagraj,Mini Truck,14.4,4,1661.0,144.0,82353.5,3.2,Rain,0,6.0,4.99,987.0,0,0,0,0,0,0,9,5,1,0.83,68.54,-1.01,0,11.318788378921557
SM101995,2025-01-01,Lucknow,Pickup,49.6,7,699.0,80.0,11440.0,5.4,Clear,0,9.0,7.71,1061.0,0,0,0,0,0,0,1,2,0,0.874,21.39,-1.29,0,9.344958673700944
SM105098,2025-12-09,Prayagraj,Truck,36.0,7,2119.0,144.0,56353.0,2.5,Clear,0,9.0,7.33,1804.0,0,0,0,0,0,0,12,1,0,0.424,50.11,-1.67,0,10.939408501864317
SM104279,2025-11-05,Kanpur,Pickup,12.2,5,511.0,35.0,4992.0,5.2,Clear,1,6.0,4.91,497.0,0,0,0,0,0,0,11,2,0,0.639,40.74,-1.09,0,8.51579221050061
SM105528,2025-01-10,Kanpur,Mini Truck,27.6,7,1491.0,106.0,36459.0,4.7,Fog,0,8.0,8.64,1160.0,0,0,0,0,0,0,1,4,0,0.746,42.03,0.64,1,10.503971048232653
SM101542,2025-02-02,Gorakhpur,Mini Truck,50.7,6,1459.0,88.0,25369.0,2.4,Clear,0,9.0,7.34,1430.0,0,0,0,0,0,0,2,6,1,0.73,28.21,-1.66,0,10.141322652593328
SM104848,2025-02-25,Lucknow,Mini Truck,30.2,3,1189.0,48.0,4199.0,6.9,Clear,0,7.0,6.2,976.0,0,0,0,0,0,0,2,1,0,0.594,32.32,-0.8,0,8.34283980427146
SM101433,2025-07-25,Prayagraj,Pickup,74.5,8,323.0,16.0,5598.0,6.1,Rain,0,10.0,10.21,1219.0,0,0,0,0,1,0,7,4,0,0.404,16.36,0.21,1,8.630343289348893
SM104079,2025-10-06,Gorakhpur,Truck,16.8,5,2061.0,200.0,39859.0,7.3,Clear,0,7.0,6.49,1306.0,0,0,0,0,0,0,10,0,0,0.412,77.74,-0.51,0,10.593128593766785
SM103754,2025-01-14,Prayagraj,Mini Truck,30.8,6,1168.0,118.0,36214.0,8.1,Clear,1,8.0,6.4,1246.0,0,0,0,0,0,0,1,1,0,0.584,40.45,-1.6,0,10.497228676629426
SM101646,2025-05-06,Gorakhpur,Pickup,44.8,7,569.0,27.0,6001.0,5.2,Clear,0,8.0,8.0,927.0,1,0,0,0,0,0,5,1,0,0.711,20.69,0.0,0,8.699848026000312
SM100630,2025-09-26,Lucknow,Pickup,12.9,2,431.0,20.0,2130.0,4.6,Rain,0,5.0,4.52,326.0,0,0,0,0,0,0,9,4,0,0.539,25.27,-0.48,0,7.664346632098617
SM100909,2025-02-03,Kanpur,Pickup,34.1,4,314.0,33.0,6380.0,8.0,Clear,0,7.0,5.44,533.0,0,0,0,0,0,0,2,0,0,0.392,15.63,-1.56,0,8.761080103868347
SM105253,2025-07-24,Kanpur,Mini Truck,6.7,5,1140.0,80.0,10160.0,5.3,Clear,0,6.0,4.77,778.0,0,0,0,0,0,0,7,3,0,0.57,116.12,-1.23,0,9.22631214148588
SM101925,2025-02-18,Prayagraj,Mini Truck,21.2,7,1360.0,114.0,12177.0,5.9,Clear,0,8.0,6.14,1026.0,0,0,0,0,0,0,2,1,0,0.68,48.4,-1.86,0,9.40738632416852
SM105573,2025-09-08,Prayagraj,Pickup,24.7,6,355.0,15.0,2206.0,8.3,Rain,0,7.0,6.89,572.0,0,0,0,0,0,0,9,0,0,0.444,23.16,-0.11,0,7.699389406256737
SM104222,2025-10-29,Varanasi,Pickup,43.3,10,650.0,27.0,6238.0,4.3,Clear,1,9.0,8.72,1039.0,0,0,0,0,0,0,10,2,0,0.812,24.0,-0.28,0,8.738575192110787
SM104814,2025-09-30,Varanasi,Truck,24.4,3,1767.0,84.0,29444.0,5.7,Rain,0,7.0,5.94,1362.0,0,0,0,0,0,0,9,1,0,0.353,55.82,-1.06,0,10.290279395378672
SM102785,2025-02-12,Kanpur,Mini Truck,18.7,9,714.0,47.0,23686.0,5.9,Clear,0,8.0,6.08,840.0,0,0,0,0,0,0,2,2,0,0.357,44.92,-1.92,0,10.072681653422581
SM105146,2025-06-23,Lucknow,Truck,30.6,7,4140.0,258.0,14573.0,7.1,Clear,0,9.0,8.86,2481.0,0,0,0,0,0,0,6,0,0,0.828,81.08,-0.14,0,9.586994398230228
SM104071,2025-10-13,Lucknow,Pickup,40.5,4,328.0,39.0,10773.0,7.9,Clear,0,7.0,6.75,629.0,0,0,0,0,0,0,10,0,0,0.41,15.53,-0.25,0,9.28489110324048
SM102696,2025-02-16,Lucknow,Pickup,25.2,6,317.0,32.0,3144.0,4.1,Clear,0,6.0,4.24,377.0,1,0,0,0,0,0,2,6,1,0.396,14.96,-1.76,0,8.05356916913454
SM103041,2025-04-17,Lucknow,Mini Truck,12.9,5,1685.0,146.0,25358.0,5.6,Clear,0,7.0,6.45,981.0,0,0,1,0,0,0,4,3,0,0.842,76.05,-0.55,0,10.140888975597038
SM100619,2025-02-21,Gorakhpur,Pickup,56.1,7,425.0,17.0,2359.0,5.0,Rain,0,9.0,8.07,957.0,0,0,0,0,0,0,2,4,0,0.531,17.06,-0.93,0,7.7664168980196555
SM102753,2025-08-26,Kanpur,Pickup,20.3,7,297.0,14.0,3185.0,6.5,Rain,0,7.0,6.64,579.0,0,0,0,0,0,0,8,1,0,0.371,28.52,-0.36,0,8.066521490469993
SM105681,2025-10-15,Varanasi,Mini Truck,23.4,8,967.0,79.0,19032.0,3.8,Clear,0,8.0,6.11,960.0,0,0,0,0,0,0,10,2,0,0.484,41.03,-1.89,0,9.853929593687784
SM100216,2025-01-29,Prayagraj,Mini Truck,18.5,3,817.0,38.0,4737.0,4.8,Fog,0,6.0,6.37,636.0,0,0,0,0,0,0,1,2,0,0.408,34.38,0.37,1,8.463370384718731
SM102372,2025-01-23,Lucknow,Pickup,17.2,3,264.0,12.0,1058.0,5.2,Fog,0,6.0,5.63,310.0,0,0,0,0,0,0,1,3,0,0.33,18.02,-0.37,0,6.9650803456014065
SM105241,2025-11-17,Gorakhpur,Truck,49.0,5,3864.0,250.0,82353.5,4.8,Clear,0,10.0,7.7,2685.0,0,0,0,0,0,0,11,0,0,0.773,54.8,-2.3,0,11.318788378921557
SM104234,2025-04-05,Varanasi,Mini Truck,50.6,5,972.0,106.0,16459.0,5.5,Clear,0,8.0,6.7,1802.0,0,0,0,0,0,1,4,5,1,0.486,35.61,-1.3,0,9.70868847423106
SM103706,2025-02-27,Lucknow,Mini Truck,26.8,6,1305.0,90.0,39939.0,9.7,Clear,0,8.0,7.12,1057.0,0,0,0,0,0,0,2,3,0,0.652,39.44,-0.88,0,10.595133606969807
SM105258,2025-09-02,Kanpur,Mini Truck,16.8,8,714.0,36.0,5769.0,7.8,Clear,0,7.0,6.09,819.0,0,0,0,0,0,0,9,1,0,0.357,48.75,-0.91,0,8.660427359502146
SM105326,2025-07-26,Varanasi,Mini Truck,20.8,5,1339.0,90.0,16622.0,3.3,Rain,0,7.0,7.3,963.0,0,0,0,0,0,0,7,5,1,0.67,46.3,0.3,1,9.718542557535459
SM104869,2025-09-12,Varanasi,Mini Truck,35.8,5,1315.0,55.0,14179.0,5.6,Rain,1,8.0,7.44,1150.0,0,0,1,0,0,0,9,4,0,0.658,32.12,-0.56,0,9.559587800086119
SM103358,2025-03-10,Prayagraj,Pickup,15.3,7,144.0,10.0,1959.0,5.3,Clear,0,7.0,4.96,397.0,0,0,0,0,0,0,3,0,0,0.18,25.95,-2.04,0,7.580699752224563
SM102489,2025-05-11,Kanpur,Mini Truck,30.3,4,1569.0,113.0,19827.0,4.7,Clear,0,7.0,5.34,1187.0,0,0,0,0,0,0,5,6,1,0.784,39.17,-1.66,0,9.894850359140465
SM100460,2025-09-22,Prayagraj,Mini Truck,27.8,9,1484.0,101.0,24594.0,9.2,Rain,0,9.0,8.29,1251.0,0,0,0,0,0,0,9,0,0,0.742,45.0,-0.71,0,10.11029844922944
SM105003,2025-09-07,Lucknow,Truck,25.2,5,3138.0,347.0,82353.5,3.2,Clear,0,8.0,7.4,1924.0,0,0,0,0,0,0,9,6,1,0.628,76.35,-0.6,0,11.318788378921557
SM102007,2025-02-25,Varanasi,Mini Truck,107.7,8,1068.0,62.0,13674.5,5.6,Clear,0,12.0,9.47,2453.0,0,0,1,0,1,0,2,1,0,0.534,22.78,-2.53,0,9.523361189693068
SM103643,2025-06-29,Prayagraj,Mini Truck,31.5,4,1155.0,107.0,63083.0,7.1,Clear,1,7.0,6.94,1034.0,0,0,0,0,0,0,6,6,1,0.578,32.83,-0.06,0,11.052222450607449
SM100267,2025-05-07,Kanpur,Mini Truck,29.8,6,635.0,33.0,2684.0,4.5,Clear,0,7.0,5.72,992.0,0,0,0,0,0,0,5,2,0,0.318,33.29,-1.28,0,7.895436006942965
SM104385,2025-09-21,Kanpur,Mini Truck,39.9,4,482.0,22.0,2748.0,7.6,Rain,0,7.0,7.52,1096.0,0,0,0,0,0,0,9,6,1,0.241,27.47,0.52,1,7.918992488165245
SM101521,2025-09-17,Prayagraj,Mini Truck,63.2,6,1409.0,73.0,35432.0,6.0,Rain,0,9.0,8.98,1732.0,0,0,0,0,0,0,9,2,0,0.704,27.41,-0.02,0,10.475398868279957
SM103854,2025-06-25,Lucknow,Mini Truck,27.5,6,996.0,55.0,6005.0,6.1,Clear,0,7.0,6.23,974.0,0,0,0,0,0,0,6,2,0,0.498,35.42,-0.77,0,8.700514248543275
SM100817,2025-02-08,Lucknow,Mini Truck,13.4,7,1423.0,59.0,82353.5,2.1,Clear,0,7.0,5.47,1023.0,0,0,0,0,0,0,2,5,1,0.712,76.34,-1.53,0,11.318788378921557
SM104178,2025-06-17,Gorakhpur,Mini Truck,37.2,1,1282.0,121.0,19293.0,6.1,Clear,0,6.0,5.36,1086.0,0,0,0,0,0,0,6,1,0,0.641,29.19,-0.64,0,9.867549445730498
SM102742,2025-07-06,Kanpur,Truck,22.7,4,2059.0,209.0,44812.0,6.9,Clear,0,7.0,5.97,1475.0,0,0,0,0,0,0,7,6,1,0.412,64.98,-1.03,0,10.710253554880847
SM103051,2025-03-05,Varanasi,Pickup,51.9,8,390.0,29.0,6822.0,5.6,Clear,0,9.0,8.51,1047.0,0,0,0,0,0,0,3,2,0,0.488,20.17,-0.49,0,8.828054536815424
SM103376,2025-07-04,Prayagraj,Truck,50.4,6,3535.0,232.0,82353.5,7.0,Clear,0,10.0,7.57,2652.0,0,0,0,0,0,0,7,4,0,0.707,52.62,-2.43,0,11.318788378921557
SM104305,2025-10-09,Prayagraj,Mini Truck,56.4,9,590.0,30.0,4029.0,5.6,Clear,0,10.0,7.38,1373.0,0,0,1,0,0,0,10,3,0,0.295,24.34,-2.62,0,8.301521654940728
SM103990,2025-10-03,Lucknow,Truck,15.2,4,1720.0,121.0,23571.0,1.8,Clear,0,7.0,5.23,986.0,0,0,0,0,0,0,10,4,0,0.344,64.87,-1.77,0,10.067814845957804
SM101291,2025-11-10,Lucknow,Pickup,27.0,5,352.0,25.0,3983.0,5.3,Clear,0,7.0,5.18,542.0,0,0,0,0,0,0,11,0,0,0.44,20.07,-1.82,0,8.290041618704489
SM100001,2025-10-10,Varanasi,Pickup,59.7,4,462.0,30.0,11249.0,4.4,Clear,0,8.0,6.39,971.0,0,1,0,0,0,0,10,4,0,0.578,16.26,-1.61,0,9.328123407632566
SM103290,2025-05-28,Varanasi,Mini Truck,65.4,4,900.0,72.0,11337.0,4.7,Clear,0,9.0,6.86,1588.0,0,0,0,0,0,0,5,2,0,0.45,24.28,-2.14,0,9.33591519488425
SM101752,2025-08-18,Prayagraj,Mini Truck,18.4,7,1582.0,121.0,19723.0,3.9,Clear,0,8.0,4.86,1046.0,0,0,0,0,0,0,8,0,0,0.791,56.85,-3.14,0,9.889591447344017
SM104367,2025-02-21,Kanpur,Pickup,23.9,5,693.0,38.0,5165.0,6.0,Clear,0,7.0,5.12,725.0,0,0,0,0,0,0,2,4,0,0.866,30.33,-1.88,0,8.549853973655786
SM104532,2025-09-15,Prayagraj,Pickup,46.4,1,196.0,9.0,2504.0,7.4,Rain,0,6.0,6.79,510.0,0,0,0,0,0,0,9,0,0,0.245,10.99,0.79,1,7.826044013518965
SM104099,2025-05-03,Lucknow,Mini Truck,17.3,4,1334.0,55.0,20732.0,5.7,Clear,0,6.0,4.34,977.0,0,0,0,0,0,0,5,5,1,0.667,56.47,-1.66,0,9.939481912759504
SM101103,2025-02-24,Prayagraj,Mini Truck,39.3,6,1517.0,75.0,5307.0,4.8,Clear,0,8.0,7.31,1291.0,0,0,0,0,0,0,2,0,0,0.758,32.85,-0.69,0,8.576970395452099
SM100561,2025-01-16,Prayagraj,Pickup,11.3,4,358.0,43.0,16576.0,6.2,Fog,0,6.0,6.77,436.0,0,0,0,0,0,0,1,3,0,0.448,38.58,0.77,1,9.715771471424866
SM104381,2025-02-12,Prayagraj,Mini Truck,66.2,4,1675.0,90.0,11674.0,7.1,Clear,0,9.0,7.64,1872.0,0,0,0,0,0,0,2,2,0,0.838,28.28,-1.36,0,9.365205082537098
SM103514,2025-04-07,Lucknow,Pickup,15.9,7,451.0,54.0,17507.0,5.6,Clear,0,7.0,5.34,593.0,0,0,0,0,0,0,4,0,0,0.564,37.3,-1.66,0,9.770413198310786
SM100880,2025-02-01,Varanasi,Pickup,16.7,13,488.0,20.0,82353.5,1.8,Clear,0,9.0,6.43,876.0,0,0,0,0,0,0,2,5,1,0.61,52.46,-2.57,0,11.318788378921557
SM101787,2025-02-06,Kanpur,Pickup,34.9,6,576.0,24.0,4108.0,6.3,Clear,0,8.0,6.64,829.0,0,0,0,0,0,0,2,3,0,0.72,23.75,-1.36,0,8.32093496888341
SM101008,2025-09-25,Lucknow,Truck,18.8,1,3137.0,176.0,71235.0,5.0,Rain,0,6.0,7.03,1604.0,0,0,0,0,0,0,9,3,0,0.627,85.32,1.03,1,11.173753587595897
SM105807,2025-12-30,Kanpur,Mini Truck,46.6,10,642.0,43.0,6105.0,5.3,Clear,0,9.0,7.33,1322.0,0,0,0,0,0,0,12,1,0,0.321,28.37,-1.67,0,8.717027173294824
SM105699,2025-05-18,Lucknow,Pickup,33.3,6,597.0,41.0,7166.0,4.3,Rain,0,7.0,6.95,849.0,0,0,0,0,0,0,5,6,1,0.746,25.5,-0.05,0,8.877242435993919
SM101426,2025-09-03,Lucknow,Mini Truck,26.0,6,1313.0,100.0,11490.0,8.3,Rain,1,7.0,7.6,1063.0,1,0,0,0,0,0,9,2,0,0.656,40.88,0.6,1,9.349319399257634
SM101120,2025-01-06,Gorakhpur,Mini Truck,35.5,4,1320.0,68.0,8592.0,5.3,Clear,0,7.0,5.23,1261.0,0,0,0,0,0,0,1,0,0,0.66,35.52,-1.77,0,9.058703197313223
SM102166,2025-04-26,Prayagraj,Pickup,58.9,4,342.0,35.0,9038.0,3.9,Clear,0,8.0,6.73,971.0,0,0,0,0,0,0,4,5,1,0.428,16.49,-1.27,0,9.109303827798412
SM102764,2025-03-16,Prayagraj,Pickup,30.2,5,706.0,64.0,5598.0,6.4,Clear,0,7.0,5.92,794.0,0,0,0,0,1,0,3,6,1,0.882,26.29,-1.08,0,8.630343289348893
SM102586,2025-05-15,Varanasi,Mini Truck,59.1,6,1148.0,82.0,8884.0,7.8,Clear,0,9.0,7.88,1606.0,0,0,0,0,0,0,5,3,0,0.574,27.17,-1.12,0,9.092119740588751
SM104278,2025-09-25,Varanasi,Mini Truck,6.4,8,1792.0,119.0,12043.0,8.1,Clear,0,7.0,5.91,964.0,0,0,0,0,0,0,9,3,0,0.896,150.62,-1.09,0,9.396321889601625
SM104522,2025-07-16,Prayagraj,Pickup,14.1,6,430.0,33.0,1406.0,5.0,Clear,0,6.0,4.44,602.0,0,0,0,0,0,0,7,2,0,0.538,42.7,-1.56,0,7.249215057114389
SM101330,2025-06-14,Lucknow,Mini Truck,32.5,8,1003.0,113.0,23293.0,7.7,Clear,0,8.0,7.42,1206.0,0,0,0,0,0,0,6,5,1,0.501,37.11,-0.58,0,10.055951095662596
SM103229,2025-11-01,Prayagraj,Mini Truck,32.3,7,1248.0,103.0,9231.0,4.9,Clear,0,8.0,7.11,1166.0,0,0,0,0,0,0,11,5,1,0.624,36.1,-0.89,0,9.13043098874788
SM104708,2025-10-08,Prayagraj,Pickup,45.7,4,536.0,31.0,12963.0,4.6,Clear,0,7.0,5.83,883.0,0,0,0,0,0,0,10,2,0,0.67,19.32,-1.17,0,9.469931564261438
SM105878,2025-08-28,Lucknow,Mini Truck,41.1,3,1392.0,56.0,6437.0,6.8,Clear,0,7.0,7.23,1256.0,0,0,0,0,0,0,8,3,0,0.696,30.56,0.23,1,8.769973211858753
SM105704,2025-04-24,Prayagraj,Truck,36.9,5,3682.0,161.0,41450.0,4.9,Clear,0,9.0,7.11,2326.0,0,0,0,0,0,0,4,3,0,0.736,63.04,-1.89,0,10.63226728572478
SM101420,2025-12-13,Prayagraj,Pickup,36.2,5,585.0,34.0,4744.0,5.6,Rain,0,7.0,7.86,695.0,0,0,1,0,0,0,12,5,1,0.731,19.2,0.86,1,8.464846711044029
SM104244,2025-05-09,Prayagraj,Truck,47.8,5,1897.0,83.0,14317.0,7.0,Clear,0,9.0,6.32,1965.0,0,0,0,0,0,0,5,4,0,0.379,41.11,-2.68,0,9.56927276595613
SM102179,2025-06-16,Varanasi,Mini Truck,5.5,11,889.0,54.0,9640.0,9.0,Clear,0,8.0,7.16,767.0,0,0,0,0,0,0,6,0,0,0.444,139.45,-0.84,0,9.17378011666438
SM105976,2025-12-07,Lucknow,Pickup,20.5,5,375.0,15.0,2829.0,3.3,Clear,0,6.0,5.15,507.0,0,0,0,0,0,0,12,6,1,0.469,24.73,-0.85,0,7.948031990637284
SM105769,2025-07-20,Lucknow,Truck,15.3,6,3869.0,159.0,82353.5,5.3,Clear,0,8.0,6.39,1848.0,0,0,0,0,0,0,7,6,1,0.774,120.78,-1.61,0,11.318788378921557
SM101721,2025-09-28,Varanasi,Pickup,28.2,8,374.0,29.0,9363.0,5.6,Clear,0,8.0,6.01,653.0,0,0,1,0,0,0,9,6,1,0.468,23.16,-1.99,0,9.144627828610801
SM101231,2025-09-25,Lucknow,Pickup,6.3,7,578.0,31.0,3410.0,7.3,Rain,0,6.0,7.34,545.0,0,0,0,1,0,0,9,3,0,0.722,86.51,1.34,1,8.134760782418645
SM102206,2025-02-19,Lucknow,Truck,62.3,6,4001.0,306.0,82353.5,8.6,Clear,0,11.0,10.3,3228.0,0,0,0,0,0,0,2,2,0,0.8,51.81,-0.7,0,11.318788378921557
SM100396,2025-01-17,Lucknow,Mini Truck,24.9,5,944.0,63.0,14052.0,5.1,Fog,0,7.0,7.45,859.0,0,0,0,0,0,0,1,4,0,0.472,34.5,0.45,1,9.550591175100745
SM104501,2025-07-14,Kanpur,Pickup,39.0,6,158.0,14.0,2269.0,6.6,Clear,0,8.0,5.4,642.0,0,0,0,0,0,0,7,0,0,0.198,16.46,-2.6,0,7.727535110475448
SM105416,2025-05-09,Gorakhpur,Mini Truck,18.4,9,1104.0,78.0,19933.0,5.9,Clear,0,8.0,7.31,940.0,0,0,0,0,0,0,5,4,0,0.552,51.09,-0.69,0,9.900182095527402
SM105806,2025-06-06,Lucknow,Truck,30.2,4,3243.0,154.0,16400.0,3.8,Rain,0,8.0,7.58,1989.0,0,0,0,0,0,0,6,4,0,0.649,65.86,-0.42,0,9.70509758756311
SM101535,2025-01-12,Lucknow,Mini Truck,40.6,9,1163.0,58.0,12767.0,5.1,Fog,0,9.0,8.65,1373.0,0,0,0,0,0,0,1,6,1,0.582,33.82,-0.35,0,9.45469731968959
SM105563,2025-02-07,Lucknow,Pickup,16.1,7,465.0,53.0,7737.0,6.8,Clear,0,7.0,7.03,567.0,0,0,0,0,0,0,2,4,0,0.581,35.22,0.03,1,8.953898535260459
SM102345,2025-04-04,Lucknow,Truck,44.5,8,4314.0,244.0,35991.0,5.7,Rain,0,11.0,11.4,2903.0,0,0,0,0,0,0,4,4,0,0.863,65.24,0.4,1,10.491051970521008
SM101959,2025-03-10,Varanasi,Mini Truck,45.2,5,1598.0,89.0,16963.0,6.9,Clear,0,8.0,7.19,1410.0,0,0,0,0,0,0,3,0,0,0.799,31.19,-0.81,0,9.738848730594482
SM100613,2025-05-21,Gorakhpur,Pickup,24.1,1,676.0,60.0,7437.0,3.1,Clear,0,5.0,3.05,455.0,0,0,0,0,0,0,5,2,0,0.845,18.88,-1.95,0,8.914357274485015
SM100290,2025-10-22,Prayagraj,Pickup,38.1,7,400.0,22.0,5661.0,7.8,Clear,1,8.0,7.66,709.0,0,0,0,0,0,0,10,2,0,0.5,18.61,-0.34,0,8.641532465671846
SM103668,2025-06-05,Lucknow,Pickup,19.8,5,565.0,64.0,15999.0,4.3,Clear,0,6.0,4.76,577.0,0,0,0,0,0,0,6,3,0,0.706,29.14,-1.24,0,9.680344001221918
SM102545,2025-05-26,Prayagraj,Mini Truck,16.2,5,1125.0,96.0,10268.0,3.7,Clear,0,7.0,4.5,776.0,0,0,0,0,0,0,5,0,0,0.562,47.9,-2.5,0,9.236884927198295
SM100990,2025-05-06,Gorakhpur,Pickup,74.4,4,129.0,7.0,965.0,5.1,Clear,0,9.0,7.83,952.0,0,0,0,0,0,0,5,1,0,0.161,12.8,-1.17,0,6.873163834212518
SM105055,2025-11-26,Varanasi,Mini Truck,37.2,3,1479.0,169.0,60746.0,5.6,Clear,0,7.0,5.65,1255.0,0,0,1,0,0,0,11,2,0,0.74,33.74,-1.35,0,11.01447297726738
SM104887,2025-07-16,Lucknow,Pickup,39.9,5,401.0,30.0,10958.0,4.1,Rain,0,7.0,6.74,786.0,0,0,0,0,0,0,7,2,0,0.501,19.7,-0.26,0,9.301916315463393
SM105722,2025-09-07,Kanpur,Mini Truck,27.05,9,744.0,45.0,8959.0,4.7,Clear,0,8.0,6.41,1048.0,1,0,0,0,0,0,9,6,1,0.372,38.74,-1.59,0,9.100525505968976
SM102663,2025-07-01,Lucknow,Pickup,14.6,4,369.0,23.0,2051.0,4.6,Clear,0,6.0,4.19,465.0,0,0,0,0,0,0,7,1,0,0.461,31.85,-1.81,0,7.62657020629066
SM102287,2025-10-27,Varanasi,Truck,80.7,4,1342.0,59.0,10224.0,6.0,Rain,0,10.0,10.16,2566.0,0,0,0,0,0,0,10,0,0,0.268,31.8,0.16,1,9.232590980911002
SM100650,2025-06-28,Prayagraj,Mini Truck,29.1,5,1329.0,131.0,16038.0,3.5,Clear,0,7.0,4.77,1099.0,0,0,0,0,0,0,6,5,1,0.664,37.77,-2.23,0,9.682778535337379
SM101559,2025-11-09,Varanasi,Truck,62.2,6,2840.0,182.0,22494.0,8.8,Clear,0,10.0,10.6,2771.0,0,1,0,0,0,0,11,6,1,0.568,44.55,0.6,1,10.021048341275273
SM100487,2025-07-13,Kanpur,Pickup,4.8,6,399.0,28.0,3858.0,5.9,Rain,0,6.0,5.34,454.0,0,0,0,0,0,0,7,6,1,0.499,94.58,-0.66,0,8.258163361537619
SM104531,2025-02-16,Lucknow,Truck,32.4,8,3968.0,299.0,41214.0,4.3,Clear,0,10.0,8.03,2403.0,0,0,0,0,0,0,2,6,1,0.794,74.17,-1.97,0,10.626557546747328
SM101772,2025-05-13,Lucknow,Mini Truck,23.3,6,1166.0,79.0,13201.0,7.2,Rain,0,7.0,7.49,996.0,0,0,0,0,0,0,5,1,0,0.583,42.75,0.49,1,9.488123612248716
SM102290,2025-05-25,Prayagraj,Mini Truck,23.9,6,1574.0,174.0,61762.0,3.7,Clear,0,8.0,5.5,1082.0,0,0,0,0,0,0,5,6,1,0.787,45.27,-2.5,0,11.031059758648459
SM101678,2025-12-04,Lucknow,Mini Truck,27.1,7,1194.0,51.0,17320.0,6.3,Clear,0,8.0,7.01,1190.0,0,0,0,0,0,0,12,3,0,0.597,43.91,-0.99,0,9.75967491717028
SM100345,2025-04-04,Varanasi,Mini Truck,39.2,7,1887.0,93.0,17955.0,5.7,Clear,0,9.0,7.17,1458.0,0,0,0,0,0,0,4,4,0,0.944,37.19,-1.83,0,9.795679599901822
SM101313,2025-11-08,Kanpur,Truck,9.9,5,2715.0,142.0,16749.0,4.1,Clear,0,7.0,5.27,1378.0,0,0,0,0,0,0,11,5,1,0.543,139.19,-1.73,0,9.726153537253213
SM103354,2025-12-22,Lucknow,Pickup,18.6,8,328.0,20.0,5062.0,5.4,Clear,0,7.0,6.57,573.0,0,0,0,0,0,0,12,0,0,0.41,30.81,-0.43,0,8.529714471969909
SM103881,2025-03-23,Varanasi,Truck,23.3,4,4037.0,256.0,34573.0,4.4,Rain,0,8.0,7.86,2163.0,0,0,0,0,0,0,3,6,1,0.807,92.83,-0.14,0,10.450857233482733
SM100852,2025-12-18,Prayagraj,Pickup,79.7,4,450.0,41.0,9843.0,4.0,Fog,0,9.0,7.85,1176.0,0,0,0,0,0,0,12,3,0,0.562,14.76,-1.15,0,9.194617411510947
SM103162,2025-02-28,Prayagraj,Pickup,33.6,8,677.0,45.0,7489.0,5.4,Clear,0,8.0,6.32,988.0,0,0,0,0,0,0,2,4,0,0.846,29.4,-1.68,0,8.921324076511265
SM104511,2025-07-10,Varanasi,Truck,50.7,10,2475.0,151.0,38287.0,5.2,Rain,0,11.0,11.25,2461.0,0,0,0,0,0,0,7,3,0,0.495,48.54,0.25,1,10.552891810148154
SM104141,2025-11-10,Varanasi,Mini Truck,50.2,4,1813.0,115.0,17629.0,6.5,Rain,0,8.0,8.36,1612.0,0,0,0,0,0,0,11,0,0,0.906,32.11,0.36,1,9.777357275391916
SM104107,2025-11-04,Varanasi,Pickup,23.0,8,497.0,20.0,5938.0,7.3,Clear,1,8.0,7.09,604.0,0,0,0,0,0,0,11,1,0,0.621,26.26,-0.91,0,8.68929604801586
SM100794,2025-06-07,Varanasi,Truck,57.0,7,1025.0,91.0,12889.0,7.9,Clear,0,9.0,9.13,1949.0,0,0,0,0,0,0,6,5,1,0.205,34.19,0.13,1,9.464207095933233
SM105781,2025-02-23,Lucknow,Mini Truck,25.0,6,1591.0,77.0,12382.0,7.6,Clear,0,8.0,7.14,1292.0,0,0,0,0,0,0,2,6,1,0.796,51.68,-0.86,0,9.424079843215099
SM102316,2025-02-01,Lucknow,Truck,21.1,7,2493.0,126.0,18589.0,5.6,Clear,0,8.0,7.11,1671.0,0,0,0,0,0,0,2,5,1,0.499,79.19,-0.89,0,9.83037908071549
SM102878,2025-11-14,Varanasi,Pickup,60.5,4,358.0,20.0,4452.0,7.5,Rain,0,8.0,8.02,954.0,0,0,0,0,0,0,11,4,0,0.448,15.77,0.02,1,8.401333305321703
SM102583,2025-08-29,Varanasi,Mini Truck,42.7,7,1334.0,61.0,18878.0,4.6,Clear,0,9.0,6.93,1390.0,0,0,0,0,0,0,8,4,0,0.667,32.55,-2.07,0,9.845805472195043
SM105628,2025-06-12,Prayagraj,Truck,19.7,2,3004.0,155.0,14260.0,6.1,Clear,0,7.0,6.69,1658.0,0,0,0,0,0,0,6,3,0,0.601,84.16,-0.31,0,9.565283817736766
SM105430,2025-12-17,Lucknow,Mini Truck,8.5,4,896.0,100.0,31887.0,5.4,Clear,0,6.0,6.18,551.0,0,0,0,1,0,0,12,2,0,0.448,64.82,0.18,1,10.369985042452576
SM102349,2025-07-04,Lucknow,Mini Truck,50.9,5,735.0,60.0,14804.0,5.6,Clear,0,8.0,6.38,1813.0,0,0,0,0,0,1,7,4,0,0.368,35.62,-1.62,0,9.602720240535692
SM100702,2025-03-03,Varanasi,Mini Truck,47.7,6,909.0,85.0,30162.0,5.5,Clear,0,8.0,7.0,1407.0,0,0,0,1,0,0,3,0,0,0.454,29.5,-1.0,0,10.314371286671152
SM101774,2025-10-08,Lucknow,Pickup,49.9,6,564.0,50.0,9280.0,4.7,Fog,0,8.0,8.77,921.0,0,0,0,0,0,0,10,2,0,0.705,18.46,0.77,1,9.135724578595394
SM103447,2025-07-25,Prayagraj,Pickup,14.2,5,638.0,46.0,7902.0,5.1,Rain,0,6.0,5.83,522.0,0,0,0,0,0,0,7,4,0,0.798,36.76,-0.17,0,8.974997713204976
SM104337,2025-04-30,Prayagraj,Mini Truck,34.9,7,1840.0,81.0,25708.0,4.2,Clear,0,9.0,7.65,1517.0,0,0,0,0,0,0,4,2,0,0.92,43.47,-1.35,0,10.15459640413204
SM104996,2025-09-30,Lucknow,Pickup,34.9,5,413.0,18.0,3963.0,6.6,Clear,0,7.0,6.12,616.0,0,0,0,0,0,0,9,1,0,0.516,17.65,-0.88,0,8.285008895449879
SM103716,2025-05-08,Kanpur,Pickup,9.4,5,506.0,31.0,4583.0,5.6,Clear,0,6.0,5.08,468.0,0,0,1,0,0,0,5,3,0,0.632,49.79,-0.92,0,8.430327258394575
SM103408,2025-08-29,Varanasi,Pickup,38.1,5,265.0,11.0,2433.0,4.1,Rain,0,7.0,6.8,711.0,0,0,0,0,0,0,8,4,0,0.331,18.66,-0.2,0,7.797291273547472
SM102389,2025-11-15,Gorakhpur,Mini Truck,23.9,9,1328.0,80.0,13060.0,5.8,Clear,1,8.0,8.18,1110.0,0,0,0,0,0,0,11,5,1,0.664,46.44,0.18,1,9.47738596957752
SM102684,2025-07-04,Prayagraj,Mini Truck,28.0,5,1295.0,56.0,3492.0,5.2,Clear,0,7.0,5.31,1051.0,0,0,0,0,0,0,7,4,0,0.648,37.54,-1.69,0,8.158516244806831
SM102565,2025-06-07,Lucknow,Mini Truck,21.8,9,995.0,44.0,7277.0,6.2,Clear,0,8.0,7.06,934.0,0,0,0,0,0,0,6,5,1,0.498,42.84,-0.94,0,8.892611378172106
SM101525,2025-01-18,Varanasi,Pickup,37.9,3,567.0,28.0,14517.0,1.0,Clear,0,6.0,1.96,518.0,1,0,0,0,0,0,1,5,1,0.709,13.67,-4.04,0,9.583144537844786
SM102963,2025-01-25,Prayagraj,Pickup,52.4,6,744.0,45.0,12196.0,3.5,Fog,1,9.0,9.1,1011.0,0,0,0,0,0,0,1,5,1,0.93,19.29,0.1,1,9.40894529884324
SM105585,2025-09-28,Prayagraj,Pickup,38.6,4,283.0,25.0,3003.0,6.2,Clear,0,7.0,6.42,664.0,0,0,0,0,0,0,9,6,1,0.354,17.2,-0.58,0,8.007700012884026
SM105296,2025-01-02,Varanasi,Mini Truck,19.8,3,799.0,99.0,34496.0,7.4,Fog,0,6.0,5.8,769.0,0,0,0,0,0,0,1,3,0,0.4,38.84,-0.2,0,10.448627642716774
SM105888,2025-08-31,Kanpur,Mini Truck,32.1,5,1161.0,79.0,21386.0,6.3,Clear,0,7.0,6.29,1145.0,0,0,0,0,0,0,8,6,1,0.58,35.67,-0.71,0,9.970538539785737
SM100430,2025-01-31,Varanasi,Truck,37.65,6,3789.0,337.0,27730.0,6.6,Rain,0,9.0,10.07,2519.0,1,0,0,0,0,0,1,4,0,0.758,66.91,1.07,1,10.230306199986291
SM103714,2025-09-22,Varanasi,Pickup,47.4,5,376.0,16.0,5361.0,4.7,Rain,0,8.0,7.38,837.0,0,0,0,0,0,0,9,0,0,0.47,17.66,-0.62,0,8.587092318795905
SM103783,2025-10-05,Lucknow,Pickup,21.0,6,611.0,61.0,15506.0,7.9,Clear,0,7.0,5.62,642.0,0,0,0,0,0,0,10,6,1,0.764,30.57,-1.38,0,9.64904681386415
SM102249,2025-06-04,Kanpur,Truck,14.2,9,2840.0,215.0,82353.5,5.0,Rain,0,9.0,9.22,1998.0,0,1,0,0,0,0,6,2,0,0.568,140.7,0.22,1,11.318788378921557
SM103366,2025-08-15,Prayagraj,Pickup,61.7,3,305.0,13.0,5397.0,5.3,Rain,0,8.0,6.79,882.0,0,0,0,0,0,0,8,4,0,0.381,14.29,-1.21,0,8.59378379357795
SM102390,2025-06-15,Varanasi,Mini Truck,39.5,5,1611.0,68.0,27113.0,5.6,Clear,0,8.0,7.71,1347.0,0,0,0,0,0,0,6,6,1,0.806,34.1,-0.29,0,10.207805478639335
SM104046,2025-06-15,Prayagraj,Mini Truck,11.6,6,1496.0,63.0,10112.0,5.7,Clear,0,7.0,5.44,796.0,0,0,0,0,0,0,6,6,1,0.748,68.62,-1.56,0,9.221577003902171
SM105632,2025-07-10,Lucknow,Truck,22.4,6,1068.0,45.0,20567.0,8.5,Clear,0,7.0,6.61,1219.0,0,0,0,0,0,0,7,3,0,0.214,54.42,-0.39,0,9.931491748945726
SM104876,2025-05-31,Varanasi,Truck,57.1,10,2611.0,128.0,35687.0,5.2,Clear,0,11.0,9.96,3470.0,0,0,0,0,0,1,5,5,1,0.522,60.77,-1.04,0,10.4825697768081
SM105805,2025-02-24,Varanasi,Truck,46.2,8,4091.0,290.0,65775.0,4.5,Rain,0,11.0,9.48,2812.0,0,0,0,0,0,0,2,0,0,0.818,60.87,-1.52,0,11.09401030913766
SM101739,2025-03-16,Varanasi,Truck,22.3,2,1691.0,112.0,29362.0,6.6,Clear,0,6.0,5.74,1154.0,0,0,0,0,0,0,3,6,1,0.338,51.75,-0.26,0,10.28749065734496
SM101128,2025-07-23,Kanpur,Mini Truck,31.1,5,1773.0,168.0,35601.0,5.0,Clear,0,8.0,5.94,1326.0,0,0,0,0,0,0,7,2,0,0.886,42.64,-2.06,0,10.480157095037379
SM104102,2025-03-11,Varanasi,Mini Truck,31.7,4,1028.0,113.0,20347.0,5.1,Clear,0,7.0,6.1,1076.0,0,0,0,0,0,0,3,1,0,0.514,33.94,-0.9,0,9.920737905942655
SM103037,2025-02-26,Prayagraj,Pickup,22.4,6,199.0,11.0,3793.0,5.9,Clear,0,7.0,6.37,587.0,0,0,0,0,0,0,2,2,0,0.249,26.21,-0.63,0,8.24117615049496
SM105825,2025-07-14,Kanpur,Pickup,32.0,5,231.0,15.0,2719.0,6.8,Clear,0,7.0,6.03,634.0,0,0,0,0,0,0,7,0,0,0.289,19.81,-0.97,0,7.908387159290043
SM102423,2025-10-29,Lucknow,Pickup,40.4,5,411.0,30.0,1329.0,5.5,Clear,0,7.0,5.8,805.0,0,0,0,0,0,0,10,2,0,0.514,19.93,-1.2,0,7.1929342212158
SM103948,2025-12-21,Varanasi,Mini Truck,45.3,8,1412.0,114.0,13811.0,2.9,Clear,0,9.0,7.16,1522.0,0,0,0,0,0,0,12,6,1,0.706,33.6,-1.84,0,9.533293058509884
SM105456,2025-02-28,Gorakhpur,Truck,18.6,8,2581.0,152.0,15213.0,3.9,Clear,0,8.0,5.88,1627.0,0,0,0,0,0,0,2,4,0,0.516,87.47,-2.12,0,9.629971335557247
SM104389,2025-08-07,Lucknow,Mini Truck,32.2,4,683.0,70.0,15047.0,6.3,Rain,0,7.0,6.61,860.0,0,0,0,0,0,0,8,3,0,0.342,26.71,-0.39,0,9.619000370980867
SM100632,2025-06-08,Varanasi,Mini Truck,23.0,5,1383.0,57.0,16134.0,5.8,Clear,0,7.0,5.34,1028.0,0,0,0,0,0,0,6,6,1,0.692,44.7,-1.66,0,9.688746104486063
SM100577,2025-07-11,Lucknow,Mini Truck,44.7,4,1509.0,63.0,8263.0,3.0,Clear,0,8.0,5.14,1273.0,0,0,0,0,0,0,7,4,0,0.754,28.48,-2.86,0,9.019664010799474
SM104034,2025-06-05,Lucknow,Truck,36.9,7,2436.0,234.0,80022.0,2.8,Clear,0,9.0,7.71,1995.0,0,0,0,0,0,0,6,3,0,0.487,54.07,-1.29,0,11.290069372335813
SM101080,2025-12-02,Prayagraj,Mini Truck,30.2,4,1161.0,82.0,13712.0,4.8,Fog,0,7.0,7.45,967.0,0,1,0,0,0,0,12,1,0,0.58,32.02,0.45,1,9.526099566999854
SM105720,2025-12-24,Kanpur,Mini Truck,10.3,7,778.0,38.0,9233.0,5.2,Clear,0,7.0,4.79,804.0,0,0,0,0,0,0,12,2,0,0.389,78.06,-2.21,0,9.130647603066935
SM105965,2025-02-06,Lucknow,Pickup,9.8,7,409.0,22.0,2784.0,3.0,Clear,0,7.0,5.28,473.0,0,0,0,0,0,0,2,3,0,0.511,48.27,-1.72,0,7.932003152361385
SM102872,2025-10-26,Lucknow,Pickup,9.4,3,645.0,26.0,12939.0,6.0,Clear,0,5.0,3.9,467.0,0,0,0,0,0,0,10,6,1,0.806,49.68,-1.1,0,9.468078568054892
SM102667,2025-12-19,Gorakhpur,Mini Truck,111.3,6,1562.0,94.0,30919.0,5.7,Fog,0,12.0,13.45,2410.0,0,0,0,0,0,0,12,4,0,0.781,21.65,1.45,1,10.339158502701359
SM104005,2025-12-14,Prayagraj,Pickup,87.1,5,436.0,21.0,2818.0,2.3,Fog,0,10.0,7.76,1353.0,0,0,0,0,0,0,12,6,1,0.545,15.53,-2.24,0,7.9441374911141125
SM104661,2025-07-31,Gorakhpur,Mini Truck,17.3,2,893.0,40.0,7263.0,8.3,Rain,0,6.0,7.27,784.0,0,0,0,0,0,0,7,3,0,0.446,45.32,1.27,1,8.890685920281129
SM101855,2025-11-07,Gorakhpur,Pickup,25.5,6,471.0,47.0,8438.0,5.6,Clear,0,7.0,5.81,725.0,0,0,0,0,0,0,11,4,0,0.589,28.43,-1.19,0,9.040619097157967
SM101917,2025-06-29,Varanasi,Truck,15.4,7,4208.0,351.0,71021.0,4.7,Clear,0,9.0,7.26,2055.0,0,0,0,0,0,0,6,6,1,0.842,133.44,-1.74,0,11.170744967181948
SM102812,2025-03-14,Varanasi,Pickup,42.4,4,317.0,16.0,2347.0,8.4,Clear,1,7.0,7.7,756.0,0,0,0,0,0,0,3,4,0,0.396,17.83,0.7,1,7.761319180947987
SM105167,2025-03-13,Gorakhpur,Mini Truck,73.0,12,1117.0,82.0,6939.0,5.8,Clear,0,12.0,11.21,2046.0,0,0,0,0,0,0,3,3,0,0.558,28.03,-0.79,0,8.84505705350085
SM100983,2025-08-25,Lucknow,Mini Truck,12.3,6,1268.0,81.0,25707.0,6.2,Clear,0,7.0,6.02,836.0,0,0,0,0,0,0,8,0,0,0.634,67.97,-0.98,0,10.154557506491177
SM105881,2025-12-27,Gorakhpur,Pickup,32.7,6,459.0,28.0,4734.0,4.9,Fog,0,7.0,7.31,795.0,0,0,0,0,0,0,12,5,1,0.574,24.31,0.31,1,8.462737005620179
SM101675,2025-12-25,Lucknow,Pickup,33.4,7,450.0,20.0,2503.0,9.5,Clear,0,8.0,8.77,773.0,0,0,0,1,0,0,12,3,0,0.562,23.14,0.77,1,7.825644732219989
SM100785,2025-08-03,Gorakhpur,Mini Truck,14.4,2,1796.0,90.0,8561.0,3.4,Clear,0,6.0,4.32,879.0,0,0,0,0,0,0,8,6,1,0.898,61.04,-1.68,0,9.055089086704891
SM104767,2025-01-04,Prayagraj,Pickup,15.1,4,493.0,28.0,6966.0,4.7,Fog,0,6.0,6.03,490.0,0,0,0,0,0,0,1,5,1,0.616,32.45,0.03,1,8.848939995030118
SM101973,2025-05-05,Kanpur,Truck,28.65,6,962.0,52.0,17144.0,4.6,Clear,0,7.0,4.81,907.0,1,0,0,0,0,0,5,0,0,0.192,31.66,-2.19,0,9.74946186489702
SM100500,2025-02-11,Prayagraj,Truck,10.2,3,2835.0,139.0,15549.0,5.3,Clear,0,6.0,6.78,1228.0,0,0,0,0,0,0,2,1,0,0.567,120.39,0.78,1,9.65181591760738
SM102537,2025-07-02,Varanasi,Mini Truck,93.7,6,1716.0,95.0,29571.0,5.2,Rain,0,11.0,10.31,2347.0,0,0,0,0,0,0,7,2,0,0.858,25.05,-0.69,0,10.294583246676991
SM104400,2025-05-19,Varanasi,Truck,38.2,4,3426.0,223.0,36875.0,6.9,Clear,0,9.0,8.45,2149.0,0,0,0,0,0,0,5,0,0,0.685,56.26,-0.55,0,10.515316211918485
SM102117,2025-07-17,Kanpur,Mini Truck,42.1,3,1844.0,85.0,8414.0,5.0,Clear,0,8.0,6.61,1564.0,0,0,0,0,0,0,7,3,0,0.922,37.15,-1.39,0,9.037771106624906
SM102854,2025-09-22,Lucknow,Pickup,56.3,8,337.0,32.0,4905.0,8.3,Rain,0,9.0,9.49,1003.0,0,0,0,0,0,0,9,0,0,0.421,17.82,0.49,1,8.498214224818435
SM101361,2025-01-25,Varanasi,Mini Truck,38.1,7,791.0,33.0,5937.0,4.8,Fog,0,8.0,7.04,1202.0,0,0,0,0,0,0,1,5,1,0.396,31.55,-0.96,0,8.689127655323706
SM100292,2025-12-15,Varanasi,Mini Truck,41.7,7,1619.0,73.0,11922.0,8.4,Rain,0,9.0,10.05,1435.0,0,0,0,0,0,0,12,0,0,0.81,34.41,1.05,1,9.386224586806131
SM104697,2025-02-02,Kanpur,Truck,42.4,5,2740.0,114.0,70691.0,6.6,Clear,0,9.0,7.99,2211.0,0,0,0,0,0,0,2,6,1,0.548,52.15,-1.01,0,11.166087691309688
SM103549,2025-08-22,Lucknow,Pickup,25.2,8,593.0,26.0,4255.0,5.1,Rain,0,7.0,6.84,747.0,1,0,0,0,0,0,8,4,0,0.741,29.64,-0.16,0,8.35608503102148
SM101682,2025-01-13,Kanpur,Pickup,36.8,6,639.0,37.0,14113.0,4.7,Rain,0,8.0,6.69,771.0,0,0,0,0,0,0,1,0,0,0.799,20.95,-1.31,0,9.554922491560776
SM100093,2025-05-22,Gorakhpur,Mini Truck,49.2,3,884.0,38.0,8718.0,6.4,Fog,0,7.0,8.05,1123.0,0,0,0,0,0,0,5,3,0,0.442,22.83,1.05,1,9.073259831427816
SM104576,2025-01-31,Gorakhpur,Mini Truck,46.2,7,1295.0,77.0,38235.0,3.5,Clear,0,8.0,5.17,1059.0,1,0,0,0,0,0,1,4,0,0.648,22.92,-2.83,0,10.551532759183653
SM104408,2025-04-06,Varanasi,Truck,58.0,5,4113.0,296.0,82353.5,5.7,Clear,0,10.0,8.98,2932.0,0,0,0,0,0,0,4,6,1,0.823,50.55,-1.02,0,11.318788378921557
SM104714,2025-01-11,Lucknow,Truck,25.4,3,1813.0,91.0,9789.0,6.6,Clear,1,7.0,7.51,1489.0,1,0,0,0,0,0,1,5,1,0.363,58.62,0.51,1,9.189116735524555
SM102078,2025-04-05,Prayagraj,Mini Truck,22.6,11,1572.0,123.0,40513.0,6.9,Clear,0,9.0,7.15,1338.0,0,0,0,0,0,0,4,5,1,0.786,59.2,-1.85,0,10.609402872373751
SM103407,2025-08-21,Lucknow,Mini Truck,28.9,7,777.0,33.0,10149.0,6.4,Clear,0,8.0,7.12,1024.0,0,0,0,0,0,0,8,3,0,0.388,35.43,-0.88,0,9.225228984469933
SM100279,2025-01-31,Lucknow,Mini Truck,27.7,11,1198.0,55.0,13193.0,8.5,Clear,0,9.0,8.6,1236.0,0,0,0,0,0,0,1,4,0,0.599,44.62,-0.4,0,9.487517459782817
SM103986,2025-04-24,Varanasi,Mini Truck,52.4,6,1222.0,144.0,22718.0,6.0,Clear,0,9.0,6.56,1328.0,0,0,0,0,0,0,4,3,0,0.611,25.34,-2.44,0,10.030956857781932
SM102849,2025-05-12,Kanpur,Truck,15.0,6,2544.0,109.0,9898.0,5.2,Clear,0,8.0,6.04,1615.0,0,0,0,0,0,0,5,0,0,0.509,107.67,-1.96,0,9.200189020919808
SM101939,2025-03-17,Lucknow,Pickup,21.5,10,562.0,35.0,6901.0,7.1,Clear,0,8.0,7.08,729.0,0,0,0,0,0,0,3,0,0,0.702,33.91,-0.92,0,8.839566503657949
SM104627,2025-03-07,Gorakhpur,Pickup,77.6,6,655.0,36.0,5222.0,3.6,Clear,0,10.0,7.78,1221.0,0,0,0,0,0,0,3,4,0,0.819,15.73,-2.22,0,8.560827228436299
SM105969,2025-01-25,Varanasi,Pickup,24.1,7,418.0,29.0,11849.0,3.5,Clear,0,7.0,5.46,697.0,0,0,0,0,0,0,1,5,1,0.522,28.92,-1.54,0,9.380083146563278
SM101956,2025-07-12,Kanpur,Mini Truck,45.0,3,1302.0,60.0,15858.0,7.0,Rain,0,7.0,8.43,1198.0,0,0,0,0,0,0,7,5,1,0.651,26.62,1.43,1,9.6714924414986
SM103397,2025-12-17,Lucknow,Pickup,32.3,7,398.0,16.0,3932.0,6.6,Clear,0,8.0,7.54,715.0,0,0,0,1,0,0,12,2,0,0.498,22.14,-0.46,0,8.27715777243181
SM100861,2025-12-05,Lucknow,Mini Truck,26.6,6,1231.0,60.0,13834.0,5.6,Fog,0,7.0,7.94,1015.0,0,0,0,0,0,0,12,4,0,0.616,38.16,0.94,1,9.534956892221027
SM103856,2025-05-12,Lucknow,Pickup,9.6,7,476.0,26.0,5098.0,4.4,Clear,0,7.0,5.16,548.0,0,0,0,0,0,0,5,0,0,0.595,57.08,-1.84,0,8.536799721055155
SM100938,2025-06-18,Prayagraj,Pickup,22.6,4,462.0,22.0,6095.0,3.3,Clear,0,6.0,3.84,504.0,0,1,0,0,0,0,6,2,0,0.578,22.3,-2.16,0,8.715388097366482
SM103283,2025-02-05,Lucknow,Pickup,29.5,6,258.0,13.0,1405.0,4.8,Clear,0,7.0,5.16,688.0,0,0,0,0,0,0,2,2,0,0.322,23.32,-1.84,0,7.2485040723706105
SM103913,2025-07-20,Kanpur,Pickup,39.4,4,443.0,26.0,3392.0,5.3,Clear,0,7.0,4.73,719.0,0,0,0,0,0,0,7,6,1,0.554,18.25,-2.27,0,8.129469764784231
SM100006,2025-02-01,Varanasi,Mini Truck,33.1,9,822.0,35.0,2307.0,5.1,Clear,0,9.0,7.32,1188.0,0,0,0,0,0,0,2,5,1,0.411,35.89,-1.68,0,7.744136627627991
SM101063,2025-09-15,Varanasi,Pickup,48.7,7,385.0,22.0,5191.0,5.0,Rain,0,8.0,8.1,849.0,0,0,0,0,0,0,9,0,0,0.481,17.43,0.1,1,8.554874258383926
SM102809,2025-03-11,Kanpur,Mini Truck,3.8,3,1567.0,102.0,19038.0,7.1,Clear,0,6.0,4.59,797.0,0,0,0,0,0,0,3,1,0,0.784,209.74,-1.41,0,9.854244785957677
SM100658,2025-01-27,Kanpur,Truck,12.3,9,3182.0,132.0,36914.0,6.4,Clear,0,9.0,7.54,1737.0,0,0,0,0,0,0,1,0,0,0.636,141.22,-1.46,0,10.516373251493265
SM104290,2025-01-25,Prayagraj,Mini Truck,24.8,4,1160.0,90.0,18201.0,4.2,Fog,0,7.0,7.3,990.0,0,0,0,0,0,0,1,5,1,0.58,39.92,0.3,1,9.8092867571373
SM100224,2025-09-21,Lucknow,Pickup,34.8,10,300.0,22.0,5873.0,2.2,Clear,0,9.0,6.09,818.0,0,0,0,0,0,0,9,6,1,0.375,23.51,-2.91,0,8.678291111758565
SM101523,2025-02-24,Kanpur,Pickup,24.9,11,432.0,21.0,7418.0,7.6,Clear,0,9.0,7.27,844.0,0,0,0,0,0,0,2,0,0,0.54,33.9,-1.73,0,8.911799556189527
SM102388,2025-12-15,Prayagraj,Pickup,32.8,2,477.0,36.0,6502.0,7.3,Clear,0,6.0,4.1,511.0,1,0,0,0,0,0,12,0,0,0.596,15.58,-1.9,0,8.780018887869153
SM100436,2025-07-27,Prayagraj,Mini Truck,31.3,7,1814.0,182.0,82353.5,4.6,Rain,0,8.0,6.94,1233.0,1,0,0,0,0,0,7,6,1,0.907,39.39,-1.06,0,11.318788378921557
SM105546,2025-02-26,Kanpur,Pickup,28.2,8,537.0,32.0,3912.0,4.3,Clear,0,8.0,6.49,817.0,0,0,0,0,0,0,2,2,0,0.671,28.97,-1.51,0,8.272059622210412
SM101043,2025-05-16,Gorakhpur,Pickup,71.7,7,444.0,19.0,2324.0,5.7,Clear,0,10.0,8.38,1169.0,0,0,0,0,0,0,5,4,0,0.555,16.3,-1.62,0,7.751475318021456
SM101358,2025-02-07,Prayagraj,Truck,46.4,7,2680.0,128.0,9936.0,5.7,Clear,0,9.0,9.11,2352.0,0,0,0,0,0,0,2,4,0,0.536,50.69,0.11,1,9.204020443231363
SM104013,2025-06-28,Varanasi,Mini Truck,28.5,10,383.0,30.0,3837.0,9.3,Clear,0,8.0,6.71,983.0,0,0,0,0,0,0,6,5,1,0.192,34.49,-1.29,0,8.252706676567644
SM103504,2025-01-07,Kanpur,Mini Truck,16.7,5,479.0,37.0,7380.0,4.3,Fog,0,6.0,6.08,589.0,0,0,0,0,0,0,1,1,0,0.24,35.27,0.08,1,8.906664409770052
SM100602,2025-09-27,Prayagraj,Pickup,53.3,6,421.0,44.0,4629.0,3.9,Clear,0,8.0,6.99,887.0,0,0,0,0,0,0,9,5,1,0.526,16.64,-1.01,0,8.440312147080279
SM104728,2025-02-10,Varanasi,Mini Truck,30.5,11,1190.0,65.0,7790.0,6.0,Rain,0,9.0,8.76,1354.0,0,0,0,0,0,0,2,0,0,0.595,44.39,-0.24,0,8.960724500330858
SM103123,2025-08-12,Prayagraj,Pickup,15.3,4,320.0,24.0,5386.0,8.2,Rain,0,6.0,5.17,501.0,0,0,0,0,0,0,8,1,0,0.4,32.75,-0.83,0,8.591743922680534
SM105742,2025-11-22,Lucknow,Mini Truck,15.8,6,1711.0,82.0,17132.0,5.6,Clear,0,7.0,5.64,1044.0,0,0,0,0,0,0,11,5,1,0.856,66.08,-1.36,0,9.748761707332973
SM101338,2025-10-10,Prayagraj,Mini Truck,22.0,6,1249.0,75.0,13674.5,6.7,Clear,0,7.0,5.14,1155.0,0,0,0,0,1,0,10,4,0,0.624,52.5,-1.86,0,9.523361189693068
SM104201,2025-09-30,Prayagraj,Truck,48.4,5,4552.0,275.0,62146.0,2.3,Rain,0,10.0,8.47,3111.0,0,0,0,0,0,0,9,1,0,0.91,64.28,-1.53,0,11.03725782546005
SM103707,2025-10-03,Varanasi,Mini Truck,35.6,7,593.0,35.0,6782.0,3.8,Clear,0,8.0,6.27,1070.0,0,0,0,0,0,0,10,4,0,0.296,30.06,-1.73,0,8.82217476094608
SM101853,2025-02-28,Lucknow,Pickup,23.8,7,494.0,38.0,11220.0,4.5,Clear,0,7.0,4.96,704.0,0,0,0,0,0,0,2,4,0,0.618,29.58,-2.04,0,9.325542301664866
SM102894,2025-04-06,Lucknow,Mini Truck,37.8,5,539.0,24.0,1336.0,6.7,Clear,0,7.0,5.92,901.0,0,0,0,0,0,0,4,6,1,0.27,23.84,-1.08,0,7.198183577101943
SM100768,2025-02-21,Varanasi,Truck,67.8,10,3282.0,252.0,33065.0,4.0,Clear,0,12.0,10.81,3128.0,0,0,0,0,1,0,2,4,0,0.656,46.14,-1.19,0,10.40626084311129
SM101308,2025-06-01,Gorakhpur,Pickup,36.5,5,448.0,18.0,5878.0,5.6,Clear,0,7.0,5.06,769.0,0,0,1,0,0,0,6,6,1,0.56,21.07,-1.94,0,8.679141958402255
SM102079,2025-02-15,Varanasi,Pickup,7.7,7,458.0,43.0,14587.0,4.5,Clear,0,6.0,4.75,622.0,0,0,0,0,0,0,2,5,1,0.572,80.78,-1.25,0,9.58795455192857
SM103813,2025-06-11,Lucknow,Truck,21.3,2,3452.0,160.0,27705.0,7.7,Clear,0,7.0,6.66,1896.0,0,0,0,0,0,0,6,2,0,0.69,89.01,-0.34,0,10.229404275217824
SM105109,2025-04-15,Varanasi,Mini Truck,11.5,6,1161.0,123.0,33423.0,7.8,Clear,0,7.0,5.83,733.0,0,1,0,0,0,0,4,1,0,0.58,63.74,-1.17,0,10.417029483796346
SM103204,2025-04-20,Lucknow,Mini Truck,28.9,4,1272.0,53.0,82353.5,5.8,Clear,0,7.0,5.24,1060.0,0,0,0,0,0,0,4,6,1,0.636,36.68,-1.76,0,11.318788378921557
SM102104,2025-11-14,Kanpur,Mini Truck,33.1,3,1585.0,125.0,23877.0,4.7,Clear,0,7.0,4.43,1216.0,0,0,0,0,0,0,11,4,0,0.792,36.74,-2.57,0,10.080712811905334
SM101931,2025-06-25,Varanasi,Pickup,24.4,3,503.0,20.0,5527.0,6.8,Clear,0,6.0,4.62,532.0,0,0,0,0,0,0,6,2,0,0.629,21.8,-1.38,0,8.617581365447506
SM102623,2025-12-04,Varanasi,Mini Truck,40.2,4,863.0,37.0,7244.0,6.4,Rain,0,7.0,8.24,1085.0,0,0,0,0,0,0,12,3,0,0.432,26.99,1.24,1,8.888066854754783
SM103600,2025-06-12,Lucknow,Truck,43.2,4,2662.0,174.0,44031.0,7.5,Clear,0,8.0,8.43,2094.0,0,0,0,0,0,0,6,3,0,0.532,48.47,0.43,1,10.692671921293016
SM100464,2025-01-03,Kanpur,Mini Truck,17.3,3,423.0,18.0,13674.5,6.5,Clear,0,6.0,5.52,513.0,0,0,0,0,1,0,1,4,0,0.212,29.65,-0.48,0,9.523361189693068
SM100568,2025-08-23,Kanpur,Mini Truck,10.8,4,1186.0,59.0,9707.0,4.6,Clear,0,6.0,4.4,776.0,0,0,0,0,0,0,8,5,1,0.593,71.85,-1.6,0,9.180705566846491
SM100725,2025-02-12,Kanpur,Mini Truck,24.7,7,1519.0,115.0,39263.0,4.0,Clear,0,8.0,6.03,1180.0,0,0,0,0,0,0,2,2,0,0.76,47.77,-1.97,0,10.578063347510637
SM104776,2025-05-03,Lucknow,Pickup,16.4,3,447.0,39.0,25717.0,5.5,Clear,0,6.0,4.02,425.0,0,0,0,1,0,0,5,5,1,0.559,25.91,-1.98,0,10.154946414830384
SM101818,2025-02-19,Varanasi,Mini Truck,33.3,4,1515.0,63.0,11927.0,6.3,Fog,0,7.0,8.21,1212.0,0,0,0,0,0,0,2,2,0,0.758,36.4,1.21,1,9.386643856444575
SM101526,2025-04-27,Kanpur,Pickup,20.9,7,598.0,31.0,2013.0,9.0,Clear,0,7.0,6.51,659.0,0,0,0,0,0,0,4,6,1,0.748,31.53,-0.49,0,7.607878073278507
SM104804,2025-09-10,Lucknow,Mini Truck,8.8,4,1182.0,90.0,20030.0,7.2,Rain,0,6.0,5.93,696.0,0,0,0,0,0,0,9,2,0,0.591,79.09,-0.07,0,9.905036352525979
SM100395,2025-11-16,Gorakhpur,Truck,50.2,7,3512.0,146.0,62063.0,5.1,Clear,0,10.0,9.16,2678.0,0,0,0,0,0,0,11,6,1,0.702,53.35,-0.84,0,11.035921389679748
SM102279,2025-09-03,Kanpur,Truck,12.8,3,2976.0,121.0,12253.0,7.5,Clear,0,7.0,7.78,1513.0,0,0,0,0,0,0,9,2,0,0.595,118.2,0.78,1,9.4136076932856
SM105017,2025-07-14,Varanasi,Pickup,20.6,3,601.0,38.0,10335.0,4.1,Clear,0,6.0,4.41,551.0,0,0,0,0,0,0,7,0,0,0.751,26.75,-1.59,0,9.243388226022383
SM100660,2025-03-06,Lucknow,Pickup,13.8,3,526.0,31.0,5933.0,4.6,Clear,0,6.0,2.85,506.0,0,0,0,0,0,0,3,3,0,0.658,36.67,-3.15,0,8.688453800850768
SM100813,2025-04-14,Lucknow,Pickup,8.8,6,389.0,26.0,5393.0,5.6,Clear,0,6.0,5.85,458.0,0,0,1,0,0,0,4,0,0,0.486,52.05,-0.15,0,8.593042503699674
SM102101,2025-09-01,Prayagraj,Mini Truck,29.5,4,749.0,50.0,14057.0,5.5,Clear,1,7.0,6.9,890.0,0,0,0,0,0,0,9,0,0,0.374,30.17,-0.1,0,9.55094690773585
SM101143,2025-11-05,Prayagraj,Mini Truck,63.6,6,1803.0,73.0,31380.0,5.6,Clear,1,10.0,9.68,1829.0,0,0,1,0,0,0,11,2,0,0.902,28.76,-0.32,0,10.353957893210753
SM101035,2025-09-29,Prayagraj,Pickup,35.3,6,383.0,27.0,3425.0,5.7,Rain,0,7.0,7.36,747.0,0,0,0,0,0,0,9,0,0,0.479,21.16,0.36,1,8.139148678884066
SM102819,2025-09-16,Prayagraj,Pickup,33.4,3,381.0,25.0,8371.0,4.0,Rain,0,6.0,5.98,560.0,0,0,0,0,0,0,9,1,0,0.476,16.77,-0.02,0,9.03264808356589
SM100025,2025-08-24,Lucknow,Mini Truck,7.2,9,1240.0,151.0,17263.0,3.2,Clear,0,7.0,5.7,918.0,0,0,0,0,0,0,8,6,1,0.62,127.5,-1.3,0,9.756378687497916
SM101823,2025-11-16,Varanasi,Mini Truck,40.2,8,1261.0,80.0,20587.0,5.9,Clear,0,9.0,7.11,1360.0,0,0,0,0,0,0,11,6,1,0.63,33.83,-1.89,0,9.932463660772646
SM103249,2025-05-25,Prayagraj,Mini Truck,31.3,5,1051.0,73.0,20798.0,4.5,Clear,0,7.0,5.3,810.0,1,0,0,0,0,0,5,6,1,0.526,25.88,-1.7,0,9.9426601876106
SM102457,2025-12-08,Varanasi,Mini Truck,27.7,8,381.0,33.0,7238.0,3.2,Fog,0,8.0,7.32,875.0,0,0,0,0,0,0,12,0,0,0.19,31.59,-0.68,0,8.88723835429314
SM103413,2025-02-04,Gorakhpur,Mini Truck,46.2,8,1161.0,71.0,8556.0,5.6,Clear,0,13.0,10.77,2685.0,1,1,1,0,0,0,2,1,0,0.58,58.12,-2.23,0,9.054504940418054
SM105484,2025-07-14,Kanpur,Pickup,28.049999999999997,5,136.0,6.0,1435.0,5.7,Rain,0,8.0,7.16,678.0,1,0,0,0,0,0,7,0,0,0.17,24.17,-0.84,0,7.269616749608169
SM103832,2025-10-23,Lucknow,Truck,22.6,8,3232.0,292.0,73339.0,4.8,Clear,1,9.0,8.48,2005.0,0,0,0,0,0,0,10,3,0,0.646,88.72,-0.52,0,11.202861441625316
SM101815,2025-02-10,Lucknow,Truck,34.7,5,2854.0,134.0,39283.0,4.8,Clear,0,8.0,6.66,1965.0,0,0,0,0,0,0,2,0,0,0.571,56.63,-1.34,0,10.578572590277664
SM103289,2025-03-09,Gorakhpur,Mini Truck,23.5,10,1242.0,75.0,8364.0,4.6,Clear,0,9.0,6.59,1179.0,0,0,0,0,0,0,3,6,1,0.621,50.17,-2.41,0,9.031811613420924
SM104794,2025-05-25,Varanasi,Mini Truck,55.2,6,1078.0,52.0,16835.0,5.6,Clear,0,9.0,8.0,1500.0,0,0,1,0,0,0,5,6,1,0.539,27.17,-1.0,0,9.731274729890462
SM101962,2025-02-22,Prayagraj,Truck,48.8,5,2977.0,257.0,82353.5,5.3,Clear,0,9.0,8.08,2376.0,0,0,0,0,0,0,2,5,1,0.595,48.69,-0.92,0,11.318788378921557
SM103075,2025-10-01,Varanasi,Pickup,57.6,7,522.0,31.0,6519.0,5.0,Clear,0,9.0,7.17,1081.0,0,0,0,0,0,0,10,2,0,0.652,18.77,-1.83,0,8.782629654920699
SM100773,2025-09-19,Kanpur,Truck,18.5,7,2163.0,216.0,25391.0,4.6,Clear,0,8.0,5.71,1343.0,0,0,0,0,0,0,9,4,0,0.433,72.59,-2.29,0,10.14218944276619
SM104688,2025-01-03,Prayagraj,Pickup,33.3,4,567.0,33.0,7728.0,5.6,Clear,0,7.0,6.14,660.0,0,0,0,0,0,0,1,4,0,0.709,19.82,-0.86,0,8.952734767106872
SM102861,2025-12-06,Lucknow,Pickup,18.5,5,434.0,24.0,6811.0,2.6,Fog,0,6.0,5.69,597.0,0,0,0,0,0,0,12,5,1,0.542,32.27,-0.31,0,8.826441041782578
SM104991,2025-07-10,Gorakhpur,Pickup,44.8,6,478.0,24.0,2136.0,4.7,Rain,0,7.0,6.11,689.0,1,0,0,0,0,0,7,3,0,0.598,15.38,-0.89,0,7.667158255319148
SM105259,2025-03-30,Varanasi,Truck,10.8,2,2411.0,273.0,54213.0,4.4,Clear,0,6.0,4.98,1166.0,0,0,0,0,0,0,3,6,1,0.482,107.96,-1.02,0,10.900694456656394
SM103897,2025-01-07,Lucknow,Mini Truck,26.1,6,1542.0,83.0,17115.0,7.6,Fog,0,8.0,7.1,1203.0,0,0,0,0,0,0,1,1,0,0.771,46.09,-0.9,0,9.747768977536708
SM103958,2025-02-05,Prayagraj,Pickup,66.4,5,355.0,40.0,12070.0,5.3,Clear,0,9.0,6.69,956.0,0,0,0,0,0,0,2,2,0,0.444,14.4,-2.31,0,9.398561160701128
SM100201,2025-11-28,Gorakhpur,Mini Truck,47.9,4,1161.0,171.0,20950.0,6.7,Rain,0,8.0,7.07,1357.0,0,1,0,0,0,0,11,4,0,0.58,28.33,-0.93,0,9.949941656908011
SM104826,2025-03-13,Kanpur,Mini Truck,12.7,7,1072.0,64.0,3349.0,2.4,Clear,0,7.0,4.61,810.0,0,0,0,0,0,0,3,3,0,0.536,63.78,-2.39,0,8.116715624819111
SM102070,2025-03-11,Prayagraj,Mini Truck,21.0,9,1062.0,45.0,5470.0,5.1,Clear,0,8.0,5.98,1067.0,0,0,0,0,0,0,3,1,0,0.531,50.81,-2.02,0,8.607216694063826
SM101986,2025-10-29,Varanasi,Mini Truck,81.0,7,1275.0,136.0,20724.0,4.7,Clear,0,11.0,9.42,1969.0,0,0,0,0,0,0,10,2,0,0.638,24.31,-1.58,0,9.939095980003495
SM103451,2025-01-21,Prayagraj,Pickup,19.0,6,605.0,25.0,3676.0,4.3,Fog,0,7.0,6.72,561.0,0,0,0,0,0,0,1,1,0,0.756,29.53,-0.28,0,8.209852481301272
SM105599,2025-10-09,Prayagraj,Pickup,36.7,6,297.0,16.0,1574.0,6.0,Clear,0,8.0,5.26,793.0,0,0,0,0,0,0,10,3,0,0.371,21.61,-2.74,0,7.362010551259734
SM102992,2025-03-12,Gorakhpur,Truck,45.6,5,3813.0,329.0,33065.0,6.4,Clear,0,9.0,8.0,2572.0,0,0,0,0,1,0,3,2,0,0.763,56.4,-1.0,0,10.40626084311129
SM104677,2025-07-27,Gorakhpur,Mini Truck,41.9,5,1301.0,94.0,7363.0,4.7,Clear,0,8.0,5.98,1333.0,0,0,0,0,0,0,7,6,1,0.65,31.81,-2.02,0,8.904358542352968
SM105737,2025-12-06,Prayagraj,Mini Truck,16.7,7,833.0,38.0,9477.0,6.2,Fog,0,7.0,7.37,780.0,0,0,0,0,0,0,12,5,1,0.416,46.71,0.37,1,9.156728602527533
SM104980,2025-11-25,Prayagraj,Mini Truck,26.7,5,1551.0,133.0,17762.0,5.9,Clear,0,7.0,5.22,1113.0,0,0,0,0,0,0,11,1,0,0.776,41.69,-1.78,0,9.784872921199886
SM100790,2025-02-04,Lucknow,Pickup,31.4,6,439.0,27.0,4522.0,4.4,Clear,0,7.0,6.56,677.0,0,0,0,0,0,0,2,1,0,0.549,21.56,-0.44,0,8.416930769477844
SM102346,2025-04-30,Kanpur,Mini Truck,11.2,4,742.0,66.0,8746.0,2.1,Clear,0,6.0,3.79,572.0,0,0,0,0,0,0,4,2,0,0.371,51.07,-2.21,0,9.076466063419854
SM100139,2025-06-09,Prayagraj,Mini Truck,11.1,4,901.0,101.0,15868.0,4.2,Rain,0,6.0,5.35,629.0,0,0,0,0,0,0,6,0,0,0.45,56.67,-0.65,0,9.672122799562842
SM101886,2025-08-26,Lucknow,Mini Truck,39.1,9,1601.0,77.0,13766.0,5.6,Clear,0,9.0,7.54,1552.0,0,0,0,0,0,0,8,1,0,0.8,39.69,-1.46,0,9.530029703062944
SM100338,2025-03-15,Prayagraj,Mini Truck,11.3,3,1338.0,63.0,17358.0,6.4,Rain,0,6.0,5.99,794.0,0,0,0,0,0,0,3,5,1,0.669,70.27,-0.01,0,9.761866382868549
SM100260,2025-10-17,Lucknow,Mini Truck,28.2,2,1107.0,66.0,15688.0,3.2,Clear,0,6.0,3.79,929.0,0,0,0,0,0,0,10,4,0,0.554,32.94,-2.21,0,9.660715108832955
SM100036,2025-11-10,Varanasi,Mini Truck,29.8,8,1714.0,141.0,53602.0,7.7,Clear,0,9.0,8.52,1323.0,0,0,0,0,0,0,11,0,0,0.857,44.4,-0.48,0,10.889360315641877
SM100719,2025-08-07,Prayagraj,Truck,35.6,5,1786.0,74.0,12531.0,7.0,Clear,0,8.0,7.78,1689.0,0,0,0,0,0,0,8,3,0,0.357,47.44,-0.22,0,9.436040652072082
SM105917,2025-04-01,Lucknow,Truck,21.6,4,1988.0,112.0,37639.0,9.4,Clear,1,7.0,8.34,1417.0,0,0,0,0,0,0,4,1,0,0.398,65.6,1.34,1,10.535822593699315
SM103446,2025-04-27,Varanasi,Pickup,27.8,5,462.0,20.0,4700.0,5.5,Clear,0,7.0,5.27,617.0,0,1,0,0,0,0,4,6,1,0.578,22.19,-1.73,0,8.45553053102413
SM100376,2025-09-26,Lucknow,Pickup,9.3,2,252.0,26.0,13215.0,6.7,Rain,0,5.0,4.23,270.0,0,0,0,0,0,0,9,4,0,0.315,29.03,-0.77,0,9.48918349576076
SM104581,2025-12-21,Kanpur,Mini Truck,35.6,3,1063.0,57.0,10838.0,5.6,Clear,0,7.0,5.12,1008.0,0,0,1,1,0,0,12,6,1,0.532,28.31,-1.88,0,9.29090601981575
SM104254,2025-05-05,Varanasi,Mini Truck,50.2,4,1597.0,68.0,40656.0,5.6,Clear,0,8.0,7.07,1494.0,0,0,1,0,0,0,5,0,0,0.798,29.76,-0.93,0,10.612926301872958
SM103667,2025-03-08,Prayagraj,Mini Truck,21.3,7,1105.0,48.0,8261.0,3.6,Clear,0,7.0,4.49,815.0,0,0,0,0,0,0,3,5,1,0.552,38.26,-2.51,0,9.01942196795671
SM100302,2025-01-04,Lucknow,Pickup,25.4,8,456.0,36.0,10010.0,5.1,Clear,0,8.0,6.53,728.0,0,0,0,0,0,0,1,5,1,0.57,28.66,-1.47,0,9.211439767419483
SM101075,2025-03-01,Prayagraj,Mini Truck,23.6,10,1646.0,80.0,10905.0,4.2,Clear,0,9.0,6.38,1337.0,0,0,0,0,0,0,3,5,1,0.823,56.65,-2.62,0,9.297068375486006
SM105221,2025-11-20,Kanpur,Mini Truck,15.5,6,841.0,46.0,20151.0,5.6,Clear,0,7.0,5.8,748.0,0,0,0,0,0,0,11,3,0,0.42,48.26,-1.2,0,9.911058818032446
SM104768,2025-02-11,Gorakhpur,Mini Truck,21.5,5,1082.0,57.0,7662.0,4.9,Clear,0,7.0,5.75,862.0,0,0,0,0,0,0,2,1,0,0.541,40.09,-1.25,0,8.944158830970403
SM105305,2025-10-25,Lucknow,Truck,22.0,4,2552.0,206.0,29668.0,4.6,Clear,0,7.0,5.19,1629.0,0,0,0,0,0,0,10,5,1,0.51,74.05,-1.81,0,10.297858008638679
SM102529,2025-07-30,Kanpur,Mini Truck,33.7,4,1627.0,156.0,12324.0,5.9,Rain,0,7.0,5.43,1182.0,0,0,0,0,0,0,7,2,0,0.814,35.07,-1.57,0,9.41938499891089
SM100362,2025-03-23,Varanasi,Mini Truck,29.5,5,1302.0,70.0,7992.0,5.0,Rain,0,7.0,8.06,1134.0,0,0,0,0,0,0,3,6,1,0.651,38.44,1.06,1,8.98632143762602
SM105283,2025-10-05,Prayagraj,Mini Truck,27.2,8,823.0,36.0,7545.0,5.5,Clear,0,8.0,5.31,892.0,0,0,0,0,0,0,10,6,1,0.412,32.79,-2.69,0,8.928772900524256
SM101565,2025-06-15,Varanasi,Pickup,34.8,11,543.0,30.0,4124.0,5.8,Rain,0,9.0,8.39,917.0,0,0,0,0,0,0,6,6,1,0.679,26.35,-0.61,0,8.324821298768782
SM103618,2025-06-08,Lucknow,Mini Truck,32.5,3,1262.0,118.0,61211.0,3.8,Rain,0,7.0,6.12,998.0,0,0,0,0,0,0,6,6,1,0.631,30.71,-0.88,0,11.022098527710927
SM103163,2025-04-25,Varanasi,Mini Truck,41.5,4,1057.0,53.0,10527.0,6.3,Rain,0,7.0,7.05,1120.0,0,0,0,0,0,0,4,4,0,0.528,26.99,0.05,1,9.261793653565098
SM104912,2025-01-10,Prayagraj,Mini Truck,67.6,5,1459.0,107.0,23058.0,5.3,Fog,0,9.0,9.09,1737.0,0,0,0,0,0,0,1,4,0,0.73,25.7,0.09,1,10.045811427748324
SM100953,2025-06-06,Varanasi,Pickup,52.2,8,643.0,26.0,5683.0,7.8,Clear,0,9.0,7.3,1061.0,0,0,0,0,0,0,6,4,0,0.804,20.33,-1.7,0,8.64541048921699
SM100481,2025-10-30,Varanasi,Pickup,79.8,6,543.0,38.0,6149.0,5.5,Rain,0,10.0,8.23,1265.0,0,0,0,0,0,0,10,3,0,0.679,15.85,-1.77,0,8.724207360800564
SM103607,2025-09-11,Lucknow,Truck,31.0,4,1472.0,79.0,19753.0,5.2,Fog,0,7.0,8.16,1359.0,0,0,0,0,0,0,9,3,0,0.294,43.84,1.16,1,9.891111281468072
SM100272,2025-02-25,Varanasi,Truck,42.8,3,2181.0,113.0,57872.0,7.1,Clear,0,8.0,7.71,1948.0,0,0,0,0,0,0,2,1,0,0.436,45.51,-0.29,0,10.966006233556
SM101981,2025-08-16,Lucknow,Truck,61.9,4,2731.0,132.0,15019.0,7.1,Rain,1,9.0,10.69,2571.0,0,0,0,0,0,0,8,5,1,0.546,41.53,1.69,1,9.617137925318126
SM105511,2025-10-19,Varanasi,Mini Truck,25.9,7,726.0,73.0,18412.0,6.0,Clear,0,7.0,6.67,851.0,0,0,0,0,0,0,10,6,1,0.363,32.86,-0.33,0,9.82081221586722
SM104128,2025-07-19,Kanpur,Pickup,29.1,9,766.0,40.0,7260.0,3.5,Clear,0,8.0,5.38,893.0,0,0,0,0,0,0,7,5,1,0.958,30.69,-2.62,0,8.890272839380247
SM103293,2025-04-16,Gorakhpur,Truck,13.3,8,3697.0,205.0,18493.0,5.1,Clear,0,9.0,7.2,1809.0,0,0,0,0,0,0,4,2,0,0.739,136.02,-1.8,0,9.825201634137583
SM105506,2025-02-09,Varanasi,Truck,52.0,3,1925.0,93.0,15649.0,5.9,Clear,0,8.0,7.38,2190.0,0,0,0,0,0,0,2,6,1,0.385,42.12,-0.62,0,9.658226195968298
SM100709,2025-06-20,Kanpur,Mini Truck,27.05,6,1703.0,175.0,67050.0,4.2,Clear,0,8.0,5.1,1302.0,1,0,0,0,0,0,6,4,0,0.852,48.13,-2.9,0,11.11320880284171
SM104874,2025-03-11,Varanasi,Mini Truck,26.0,5,1161.0,139.0,34308.0,8.9,Clear,0,7.0,5.96,1070.0,0,1,0,0,0,0,3,1,0,0.58,41.15,-1.04,0,10.443162989406174
SM104575,2025-10-06,Gorakhpur,Truck,66.1,8,2490.0,275.0,57456.0,6.5,Clear,0,11.0,9.66,2767.0,0,0,0,0,0,0,10,0,0,0.498,41.86,-1.34,0,10.958792120937073
SM102999,2025-08-30,Kanpur,Mini Truck,19.4,5,1100.0,53.0,6020.0,1.9,Clear,0,7.0,4.07,938.0,0,0,0,0,0,0,8,5,1,0.55,48.35,-2.93,0,8.703008637464448
SM103611,2025-09-07,Lucknow,Pickup,13.6,9,673.0,56.0,10598.0,7.0,Clear,0,7.0,6.46,670.0,0,0,0,0,0,0,9,6,1,0.841,49.26,-0.54,0,9.268514936027255
SM100130,2025-07-26,Prayagraj,Pickup,14.5,6,288.0,16.0,3486.0,3.5,Rain,0,6.0,6.16,538.0,0,0,0,0,0,0,7,5,1,0.36,37.1,0.16,1,8.156797046675651
SM104879,2025-10-03,Gorakhpur,Mini Truck,39.2,5,1031.0,43.0,9180.0,8.9,Clear,0,8.0,7.44,1116.0,0,0,0,0,0,0,10,4,0,0.516,28.47,-0.56,0,9.1248914101437
SM104815,2025-04-19,Prayagraj,Truck,32.6,9,2048.0,162.0,22170.0,5.2,Clear,0,9.0,8.25,1743.0,0,0,0,0,0,0,4,5,1,0.41,53.47,-0.75,0,10.00654040759221
SM104081,2025-04-14,Kanpur,Pickup,27.1,7,587.0,54.0,13229.0,6.5,Clear,0,7.0,6.97,836.0,0,0,0,0,0,0,4,0,0,0.734,30.85,-0.03,0,9.490242257109001
SM100490,2025-12-07,Varanasi,Truck,47.6,6,3814.0,256.0,40567.0,5.1,Clear,0,10.0,8.0,2791.0,0,0,0,0,0,0,12,6,1,0.763,58.63,-2.0,0,10.610734857474855
SM100089,2025-10-31,Gorakhpur,Truck,57.2,2,3622.0,266.0,60120.0,4.8,Clear,0,9.0,7.51,2686.0,0,0,0,0,0,0,10,4,0,0.724,46.96,-1.49,0,11.004114477128445
SM101635,2025-07-15,Lucknow,Mini Truck,30.9,6,1123.0,71.0,22381.0,7.1,Rain,0,8.0,7.52,1187.0,0,0,0,0,0,0,7,1,0,0.562,38.41,-0.48,0,10.016012343377973
SM101992,2025-04-15,Varanasi,Truck,26.6,6,3260.0,400.0,61187.0,6.7,Clear,0,8.0,7.07,2019.0,0,0,0,0,0,0,4,1,0,0.652,75.9,-0.93,0,11.021706370843155
SM104563,2025-03-10,Prayagraj,Pickup,14.1,9,638.0,50.0,8358.0,5.3,Clear,0,8.0,5.47,620.0,0,0,0,0,0,0,3,0,0,0.798,43.97,-2.53,0,9.031094081699155
SM100351,2025-01-17,Lucknow,Mini Truck,36.1,7,1583.0,124.0,43595.0,4.5,Fog,0,8.0,7.1,1216.0,0,0,0,0,0,0,1,4,0,0.792,33.68,-0.9,0,10.682720682009203
SM102234,2025-08-03,Varanasi,Pickup,40.8,7,644.0,68.0,6558.0,3.4,Clear,0,8.0,5.28,897.0,0,0,0,0,0,0,8,6,1,0.805,21.99,-2.72,0,8.788593431293735
SM104084,2025-07-03,Varanasi,Mini Truck,14.5,8,1589.0,75.0,31727.0,4.4,Clear,0,8.0,6.19,1087.0,0,0,0,0,0,0,7,3,0,0.794,74.97,-1.81,0,10.364954850759577
SM105929,2025-04-04,Prayagraj,Pickup,32.8,5,518.0,61.0,9506.0,7.1,Clear,0,6.0,5.83,540.0,1,0,0,0,0,0,4,4,0,0.648,16.46,-0.17,0,9.15978364835903
SM104546,2025-08-04,Varanasi,Mini Truck,39.5,6,1594.0,176.0,46996.0,6.9,Clear,0,8.0,7.95,1390.0,0,0,0,0,0,0,8,0,0,0.797,35.19,-0.05,0,10.757839048867755
SM102929,2025-08-27,Lucknow,Pickup,10.7,9,325.0,15.0,5192.0,5.8,Rain,0,7.0,6.48,539.0,0,0,0,0,0,0,8,2,0,0.406,50.37,-0.52,0,8.555066843844319
SM101942,2025-11-16,Varanasi,Pickup,18.9,10,526.0,62.0,6472.0,5.6,Clear,0,8.0,6.72,722.0,0,0,1,0,0,0,11,6,1,0.658,38.2,-1.28,0,8.77539495854551
SM100399,2025-04-24,Varanasi,Pickup,36.1,4,535.0,25.0,2806.0,1.8,Clear,0,7.0,3.8,844.0,0,0,0,0,0,0,4,3,0,0.669,23.38,-3.2,0,7.939871576361883
SM105548,2025-03-22,Kanpur,Truck,66.4,6,3304.0,161.0,15703.0,4.0,Clear,0,10.0,9.73,2927.0,0,0,0,0,0,0,3,5,1,0.661,44.08,-0.27,0,9.661670735956298
SM104853,2025-01-26,Prayagraj,Mini Truck,30.8,8,1161.0,110.0,17565.0,4.2,Fog,0,8.0,8.43,1401.0,0,1,0,0,0,0,1,6,1,0.58,45.49,0.43,1,9.773720494477063
SM101049,2025-02-13,Varanasi,Truck,32.3,10,1861.0,100.0,7397.0,5.9,Clear,0,9.0,8.36,1806.0,0,0,0,0,0,0,2,3,0,0.372,55.91,-0.64,0,8.908964972392399
SM103692,2025-03-13,Gorakhpur,Mini Truck,33.4,7,1534.0,146.0,12380.0,5.7,Clear,0,8.0,6.86,1351.0,0,0,0,0,0,0,3,3,0,0.767,40.45,-1.14,0,9.423918318420691
SM101821,2025-10-07,Lucknow,Truck,8.8,4,3107.0,271.0,52318.0,5.9,Clear,0,7.0,6.28,1377.0,0,0,0,0,0,0,10,1,0,0.621,156.48,-0.72,0,10.865114872798575
SM101100,2025-06-25,Prayagraj,Pickup,31.1,4,513.0,24.0,2319.0,6.4,Rain,0,7.0,7.07,642.0,0,0,0,0,0,0,6,2,0,0.641,20.64,0.07,1,7.749322464660356
SM103484,2025-05-29,Gorakhpur,Pickup,71.0,8,623.0,31.0,10171.0,2.1,Clear,0,10.0,7.12,1302.0,0,0,0,0,0,0,5,3,0,0.779,18.34,-2.88,0,9.227394126542011
SM103509,2025-05-08,Varanasi,Mini Truck,33.8,7,787.0,32.0,3889.0,6.9,Clear,0,8.0,7.18,1155.0,0,0,0,0,0,0,5,3,0,0.394,34.17,-0.82,0,8.266164436612492
SM102024,2025-01-27,Varanasi,Pickup,41.8,6,209.0,12.0,4490.0,4.3,Fog,0,8.0,7.39,703.0,0,0,0,0,0,0,1,0,0,0.261,16.82,-0.61,0,8.409830673087738
SM105419,2025-08-23,Lucknow,Truck,18.0,6,2840.0,34.0,13055.0,3.0,Clear,0,7.0,5.93,771.0,0,1,0,0,0,0,8,5,1,0.568,42.83,-1.07,0,9.477003077203888
SM103095,2025-10-02,Prayagraj,Truck,32.8,7,4233.0,201.0,38498.0,6.9,Rain,1,9.0,9.68,2126.0,1,0,0,0,0,0,10,3,0,0.847,64.82,0.68,1,10.55838754591257
SM100421,2025-09-11,Prayagraj,Truck,23.5,6,4460.0,383.0,30740.0,5.5,Rain,0,9.0,9.08,2390.0,0,0,0,0,0,0,9,3,0,0.892,101.7,0.08,1,10.333352547467827
SM105066,2025-07-12,Lucknow,Pickup,15.8,3,280.0,28.0,4537.0,5.4,Rain,0,5.0,5.67,337.0,0,0,0,0,0,0,7,5,1,0.35,21.33,0.67,1,8.420241665339788
SM101401,2025-03-30,Kanpur,Pickup,27.4,6,462.0,41.0,9924.0,6.5,Clear,0,7.0,5.3,709.0,0,1,0,0,0,0,3,6,1,0.578,25.88,-1.7,0,9.202812105555392
SM102899,2025-03-15,Lucknow,Pickup,18.8,10,517.0,35.0,5601.0,4.5,Clear,0,8.0,7.22,607.0,0,0,0,0,0,0,3,5,1,0.646,32.29,-0.78,0,8.630878955820053
SM102083,2025-09-01,Lucknow,Truck,25.4,5,2537.0,304.0,82353.5,6.5,Clear,0,7.0,6.69,1211.0,1,0,0,0,0,0,9,0,0,0.507,47.68,-0.31,0,11.318788378921557
SM100963,2025-03-21,Lucknow,Pickup,41.8,7,323.0,32.0,4356.0,3.0,Clear,0,8.0,6.43,793.0,0,0,0,0,0,0,3,4,0,0.404,18.97,-1.57,0,8.379539026117442
SM101101,2025-06-21,Varanasi,Mini Truck,20.9,6,1366.0,106.0,9008.0,3.9,Clear,0,7.0,6.41,1145.0,0,0,0,0,0,0,6,5,1,0.683,54.78,-0.59,0,9.10597935665144
SM104859,2025-10-04,Kanpur,Pickup,17.0,8,323.0,39.0,3972.0,5.1,Clear,0,7.0,6.18,625.0,0,0,0,0,0,0,10,5,1,0.404,36.76,-0.82,0,8.287276755814599
SM104789,2025-08-06,Lucknow,Mini Truck,63.7,7,1233.0,59.0,9618.0,4.5,Clear,0,10.0,8.04,1692.0,0,0,0,0,0,0,8,2,0,0.616,26.56,-1.96,0,9.171495588152615
SM102515,2025-10-27,Gorakhpur,Pickup,17.2,4,672.0,41.0,2752.0,7.5,Clear,0,6.0,4.71,605.0,0,0,0,0,0,0,10,0,0,0.84,35.17,-1.29,0,7.920446505142607
SM105244,2025-05-09,Gorakhpur,Mini Truck,53.3,7,1138.0,107.0,11179.0,7.0,Rain,0,9.0,8.67,1522.0,0,0,0,0,0,0,5,4,0,0.569,28.56,-0.33,0,9.32188174670909
SM102535,2025-12-24,Kanpur,Truck,17.4,5,4023.0,195.0,41004.0,5.3,Clear,0,8.0,7.35,2071.0,0,0,0,0,0,0,12,2,0,0.805,119.02,-0.65,0,10.621449289470512
SM100435,2025-02-15,Varanasi,Pickup,39.2,7,296.0,20.0,1847.0,2.9,Clear,0,8.0,5.72,747.0,0,0,0,0,0,0,2,5,1,0.37,19.06,-2.28,0,7.521859252201629
SM102303,2025-11-17,Prayagraj,Pickup,45.4,5,377.0,17.0,3019.0,6.8,Clear,0,8.0,6.25,840.0,0,0,0,0,0,0,11,0,0,0.471,18.5,-1.75,0,8.013012110368916
SM105758,2025-07-16,Prayagraj,Mini Truck,50.3,5,1325.0,55.0,15538.0,4.5,Rain,0,8.0,8.6,1430.0,0,0,0,0,0,0,7,2,0,0.662,28.43,0.6,1,9.651108271786734
SM100829,2025-01-11,Varanasi,Mini Truck,36.3,5,819.0,35.0,3013.0,4.2,Fog,0,7.0,7.21,1117.0,0,0,0,0,0,0,1,5,1,0.41,30.77,0.21,1,8.01102337918644
SM100788,2025-07-18,Prayagraj,Pickup,31.9,6,326.0,17.0,10001.0,4.1,Clear,0,7.0,5.94,736.0,0,0,0,0,0,0,7,4,0,0.408,23.07,-1.06,0,9.21054035197885
SM104536,2025-01-30,Prayagraj,Truck,46.1,3,2434.0,169.0,36891.0,9.3,Rain,0,8.0,9.66,1980.0,0,0,0,0,0,0,1,3,0,0.487,42.95,1.66,1,10.51575000435561
SM103023,2025-03-14,Kanpur,Truck,28.5,5,3700.0,341.0,49435.0,6.2,Clear,1,8.0,8.85,2077.0,0,0,0,0,0,0,3,4,0,0.74,72.88,0.85,1,10.808434182709625
SM100456,2025-02-24,Gorakhpur,Truck,54.5,4,3093.0,289.0,82353.5,6.1,Clear,0,9.0,7.5,2519.0,0,0,0,0,0,0,2,0,0,0.619,46.22,-1.5,0,11.318788378921557
SM104954,2025-05-18,Kanpur,Truck,20.6,2,2470.0,126.0,28295.0,6.3,Clear,0,7.0,4.47,1417.0,0,0,0,0,0,0,5,6,1,0.494,68.79,-2.53,0,10.250475730885316
SM102073,2025-05-05,Prayagraj,Pickup,42.1,3,612.0,34.0,6578.0,7.1,Clear,0,7.0,5.44,849.0,0,0,0,0,0,0,5,0,0,0.765,20.17,-1.56,0,8.791638037085997
SM103964,2025-03-14,Lucknow,Pickup,15.4,10,489.0,33.0,5964.0,8.0,Clear,1,8.0,9.29,640.0,0,0,0,1,0,0,3,4,0,0.611,41.56,1.29,1,8.693664334532016
SM103458,2025-11-04,Prayagraj,Truck,35.8,6,2599.0,158.0,31175.0,5.8,Clear,0,9.0,7.28,1953.0,0,0,0,0,0,0,11,1,0,0.52,54.55,-1.72,0,10.347403847018546
SM101105,2025-03-08,Lucknow,Mini Truck,63.8,7,1110.0,80.0,25245.0,4.3,Clear,0,10.0,8.43,1671.0,0,0,0,0,0,0,3,5,1,0.555,26.19,-1.57,0,10.136423006312807
SM104284,2025-02-14,Gorakhpur,Truck,68.1,9,3177.0,142.0,11372.0,6.3,Fog,1,11.0,13.06,3019.0,0,0,0,0,0,0,2,4,0,0.635,44.33,2.06,1,9.338997404184445
SM101770,2025-05-04,Varanasi,Pickup,25.3,3,473.0,46.0,22338.0,5.6,Clear,0,6.0,5.5,562.0,0,0,1,0,0,0,5,6,1,0.591,22.21,-0.5,0,10.014089308863923
SM100398,2025-04-13,Varanasi,Truck,24.7,5,2592.0,163.0,72035.0,4.5,Rain,0,8.0,6.98,1679.0,0,0,0,0,0,0,4,6,1,0.518,67.98,-1.02,0,11.184921273039844
SM105535,2025-09-04,Lucknow,Mini Truck,36.9,8,951.0,56.0,34694.0,4.2,Rain,0,8.0,9.24,1205.0,0,0,0,0,0,0,9,3,0,0.476,32.66,1.24,1,10.45435086333365
SM100797,2025-06-17,Kanpur,Mini Truck,21.5,13,1069.0,51.0,17564.0,7.3,Rain,0,9.0,8.41,1172.0,0,0,0,0,0,0,6,1,0,0.534,54.51,-0.59,0,9.773663564699927
SM103052,2025-10-02,Kanpur,Truck,31.0,3,3548.0,324.0,82353.5,6.0,Clear,1,8.0,8.8,2079.0,0,0,0,0,0,0,10,3,0,0.71,67.06,0.8,1,11.318788378921557
SM104956,2025-02-28,Prayagraj,Pickup,39.1,5,429.0,21.0,5097.0,6.9,Clear,0,7.0,5.23,771.0,0,0,0,0,0,0,2,4,0,0.536,19.72,-1.77,0,8.53660358493606
SM104419,2025-02-08,Lucknow,Pickup,11.8,1,479.0,23.0,2413.0,4.3,Rain,0,5.0,3.83,387.0,0,0,0,0,0,0,2,5,1,0.599,32.8,-1.17,0,7.789040401657477
SM105061,2025-08-15,Lucknow,Truck,15.0,13,1501.0,78.0,22992.0,6.6,Clear,0,9.0,8.11,1425.0,0,0,0,0,0,0,8,4,0,0.3,95.0,-0.89,0,10.042945100762001
SM104313,2025-02-05,Varanasi,Pickup,48.7,5,449.0,35.0,3482.0,4.7,Clear,0,8.0,5.69,848.0,0,0,0,0,0,0,2,2,0,0.561,17.41,-2.31,0,8.155649270366002
SM101458,2025-04-07,Lucknow,Mini Truck,34.1,7,1008.0,68.0,30840.0,5.7,Clear,0,8.0,5.74,1112.0,0,0,0,0,0,0,4,0,0,0.504,32.61,-2.26,0,10.336600252573104
SM101664,2025-07-11,Varanasi,Pickup,35.9,4,531.0,34.0,10161.0,6.5,Rain,0,7.0,6.24,675.0,0,0,0,0,0,0,7,4,0,0.664,18.8,-0.76,0,9.226410552153677
SM101334,2025-07-14,Kanpur,Mini Truck,7.6,6,1161.0,60.0,11467.0,5.6,Rain,0,6.0,5.33,691.0,0,1,1,0,0,0,7,0,0,0.58,90.92,-0.67,0,9.34731582700326
SM100755,2025-06-09,Prayagraj,Mini Truck,43.2,7,518.0,38.0,14051.0,6.9,Rain,0,8.0,7.35,1153.0,0,0,0,0,0,0,6,0,0,0.259,26.69,-0.65,0,9.550520013385718
SM100065,2025-04-29,Prayagraj,Truck,42.2,5,4402.0,310.0,82353.5,4.5,Clear,0,10.0,8.49,2851.0,0,0,0,0,0,0,4,1,0,0.88,67.56,-1.51,0,11.318788378921557
SM100177,2025-02-28,Prayagraj,Pickup,37.6,2,388.0,45.0,10919.0,6.9,Clear,0,6.0,6.13,611.0,0,0,0,0,0,0,2,4,0,0.485,16.25,0.13,1,9.298351249298896
SM101747,2025-05-18,Varanasi,Pickup,21.9,5,531.0,32.0,12396.0,6.2,Clear,0,7.0,3.4,595.0,0,0,0,0,0,0,5,6,1,0.664,27.17,-3.6,0,9.425209786838147
SM103378,2025-11-10,Prayagraj,Truck,98.2,6,2840.0,204.0,39922.0,5.6,Rain,0,12.0,11.31,3902.0,0,1,1,0,0,0,11,0,0,0.568,39.74,-0.69,0,10.594707877902358
SM105395,2025-01-12,Varanasi,Pickup,91.3,5,709.0,40.0,8626.0,3.3,Fog,0,10.0,9.79,1346.0,0,0,0,0,0,0,1,6,1,0.886,14.74,-0.21,0,9.062652099076578
SM100026,2025-05-27,Lucknow,Mini Truck,18.7,6,1403.0,86.0,26035.0,7.5,Clear,0,7.0,6.43,940.0,0,0,0,0,0,0,5,1,0,0.702,50.27,-0.57,0,10.167235474692278
SM100525,2025-04-24,Prayagraj,Mini Truck,45.0,6,1614.0,128.0,15606.0,3.2,Clear,0,9.0,7.01,1530.0,0,0,0,0,0,0,4,3,0,0.807,34.0,-1.99,0,9.655474810542554
SM104698,2025-04-20,Lucknow,Pickup,31.2,4,355.0,20.0,2711.0,4.8,Rain,0,7.0,6.18,643.0,0,0,0,0,0,0,4,6,1,0.444,20.61,-0.82,0,7.905441649060286
SM103185,2025-12-13,Kanpur,Mini Truck,34.2,4,915.0,89.0,15689.0,6.5,Fog,0,7.0,8.11,1104.0,0,0,0,0,0,0,12,5,1,0.458,32.28,1.11,1,9.660778845727078
SM102369,2025-03-06,Prayagraj,Mini Truck,25.8,5,1161.0,154.0,19643.0,5.9,Clear,0,7.0,6.16,1175.0,0,1,0,0,0,0,3,3,0,0.58,45.54,-0.84,0,9.885527227159136
SM104656,2025-02-18,Kanpur,Mini Truck,8.0,7,1003.0,59.0,7076.0,6.0,Clear,0,7.0,6.01,750.0,0,0,0,0,0,0,2,1,0,0.501,93.75,-0.99,0,8.864605368075784
SM100664,2025-08-07,Lucknow,Truck,31.7,5,4513.0,279.0,63945.0,5.4,Clear,0,9.0,8.34,2561.0,0,0,0,0,0,0,8,3,0,0.903,80.79,-0.66,0,11.065794256184425
SM103391,2025-07-10,Varanasi,Pickup,44.7,4,753.0,46.0,9325.0,5.5,Clear,0,7.0,6.08,869.0,0,0,0,0,0,0,7,3,0,0.941,19.44,-0.92,0,9.140561477368266
SM103177,2025-04-19,Prayagraj,Mini Truck,31.3,5,414.0,22.0,11592.0,3.8,Clear,0,8.0,3.75,947.0,1,0,0,0,0,0,4,5,1,0.207,30.26,-4.25,0,9.358156746670401
SM102456,2025-11-03,Lucknow,Mini Truck,66.2,7,1007.0,61.0,17895.0,4.9,Clear,0,10.0,8.19,1705.0,0,0,0,0,0,0,11,0,0,0.503,25.76,-1.81,0,9.792332503169966
SM101221,2025-07-21,Lucknow,Mini Truck,32.3,7,1364.0,63.0,4047.0,4.4,Rain,0,8.0,6.56,1346.0,0,0,0,0,0,0,7,0,0,0.682,41.67,-1.44,0,8.305978210967302
SM101742,2025-06-16,Kanpur,Truck,32.8,3,2840.0,240.0,22898.0,6.1,Clear,0,8.0,6.66,2194.0,0,1,0,0,0,0,6,0,0,0.568,66.89,-1.34,0,10.03884852046658
SM104229,2025-01-06,Gorakhpur,Pickup,28.3,6,734.0,38.0,2568.0,7.5,Rain,0,7.0,7.82,743.0,0,0,0,0,0,0,1,0,0,0.918,26.25,0.82,1,7.851271997109883
SM100332,2025-04-24,Lucknow,Pickup,25.2,5,682.0,69.0,8711.0,7.0,Clear,0,7.0,5.24,723.0,1,0,0,0,0,0,4,3,0,0.852,28.69,-1.76,0,9.072456664612796
SM105228,2025-02-01,Gorakhpur,Pickup,116.5,15,392.0,21.0,3683.0,3.0,Rain,0,14.0,13.17,1926.0,0,0,0,0,0,0,2,5,1,0.49,16.53,-0.83,0,8.211754397375197
SM102752,2025-08-01,Kanpur,Truck,31.6,7,1023.0,56.0,11938.0,8.0,Clear,0,8.0,7.92,1310.0,0,0,0,0,0,0,8,4,0,0.205,41.46,-0.08,0,9.387565631345389
SM100598,2025-08-18,Gorakhpur,Mini Truck,59.0,6,1586.0,87.0,17029.0,8.6,Rain,0,9.0,9.41,1796.0,0,0,0,0,0,0,8,0,0,0.793,30.44,0.41,1,9.742731773656734
SM103003,2025-12-17,Lucknow,Pickup,29.8,3,581.0,52.0,11643.0,6.6,Fog,0,6.0,6.16,618.0,0,0,0,0,0,0,12,2,0,0.726,20.74,0.16,1,9.362546304865514
SM102434,2025-06-14,Kanpur,Mini Truck,27.2,8,1598.0,101.0,14600.0,5.3,Clear,0,8.0,6.21,1206.0,0,0,0,0,0,0,6,5,1,0.799,44.34,-1.79,0,9.588845298501564
SM103220,2025-09-13,Prayagraj,Mini Truck,31.4,3,1280.0,91.0,22930.0,5.6,Rain,0,7.0,6.19,1015.0,0,0,0,0,0,0,9,5,1,0.64,32.32,-0.81,0,10.040244985890988
SM101459,2025-07-08,Kanpur,Mini Truck,37.8,7,1161.0,67.0,14771.0,4.6,Rain,0,8.0,7.39,1409.0,0,1,0,0,0,0,7,1,0,0.58,37.28,-0.61,0,9.600488775972455
SM103423,2025-05-20,Kanpur,Pickup,45.6,3,396.0,32.0,3888.0,5.0,Clear,0,7.0,5.7,824.0,0,0,0,0,0,0,5,1,0,0.495,18.07,-1.3,0,8.265907334155747
SM101415,2025-10-14,Kanpur,Pickup,14.7,8,278.0,12.0,2413.0,6.2,Clear,0,7.0,6.45,429.0,0,0,0,0,0,0,10,1,0,0.348,29.18,-0.55,0,7.789040401657477
SM100739,2025-11-24,Prayagraj,Truck,42.6,11,2567.0,236.0,63454.0,2.4,Clear,0,11.0,8.91,2417.0,0,0,0,0,0,0,11,0,0,0.513,56.74,-2.09,0,11.058086272244264
SM103645,2025-07-12,Lucknow,Pickup,25.2,4,611.0,33.0,4789.0,5.3,Rain,0,7.0,7.22,849.0,1,0,0,0,0,0,7,5,1,0.764,33.69,0.22,1,8.474285690404962
SM100228,2025-07-19,Varanasi,Pickup,37.9,6,488.0,47.0,40289.0,4.9,Clear,0,13.0,9.86,1853.0,1,0,0,0,0,0,7,5,1,0.61,48.89,-3.14,0,10.603858578185394
SM105823,2025-02-24,Kanpur,Mini Truck,54.4,10,1004.0,42.0,7782.0,8.8,Clear,0,10.0,9.25,1500.0,0,0,0,0,0,0,2,0,0,0.502,27.57,-0.75,0,8.959697146959389
SM100498,2025-12-05,Prayagraj,Pickup,41.5,10,476.0,26.0,10913.0,3.8,Fog,0,9.0,9.16,964.0,0,0,0,0,0,0,12,4,0,0.595,23.23,0.16,1,9.297801647746176
SM100007,2025-09-12,Lucknow,Pickup,44.1,11,559.0,41.0,5016.0,7.1,Rain,0,10.0,9.62,1081.0,0,0,0,0,0,0,9,4,0,0.699,24.51,-0.38,0,8.520587424484253
SM101977,2025-05-05,Lucknow,Truck,41.5,4,4330.0,190.0,31815.0,7.4,Clear,0,9.0,8.23,2713.0,0,0,0,0,0,0,5,0,0,0.866,65.37,-0.77,0,10.367724586887526
SM100902,2025-03-21,Varanasi,Pickup,25.2,7,416.0,25.0,4906.0,5.6,Clear,0,7.0,5.18,661.0,0,0,0,0,0,0,3,4,0,0.52,26.23,-1.82,0,8.498418036089904
SM103039,2025-03-14,Prayagraj,Mini Truck,14.6,8,1398.0,92.0,11949.0,8.2,Clear,1,8.0,8.11,970.0,0,0,0,0,0,0,3,4,0,0.699,66.44,0.11,1,9.388486557359657
SM103631,2025-07-19,Lucknow,Mini Truck,20.4,6,1554.0,157.0,49875.0,4.8,Clear,0,7.0,5.63,1125.0,0,0,0,0,0,0,7,5,1,0.777,55.15,-1.37,0,10.817295204116476
SM104193,2025-01-15,Prayagraj,Pickup,31.5,2,570.0,24.0,3757.0,4.7,Fog,0,6.0,5.8,605.0,0,0,0,0,0,0,1,2,0,0.712,19.21,-0.2,0,8.231642179973411
SM102365,2025-02-01,Gorakhpur,Pickup,62.6,6,550.0,43.0,5106.0,4.6,Clear,0,9.0,6.83,1050.0,0,0,0,0,0,0,2,5,1,0.688,16.77,-2.17,0,8.538367426647644
SM105186,2025-11-12,Prayagraj,Mini Truck,21.8,5,1306.0,66.0,20728.0,8.7,Rain,0,7.0,7.44,892.0,0,0,0,0,0,0,11,2,0,0.653,40.92,0.44,1,9.93928896499951
SM101237,2025-02-15,Kanpur,Truck,23.2,10,3052.0,274.0,37837.0,6.0,Clear,0,9.0,8.48,1929.0,0,0,0,0,0,0,2,5,1,0.61,83.15,-0.52,0,10.541069167646365
SM105893,2025-04-29,Lucknow,Truck,36.4,4,2496.0,250.0,27635.0,6.7,Clear,0,8.0,7.81,1948.0,0,0,0,0,0,0,4,1,0,0.499,53.52,-0.19,0,10.226874549608686
SM101932,2025-11-01,Kanpur,Truck,64.0,8,3526.0,196.0,37263.0,6.8,Clear,0,11.0,10.23,3078.0,0,0,0,0,0,0,11,5,1,0.705,48.09,-0.77,0,10.525782992124123
SM104895,2025-05-28,Varanasi,Pickup,105.8,9,462.0,22.0,3156.0,4.9,Clear,0,12.0,12.05,1799.0,0,1,0,0,0,0,5,2,0,0.578,17.0,0.05,1,8.057377488557991
SM103067,2025-09-15,Lucknow,Mini Truck,8.1,6,786.0,52.0,10220.0,6.7,Clear,0,6.0,5.0,622.0,0,0,0,0,0,0,9,0,0,0.393,76.79,-1.0,0,9.232199706329077
SM100949,2025-04-12,Prayagraj,Pickup,23.2,6,495.0,26.0,3490.0,1.9,Clear,0,7.0,5.68,717.0,0,0,0,0,0,0,4,5,1,0.619,30.91,-1.32,0,8.157943507105037
SM101717,2025-05-19,Varanasi,Mini Truck,33.5,8,1473.0,102.0,22476.0,6.5,Clear,0,9.0,7.46,1352.0,0,0,0,0,0,0,5,0,0,0.736,40.36,-1.54,0,10.020247843144828
SM102183,2025-08-24,Varanasi,Mini Truck,35.849999999999994,4,892.0,65.0,18262.0,4.2,Rain,0,7.0,6.57,1120.0,1,0,0,0,0,0,8,6,1,0.446,31.24,-0.43,0,9.812632434192041
SM103012,2025-01-17,Lucknow,Mini Truck,43.4,3,765.0,87.0,34521.0,6.7,Clear,0,7.0,6.14,1546.0,0,0,0,0,0,1,1,4,0,0.382,35.62,-0.86,0,10.449352080946635
SM102576,2025-04-09,Gorakhpur,Mini Truck,49.0,8,1387.0,72.0,24147.0,7.6,Rain,1,9.0,9.91,1683.0,0,0,0,0,0,0,4,2,0,0.694,34.35,0.91,1,10.091956839916318
SM104799,2025-07-22,Lucknow,Mini Truck,26.0,8,1112.0,49.0,13622.0,4.0,Clear,0,9.0,6.1,1262.0,1,0,0,0,0,0,7,1,0,0.556,48.54,-2.9,0,9.51951481976606
SM100138,2025-05-07,Kanpur,Pickup,42.6,3,544.0,25.0,4647.0,7.9,Clear,0,7.0,7.05,802.0,0,0,0,0,0,0,5,2,0,0.68,18.83,0.05,1,8.444192298531748
SM105292,2025-05-04,Prayagraj,Mini Truck,34.6,5,1248.0,91.0,19973.0,5.3,Clear,0,8.0,6.39,1219.0,0,0,0,0,0,0,5,6,1,0.624,35.23,-1.61,0,9.90218670680308
SM102017,2025-09-23,Prayagraj,Truck,21.4,8,1325.0,74.0,18059.0,8.4,Clear,0,8.0,7.54,1260.0,0,0,0,0,0,0,9,1,0,0.265,58.88,-0.46,0,9.801454826970977
SM100251,2025-06-30,Varanasi,Mini Truck,60.6,4,1387.0,155.0,82353.5,6.6,Clear,0,9.0,7.26,2159.0,0,0,0,0,0,1,6,0,0,0.694,35.63,-1.74,0,11.318788378921557
SM104953,2025-02-22,Lucknow,Mini Truck,15.2,5,956.0,42.0,19275.0,7.7,Clear,0,6.0,5.96,557.0,0,0,0,0,0,0,2,5,1,0.478,36.64,-0.04,0,9.866616077760224
SM101090,2025-07-03,Lucknow,Truck,14.4,8,2950.0,149.0,34480.0,4.1,Fog,0,8.0,8.87,1686.0,0,0,0,0,0,0,7,3,0,0.59,117.08,0.87,1,10.448163726677256
SM102016,2025-06-01,Prayagraj,Truck,61.9,11,1540.0,133.0,52598.0,4.8,Clear,0,11.0,9.7,2476.0,0,0,0,0,0,0,6,6,1,0.308,40.0,-1.3,0,10.870452387138238
SM104220,2025-02-10,Lucknow,Pickup,36.3,6,439.0,29.0,12849.0,5.4,Clear,0,8.0,6.23,796.0,0,0,0,0,0,0,2,0,0,0.549,21.93,-1.77,0,9.461099090323366
SM103142,2025-06-14,Lucknow,Pickup,18.3,7,318.0,21.0,2447.0,5.6,Clear,0,7.0,5.2,560.0,0,0,0,0,0,0,6,5,1,0.398,30.6,-1.8,0,7.803026643632217
SM105044,2025-10-22,Gorakhpur,Pickup,35.2,7,462.0,32.0,6878.0,9.1,Fog,1,8.0,9.5,792.0,0,1,0,0,0,0,10,2,0,0.578,22.5,1.5,1,8.836228571526014
SM100912,2025-05-18,Kanpur,Truck,28.65,7,4001.0,191.0,16345.0,4.0,Clear,0,10.0,8.85,2467.0,1,0,0,0,0,0,5,6,1,0.8,86.11,-1.15,0,9.701738498076075
SM102415,2025-06-27,Prayagraj,Pickup,31.8,7,528.0,55.0,20775.0,4.6,Clear,0,8.0,6.59,718.0,0,0,0,0,0,0,6,4,0,0.66,22.58,-1.41,0,9.941553753342584
SM103649,2025-09-27,Prayagraj,Pickup,19.3,3,503.0,24.0,2292.0,4.8,Rain,0,6.0,4.86,518.0,0,0,0,0,0,0,9,5,1,0.629,26.84,-1.14,0,7.737616282857904
SM101281,2025-09-27,Prayagraj,Mini Truck,32.8,4,1745.0,92.0,9631.0,7.0,Clear,0,7.0,6.05,1363.0,0,0,0,0,0,0,9,5,1,0.872,41.55,-0.95,0,9.172846167548602
SM104746,2025-10-07,Varanasi,Truck,40.3,6,1362.0,69.0,30927.0,6.7,Rain,0,8.0,7.95,1713.0,0,0,0,0,0,0,10,1,0,0.272,42.51,-0.05,0,10.339417201448112
SM102307,2025-02-26,Prayagraj,Mini Truck,55.9,7,994.0,44.0,27330.0,6.0,Clear,0,9.0,7.95,1438.0,0,0,0,0,0,0,2,2,0,0.497,25.72,-1.05,0,10.21577686808075
SM102118,2025-07-19,Lucknow,Mini Truck,39.5,5,1777.0,90.0,47601.0,6.1,Rain,0,8.0,8.63,1442.0,0,0,0,0,0,0,7,5,1,0.888,36.51,0.63,1,10.770630056143553
SM100911,2025-03-08,Prayagraj,Mini Truck,58.5,9,1152.0,113.0,44201.0,7.8,Rain,0,10.0,9.59,1490.0,0,0,0,0,0,0,3,5,1,0.576,25.47,-0.41,0,10.696525315910868
SM102158,2025-10-24,Prayagraj,Mini Truck,37.2,2,1253.0,53.0,29847.0,5.4,Rain,0,7.0,6.8,1105.0,0,0,0,0,0,0,10,4,0,0.626,29.7,-0.2,0,10.303873114900993
SM102670,2025-10-17,Varanasi,Mini Truck,12.5,5,1156.0,81.0,34894.0,7.1,Clear,0,6.0,5.84,770.0,0,0,0,0,0,0,10,4,0,0.578,61.6,-0.16,0,10.460098831451251
SM104779,2025-01-27,Varanasi,Mini Truck,18.2,7,923.0,67.0,8149.0,5.2,Fog,0,7.0,6.7,799.0,0,0,0,0,0,0,1,0,0,0.462,43.9,-0.3,0,9.005773206234908
SM101089,2025-02-21,Lucknow,Pickup,38.9,8,543.0,31.0,4679.0,4.3,Clear,0,8.0,7.22,852.0,0,0,0,0,0,0,2,4,0,0.679,21.9,-0.78,0,8.451053388911692
SM103113,2025-12-06,Gorakhpur,Truck,30.7,6,3535.0,221.0,14087.0,3.3,Fog,0,9.0,9.63,2198.0,0,0,0,0,0,0,12,5,1,0.707,71.6,0.63,1,9.553078650176042
SM103699,2025-10-05,Varanasi,Mini Truck,31.8,7,1624.0,155.0,25256.0,3.8,Clear,0,8.0,6.91,1338.0,0,0,0,0,0,0,10,6,1,0.812,42.08,-1.09,0,10.136858624005773
SM103880,2025-11-12,Lucknow,Mini Truck,22.0,9,1452.0,64.0,9150.0,3.9,Clear,0,8.0,7.33,784.0,0,0,0,0,0,1,11,2,0,0.726,35.64,-0.67,0,9.121618441915379
SM100936,2025-02-27,Prayagraj,Pickup,35.2,4,558.0,28.0,8140.0,7.6,Clear,0,7.0,6.32,764.0,0,0,0,0,0,0,2,3,0,0.698,21.7,-0.68,0,9.004668301573977
SM104437,2025-12-12,Prayagraj,Mini Truck,49.1,10,720.0,73.0,15544.0,6.5,Clear,0,10.0,8.68,1457.0,0,0,0,0,0,0,12,4,0,0.36,29.67,-1.32,0,9.651494322492853
SM101829,2025-12-25,Gorakhpur,Pickup,44.8,9,294.0,14.0,927.0,5.5,Rain,0,9.0,9.1,945.0,1,0,0,0,0,0,12,3,0,0.368,21.09,0.1,1,6.833031732786201
SM104213,2025-09-18,Varanasi,Pickup,29.0,4,336.0,17.0,3820.0,5.9,Rain,0,6.0,7.23,649.0,0,0,0,0,0,0,9,3,0,0.42,22.38,1.23,1,8.2482674474469
SM101250,2025-03-30,Prayagraj,Truck,25.2,9,1191.0,75.0,22115.0,6.2,Clear,0,8.0,8.26,1352.0,0,0,0,0,0,0,3,6,1,0.238,53.65,0.26,1,10.004056607457823
SM105531,2025-12-11,Lucknow,Pickup,19.7,9,522.0,28.0,13116.0,5.4,Clear,0,8.0,6.6,697.0,0,0,0,0,0,0,12,3,0,0.652,35.38,-1.4,0,9.481664377815145
SM101108,2025-12-10,Gorakhpur,Truck,66.4,5,2840.0,273.0,63293.0,8.2,Rain,0,10.0,10.32,2871.0,0,1,0,0,0,0,12,2,0,0.568,43.24,0.32,1,11.055545816909865
SM105796,2025-11-13,Prayagraj,Truck,32.8,5,4599.0,355.0,82353.5,4.5,Clear,0,9.0,9.07,2538.0,0,0,0,0,0,0,11,3,0,0.92,77.38,0.07,1,11.318788378921557
SM100736,2025-09-24,Lucknow,Pickup,10.9,5,443.0,24.0,14654.0,4.8,Clear,0,6.0,6.06,493.0,0,0,0,0,0,0,9,2,0,0.554,45.23,0.06,1,9.592536853144992
SM103869,2025-09-17,Varanasi,Truck,58.0,4,2176.0,106.0,29177.0,5.7,Clear,0,9.0,7.5,2279.0,0,0,0,0,0,0,9,2,0,0.435,39.29,-1.5,0,10.28117027963184
SM103773,2025-02-16,Gorakhpur,Pickup,36.6,7,467.0,19.0,9768.0,3.6,Clear,0,8.0,6.92,715.0,0,0,0,0,0,0,2,6,1,0.584,19.54,-1.08,0,9.186969385652942
SM103214,2025-07-25,Lucknow,Mini Truck,26.0,6,1179.0,79.0,11576.0,5.8,Rain,0,6.0,5.64,678.0,1,0,0,0,0,0,7,4,0,0.59,26.08,-0.36,0,9.356775650205728
SM104388,2025-05-03,Lucknow,Mini Truck,57.1,9,1379.0,166.0,26577.0,3.2,Clear,0,10.0,8.68,1743.0,0,0,0,0,0,0,5,5,1,0.69,30.53,-1.32,0,10.187839084891452
SM103896,2025-07-14,Gorakhpur,Pickup,85.4,3,275.0,15.0,3932.0,7.9,Rain,0,9.0,7.27,1145.0,0,0,0,0,0,0,7,0,0,0.344,13.41,-1.73,0,8.27715777243181
SM101978,2025-01-21,Kanpur,Mini Truck,8.4,5,914.0,38.0,11190.0,4.9,Clear,0,6.0,4.87,565.0,0,0,0,0,0,0,1,1,0,0.457,67.26,-1.13,0,9.322865162818028
SM102712,2025-12-10,Gorakhpur,Mini Truck,25.7,5,1162.0,78.0,9040.0,7.0,Rain,0,7.0,8.24,955.0,0,0,0,0,0,0,12,2,0,0.581,37.16,1.24,1,9.109525066737367
SM101792,2025-05-06,Lucknow,Mini Truck,31.2,4,1287.0,52.0,12001.0,5.4,Clear,0,7.0,6.23,1106.0,0,0,0,0,0,0,5,1,0,0.644,35.45,-0.77,0,9.392828581549459
SM103231,2025-03-19,Prayagraj,Truck,22.6,8,2199.0,159.0,39720.0,7.6,Rain,0,8.0,9.65,1446.0,0,0,0,0,0,0,3,2,0,0.44,63.98,1.65,1,10.589635294075828
SM104819,2025-12-07,Prayagraj,Truck,24.4,7,3051.0,251.0,52631.0,1.8,Clear,0,9.0,7.0,1902.0,0,0,0,0,0,0,12,6,1,0.61,77.95,-2.0,0,10.871079578765833
SM104095,2025-07-19,Lucknow,Pickup,66.8,4,615.0,43.0,14779.0,3.0,Rain,0,9.0,7.02,1175.0,0,0,0,0,0,0,7,5,1,0.769,17.59,-1.98,0,9.601030194502194
SM105033,2025-02-23,Prayagraj,Truck,55.8,7,2072.0,149.0,33851.0,4.1,Clear,0,10.0,9.2,2253.0,0,0,0,0,0,0,2,6,1,0.414,40.38,-0.8,0,10.429753360789997
SM102733,2025-03-20,Gorakhpur,Mini Truck,137.7,9,1063.0,83.0,10151.0,5.6,Clear,0,14.0,12.13,2928.0,0,0,1,0,0,0,3,3,0,0.532,21.26,-1.87,0,9.225426009394223
SM104598,2025-12-15,Prayagraj,Truck,16.9,6,1820.0,79.0,19554.0,4.7,Clear,0,7.0,6.26,1243.0,0,0,0,0,0,0,12,0,0,0.364,73.55,-0.74,0,9.880986287189614
SM103656,2025-07-07,Varanasi,Mini Truck,55.7,11,1342.0,82.0,26827.0,7.7,Clear,0,11.0,10.5,1779.0,0,0,0,0,0,0,7,0,0,0.671,31.94,-0.5,0,10.197201397219628
SM103998,2025-09-24,Kanpur,Mini Truck,54.4,6,1147.0,93.0,29617.0,4.4,Rain,0,9.0,9.29,1370.0,0,0,0,0,0,0,9,2,0,0.574,25.18,0.29,1,10.29613756359745
SM105803,2025-12-06,Lucknow,Truck,32.8,6,2003.0,103.0,19318.0,4.4,Clear,0,8.0,7.36,1777.0,0,0,0,0,0,0,12,5,1,0.401,54.18,-0.64,0,9.868844346592555
SM102475,2025-06-04,Lucknow,Pickup,29.9,2,345.0,15.0,2399.0,5.2,Clear,0,6.0,4.51,570.0,0,0,0,0,0,0,6,2,0,0.431,19.06,-1.49,0,7.783224016336037
SM105220,2025-04-21,Prayagraj,Mini Truck,31.1,6,1161.0,76.0,24771.0,4.6,Rain,0,8.0,7.05,1096.0,0,1,0,0,0,0,4,0,0,0.58,35.24,-0.95,0,10.117469262057952
SM103334,2025-01-27,Kanpur,Pickup,14.8,6,408.0,17.0,6138.0,4.3,Clear,0,6.0,5.15,452.0,0,0,0,0,0,0,1,0,0,0.51,30.54,-0.85,0,8.722417141427496
SM102855,2025-01-29,Kanpur,Pickup,66.0,5,564.0,29.0,7035.0,6.1,Clear,0,9.0,6.2,1041.0,0,0,0,0,0,0,1,2,0,0.705,15.77,-2.8,0,8.85879510585745
SM103316,2025-08-19,Varanasi,Pickup,38.9,1,231.0,13.0,2157.0,7.7,Rain,0,6.0,6.04,578.0,0,0,0,0,0,0,8,1,0,0.289,14.86,0.04,1,7.67693714581808
SM100892,2025-07-10,Prayagraj,Pickup,12.7,8,573.0,42.0,14989.0,6.4,Rain,1,7.0,6.44,552.0,0,0,0,0,0,0,7,3,0,0.716,43.46,-0.56,0,9.615138591096644
SM102644,2025-06-15,Varanasi,Pickup,43.7,5,515.0,23.0,7251.0,6.2,Clear,0,8.0,5.77,942.0,0,0,0,0,0,0,6,6,1,0.644,21.56,-2.23,0,8.889032571874742
SM100917,2025-10-14,Varanasi,Truck,15.1,5,2840.0,118.0,32266.0,6.7,Clear,0,7.0,6.32,1327.0,0,1,0,0,0,0,10,1,0,0.568,87.88,-0.68,0,10.38180031512171
SM104504,2025-01-07,Varanasi,Truck,38.9,5,2550.0,159.0,32867.0,4.4,Clear,0,8.0,6.86,2034.0,0,0,0,0,0,0,1,1,0,0.51,52.29,-1.14,0,10.400254819051078
SM103255,2025-03-10,Gorakhpur,Mini Truck,37.9,6,1709.0,83.0,16963.0,5.6,Clear,0,8.0,6.22,1484.0,0,0,1,0,0,0,3,0,0,0.854,39.16,-1.78,0,9.738848730594482
SM101725,2025-10-13,Prayagraj,Truck,22.3,10,2288.0,200.0,82353.5,6.1,Clear,0,9.0,8.15,1743.0,0,0,0,0,0,0,10,0,0,0.458,78.16,-0.85,0,11.318788378921557
SM103338,2025-11-10,Lucknow,Truck,16.8,8,2393.0,251.0,68133.0,9.6,Clear,1,8.0,9.47,1563.0,0,0,0,0,0,0,11,0,0,0.479,93.04,1.47,1,11.129231633331518
SM102051,2025-04-21,Prayagraj,Mini Truck,31.2,4,1387.0,86.0,82353.5,6.7,Clear,0,7.0,5.84,1135.0,0,0,0,0,0,0,4,0,0,0.694,36.38,-1.16,0,11.318788378921557
SM105512,2025-11-27,Prayagraj,Mini Truck,30.1,7,1161.0,143.0,33592.0,4.6,Clear,0,8.0,6.33,1178.0,0,1,0,0,0,0,11,3,0,0.58,39.14,-1.67,0,10.42207299091356
SM100242,2025-02-04,Gorakhpur,Pickup,43.5,9,437.0,19.0,2818.0,3.5,Clear,0,9.0,6.78,969.0,0,0,0,0,0,0,2,1,0,0.546,22.28,-2.22,0,7.9441374911141125
SM104880,2025-05-19,Lucknow,Pickup,18.2,5,385.0,27.0,4211.0,3.5,Clear,0,6.0,4.1,576.0,0,0,0,0,0,0,5,0,0,0.481,31.65,-1.9,0,8.345692873253865
SM102950,2025-01-12,Prayagraj,Truck,29.3,6,2610.0,234.0,25218.0,2.9,Rain,0,8.0,7.77,1842.0,0,0,0,0,0,0,1,6,1,0.522,62.87,-0.23,0,10.135352957662207
SM102046,2025-06-15,Lucknow,Truck,16.8,4,1481.0,83.0,5484.0,6.2,Clear,0,6.0,6.07,979.0,0,0,0,0,0,0,6,6,1,0.296,58.27,0.07,1,8.609772372709331
SM102907,2025-12-13,Varanasi,Pickup,45.4,4,494.0,24.0,4524.0,4.6,Clear,0,7.0,5.23,863.0,0,0,0,0,0,0,12,5,1,0.618,19.01,-1.77,0,8.417372856134026
SM100403,2025-12-21,Gorakhpur,Mini Truck,66.0,4,889.0,103.0,16660.0,8.9,Fog,0,9.0,9.46,1511.0,0,0,0,0,0,0,12,6,1,0.444,22.89,0.46,1,9.72082593792907
SM105668,2025-10-04,Varanasi,Truck,16.9,4,2009.0,167.0,53977.0,6.3,Clear,1,7.0,7.31,1224.0,0,0,0,0,0,0,10,5,1,0.402,72.43,0.31,1,10.896331835126059
SM100050,2025-10-05,Gorakhpur,Pickup,34.7,8,240.0,26.0,10444.0,4.1,Clear,0,8.0,7.44,638.0,0,0,0,0,0,0,10,6,1,0.3,18.39,-0.56,0,9.253878673990666
SM104816,2025-11-15,Varanasi,Mini Truck,35.849999999999994,6,1320.0,58.0,11683.0,2.5,Clear,0,9.0,6.69,1458.0,1,0,0,0,0,0,11,5,1,0.66,40.67,-2.31,0,9.365975663507632
SM103784,2025-12-26,Varanasi,Pickup,36.1,8,321.0,25.0,5598.0,2.0,Clear,0,8.0,5.54,849.0,0,0,0,0,1,0,12,4,0,0.401,23.52,-2.46,0,8.630343289348893
SM105376,2025-03-04,Kanpur,Pickup,28.049999999999997,6,402.0,18.0,3194.0,6.8,Clear,0,8.0,7.89,826.0,1,0,0,0,0,0,3,1,0,0.502,29.45,-0.11,0,8.069342366811636
SM104621,2025-12-30,Kanpur,Truck,41.6,7,4200.0,224.0,51394.0,6.0,Fog,0,10.0,10.66,2723.0,0,0,0,0,0,0,12,1,0,0.84,65.46,0.66,1,10.847296170447022
SM100558,2025-10-17,Varanasi,Mini Truck,29.7,3,1402.0,128.0,13784.0,7.9,Rain,0,7.0,6.99,1068.0,0,0,0,0,0,0,10,4,0,0.701,35.96,-0.01,0,9.531336323457896
SM105182,2025-08-21,Prayagraj,Mini Truck,8.2,2,714.0,53.0,9100.0,9.5,Clear,1,5.0,5.33,377.0,0,0,0,0,0,0,8,3,0,0.357,45.98,0.33,1,9.116139576577355
SM103372,2025-04-23,Gorakhpur,Mini Truck,46.2,7,1555.0,92.0,16700.0,5.7,Clear,0,8.0,7.06,1230.0,1,0,0,0,0,0,4,2,0,0.778,26.62,-0.94,0,9.723223876851618
SM102989,2025-06-06,Prayagraj,Mini Truck,37.8,7,808.0,80.0,21867.0,6.9,Rain,0,8.0,8.81,1258.0,0,0,0,0,0,0,6,4,0,0.404,33.28,0.81,1,9.99277966001489
SM101151,2025-07-04,Varanasi,Truck,28.6,11,2795.0,213.0,33512.0,7.4,Rain,0,10.0,10.39,2153.0,0,0,0,0,0,0,7,4,0,0.559,75.28,0.39,1,10.419688702238957
SM100009,2025-02-04,Kanpur,Mini Truck,32.9,9,1125.0,122.0,20924.0,9.2,Rain,0,9.0,8.88,1215.0,0,0,0,0,0,0,2,1,0,0.562,36.93,-0.12,0,9.948699895357676
SM101707,2025-11-30,Prayagraj,Mini Truck,17.3,5,1461.0,163.0,82353.5,4.0,Clear,0,7.0,4.85,894.0,0,0,0,0,0,0,11,6,1,0.73,51.68,-2.15,0,11.318788378921557
SM102593,2025-02-04,Lucknow,Mini Truck,24.2,7,461.0,19.0,1867.0,5.4,Rain,0,7.0,8.03,819.0,0,0,0,0,0,0,2,1,0,0.23,33.84,1.03,1,7.532623618788788
SM103733,2025-12-07,Kanpur,Pickup,16.2,6,274.0,30.0,4112.0,7.3,Fog,0,6.0,8.07,433.0,0,0,0,0,0,0,12,6,1,0.342,26.73,2.07,1,8.321907968230423
SM101614,2025-01-22,Prayagraj,Truck,15.0,9,2551.0,133.0,26965.0,6.4,Fog,0,9.0,8.17,1547.0,0,0,0,1,0,0,1,2,0,0.51,103.13,-0.83,0,10.20233209219402
SM101071,2025-03-18,Varanasi,Truck,37.65,6,2840.0,60.0,25984.0,7.6,Clear,0,8.0,8.75,1553.0,1,1,0,0,0,0,3,1,0,0.568,41.25,0.75,1,10.165274727442542
SM104703,2025-11-08,Varanasi,Pickup,19.7,6,382.0,18.0,16949.0,4.6,Clear,0,7.0,4.98,626.0,0,0,0,0,0,0,11,5,1,0.478,31.78,-2.02,0,9.738023112808596
SM105816,2025-05-29,Kanpur,Truck,43.5,4,1429.0,148.0,82026.0,6.3,Clear,0,8.0,7.08,1720.0,0,0,0,0,0,0,5,3,0,0.286,39.54,-0.92,0,11.314803740342166
SM100716,2025-07-08,Kanpur,Pickup,26.8,8,567.0,41.0,13474.0,5.7,Clear,0,8.0,7.04,753.0,0,0,0,0,0,0,7,1,0,0.709,28.1,-0.96,0,9.508591395777199
SM101896,2025-07-29,Lucknow,Truck,38.9,4,2111.0,180.0,40058.0,6.5,Clear,0,8.0,7.79,1795.0,0,0,0,0,0,0,7,1,0,0.422,46.14,-0.21,0,10.598108646352074
SM105749,2025-02-13,Varanasi,Pickup,50.7,4,559.0,24.0,4247.0,6.8,Clear,0,8.0,7.6,1006.0,0,0,0,0,0,0,2,3,0,0.699,19.84,-0.4,0,8.354203562921775
SM103578,2025-11-18,Gorakhpur,Pickup,65.5,3,485.0,24.0,2081.0,6.4,Clear,0,8.0,6.6,965.0,0,0,0,0,0,0,11,1,0,0.606,14.73,-1.4,0,7.641084249174914
SM102123,2025-08-11,Varanasi,Pickup,17.6,7,679.0,40.0,8034.0,4.7,Rain,0,7.0,6.82,610.0,0,0,0,0,0,0,8,0,0,0.849,34.66,-0.18,0,8.991562278171614
SM100318,2025-12-09,Lucknow,Pickup,11.9,7,578.0,31.0,8914.0,4.5,Clear,0,7.0,6.05,681.0,0,0,0,0,0,0,12,1,0,0.722,57.23,-0.95,0,9.09549053029724
SM103027,2025-09-30,Lucknow,Truck,24.8,11,3372.0,305.0,26628.0,7.3,Rain,0,10.0,8.89,2105.0,0,0,0,0,0,0,9,1,0,0.674,84.88,-1.11,0,10.189756126469401
SM101672,2025-04-08,Lucknow,Mini Truck,21.3,4,1666.0,130.0,29930.0,5.6,Clear,0,7.0,5.16,1054.0,0,0,0,0,0,0,4,1,0,0.833,49.48,-1.84,0,10.306650011581617
SM103960,2025-12-12,Prayagraj,Pickup,35.7,12,500.0,34.0,6188.0,7.2,Clear,0,9.0,9.17,971.0,0,0,0,0,0,0,12,4,0,0.625,27.2,0.17,1,8.73052880173936
SM100427,2025-10-21,Kanpur,Mini Truck,43.6,8,1835.0,137.0,19963.0,5.0,Clear,1,9.0,9.72,1641.0,0,0,0,0,0,0,10,1,0,0.918,37.64,0.72,1,9.9016859305895
SM103158,2025-09-01,Lucknow,Mini Truck,26.0,6,1592.0,91.0,24712.0,3.5,Clear,0,9.0,6.72,1545.0,1,0,0,0,0,0,9,0,0,0.796,59.42,-2.28,0,10.115084699949966
SM105342,2025-07-26,Varanasi,Pickup,46.7,7,585.0,43.0,7199.0,6.6,Rain,0,8.0,8.19,944.0,0,0,0,0,0,0,7,5,1,0.731,20.21,0.19,1,8.881836305004146
SM105090,2025-11-20,Prayagraj,Truck,24.0,6,2181.0,228.0,62985.0,4.4,Clear,0,8.0,7.18,1647.0,0,0,0,0,0,0,11,3,0,0.436,68.62,-0.82,0,11.05066775845643
SM103934,2025-03-08,Varanasi,Pickup,28.7,6,406.0,38.0,3125.0,3.0,Clear,0,7.0,5.53,701.0,0,0,0,0,0,0,3,5,1,0.507,24.43,-1.47,0,8.047509510981422
SM100546,2025-06-06,Prayagraj,Mini Truck,60.8,9,1581.0,188.0,47032.0,6.7,Clear,0,10.0,7.97,1843.0,0,0,0,0,0,0,6,4,0,0.79,30.31,-2.03,0,10.758604761975464
SM100262,2025-04-20,Lucknow,Truck,5.1,5,3879.0,179.0,36994.0,7.9,Clear,0,7.0,7.38,1700.0,0,0,0,0,0,0,4,6,1,0.776,333.33,0.38,1,10.518538047359652
SM100254,2025-08-30,Lucknow,Truck,24.8,7,2209.0,254.0,77876.0,7.9,Rain,0,8.0,8.42,1616.0,0,0,0,0,0,0,8,5,1,0.442,65.16,0.42,1,11.262885937942958
SM103420,2025-07-08,Prayagraj,Pickup,30.7,5,583.0,47.0,22733.0,3.1,Rain,0,7.0,6.02,656.0,0,0,0,0,0,0,7,1,0,0.729,21.37,-0.98,0,10.031616880246656
SM100666,2025-07-03,Lucknow,Pickup,25.2,4,331.0,15.0,2892.0,5.6,Rain,0,7.0,6.15,712.0,1,0,0,0,0,0,7,3,0,0.414,28.25,-0.85,0,7.970049304976135
SM102951,2025-07-05,Prayagraj,Mini Truck,27.1,6,1276.0,153.0,41126.0,6.9,Rain,0,8.0,7.94,965.0,0,0,0,0,0,1,7,5,1,0.638,35.61,-0.06,0,10.62442011910401
SM100171,2025-02-02,Varanasi,Pickup,23.2,9,550.0,61.0,8661.0,1.0,Clear,0,8.0,4.84,828.0,0,0,0,0,0,0,2,6,1,0.688,35.69,-3.16,0,9.066700921774572
SM101176,2025-04-26,Varanasi,Truck,45.1,7,2461.0,160.0,14283.0,6.1,Rain,0,9.0,9.31,2197.0,0,0,0,0,0,0,4,5,1,0.492,48.71,0.31,1,9.566895308714338
SM104414,2025-06-29,Varanasi,Mini Truck,99.8,11,1443.0,61.0,24562.0,5.0,Clear,0,13.0,10.39,2532.0,0,0,0,0,0,0,6,6,1,0.722,25.37,-2.61,0,10.108996524638528
SM101482,2025-04-16,Kanpur,Pickup,31.2,5,193.0,11.0,4108.0,6.1,Clear,0,7.0,5.45,637.0,0,0,0,0,0,0,4,2,0,0.241,20.42,-1.55,0,8.32093496888341
SM105933,2025-04-27,Gorakhpur,Pickup,42.4,5,574.0,44.0,2932.0,5.9,Rain,0,8.0,8.01,845.0,0,0,0,0,0,0,4,6,1,0.718,19.93,0.01,1,7.983781068977451
SM104199,2025-03-29,Varanasi,Pickup,57.5,8,320.0,23.0,3493.0,4.6,Clear,0,9.0,7.01,1049.0,0,0,0,0,0,0,3,5,1,0.4,18.24,-1.99,0,8.158802490694002
SM104822,2025-11-28,Prayagraj,Pickup,12.3,4,422.0,19.0,7086.0,6.1,Clear,0,6.0,3.86,446.0,0,0,0,0,0,0,11,4,0,0.528,36.26,-2.14,0,8.866017398810255
SM101900,2025-07-15,Prayagraj,Truck,27.0,2,2995.0,295.0,82353.5,6.3,Clear,0,7.0,6.15,1835.0,0,0,0,0,0,0,7,1,0,0.599,67.96,-0.85,0,11.318788378921557
SM100693,2025-12-12,Varanasi,Mini Truck,28.4,5,789.0,45.0,16374.0,5.7,Fog,0,7.0,7.33,953.0,0,0,0,0,0,0,12,4,0,0.394,33.56,0.33,1,9.703511060503452
SM103371,2025-03-28,Lucknow,Mini Truck,21.2,4,825.0,38.0,4311.0,7.6,Clear,0,6.0,5.56,744.0,0,0,0,0,0,0,3,4,0,0.412,35.09,-0.44,0,8.369157112588834
SM105319,2025-03-24,Prayagraj,Pickup,38.9,6,506.0,21.0,4539.0,4.8,Clear,0,8.0,6.61,805.0,0,0,0,0,0,0,3,0,0,0.632,20.69,-1.39,0,8.420682291035394
SM103712,2025-10-22,Prayagraj,Truck,34.9,6,2310.0,120.0,18435.0,8.9,Clear,1,8.0,10.16,1822.0,0,0,0,0,0,0,10,2,0,0.462,52.21,2.16,1,9.8220605538404
SM103443,2025-03-22,Kanpur,Pickup,64.4,9,637.0,32.0,6947.0,4.7,Clear,0,10.0,9.03,1272.0,0,0,0,0,0,0,3,5,1,0.796,19.75,-0.97,0,8.846209127360996
SM102115,2025-03-15,Gorakhpur,Pickup,42.8,8,502.0,50.0,14822.0,5.6,Clear,0,9.0,6.87,846.0,0,0,1,0,0,0,3,5,1,0.628,19.77,-2.13,0,9.60393530751386
SM104009,2025-02-12,Varanasi,Mini Truck,21.6,2,1636.0,86.0,8201.0,6.1,Clear,0,6.0,5.67,1012.0,0,0,0,0,0,0,2,2,0,0.818,46.85,-0.33,0,9.012133305952004
SM102096,2025-12-10,Varanasi,Pickup,25.3,7,433.0,26.0,3159.0,4.4,Clear,0,7.0,5.39,722.0,0,0,0,0,0,0,12,2,0,0.541,28.54,-1.61,0,8.058327306580958
SM103169,2025-08-10,Varanasi,Pickup,49.6,4,479.0,43.0,7542.0,3.2,Rain,0,8.0,7.31,826.0,0,0,0,0,0,0,8,6,1,0.599,16.65,-0.69,0,8.928375259853631
SM104096,2025-07-15,Prayagraj,Pickup,38.6,7,348.0,20.0,6562.0,7.6,Rain,0,8.0,8.04,765.0,0,0,0,0,0,0,7,1,0,0.435,19.82,0.04,1,8.789203094473724
SM100781,2025-08-21,Kanpur,Mini Truck,9.4,9,1629.0,152.0,13674.5,5.0,Rain,0,8.0,6.42,1014.0,0,0,0,0,1,0,8,3,0,0.814,107.87,-1.58,0,9.523361189693068
SM104268,2025-01-17,Gorakhpur,Mini Truck,27.4,4,915.0,87.0,51123.0,3.8,Fog,0,7.0,6.32,721.0,0,0,0,0,0,0,1,4,0,0.458,26.31,-0.68,0,10.842009333251605
SM105362,2025-08-01,Prayagraj,Truck,56.4,7,1342.0,71.0,31079.0,8.1,Rain,1,9.0,11.76,2012.0,0,0,0,0,0,0,8,4,0,0.268,35.67,2.76,1,10.344319804481584
SM105631,2025-07-23,Prayagraj,Mini Truck,30.2,4,1145.0,90.0,10260.0,6.5,Clear,1,7.0,6.33,994.0,0,0,0,0,0,0,7,2,0,0.572,32.91,-0.67,0,9.236105579862208
SM100541,2025-01-21,Varanasi,Truck,37.65,8,1054.0,68.0,8377.0,6.7,Clear,0,7.0,6.24,746.0,1,0,0,0,0,0,1,1,0,0.211,19.81,-0.76,0,9.03336450150698
SM105926,2025-09-29,Kanpur,Mini Truck,45.7,4,1556.0,142.0,46266.0,7.4,Rain,0,8.0,8.05,1329.0,0,0,0,0,0,0,9,0,0,0.778,29.08,0.05,1,10.74218424297173
SM104550,2025-01-17,Gorakhpur,Pickup,24.2,5,586.0,69.0,7208.0,6.5,Clear,0,7.0,5.49,691.0,0,0,0,0,0,0,1,4,0,0.732,28.55,-1.51,0,8.883085524404578
SM103636,2025-07-17,Lucknow,Mini Truck,18.9,8,1340.0,54.0,7795.0,5.8,Rain,0,8.0,7.86,1122.0,0,0,0,0,0,0,7,3,0,0.67,59.37,-0.14,0,8.961366060627451
SM104297,2025-10-09,Lucknow,Mini Truck,51.7,4,1636.0,83.0,8350.0,2.6,Clear,0,8.0,7.27,1605.0,0,0,0,0,0,0,10,3,0,0.818,31.04,-0.73,0,9.03013657115323
SM102678,2025-07-31,Kanpur,Mini Truck,36.9,2,1161.0,101.0,58844.0,4.1,Rain,0,7.0,6.06,1185.0,0,1,0,0,0,0,7,3,0,0.58,32.11,-0.94,0,10.982662147311762
SM105852,2025-04-04,Lucknow,Pickup,14.2,2,516.0,61.0,5954.0,4.1,Clear,0,5.0,3.66,503.0,0,0,0,0,0,0,4,4,0,0.645,35.42,-1.34,0,8.691986481789401
SM105952,2025-03-12,Prayagraj,Mini Truck,14.0,10,1002.0,49.0,9183.0,5.7,Rain,0,8.0,7.94,830.0,0,0,0,0,0,0,3,2,0,0.501,59.29,-0.06,0,9.125218118559348
SM102728,2025-08-01,Gorakhpur,Truck,42.1,8,3686.0,264.0,58812.0,2.8,Rain,0,10.0,8.55,2585.0,0,0,0,1,0,0,8,4,0,0.737,61.4,-1.45,0,10.982118197885645
SM100882,2025-06-13,Varanasi,Pickup,37.9,4,521.0,23.0,15569.0,9.8,Clear,0,7.0,6.06,681.0,1,0,0,0,0,0,6,4,0,0.651,17.97,-0.94,0,9.653101264828043
SM103457,2025-01-12,Kanpur,Mini Truck,37.3,2,1486.0,135.0,23515.0,3.0,Rain,0,7.0,6.03,1169.0,0,0,0,0,0,0,1,6,1,0.743,31.34,-0.97,0,10.065436319522146
SM103132,2025-10-05,Kanpur,Mini Truck,6.6,2,1230.0,111.0,30227.0,4.7,Clear,0,5.0,4.08,665.0,0,0,0,0,0,0,10,6,1,0.615,100.76,-0.92,0,10.31652392614061
SM105753,2025-04-11,Kanpur,Mini Truck,27.05,5,1877.0,79.0,14182.0,7.6,Clear,0,7.0,6.46,1116.0,1,0,0,0,0,0,4,4,0,0.938,41.26,-0.54,0,9.559799343294607
SM102932,2025-03-01,Prayagraj,Mini Truck,26.6,4,1434.0,79.0,12262.0,4.3,Clear,0,7.0,6.67,1016.0,0,0,0,0,0,0,3,5,1,0.717,38.2,-0.33,0,9.414341877762027
SM101171,2025-08-19,Varanasi,Truck,23.9,4,2559.0,118.0,27678.0,7.2,Rain,0,7.0,8.25,1468.0,0,0,0,0,0,0,8,1,0,0.512,61.42,1.25,1,10.228429281911374
SM103529,2025-02-13,Lucknow,Mini Truck,24.9,5,965.0,101.0,19730.0,6.5,Clear,0,7.0,5.02,937.0,0,0,0,0,0,0,2,3,0,0.482,37.63,-1.98,0,9.889946281969461
SM102636,2025-05-03,Lucknow,Pickup,28.2,7,620.0,42.0,9224.0,1.8,Clear,0,8.0,5.04,741.0,0,0,0,0,0,0,5,5,1,0.775,26.28,-2.96,0,9.129672468908728
SM101329,2025-05-05,Gorakhpur,Pickup,70.1,6,445.0,48.0,4233.0,6.4,Clear,0,9.0,8.46,1186.0,0,0,0,0,0,0,5,0,0,0.556,16.92,-0.54,0,8.350902451694811
SM105946,2025-04-06,Lucknow,Truck,65.7,12,1419.0,58.0,21097.0,4.7,Clear,0,11.0,11.91,2398.0,0,0,0,0,0,0,4,6,1,0.284,36.5,0.91,1,9.956933528241754
SM105914,2025-07-11,Prayagraj,Mini Truck,38.1,8,656.0,39.0,10859.0,7.2,Rain,0,8.0,9.31,1099.0,0,0,0,0,0,0,7,4,0,0.328,28.85,1.31,1,9.292841593487926
SM100075,2025-06-23,Gorakhpur,Mini Truck,45.9,6,1296.0,64.0,7564.0,7.6,Clear,0,8.0,6.6,1380.0,0,0,0,0,0,0,6,0,0,0.648,30.07,-1.4,0,8.931287626222456
SM103658,2025-05-03,Kanpur,Mini Truck,28.7,8,1069.0,83.0,16512.0,4.7,Clear,0,8.0,6.21,1130.0,0,0,0,0,0,0,5,5,1,0.534,39.37,-1.79,0,9.711903228462988
SM103387,2025-09-26,Lucknow,Pickup,19.1,2,412.0,25.0,3692.0,6.8,Rain,0,5.0,6.02,334.0,0,0,0,0,0,0,9,4,0,0.515,17.49,1.02,1,8.214194414852564
SM105831,2025-02-26,Varanasi,Truck,23.0,5,2413.0,129.0,29903.0,2.5,Clear,0,8.0,5.78,1495.0,0,0,0,0,0,0,2,2,0,0.483,65.0,-2.22,0,10.305747529695344
SM105397,2025-05-24,Kanpur,Truck,37.1,3,3360.0,203.0,19309.0,5.8,Clear,0,8.0,7.38,2148.0,0,0,0,1,0,0,5,5,1,0.672,57.9,-0.62,0,9.86837837542256
SM102194,2025-08-28,Gorakhpur,Mini Truck,43.2,7,1653.0,112.0,26050.0,6.9,Rain,0,9.0,7.52,1485.0,0,0,0,0,0,0,8,3,0,0.826,34.38,-1.48,0,10.167811434160654
SM104478,2025-11-14,Prayagraj,Pickup,14.7,5,382.0,19.0,3260.0,7.7,Clear,0,6.0,6.43,431.0,0,0,0,0,0,0,11,4,0,0.478,29.32,0.43,1,8.089789175789319
SM102997,2025-05-07,Kanpur,Mini Truck,15.3,4,1093.0,54.0,5956.0,2.8,Fog,0,6.0,6.69,545.0,0,0,0,0,0,1,5,2,0,0.546,35.62,0.69,1,8.692322277628687
SM101466,2025-08-20,Lucknow,Mini Truck,9.8,8,1498.0,96.0,36436.0,7.9,Rain,0,7.0,7.64,922.0,0,0,0,0,0,0,8,2,0,0.749,94.08,0.64,1,10.50334002087177
SM102665,2025-07-15,Varanasi,Pickup,31.2,7,633.0,50.0,5586.0,5.4,Clear,0,8.0,6.24,676.0,0,0,0,0,0,0,7,1,0,0.791,21.67,-1.76,0,8.628197749459149
SM102387,2025-12-23,Lucknow,Truck,37.3,2,2816.0,186.0,30941.0,6.7,Rain,0,8.0,7.02,2267.0,0,0,0,0,0,1,12,1,0,0.563,60.78,-0.98,0,10.339869763279014
SM104068,2025-09-27,Prayagraj,Pickup,35.4,7,420.0,17.0,3808.0,4.9,Fog,0,8.0,7.53,770.0,0,0,0,0,0,0,9,5,1,0.525,21.75,-0.47,0,8.245121966478605
SM105675,2025-04-09,Kanpur,Mini Truck,47.3,9,1357.0,129.0,14797.0,4.7,Clear,0,10.0,8.35,1540.0,0,0,0,0,0,0,4,2,0,0.678,32.56,-1.65,0,9.602247315485496
SM103625,2025-09-29,Gorakhpur,Mini Truck,21.7,4,837.0,46.0,21543.0,5.1,Clear,0,6.0,5.11,809.0,0,0,0,0,0,0,9,0,0,0.418,37.28,-0.89,0,9.977852634491434
SM105977,2025-02-28,Gorakhpur,Truck,38.3,7,2777.0,222.0,41693.0,5.5,Clear,0,9.0,8.87,2219.0,0,0,0,0,0,0,2,4,0,0.555,57.94,-0.13,0,10.638112512542383
SM100945,2025-02-13,Gorakhpur,Truck,75.9,5,1610.0,100.0,29814.0,5.8,Clear,0,10.0,9.0,2520.0,0,0,0,0,0,0,2,3,0,0.322,33.2,-1.0,0,10.302766901557206
SM103630,2025-06-19,Varanasi,Pickup,26.7,4,620.0,30.0,10191.0,7.2,Clear,0,7.0,5.31,717.0,0,0,0,0,0,0,6,3,0,0.775,26.85,-1.69,0,9.229358377811945
SM105986,2025-11-30,Prayagraj,Pickup,35.9,4,409.0,17.0,2328.0,1.7,Clear,0,7.0,4.57,561.0,0,0,0,0,0,0,11,6,1,0.511,15.63,-2.43,0,7.753194269884341
SM100842,2025-11-28,Varanasi,Truck,27.2,5,3225.0,318.0,74391.0,4.0,Clear,0,8.0,7.01,1972.0,0,0,0,0,0,0,11,4,0,0.645,72.5,-0.99,0,11.217103688158033
SM104086,2025-04-09,Kanpur,Pickup,27.2,4,637.0,62.0,7249.0,6.4,Clear,0,7.0,4.75,752.0,0,0,0,0,0,0,4,2,0,0.796,27.65,-2.25,0,8.88875674784872
SM103434,2025-03-27,Varanasi,Mini Truck,34.0,5,1137.0,49.0,19479.0,5.4,Clear,0,7.0,4.86,1065.0,0,0,0,0,0,0,3,3,0,0.568,31.32,-2.14,0,9.877143577196525
SM103207,2025-10-25,Prayagraj,Mini Truck,23.6,6,1066.0,62.0,10759.0,4.1,Rain,0,7.0,6.92,1019.0,0,0,0,0,0,0,10,5,1,0.533,43.18,-0.08,0,9.283590833715776
SM104606,2025-03-29,Kanpur,Mini Truck,9.6,2,1857.0,79.0,10745.0,6.7,Clear,0,6.0,4.65,846.0,0,0,0,0,0,0,3,5,1,0.928,88.12,-1.35,0,9.282288871288767
SM103585,2025-03-21,Lucknow,Mini Truck,24.1,8,1546.0,118.0,15610.0,6.8,Clear,0,8.0,6.24,1229.0,0,0,0,0,0,0,3,4,0,0.773,51.0,-1.76,0,9.655731072956666
SM103936,2025-07-11,Gorakhpur,Pickup,41.7,4,253.0,12.0,4508.0,6.3,Clear,0,7.0,6.09,589.0,0,0,0,0,0,0,7,4,0,0.316,14.12,-0.91,0,8.413830678421084
SM100225,2025-04-22,Kanpur,Mini Truck,40.2,10,1438.0,157.0,32476.0,6.6,Clear,0,10.0,8.76,1505.0,0,0,0,0,0,0,4,1,0,0.719,37.44,-1.24,0,10.388287425477728
SM104801,2025-08-06,Kanpur,Truck,46.3,6,1846.0,135.0,33911.0,5.0,Rain,1,9.0,9.98,2108.0,0,0,0,0,0,0,8,2,0,0.369,45.53,0.98,1,10.431524213032473
SM102803,2025-01-24,Varanasi,Mini Truck,15.7,7,898.0,67.0,11420.0,5.2,Clear,0,7.0,4.48,704.0,0,0,0,0,0,0,1,4,0,0.449,44.84,-2.52,0,9.343209045050607
SM101856,2025-05-17,Prayagraj,Mini Truck,36.5,7,1484.0,72.0,36926.0,5.5,Clear,0,8.0,6.05,1345.0,0,0,0,0,0,0,5,5,1,0.742,36.85,-1.95,0,10.516698269778406
SM104210,2025-02-25,Prayagraj,Pickup,25.9,10,256.0,11.0,3577.0,7.7,Clear,0,8.0,6.91,629.0,0,0,0,0,0,0,2,1,0,0.32,24.29,-1.09,0,8.182559264068665
SM102677,2025-11-17,Varanasi,Mini Truck,27.6,6,1582.0,196.0,45915.0,5.6,Rain,0,8.0,7.28,1232.0,0,0,0,0,0,0,11,0,0,0.791,44.64,-0.72,0,10.734568919185387
SM105682,2025-05-19,Kanpur,Mini Truck,27.05,4,1275.0,58.0,13610.0,7.1,Clear,0,7.0,5.98,1234.0,1,0,0,0,0,0,5,0,0,0.638,45.62,-1.02,0,9.518633568332074
SM100845,2025-01-02,Prayagraj,Truck,17.9,7,2186.0,88.0,16239.0,4.6,Clear,0,8.0,6.62,1424.0,0,0,0,0,0,0,1,3,0,0.437,79.55,-1.38,0,9.69523261371567
SM100572,2025-04-14,Prayagraj,Pickup,28.0,6,567.0,66.0,16864.0,4.0,Clear,0,7.0,5.63,701.0,0,0,0,0,0,0,4,0,0,0.709,25.04,-1.37,0,9.732995747495751
SM103646,2025-08-23,Lucknow,Pickup,33.7,5,351.0,23.0,3916.0,5.6,Rain,0,7.0,7.41,707.0,0,0,0,0,0,0,8,5,1,0.439,20.98,0.41,1,8.27308133366583
SM104553,2025-07-23,Lucknow,Mini Truck,48.5,6,1349.0,89.0,14049.0,6.5,Rain,0,9.0,8.55,1485.0,0,0,0,0,0,0,7,2,0,0.674,30.62,-0.45,0,9.550377674761892
SM104326,2025-11-07,Gorakhpur,Pickup,45.6,5,364.0,32.0,4315.0,3.6,Clear,0,8.0,6.24,842.0,0,0,0,0,0,0,11,4,0,0.455,18.46,-1.76,0,8.370084326378025
SM102481,2025-11-11,Lucknow,Truck,25.4,5,1086.0,97.0,35307.0,7.1,Clear,0,7.0,6.43,1234.0,0,0,0,0,0,0,11,1,0,0.217,48.58,-0.57,0,10.471864846140123
SM100154,2025-06-08,Lucknow,Mini Truck,20.1,5,1043.0,46.0,8389.0,5.8,Rain,0,7.0,5.8,903.0,0,0,0,0,0,0,6,6,1,0.522,44.93,-1.2,0,9.034795799461252
SM100476,2025-11-06,Kanpur,Truck,42.6,7,2453.0,105.0,20698.0,5.5,Clear,0,9.0,9.04,1997.0,0,0,0,0,0,0,11,3,0,0.491,46.88,0.04,1,9.937840668907791
SM103676,2025-05-14,Prayagraj,Mini Truck,18.3,5,1399.0,137.0,35448.0,9.1,Rain,0,7.0,6.81,1031.0,0,0,0,0,0,0,5,2,0,0.7,56.34,-0.19,0,10.475850322817688
SM101690,2025-10-09,Prayagraj,Mini Truck,23.9,6,1959.0,93.0,9710.0,6.9,Clear,0,8.0,5.75,1325.0,0,0,0,0,0,0,10,3,0,0.98,55.44,-2.25,0,9.181014542594355
SM100278,2025-01-24,Prayagraj,Pickup,38.4,10,336.0,25.0,2790.0,4.8,Clear,0,9.0,7.64,825.0,0,0,0,0,0,0,1,4,0,0.42,21.48,-1.36,0,7.934155233536322
SM104062,2025-08-19,Lucknow,Pickup,7.2,12,390.0,22.0,7034.0,8.0,Rain,0,8.0,8.64,669.0,0,0,0,0,0,0,8,1,0,0.488,92.92,0.64,1,8.858652969548489
SM104362,2025-07-01,Gorakhpur,Truck,54.0,2,2546.0,104.0,56943.0,7.2,Clear,0,8.0,5.61,2266.0,0,0,0,0,0,0,7,1,0,0.509,41.96,-2.39,0,10.949823607749973
SM101087,2025-12-28,Varanasi,Pickup,33.2,10,599.0,34.0,10992.0,4.8,Clear,1,9.0,8.34,906.0,0,0,0,0,0,0,12,6,1,0.749,27.29,-0.66,0,9.305013985578864
SM103144,2025-10-06,Varanasi,Mini Truck,122.7,3,960.0,86.0,24573.0,7.4,Clear,0,11.0,9.21,2414.0,0,0,0,0,0,0,10,0,0,0.48,19.67,-1.79,0,10.109444252427517
SM100382,2025-12-12,Gorakhpur,Mini Truck,7.7,7,1377.0,100.0,18072.0,4.4,Fog,0,7.0,7.73,827.0,0,0,0,0,0,0,12,4,0,0.688,107.4,0.73,1,9.802174390835638
SM101099,2025-06-08,Gorakhpur,Truck,109.6,7,2271.0,180.0,60355.0,7.5,Clear,1,12.0,14.12,3670.0,0,0,0,0,0,0,6,6,1,0.454,33.49,2.12,1,11.008015641633541
SM104643,2025-01-25,Varanasi,Pickup,54.7,8,533.0,34.0,8138.0,4.2,Fog,0,9.0,8.18,1086.0,0,0,0,0,0,0,1,5,1,0.666,19.85,-0.82,0,9.004422601327041
SM103327,2025-03-18,Varanasi,Mini Truck,15.6,3,1315.0,76.0,18694.0,3.5,Clear,0,6.0,4.82,870.0,0,0,0,0,0,0,3,1,0,0.658,55.77,-1.18,0,9.836011387411213
SM102530,2025-12-01,Prayagraj,Mini Truck,58.5,4,1015.0,73.0,21764.0,8.1,Fog,0,8.0,9.13,1463.0,0,0,0,0,0,0,12,0,0,0.507,25.01,1.13,1,9.988058453986397
SM105308,2025-01-25,Prayagraj,Pickup,42.2,12,648.0,36.0,5877.0,4.4,Clear,1,10.0,8.77,1048.0,0,0,0,0,0,0,1,5,1,0.81,24.83,-1.23,0,8.678971846978863
SM105291,2025-11-18,Gorakhpur,Pickup,77.4,6,627.0,49.0,8025.0,4.4,Clear,0,10.0,7.15,1243.0,0,0,0,0,0,0,11,1,0,0.784,16.06,-2.85,0,8.990441550826862
SM105754,2025-02-22,Lucknow,Mini Truck,22.1,10,648.0,37.0,5971.0,4.4,Clear,0,8.0,6.01,953.0,0,0,0,0,0,0,2,5,1,0.324,43.12,-1.99,0,8.69483715865908
SM100918,2025-04-03,Varanasi,Pickup,58.5,8,392.0,24.0,7431.0,7.1,Clear,0,9.0,8.89,965.0,0,0,0,0,0,0,4,3,0,0.49,16.5,-0.11,0,8.913550280493675
SM100207,2025-12-20,Lucknow,Mini Truck,22.0,5,1677.0,179.0,11122.0,7.2,Clear,0,7.0,5.7,1074.0,0,0,0,0,0,0,12,5,1,0.838,48.82,-1.3,0,9.316770315592029
SM105593,2025-08-17,Prayagraj,Pickup,19.2,4,341.0,32.0,3179.0,5.2,Rain,0,6.0,5.84,505.0,0,0,0,0,0,0,8,6,1,0.426,26.3,-0.16,0,8.064636475774222
SM104738,2025-05-08,Lucknow,Truck,15.5,6,3181.0,367.0,66006.0,4.6,Clear,0,8.0,6.77,1729.0,0,0,0,0,0,0,5,3,0,0.636,111.55,-1.23,0,11.097516075990594
SM105324,2025-11-30,Kanpur,Truck,51.5,7,2244.0,103.0,15083.0,9.5,Clear,0,10.0,9.3,2285.0,0,0,0,0,0,0,11,6,1,0.449,44.37,-0.7,0,9.621389858378247
SM105861,2025-08-05,Prayagraj,Pickup,25.7,5,310.0,15.0,1570.0,6.7,Rain,0,7.0,7.68,598.0,0,0,0,1,0,0,8,1,0,0.388,23.27,0.68,1,7.359467638255621
SM100297,2025-06-10,Prayagraj,Truck,30.1,2,2230.0,212.0,31956.0,6.8,Rain,0,7.0,7.58,1469.0,0,0,0,0,0,0,6,1,0,0.446,48.8,0.58,1,10.37214652814023
SM101490,2025-04-11,Varanasi,Mini Truck,35.0,9,1301.0,60.0,10668.0,8.1,Clear,1,9.0,8.94,1337.0,0,0,0,0,0,0,4,4,0,0.65,38.2,-0.06,0,9.275097619191461
SM100527,2025-02-22,Lucknow,Mini Truck,25.4,6,1418.0,66.0,9202.0,6.6,Clear,0,7.0,6.67,1168.0,0,0,0,0,0,0,2,5,1,0.709,45.98,-0.33,0,9.127284796838858
SM105343,2025-06-13,Prayagraj,Truck,76.2,6,3551.0,223.0,78817.0,5.7,Clear,0,11.0,9.14,3204.0,0,0,0,0,0,0,6,4,0,0.71,42.05,-1.86,0,11.274896676156573
SM100442,2025-02-18,Lucknow,Pickup,18.9,8,356.0,30.0,3440.0,5.5,Rain,0,7.0,7.09,618.0,0,0,0,0,0,0,2,1,0,0.445,32.7,0.09,1,8.14351740579748
SM102120,2025-10-08,Varanasi,Mini Truck,52.1,4,1452.0,93.0,11985.0,6.0,Clear,0,8.0,7.3,1486.0,0,0,0,0,0,0,10,2,0,0.726,28.52,-0.7,0,9.391494581018131
SM101138,2025-09-29,Varanasi,Pickup,42.8,4,361.0,25.0,4445.0,5.1,Clear,0,7.0,5.79,718.0,0,0,0,0,0,0,9,0,0,0.451,16.78,-1.21,0,8.399760094524142
SM103518,2025-09-05,Lucknow,Pickup,14.3,5,462.0,22.0,8166.0,7.5,Rain,1,6.0,6.78,487.0,0,1,0,0,0,0,9,4,0,0.578,34.06,0.78,1,9.007856923358275
SM103573,2025-05-01,Varanasi,Pickup,21.3,3,568.0,43.0,6593.0,6.8,Clear,0,6.0,5.22,493.0,0,0,0,0,0,0,5,3,0,0.71,23.15,-0.78,0,8.793915423631676
SM102922,2025-02-15,Kanpur,Mini Truck,44.9,6,1303.0,114.0,24302.0,4.9,Clear,0,8.0,6.92,1408.0,0,0,0,0,0,0,2,5,1,0.652,31.36,-1.08,0,10.098355078498601
SM103465,2025-10-01,Kanpur,Mini Truck,20.8,9,1225.0,88.0,25049.0,3.7,Clear,0,8.0,6.28,1001.0,0,0,0,0,0,0,10,2,0,0.612,48.12,-1.72,0,10.12862910651301
SM102374,2025-09-13,Varanasi,Pickup,26.6,7,319.0,32.0,6931.0,7.2,Clear,0,7.0,7.19,526.0,0,0,0,0,0,0,9,5,1,0.399,19.77,0.19,1,8.843903650835497
SM104323,2025-04-07,Gorakhpur,Truck,27.7,12,3740.0,333.0,82353.5,7.1,Clear,0,11.0,10.16,2308.0,0,0,0,0,0,0,4,0,0,0.748,83.32,-0.84,0,11.318788378921557
SM104884,2025-01-03,Lucknow,Truck,16.7,2,3522.0,333.0,82353.5,4.2,Fog,0,7.0,7.62,1626.0,0,0,0,0,0,0,1,4,0,0.704,97.37,0.62,1,11.318788378921557
SM101836,2025-12-10,Lucknow,Mini Truck,36.0,5,1459.0,78.0,18060.0,8.1,Fog,0,8.0,7.23,1285.0,0,0,0,0,0,0,12,2,0,0.73,35.69,-0.77,0,9.801510196423664
SM102453,2025-06-21,Lucknow,Truck,54.2,4,3647.0,244.0,37631.0,3.9,Clear,0,9.0,8.39,2687.0,0,0,0,0,0,0,6,5,1,0.729,49.58,-0.61,0,10.5356100312583
SM104825,2025-06-02,Lucknow,Pickup,34.2,5,564.0,36.0,4041.0,5.1,Clear,0,7.0,5.89,646.0,0,0,0,0,0,0,6,0,0,0.705,18.89,-1.11,0,8.304494897963567
SM102008,2025-10-15,Varanasi,Pickup,13.7,6,133.0,6.0,2072.0,4.3,Clear,0,6.0,4.51,401.0,0,0,0,0,0,0,10,2,0,0.166,29.27,-1.49,0,7.636752112435779
SM103689,2025-03-03,Prayagraj,Mini Truck,13.9,4,1106.0,48.0,12772.0,5.6,Clear,0,6.0,4.85,784.0,0,0,0,0,0,0,3,0,0,0.553,56.4,-1.15,0,9.455088847042777
SM100047,2025-11-22,Varanasi,Mini Truck,75.8,8,1110.0,70.0,15442.0,7.1,Clear,0,11.0,7.23,1943.0,0,0,0,0,0,0,11,5,1,0.555,25.63,-3.77,0,9.644911105223
SM102201,2025-01-03,Lucknow,Mini Truck,26.8,7,972.0,52.0,14733.0,7.4,Clear,0,8.0,6.29,1112.0,0,0,0,0,0,0,1,4,0,0.486,41.49,-1.71,0,9.59791302724276
SM104914,2025-10-11,Gorakhpur,Mini Truck,44.4,5,861.0,44.0,7037.0,6.9,Rain,0,8.0,8.21,1193.0,0,0,0,0,0,0,10,5,1,0.43,26.87,0.21,1,8.85907931788153
SM100397,2025-03-13,Lucknow,Pickup,33.1,3,631.0,28.0,1782.0,4.7,Clear,0,7.0,3.9,735.0,0,0,0,0,0,0,3,3,0,0.789,22.21,-3.1,0,7.48605261786314
SM101507,2025-06-25,Lucknow,Truck,15.7,3,3132.0,179.0,21443.0,6.8,Clear,0,7.0,6.48,1591.0,0,0,0,0,0,0,6,2,0,0.626,101.34,-0.52,0,9.973200164947428
SM105200,2025-06-09,Lucknow,Pickup,43.9,6,436.0,31.0,15620.0,6.0,Clear,0,8.0,6.71,877.0,0,0,0,0,0,0,6,0,0,0.545,19.98,-1.29,0,9.65637144183101
SM102612,2025-03-08,Prayagraj,Pickup,57.0,4,327.0,15.0,2421.0,5.4,Rain,0,8.0,8.86,876.0,0,0,0,0,0,0,3,5,1,0.409,15.37,0.86,1,7.792348924113037
SM105190,2025-09-25,Varanasi,Pickup,51.9,3,273.0,23.0,2841.0,3.9,Clear,0,7.0,5.04,805.0,0,0,0,0,0,0,9,3,0,0.341,15.51,-1.96,0,7.952263308657046
SM105036,2025-11-30,Prayagraj,Pickup,56.4,5,479.0,28.0,2981.0,3.8,Clear,0,8.0,6.78,882.0,0,0,0,0,0,0,11,6,1,0.599,15.64,-1.22,0,8.000349495324684
SM104681,2025-03-04,Varanasi,Mini Truck,20.3,9,1615.0,108.0,36361.0,5.0,Clear,0,8.0,7.51,1244.0,0,0,0,0,0,0,3,1,0,0.808,61.28,-0.49,0,10.501279552279218
SM103679,2025-09-25,Prayagraj,Truck,54.1,8,2851.0,340.0,77205.0,4.4,Clear,0,10.0,9.43,2526.0,0,0,0,0,0,0,9,3,0,0.57,46.69,-0.57,0,11.254232453200062
SM105414,2025-04-24,Lucknow,Pickup,16.4,7,501.0,41.0,6481.0,4.3,Clear,0,7.0,5.05,570.0,0,0,0,0,0,0,4,3,0,0.626,34.76,-1.95,0,8.776784383701493
SM100986,2025-08-14,Lucknow,Mini Truck,26.7,7,1503.0,78.0,24444.0,5.1,Rain,0,8.0,7.82,1190.0,0,0,0,0,0,0,8,3,0,0.752,44.57,-0.18,0,10.104180975012746
SM105814,2025-08-05,Gorakhpur,Pickup,51.5,6,213.0,16.0,5167.0,4.5,Rain,0,8.0,6.67,791.0,0,0,0,0,0,0,8,1,0,0.266,15.36,-1.33,0,8.550241045462437
SM105578,2025-06-15,Varanasi,Pickup,48.5,4,426.0,20.0,2314.0,8.4,Clear,0,8.0,6.43,892.0,0,0,0,0,0,0,6,6,1,0.532,18.39,-1.57,0,7.747164966520335
SM101434,2025-04-27,Varanasi,Mini Truck,4.6,10,1025.0,45.0,8127.0,2.5,Clear,0,8.0,4.78,873.0,0,0,0,0,0,0,4,6,1,0.512,189.78,-3.22,0,9.003070169818264
SM102532,2025-12-04,Prayagraj,Truck,6.2,7,3266.0,197.0,82353.5,5.8,Fog,0,8.0,8.61,1557.0,0,0,0,0,0,0,12,3,0,0.653,251.13,0.61,1,11.318788378921557
SM105691,2025-08-03,Prayagraj,Mini Truck,74.3,4,1056.0,64.0,5767.0,6.3,Clear,0,9.0,7.62,1717.0,0,0,0,0,0,0,8,6,1,0.528,23.11,-1.38,0,8.660080678964786
SM100237,2025-06-07,Prayagraj,Truck,30.5,7,2692.0,222.0,54158.0,7.0,Fog,0,9.0,9.87,1841.0,0,0,0,0,0,0,6,5,1,0.538,60.36,0.87,1,10.899679443604768
SM102119,2025-09-14,Prayagraj,Mini Truck,43.5,5,938.0,77.0,21181.0,4.9,Rain,0,8.0,7.76,1215.0,0,0,0,0,0,0,9,6,1,0.469,27.93,-0.24,0,9.960907043403614
SM102286,2025-11-27,Kanpur,Pickup,43.2,5,532.0,39.0,4778.0,8.4,Clear,0,8.0,7.22,881.0,0,0,0,0,0,0,11,3,0,0.665,20.39,-0.78,0,8.471986598578159
SM103128,2025-07-04,Varanasi,Mini Truck,42.2,8,981.0,109.0,25720.0,5.6,Rain,0,9.0,7.57,1325.0,0,0,1,0,0,0,7,4,0,0.49,31.4,-1.43,0,10.155063057844572
SM103347,2025-02-16,Kanpur,Mini Truck,26.7,9,1193.0,73.0,12698.0,5.6,Rain,0,8.0,8.15,1103.0,0,0,1,0,0,0,2,6,1,0.596,41.31,0.15,1,9.449278529189034
SM101104,2025-04-22,Gorakhpur,Mini Truck,62.0,6,1326.0,55.0,7236.0,3.3,Clear,0,9.0,7.5,1640.0,0,0,0,0,0,0,4,1,0,0.663,26.45,-1.5,0,8.886962034866128
SM103780,2025-01-21,Prayagraj,Mini Truck,24.7,2,1251.0,60.0,4002.0,2.7,Clear,0,6.0,3.45,882.0,0,0,0,0,0,0,1,1,0,0.626,35.71,-2.55,0,8.294799358992574
SM100802,2025-07-08,Prayagraj,Truck,40.8,6,2169.0,106.0,42883.0,7.4,Rain,1,9.0,9.44,1902.0,0,0,0,0,0,0,7,1,0,0.434,46.62,0.44,1,10.66625407497613
SM105247,2025-12-07,Lucknow,Mini Truck,13.2,7,901.0,41.0,2679.0,3.0,Clear,0,7.0,4.98,470.0,0,0,0,0,0,1,12,6,1,0.45,35.61,-2.02,0,7.893572073504902
SM105856,2025-06-23,Gorakhpur,Truck,37.3,6,2444.0,111.0,7722.0,6.4,Clear,0,9.0,7.7,1961.0,0,0,0,0,0,0,6,0,0,0.489,52.57,-1.3,0,8.951958168569265
SM103603,2025-08-16,Lucknow,Mini Truck,19.9,5,1077.0,116.0,38509.0,7.2,Rain,1,7.0,8.65,888.0,0,0,0,0,0,0,8,5,1,0.538,44.62,1.65,1,10.558673226808954
SM103946,2025-01-09,Kanpur,Truck,20.5,2,3845.0,332.0,39277.0,5.3,Clear,0,7.0,5.96,1927.0,0,0,0,0,0,0,1,3,0,0.769,94.0,-1.04,0,10.57841984467517
SM104175,2025-05-08,Lucknow,Mini Truck,31.5,5,1586.0,159.0,15552.0,6.7,Clear,0,8.0,7.51,1122.0,0,0,0,0,0,1,5,3,0,0.793,35.62,-0.49,0,9.65200882504456
SM101737,2025-02-06,Lucknow,Truck,40.6,8,3483.0,229.0,82353.5,7.3,Fog,0,10.0,11.05,2434.0,0,0,0,0,0,0,2,3,0,0.697,59.95,1.05,1,11.318788378921557
SM104411,2025-08-03,Kanpur,Mini Truck,30.1,11,1161.0,43.0,6196.0,3.7,Rain,0,9.0,9.34,1228.0,0,1,0,0,0,0,8,6,1,0.58,40.8,0.34,1,8.731820582962108
SM103483,2025-03-26,Kanpur,Mini Truck,28.2,4,1234.0,65.0,8114.0,6.7,Clear,0,7.0,5.38,1112.0,0,0,0,0,0,0,3,2,0,0.617,39.43,-1.62,0,9.00146947994869
SM104515,2025-10-17,Prayagraj,Mini Truck,40.5,7,1246.0,66.0,6440.0,8.0,Clear,0,8.0,7.41,1328.0,0,0,0,0,0,0,10,4,0,0.623,32.79,-0.59,0,8.77043908654689
SM105344,2025-04-15,Kanpur,Truck,36.7,6,3973.0,247.0,15253.0,4.4,Clear,0,9.0,7.63,2535.0,0,0,0,0,0,0,4,1,0,0.795,69.07,-1.37,0,9.632597042724184
SM104273,2025-04-25,Lucknow,Pickup,11.9,7,131.0,16.0,1923.0,8.0,Clear,0,7.0,6.5,463.0,0,0,0,0,0,0,4,4,0,0.164,38.91,-0.5,0,7.562161631225652
SM100034,2025-11-21,Gorakhpur,Mini Truck,37.7,13,1186.0,49.0,6911.0,5.5,Clear,0,10.0,9.21,1396.0,0,0,0,0,0,0,11,4,0,0.593,37.03,-0.79,0,8.841014310483892
SM102245,2025-10-31,Varanasi,Mini Truck,25.1,7,1350.0,71.0,24499.0,6.9,Clear,0,8.0,6.56,1074.0,0,0,0,0,0,0,10,4,0,0.675,42.79,-1.44,0,10.106428396532818
SM105032,2025-05-12,Varanasi,Pickup,37.9,6,667.0,74.0,8349.0,6.0,Rain,0,8.0,6.91,903.0,1,0,0,0,0,0,5,0,0,0.834,23.83,-1.09,0,9.030016817844901
SM103782,2025-02-08,Varanasi,Truck,83.4,11,4036.0,169.0,23898.0,2.8,Clear,0,13.0,11.28,3802.0,0,0,0,0,0,0,2,5,1,0.807,45.59,-1.72,0,10.08159189604006
SM105143,2025-07-23,Prayagraj,Truck,39.8,9,2590.0,106.0,28840.0,6.0,Rain,0,10.0,9.22,2307.0,0,0,0,0,0,0,7,2,0,0.518,57.96,-0.78,0,10.269553264861555
SM105412,2025-07-05,Varanasi,Truck,32.4,4,3161.0,150.0,21354.0,5.6,Rain,0,8.0,8.25,2019.0,0,0,1,0,0,0,7,5,1,0.632,62.31,0.25,1,9.969041183275566
SM100564,2025-11-21,Gorakhpur,Truck,27.9,4,2840.0,166.0,23191.0,2.1,Clear,1,8.0,7.51,1843.0,0,1,0,0,0,0,11,4,0,0.568,66.06,-0.49,0,10.051562670601491
SM103929,2025-09-28,Gorakhpur,Truck,80.8,8,2818.0,205.0,80467.0,5.0,Clear,0,12.0,9.5,3214.0,0,0,0,0,0,0,9,6,1,0.564,39.78,-2.5,0,11.295614868848462
SM105040,2025-05-09,Lucknow,Mini Truck,38.9,4,1382.0,119.0,56998.0,4.9,Clear,0,8.0,5.76,1257.0,0,0,0,1,0,0,5,4,0,0.691,32.31,-2.24,0,10.950789002803143
SM100074,2025-09-08,Kanpur,Mini Truck,13.9,6,984.0,106.0,23852.0,4.2,Clear,0,7.0,5.84,788.0,0,0,0,0,0,0,9,0,0,0.492,56.69,-1.16,0,10.079665274569594
SM100855,2025-11-07,Lucknow,Mini Truck,35.7,9,701.0,34.0,9655.0,7.1,Clear,0,9.0,7.43,1141.0,0,0,0,0,0,0,11,4,0,0.35,31.96,-1.57,0,9.175334762777368
SM100309,2025-02-09,Lucknow,Mini Truck,10.2,4,292.0,14.0,2120.0,3.9,Clear,0,6.0,3.25,406.0,0,0,0,0,0,0,2,6,1,0.146,39.8,-2.75,0,7.659642954564682
SM103228,2025-09-27,Prayagraj,Pickup,14.3,7,345.0,14.0,3265.0,5.2,Rain,0,7.0,5.95,601.0,0,0,0,0,0,0,9,5,1,0.431,42.03,-1.05,0,8.09132127353041
SM100282,2025-09-02,Lucknow,Mini Truck,26.0,7,621.0,69.0,28328.0,5.5,Rain,0,7.0,6.5,743.0,1,0,0,0,0,0,9,1,0,0.31,28.58,-0.5,0,10.25164129393118
SM103941,2025-04-24,Prayagraj,Pickup,26.1,12,475.0,25.0,5598.0,8.7,Clear,0,9.0,8.44,856.0,0,0,0,0,1,0,4,3,0,0.594,32.8,-0.56,0,8.630343289348893
SM103435,2025-08-10,Prayagraj,Mini Truck,21.3,5,932.0,60.0,17137.0,5.1,Rain,0,7.0,6.54,809.0,0,0,0,0,0,0,8,6,1,0.466,37.98,-0.46,0,9.749053499229063
SM100547,2025-08-04,Gorakhpur,Truck,31.3,8,2614.0,162.0,40611.0,1.2,Clear,0,9.0,7.41,1897.0,0,0,0,0,0,0,8,0,0,0.523,60.61,-1.59,0,10.611818868421114
SM104692,2025-12-28,Prayagraj,Mini Truck,28.6,6,1546.0,89.0,25698.0,4.6,Fog,1,8.0,8.19,1175.0,0,0,0,0,0,0,12,6,1,0.773,41.08,0.19,1,10.154207359620441
SM105480,2025-12-28,Lucknow,Mini Truck,18.0,5,1254.0,145.0,24988.0,3.0,Clear,0,7.0,4.87,950.0,0,0,0,1,0,0,12,6,1,0.627,52.78,-2.13,0,10.126191007021934
SM101570,2025-01-29,Prayagraj,Mini Truck,35.3,3,1093.0,57.0,20698.0,3.9,Clear,0,7.0,5.61,1119.0,0,0,0,0,0,0,1,2,0,0.546,31.7,-1.39,0,9.937840668907791
SM102581,2025-06-18,Prayagraj,Mini Truck,37.4,5,1652.0,173.0,58712.0,9.1,Clear,0,8.0,7.85,1329.0,0,0,0,0,0,0,6,2,0,0.826,35.53,-0.15,0,10.980416446373079
SM101158,2025-05-21,Prayagraj,Truck,31.5,4,4051.0,288.0,36981.0,3.8,Clear,0,8.0,7.25,2320.0,0,0,0,0,0,0,5,2,0,0.81,73.65,-0.75,0,10.518186586766932
SM101680,2025-12-11,Gorakhpur,Pickup,36.2,5,576.0,69.0,11321.0,7.6,Rain,0,7.0,7.42,685.0,0,0,0,0,0,0,12,3,0,0.72,18.92,0.42,1,9.334503014596605
SM100720,2025-02-20,Varanasi,Mini Truck,38.2,5,1408.0,67.0,38133.0,3.4,Clear,0,8.0,5.85,1250.0,0,0,0,0,0,0,2,3,0,0.704,32.72,-2.15,0,10.54886155162439
SM100291,2025-04-08,Kanpur,Truck,25.1,10,1623.0,181.0,82353.5,2.5,Clear,0,9.0,7.26,1398.0,0,0,0,0,0,0,4,1,0,0.325,55.7,-1.74,0,11.318788378921557
SM104307,2025-10-19,Kanpur,Pickup,25.5,8,718.0,75.0,15037.0,3.2,Clear,0,8.0,5.79,857.0,0,0,0,0,0,0,10,6,1,0.898,33.61,-2.21,0,9.618335609937972
SM100540,2025-09-16,Gorakhpur,Pickup,15.5,4,696.0,68.0,20203.0,2.5,Clear,0,6.0,3.48,482.0,0,0,0,0,0,0,9,1,0,0.87,31.1,-2.52,0,9.913635883587943
SM103419,2025-04-14,Varanasi,Pickup,62.3,11,462.0,16.0,1849.0,3.9,Clear,0,10.0,8.49,1163.0,0,1,0,0,0,0,4,0,0,0.578,18.67,-1.51,0,7.52294091807237
SM102232,2025-12-09,Prayagraj,Mini Truck,9.8,8,1501.0,72.0,32412.0,5.5,Fog,0,7.0,6.96,910.0,0,0,0,0,0,0,12,1,0,0.75,92.86,-0.04,0,10.386314855875257
SM101036,2025-11-26,Prayagraj,Mini Truck,37.2,10,1111.0,46.0,6330.0,4.0,Fog,0,9.0,9.75,1340.0,0,0,0,0,0,0,11,2,0,0.556,36.02,0.75,1,8.753213480544126
SM103534,2025-02-02,Prayagraj,Truck,14.7,4,1745.0,71.0,35078.0,4.5,Clear,0,6.0,4.27,1179.0,0,0,0,0,0,0,2,6,1,0.349,80.2,-1.73,0,10.465357939808428
SM101047,2025-08-08,Lucknow,Pickup,52.7,10,325.0,21.0,2553.0,6.9,Rain,0,10.0,8.84,1073.0,0,0,0,1,0,0,8,4,0,0.406,20.36,-1.16,0,7.845416036592485
SM103073,2025-10-13,Lucknow,Mini Truck,30.1,12,1730.0,70.0,8506.0,4.9,Clear,0,10.0,8.45,1593.0,0,0,0,0,0,0,10,0,0,0.865,52.92,-1.55,0,9.048644632975885
SM103259,2025-05-30,Lucknow,Truck,25.4,7,4236.0,218.0,82353.5,5.8,Clear,0,10.0,9.85,2929.0,1,0,0,0,0,0,5,4,0,0.847,115.31,-0.15,0,11.318788378921557
SM102315,2025-01-01,Prayagraj,Truck,28.8,6,1882.0,81.0,10475.0,7.8,Rain,0,8.0,8.52,1449.0,0,0,0,0,0,0,1,2,0,0.376,50.31,0.52,1,9.256842205627603
SM103080,2025-06-10,Lucknow,Truck,28.7,5,3997.0,386.0,82353.5,7.2,Clear,0,9.0,7.66,2210.0,0,0,0,0,0,0,6,1,0,0.799,77.0,-1.34,0,11.318788378921557
SM104286,2025-09-18,Kanpur,Truck,10.3,9,1107.0,121.0,54866.0,6.9,Clear,0,8.0,7.9,985.0,0,0,0,0,0,0,9,3,0,0.221,95.63,-0.1,0,10.912667353872685
SM100060,2025-12-03,Varanasi,Mini Truck,14.3,2,1097.0,74.0,15890.0,6.0,Clear,0,6.0,5.84,648.0,0,0,0,1,0,0,12,2,0,0.548,45.31,-0.16,0,9.673508190212637
SM101599,2025-09-16,Prayagraj,Mini Truck,38.6,4,1500.0,96.0,15121.0,7.8,Clear,0,8.0,5.97,1213.0,0,0,0,0,0,0,9,1,0,0.75,31.42,-2.03,0,9.623905916118215
SM101189,2025-01-03,Prayagraj,Mini Truck,12.3,3,1210.0,75.0,20276.0,5.6,Fog,0,6.0,5.41,699.0,0,0,1,0,0,0,1,4,0,0.605,56.83,-0.59,0,9.917242517768464
SM104710,2025-04-15,Prayagraj,Truck,45.2,11,2825.0,241.0,82353.5,8.2,Rain,0,11.0,10.94,2445.0,0,0,0,0,0,0,4,1,0,0.565,54.09,-0.06,0,11.318788378921557
SM104919,2025-07-12,Prayagraj,Mini Truck,46.7,7,1035.0,113.0,12688.0,3.7,Rain,0,9.0,8.08,1210.0,0,0,0,0,0,0,7,5,1,0.518,25.91,-0.92,0,9.448490755396914
SM105636,2025-04-03,Lucknow,Pickup,24.1,7,544.0,29.0,6231.0,3.4,Clear,0,7.0,5.72,767.0,0,0,0,0,0,0,4,3,0,0.68,31.83,-1.28,0,8.737452587550584
SM102443,2025-03-19,Kanpur,Mini Truck,25.0,8,1090.0,126.0,17639.0,4.9,Clear,0,8.0,6.01,1019.0,0,0,0,0,0,0,3,2,0,0.545,40.76,-1.99,0,9.777924329560783
SM104587,2025-04-23,Gorakhpur,Truck,24.4,4,2781.0,127.0,49537.0,6.3,Clear,0,7.0,6.44,1857.0,0,0,0,0,0,0,4,2,0,0.556,76.11,-0.56,0,10.810495330811365
SM100535,2025-02-26,Kanpur,Mini Truck,29.2,8,1158.0,62.0,7417.0,3.5,Clear,0,8.0,5.36,1292.0,0,0,0,0,0,0,2,2,0,0.579,44.25,-2.64,0,8.911664758049536
SM104856,2025-11-05,Lucknow,Mini Truck,40.9,5,1447.0,109.0,54158.0,4.8,Clear,1,8.0,7.9,1420.0,0,0,0,0,0,0,11,2,0,0.724,34.72,-0.1,0,10.899679443604768
SM105473,2025-03-08,Lucknow,Truck,27.1,3,3586.0,232.0,23535.0,6.9,Clear,0,8.0,8.06,1972.0,0,0,0,0,0,0,3,5,1,0.717,72.77,0.06,1,10.06628644284122
SM103709,2025-11-07,Lucknow,Mini Truck,12.7,9,1402.0,161.0,25355.0,7.9,Clear,0,8.0,6.93,958.0,0,0,0,0,0,0,11,4,0,0.701,75.43,-1.07,0,10.140770667404057
SM104770,2025-04-18,Lucknow,Mini Truck,18.7,1,1166.0,76.0,23174.0,3.4,Clear,0,5.0,4.58,706.0,0,0,0,0,0,0,4,4,0,0.583,37.75,-0.42,0,10.050829390434055
SM100581,2025-11-01,Kanpur,Mini Truck,37.7,6,1071.0,111.0,23088.0,4.8,Clear,0,8.0,6.51,1143.0,0,0,0,0,0,0,11,5,1,0.536,30.32,-1.49,0,10.047111592619004
SM103791,2025-03-06,Prayagraj,Pickup,32.8,13,202.0,13.0,4041.0,4.7,Clear,0,10.0,8.7,820.0,1,0,0,0,0,0,3,3,0,0.252,25.0,-1.3,0,8.304494897963567
SM100195,2025-02-01,Prayagraj,Pickup,24.4,3,591.0,37.0,1996.0,3.8,Clear,0,6.0,4.11,438.0,0,0,0,0,0,0,2,5,1,0.739,17.95,-1.89,0,7.599401333415815
SM101263,2025-10-28,Kanpur,Pickup,20.2,6,716.0,29.0,4034.0,4.1,Clear,0,7.0,5.87,702.0,0,0,0,0,0,0,10,1,0,0.895,34.75,-1.13,0,8.302761580704049
SM100172,2025-10-09,Varanasi,Truck,50.3,6,3497.0,395.0,81803.0,3.5,Clear,0,10.0,8.5,2604.0,0,0,0,0,0,0,10,3,0,0.699,51.77,-1.5,0,11.312081421150786
SM104127,2025-02-03,Prayagraj,Pickup,39.5,4,425.0,37.0,7589.0,6.3,Clear,0,7.0,5.89,661.0,0,0,0,0,0,0,2,0,0,0.531,16.73,-1.11,0,8.934586870389676
SM105063,2025-08-22,Kanpur,Pickup,50.3,6,631.0,44.0,7616.0,8.0,Rain,0,8.0,7.57,945.0,0,0,0,0,0,0,8,4,0,0.789,18.79,-0.43,0,8.938137870372788
SM104652,2025-05-01,Varanasi,Pickup,37.9,7,521.0,54.0,31124.0,4.3,Clear,0,9.0,7.21,977.0,1,0,0,0,0,0,5,3,0,0.651,25.78,-1.79,0,10.345766633767008
SM102870,2025-04-14,Varanasi,Pickup,105.1,9,598.0,26.0,6593.0,5.9,Clear,0,12.0,11.39,1597.0,0,0,0,0,0,0,4,0,0,0.748,15.2,-0.61,0,8.793915423631676
SM102569,2025-12-05,Kanpur,Truck,17.3,11,3857.0,198.0,44855.0,6.6,Clear,1,10.0,9.94,2080.0,0,0,0,0,0,0,12,4,0,0.771,120.23,-0.06,0,10.71121263780351
SM100924,2025-04-01,Lucknow,Mini Truck,14.4,3,1653.0,102.0,8863.0,5.8,Clear,0,6.0,5.4,947.0,0,0,0,0,0,0,4,1,0,0.826,65.76,-0.6,0,9.089753408987065
SM102750,2025-03-31,Lucknow,Pickup,16.1,4,738.0,41.0,6543.0,10.0,Clear,1,6.0,6.86,542.0,0,0,0,0,0,0,3,0,0,0.922,33.66,0.86,1,8.786303878282583
SM101013,2025-04-25,Lucknow,Mini Truck,66.8,5,1631.0,106.0,32352.0,5.6,Clear,0,9.0,8.14,1695.0,0,0,0,0,0,0,4,4,0,0.816,25.37,-0.86,0,10.384462031332603
SM104659,2025-07-01,Varanasi,Pickup,70.5,9,534.0,42.0,4502.0,5.6,Clear,1,10.0,8.28,1239.0,0,0,1,0,0,0,7,1,0,0.668,17.57,-1.72,0,8.412499120301572
SM101173,2025-03-06,Prayagraj,Mini Truck,31.3,10,484.0,29.0,5551.0,5.4,Clear,0,8.0,6.22,765.0,1,0,0,0,0,0,3,3,0,0.242,24.44,-1.78,0,8.62191350218664
SM101562,2025-04-01,Lucknow,Mini Truck,43.5,4,573.0,50.0,9562.0,7.4,Clear,0,7.0,6.83,1067.0,0,0,0,0,0,0,4,1,0,0.286,24.53,-0.17,0,9.165656764349542
SM102597,2025-09-21,Prayagraj,Pickup,32.8,3,136.0,7.0,1135.0,5.1,Clear,0,8.0,7.09,995.0,1,0,0,0,0,0,9,6,1,0.17,30.34,-0.91,0,7.035268599281097
SM101641,2025-01-19,Lucknow,Pickup,29.6,7,493.0,22.0,4364.0,5.4,Fog,0,8.0,7.79,752.0,0,0,0,0,0,0,1,6,1,0.616,25.41,-0.21,0,8.381373468273702
SM103982,2025-09-02,Lucknow,Pickup,35.6,2,480.0,23.0,7710.0,6.8,Rain,0,6.0,5.89,570.0,0,0,0,0,0,0,9,1,0,0.6,16.01,-0.11,0,8.95040315983296
SM105921,2025-10-19,Kanpur,Pickup,45.5,4,478.0,59.0,15004.0,4.7,Clear,0,7.0,4.97,891.0,0,0,0,0,0,0,10,6,1,0.598,19.58,-2.03,0,9.616138757874468
SM101430,2025-06-21,Prayagraj,Truck,47.0,5,2048.0,96.0,27559.0,5.4,Clear,0,9.0,7.0,1977.0,0,0,0,0,0,0,6,5,1,0.41,42.06,-2.0,0,10.224120725127595
SM103730,2025-09-21,Kanpur,Mini Truck,22.4,7,1248.0,117.0,12191.0,7.4,Rain,0,8.0,7.07,1132.0,0,0,0,0,0,0,9,6,1,0.624,50.54,-0.93,0,9.408535277926427
SM103997,2025-11-05,Prayagraj,Truck,69.2,14,1798.0,169.0,9943.0,7.4,Clear,1,12.0,14.01,2678.0,0,0,0,0,0,0,11,2,0,0.36,38.7,2.01,1,9.204724633190548
SM104444,2025-09-27,Lucknow,Mini Truck,31.6,5,1423.0,86.0,18808.0,5.4,Clear,0,7.0,4.73,1090.0,0,0,0,0,0,0,9,5,1,0.712,34.49,-2.27,0,9.842090757670805
SM105738,2025-03-23,Kanpur,Truck,28.65,7,2980.0,134.0,24373.0,4.6,Clear,0,9.0,6.73,1808.0,1,0,0,0,0,0,3,6,1,0.596,63.11,-2.27,0,10.101272269383447
SM103066,2025-10-30,Prayagraj,Mini Truck,46.5,3,1357.0,117.0,34687.0,4.7,Clear,0,8.0,5.08,1249.0,0,0,0,0,0,0,10,3,0,0.678,26.86,-2.92,0,10.454149084799319
SM103924,2025-08-21,Prayagraj,Mini Truck,69.3,6,860.0,58.0,13404.0,5.1,Rain,0,9.0,9.92,1591.0,0,0,0,0,0,0,8,3,0,0.43,22.96,0.92,1,9.50338305067006
SM104248,2025-11-30,Kanpur,Truck,24.3,7,3516.0,155.0,25667.0,8.1,Rain,0,9.0,8.32,1983.0,0,0,0,0,0,0,11,6,1,0.703,81.6,-0.68,0,10.153000358870406
SM101239,2025-01-15,Varanasi,Truck,42.0,4,2840.0,167.0,82353.5,4.0,Clear,0,8.0,6.86,2066.0,0,1,0,0,0,0,1,2,0,0.568,49.19,-1.14,0,11.318788378921557
SM104674,2025-10-31,Prayagraj,Mini Truck,62.4,4,1161.0,43.0,6718.0,8.4,Clear,0,8.0,8.34,1371.0,0,1,0,0,0,0,10,4,0,0.58,21.97,0.34,1,8.81269461292015
SM100415,2025-09-05,Lucknow,Mini Truck,40.4,4,1264.0,62.0,6594.0,9.2,Clear,1,8.0,8.21,1243.0,0,0,0,0,0,0,9,4,0,0.632,30.77,0.21,1,8.794067065151415
SM104670,2025-02-04,Gorakhpur,Pickup,67.7,2,467.0,42.0,4359.0,4.4,Rain,0,8.0,7.3,948.0,0,0,0,0,0,0,2,1,0,0.584,14.0,-0.7,0,8.38022733634308
SM105351,2025-07-02,Gorakhpur,Pickup,39.4,4,462.0,25.0,2590.0,4.5,Rain,0,7.0,7.05,654.0,0,1,0,0,0,0,7,2,0,0.578,16.6,0.05,1,7.85979918056211
SM100982,2025-07-19,Varanasi,Pickup,11.2,6,377.0,18.0,4556.0,6.9,Rain,0,6.0,6.24,428.0,0,0,0,0,0,0,7,5,1,0.471,38.21,0.24,1,8.424419791263883
SM101164,2025-07-08,Varanasi,Pickup,41.8,5,384.0,20.0,2235.0,5.1,Rain,0,7.0,6.49,794.0,0,0,0,0,0,0,7,1,0,0.48,19.0,-0.51,0,7.71244383427499
SM101779,2025-09-07,Varanasi,Mini Truck,42.9,6,772.0,54.0,13954.0,5.8,Clear,0,8.0,6.4,1213.0,0,0,0,0,0,0,9,6,1,0.386,28.28,-1.6,0,9.543593145970423
SM105547,2025-01-18,Varanasi,Pickup,50.6,7,521.0,33.0,7647.0,4.7,Rain,0,9.0,7.82,960.0,0,0,0,0,0,0,1,5,1,0.651,18.97,-1.18,0,8.942199454731238
SM104569,2025-03-16,Gorakhpur,Pickup,42.3,6,488.0,28.0,8612.0,3.9,Clear,0,8.0,6.67,824.0,0,0,0,0,0,0,3,6,1,0.61,19.48,-1.33,0,9.061027968789174
SM104712,2025-11-20,Prayagraj,Mini Truck,19.8,4,1145.0,102.0,18351.0,9.5,Clear,0,6.0,5.39,775.0,0,0,0,0,0,0,11,3,0,0.572,39.14,-0.61,0,9.817493839369153
SM100586,2025-09-09,Prayagraj,Truck,40.5,6,2153.0,152.0,43956.0,4.2,Clear,0,9.0,7.83,1958.0,0,0,0,0,0,0,9,1,0,0.431,48.35,-1.17,0,10.690967162330788
SM100595,2025-10-20,Gorakhpur,Truck,45.75,9,3150.0,137.0,23363.0,7.8,Fog,1,12.0,15.17,3269.0,1,0,0,0,0,0,10,0,0,0.63,71.45,3.17,1,10.0589516551602
SM101811,2025-08-27,Varanasi,Mini Truck,22.0,7,849.0,61.0,8496.0,6.7,Rain,0,7.0,7.66,874.0,0,0,0,0,0,0,8,2,0,0.424,39.73,0.66,1,9.047468439003541
SM100812,2025-09-07,Varanasi,Truck,34.2,6,3656.0,377.0,82353.5,6.8,Rain,0,9.0,9.72,2227.0,0,0,0,0,0,0,9,6,1,0.731,65.12,0.72,1,11.318788378921557
SM101949,2025-04-28,Varanasi,Truck,69.0,11,2984.0,327.0,82353.5,9.3,Clear,0,12.0,11.81,3115.0,0,0,0,0,0,0,4,0,0,0.597,45.14,-0.19,0,11.318788378921557
SM105750,2025-11-18,Kanpur,Pickup,22.1,4,170.0,8.0,977.0,7.7,Clear,0,6.0,5.22,396.0,0,0,0,0,0,0,11,1,0,0.212,17.92,-0.78,0,6.885509670034818
SM101167,2025-05-26,Prayagraj,Pickup,38.8,6,657.0,80.0,18543.0,2.0,Rain,0,8.0,7.11,850.0,0,0,0,0,0,0,5,0,0,0.821,21.91,-0.89,0,9.827901565579532
SM101930,2025-02-02,Kanpur,Pickup,51.5,6,519.0,24.0,9820.0,1.7,Rain,0,8.0,6.71,1044.0,0,0,0,0,0,0,2,6,1,0.649,20.27,-1.29,0,9.192278229157774
SM101065,2025-05-22,Kanpur,Truck,49.0,7,3938.0,185.0,26662.0,6.6,Clear,0,10.0,9.8,2721.0,0,0,0,0,0,0,5,3,0,0.788,55.53,-0.2,0,10.191032115533917
SM105425,2025-04-02,Varanasi,Truck,70.0,4,3280.0,288.0,49016.0,5.3,Clear,0,10.0,8.23,2937.0,0,0,0,0,0,0,4,2,0,0.656,41.96,-1.77,0,10.799922455698933
SM101692,2025-08-28,Kanpur,Mini Truck,18.3,7,955.0,41.0,11394.0,8.4,Rain,0,7.0,7.25,880.0,0,0,0,0,0,0,8,3,0,0.478,48.09,0.25,1,9.340929941679784
SM103588,2025-08-26,Kanpur,Mini Truck,57.5,5,839.0,101.0,11755.0,5.6,Rain,0,8.0,7.38,1393.0,0,0,1,0,0,0,8,1,0,0.42,24.23,-0.62,0,9.372119027538808
SM104829,2025-06-27,Lucknow,Truck,56.5,8,1567.0,67.0,10205.0,5.6,Clear,0,10.0,8.37,2108.0,0,0,0,0,0,0,6,4,0,0.313,37.31,-1.63,0,9.230731061623917
SM102013,2025-12-03,Kanpur,Mini Truck,34.2,6,735.0,35.0,2740.0,5.1,Clear,0,8.0,6.52,1003.0,0,0,0,0,0,0,12,2,0,0.368,29.33,-1.48,0,7.916078096302786
SM105764,2025-04-25,Prayagraj,Mini Truck,18.2,5,1164.0,67.0,18316.0,7.1,Clear,0,7.0,5.59,774.0,0,0,0,0,0,0,4,4,0,0.582,42.53,-1.41,0,9.815584869360217
SM100774,2025-11-05,Kanpur,Mini Truck,26.3,3,1749.0,140.0,10378.0,4.7,Clear,1,7.0,7.23,1086.0,0,0,0,0,0,0,11,2,0,0.874,41.29,0.23,1,9.24753981296529
SM100305,2025-02-21,Lucknow,Pickup,8.3,5,172.0,16.0,5778.0,5.6,Clear,0,6.0,4.13,229.0,0,0,1,0,0,0,2,4,0,0.215,27.59,-1.87,0,8.661985936317778
SM105665,2025-06-18,Varanasi,Mini Truck,35.849999999999994,9,916.0,58.0,16578.0,5.6,Clear,0,8.0,6.61,957.0,1,0,1,0,0,0,6,2,0,0.458,26.69,-1.39,0,9.715892113239466
SM100439,2025-05-26,Varanasi,Mini Truck,62.0,3,1718.0,186.0,38702.0,6.5,Clear,0,9.0,7.23,1654.0,0,0,0,0,0,0,5,0,0,0.859,26.68,-1.77,0,10.563672395393246
SM100713,2025-10-06,Kanpur,Mini Truck,8.7,4,999.0,57.0,5738.0,5.8,Clear,0,6.0,5.05,568.0,0,0,0,1,0,0,10,0,0,0.5,65.29,-0.95,0,8.655040258108363
SM105595,2025-05-09,Kanpur,Mini Truck,37.1,6,1161.0,103.0,13674.5,2.7,Clear,0,8.0,6.05,1568.0,0,1,0,0,1,0,5,4,0,0.58,42.26,-1.95,0,9.523361189693068
SM103152,2025-03-13,Prayagraj,Pickup,34.5,1,614.0,27.0,9308.0,8.1,Clear,0,6.0,5.02,561.0,0,0,0,0,0,0,3,3,0,0.768,16.26,-0.98,0,9.13873695311649
SM104726,2025-02-05,Lucknow,Mini Truck,33.7,7,1378.0,98.0,18222.0,7.7,Clear,0,8.0,7.85,1278.0,0,0,0,0,0,0,2,2,0,0.689,37.92,-0.15,0,9.810439811486056
SM101024,2025-10-27,Kanpur,Truck,38.0,4,3946.0,239.0,46150.0,6.0,Clear,0,9.0,8.02,2436.0,0,0,0,0,0,0,10,0,0,0.789,64.11,-0.98,0,10.739673908168612
SM101082,2025-12-16,Kanpur,Pickup,24.2,6,292.0,32.0,8892.0,5.6,Fog,0,7.0,7.63,609.0,0,0,0,0,0,0,12,1,0,0.365,25.17,0.63,1,9.09301972939964
SM102727,2025-01-15,Prayagraj,Mini Truck,40.4,6,1286.0,110.0,21327.0,5.5,Rain,0,8.0,8.45,1333.0,0,0,0,0,0,0,1,2,0,0.643,33.0,0.45,1,9.96777604241849
SM103696,2025-04-23,Prayagraj,Truck,24.5,3,1535.0,97.0,20209.0,6.4,Rain,0,7.0,6.79,1167.0,0,0,0,0,0,0,4,2,0,0.307,47.63,-0.21,0,9.913932810397666
SM102293,2025-10-01,Varanasi,Mini Truck,64.7,8,455.0,30.0,4417.0,6.7,Clear,0,10.0,5.52,1523.0,0,0,0,0,0,0,10,2,0,0.228,23.54,-4.48,0,8.393442383980062
SM100734,2025-03-18,Lucknow,Pickup,16.9,2,345.0,29.0,19256.0,4.7,Clear,0,5.0,3.36,419.0,0,0,0,1,0,0,3,1,0,0.431,24.79,-1.64,0,9.865629909979887
SM101674,2025-09-19,Varanasi,Mini Truck,41.0,10,1260.0,70.0,26626.0,6.9,Clear,0,9.0,7.71,1557.0,0,0,0,0,0,0,9,4,0,0.63,37.98,-1.29,0,10.18968101756145
SM103774,2025-06-06,Prayagraj,Pickup,24.9,7,334.0,29.0,3739.0,7.8,Clear,0,7.0,6.02,598.0,0,0,0,0,0,0,6,4,0,0.418,24.02,-0.98,0,8.226840890408578
SM105961,2025-08-12,Prayagraj,Mini Truck,18.5,8,732.0,39.0,4293.0,6.7,Clear,1,7.0,8.34,935.0,0,0,0,0,0,0,8,1,0,0.366,50.54,1.34,1,8.364973978438726
SM104682,2025-09-12,Prayagraj,Mini Truck,72.3,7,1024.0,122.0,29101.0,9.7,Rain,1,10.0,11.75,1748.0,0,0,0,0,0,0,9,4,0,0.512,24.18,1.75,1,10.278562179320224
SM104548,2025-07-11,Lucknow,Truck,26.2,8,2660.0,209.0,72078.0,6.5,Rain,0,9.0,8.5,1921.0,0,0,0,0,0,0,7,4,0,0.532,73.32,-0.5,0,11.185518018712065
SM103705,2025-07-02,Prayagraj,Pickup,57.2,5,298.0,13.0,4572.0,5.4,Clear,0,8.0,7.02,866.0,0,0,0,0,0,0,7,2,0,0.372,15.14,-0.98,0,8.427924723658055
SM102113,2025-11-29,Gorakhpur,Truck,64.9,4,3623.0,194.0,25391.0,4.9,Clear,0,10.0,7.25,3037.0,0,0,0,0,0,0,11,5,1,0.725,46.8,-2.75,0,10.14218944276619
SM103305,2025-04-03,Lucknow,Mini Truck,40.2,4,1571.0,93.0,22224.0,2.2,Clear,0,8.0,5.81,1410.0,0,0,0,0,0,0,4,3,0,0.786,35.07,-2.19,0,10.008973060382106
SM101610,2025-10-11,Kanpur,Mini Truck,21.9,3,756.0,31.0,6258.0,6.0,Clear,0,6.0,4.89,766.0,0,0,0,0,0,0,10,5,1,0.378,34.98,-1.11,0,8.7417757069247
SM101643,2025-08-06,Lucknow,Pickup,23.3,6,213.0,9.0,1236.0,5.2,Clear,0,7.0,5.3,500.0,0,0,0,0,0,0,8,2,0,0.266,21.46,-1.7,0,7.1204443723924875
SM101219,2025-06-10,Varanasi,Mini Truck,17.1,8,1459.0,126.0,12753.0,6.8,Clear,0,8.0,6.29,1172.0,0,0,0,0,0,0,6,1,0,0.73,68.54,-1.71,0,9.453600226875217
SM101604,2025-02-15,Varanasi,Pickup,17.4,10,280.0,17.0,8479.0,3.6,Clear,0,8.0,5.69,620.0,0,0,0,0,0,0,2,5,1,0.35,35.63,-2.31,0,9.045465728785949
SM100357,2025-11-22,Prayagraj,Mini Truck,52.9,7,729.0,33.0,1947.0,6.4,Clear,0,9.0,8.55,1264.0,0,0,0,0,0,0,11,5,1,0.364,23.89,-0.45,0,7.5745584842024805
SM105499,2025-01-13,Lucknow,Pickup,12.7,5,567.0,36.0,5770.0,7.8,Clear,0,6.0,4.74,605.0,0,0,0,0,0,0,1,0,0,0.709,47.64,-1.26,0,8.660600654710967
SM100530,2025-08-07,Lucknow,Truck,21.3,7,1471.0,114.0,22021.0,5.2,Rain,0,8.0,7.45,1345.0,0,0,0,0,0,0,8,3,0,0.294,63.15,-0.55,0,9.999797232673536
SM103541,2025-07-31,Lucknow,Pickup,24.4,7,386.0,47.0,10044.0,6.4,Rain,0,7.0,6.86,753.0,0,0,0,0,0,0,7,3,0,0.482,30.86,-0.14,0,9.214830277249035
SM105889,2025-04-14,Lucknow,Truck,14.6,6,3969.0,441.0,33688.0,9.0,Clear,0,8.0,7.87,2013.0,0,0,0,0,0,0,4,0,0,0.794,137.88,-0.13,0,10.42492665356173
SM101093,2025-05-24,Lucknow,Truck,51.5,10,4032.0,193.0,24209.0,3.3,Clear,0,11.0,10.03,3066.0,0,0,0,0,0,0,5,5,1,0.806,59.53,-0.97,0,10.094521049932105
SM101765,2025-12-08,Lucknow,Truck,53.8,7,2971.0,119.0,11286.0,4.1,Clear,0,10.0,8.93,2579.0,0,0,0,0,0,0,12,0,0,0.594,47.94,-1.07,0,9.331406899955626
SM104722,2025-12-11,Lucknow,Mini Truck,19.2,3,770.0,33.0,7864.0,3.5,Clear,0,6.0,3.85,610.0,0,0,0,0,0,0,12,3,0,0.385,31.77,-2.15,0,8.970177815492379
SM102444,2025-08-07,Gorakhpur,Mini Truck,19.1,3,1598.0,66.0,3406.0,9.0,Clear,0,6.0,6.09,911.0,0,0,0,0,0,0,8,3,0,0.799,47.7,0.09,1,8.133587417660966
SM101935,2025-03-01,Lucknow,Mini Truck,22.8,5,1372.0,84.0,14298.0,4.3,Clear,0,7.0,5.84,1019.0,0,0,0,0,0,0,3,5,1,0.686,44.69,-1.16,0,9.567944883732848
SM100985,2025-08-27,Lucknow,Mini Truck,43.2,3,1123.0,47.0,8285.0,6.3,Rain,0,7.0,6.25,1204.0,0,0,0,0,0,0,8,2,0,0.562,27.87,-0.75,0,9.022322622637347
SM104748,2025-11-12,Prayagraj,Truck,13.8,7,3056.0,134.0,27449.0,8.6,Clear,1,8.0,8.63,1660.0,0,0,0,0,0,0,11,2,0,0.611,120.29,0.63,1,10.220121446937677
SM102981,2025-01-23,Varanasi,Mini Truck,37.0,2,1033.0,67.0,13089.0,3.3,Fog,0,7.0,7.06,986.0,0,0,0,0,0,0,1,3,0,0.516,26.65,0.06,1,9.479603858903946
SM103935,2025-11-06,Varanasi,Pickup,34.2,3,471.0,20.0,5753.0,1.8,Clear,0,7.0,4.39,641.0,0,0,0,0,0,0,11,3,0,0.589,18.74,-2.61,0,8.657650544111494
SM105577,2025-12-08,Lucknow,Pickup,31.7,6,683.0,30.0,7937.0,6.8,Fog,0,7.0,8.49,834.0,0,0,0,0,0,0,12,0,0,0.854,26.31,1.49,1,8.97941663334301
SM105945,2025-02-16,Varanasi,Mini Truck,25.8,3,1459.0,89.0,14484.0,3.6,Clear,0,7.0,3.68,963.0,0,0,0,0,0,0,2,6,1,0.73,37.33,-3.32,0,9.580868910203451
SM103153,2025-10-17,Prayagraj,Truck,43.3,7,3504.0,332.0,82353.5,8.8,Clear,0,10.0,10.8,2506.0,0,0,0,0,0,0,10,4,0,0.701,57.88,0.8,1,11.318788378921557
SM102337,2025-10-27,Varanasi,Pickup,42.1,6,423.0,17.0,3714.0,4.5,Clear,0,8.0,5.85,818.0,0,0,0,0,0,0,10,0,0,0.529,19.43,-2.15,0,8.220133957151859
SM105651,2025-09-27,Gorakhpur,Truck,81.3,10,3985.0,411.0,32638.0,5.6,Rain,0,13.0,12.28,3746.0,0,0,1,0,0,0,9,5,1,0.797,46.08,-0.72,0,10.39326317135381
SM103610,2025-07-24,Varanasi,Mini Truck,19.9,8,827.0,48.0,3957.0,7.3,Clear,0,8.0,5.36,817.0,0,0,0,0,0,0,7,3,0,0.414,41.06,-2.64,0,8.28349412616251
SM105166,2025-09-21,Varanasi,Truck,22.4,6,1985.0,123.0,25396.0,2.5,Clear,0,8.0,6.11,1512.0,0,0,0,0,0,0,9,6,1,0.397,67.5,-1.89,0,10.142386335794844
SM103285,2025-06-20,Varanasi,Pickup,30.0,7,572.0,24.0,12333.0,3.1,Clear,0,8.0,6.25,727.0,0,0,0,0,0,0,6,4,0,0.715,24.23,-1.75,0,9.420114955551439
SM105732,2025-11-04,Prayagraj,Truck,32.8,6,3091.0,226.0,29051.0,2.9,Clear,0,8.0,7.51,1971.0,1,0,0,1,0,0,11,1,0,0.618,60.09,-0.49,0,10.276842606726058
SM105196,2025-12-08,Varanasi,Truck,49.1,5,3115.0,147.0,14542.0,5.6,Fog,0,9.0,9.7,2382.0,0,0,1,0,0,0,12,0,0,0.623,48.51,0.7,1,9.58486505717771
SM101288,2025-02-07,Gorakhpur,Pickup,36.1,5,302.0,14.0,4010.0,5.1,Rain,0,7.0,7.44,670.0,0,0,0,0,0,0,2,4,0,0.378,18.56,0.44,1,8.296795865770052
SM105475,2025-07-13,Lucknow,Mini Truck,43.8,6,698.0,43.0,8231.0,7.5,Rain,0,8.0,7.81,1224.0,0,0,0,0,0,0,7,6,1,0.349,27.95,-0.19,0,9.015784277513886
SM100137,2025-01-12,Lucknow,Pickup,17.7,6,512.0,32.0,4649.0,5.0,Clear,0,7.0,4.32,529.0,0,0,0,0,0,0,1,6,1,0.64,29.89,-2.68,0,8.444622498581403
SM100973,2025-06-23,Lucknow,Pickup,71.0,6,429.0,23.0,9159.0,4.1,Clear,0,9.0,6.81,1093.0,0,0,0,0,0,0,6,0,0,0.536,15.39,-2.19,0,9.122601457668177
SM105418,2025-07-23,Prayagraj,Mini Truck,22.8,6,927.0,41.0,11073.0,9.7,Rain,1,7.0,8.8,851.0,0,0,0,0,0,0,7,2,0,0.464,37.32,1.8,1,9.312355297382913
SM101648,2025-12-23,Prayagraj,Truck,23.0,3,4505.0,197.0,22069.0,3.6,Fog,0,8.0,9.48,2205.0,0,0,0,0,0,0,12,1,0,0.901,95.87,1.48,1,10.001974499250782
SM104497,2025-05-22,Prayagraj,Mini Truck,19.6,5,1194.0,71.0,21705.0,6.0,Clear,0,7.0,5.95,908.0,0,0,0,0,0,0,5,3,0,0.597,46.33,-1.05,0,9.985343999005961
SM103583,2025-04-23,Lucknow,Mini Truck,24.8,4,1238.0,54.0,31576.0,3.9,Clear,0,7.0,5.03,943.0,0,0,0,0,0,0,4,2,0,0.619,38.02,-1.97,0,10.36018428646371
SM100615,2025-08-22,Varanasi,Truck,36.5,9,2853.0,135.0,31396.0,7.2,Rain,0,10.0,9.75,2251.0,0,0,0,0,0,0,8,4,0,0.571,61.67,-0.25,0,10.3544676259307
SM104586,2025-03-20,Lucknow,Mini Truck,10.3,7,1214.0,122.0,29951.0,4.5,Clear,0,7.0,6.72,800.0,0,0,0,0,0,0,3,3,0,0.607,77.67,-0.28,0,10.30735137927732
SM105280,2025-09-18,Prayagraj,Pickup,6.6,5,470.0,21.0,5598.0,4.2,Rain,0,6.0,6.31,438.0,0,0,0,0,1,0,9,3,0,0.588,66.36,0.31,1,8.630343289348893
SM101858,2025-07-11,Lucknow,Pickup,12.2,5,209.0,11.0,2400.0,6.6,Rain,0,6.0,6.76,302.0,0,0,0,0,0,0,7,4,0,0.261,24.75,0.76,1,7.783640596221253
SM105084,2025-07-09,Lucknow,Mini Truck,26.1,9,572.0,67.0,11075.0,6.6,Rain,0,8.0,7.63,930.0,0,0,0,0,0,1,7,2,0,0.286,35.63,-0.37,0,9.312535884290853
SM105859,2025-09-12,Lucknow,Mini Truck,16.5,7,1351.0,160.0,15936.0,5.5,Rain,0,7.0,7.87,878.0,0,0,0,0,0,0,9,4,0,0.676,53.21,0.87,1,9.676398728859633
SM104731,2025-09-08,Prayagraj,Mini Truck,19.8,4,1566.0,64.0,14356.0,5.9,Rain,0,7.0,6.15,991.0,0,0,0,0,0,0,9,0,0,0.783,50.05,-0.85,0,9.571992907127694
SM101711,2025-06-21,Lucknow,Mini Truck,22.9,3,415.0,48.0,12201.0,4.4,Clear,0,6.0,4.22,665.0,0,0,0,0,0,0,6,5,1,0.208,29.04,-1.78,0,9.409355151711798
SM102268,2025-02-13,Gorakhpur,Mini Truck,34.0,8,1580.0,91.0,10085.0,5.3,Clear,0,9.0,6.42,1326.0,0,0,0,0,0,0,2,3,0,0.79,39.0,-2.58,0,9.21890360263667
SM105964,2025-09-29,Prayagraj,Mini Truck,20.4,7,1280.0,61.0,12198.0,4.4,Clear,0,7.0,5.8,990.0,0,0,0,0,0,0,9,0,0,0.64,48.53,-1.2,0,9.409109260148737
SM105899,2025-11-16,Lucknow,Mini Truck,34.3,6,1038.0,108.0,18437.0,4.2,Clear,0,8.0,6.84,1098.0,0,0,0,0,0,0,11,6,1,0.519,32.01,-1.16,0,9.82216903135854
SM102424,2025-05-08,Gorakhpur,Pickup,98.2,12,417.0,26.0,4777.0,5.4,Clear,0,13.0,10.52,1650.0,0,0,0,0,0,0,5,3,0,0.521,16.8,-2.48,0,8.471777327885755
SM100158,2025-07-04,Gorakhpur,Mini Truck,61.7,7,607.0,43.0,10188.0,7.5,Rain,0,9.0,9.38,1490.0,0,0,0,0,0,0,7,4,0,0.304,24.15,0.38,1,9.229063985974285
SM105334,2025-08-10,Lucknow,Truck,21.2,7,2935.0,123.0,20587.0,5.6,Clear,0,8.0,6.92,1866.0,0,0,1,0,0,0,8,6,1,0.587,88.02,-1.08,0,9.932463660772646
SM103263,2025-11-11,Varanasi,Truck,7.5,9,3903.0,256.0,15831.0,4.1,Clear,0,9.0,6.94,1925.0,0,0,0,0,0,0,11,1,0,0.781,256.67,-2.06,0,9.669788487282402
SM101366,2025-04-21,Prayagraj,Pickup,36.5,7,390.0,34.0,1950.0,5.3,Clear,0,8.0,5.83,885.0,0,0,0,0,0,0,4,0,0,0.488,24.25,-2.17,0,7.576097340623111
SM100414,2025-01-07,Prayagraj,Mini Truck,39.5,10,526.0,26.0,7788.0,5.2,Fog,0,9.0,8.8,1168.0,0,0,0,0,0,0,1,1,0,0.263,29.57,-0.2,0,8.960467760919949
SM102773,2025-09-15,Varanasi,Mini Truck,56.5,6,1020.0,44.0,7883.0,7.8,Clear,0,9.0,8.24,1405.0,0,0,0,0,0,0,9,0,0,0.51,24.87,-0.76,0,8.97259066827261
SM103887,2025-03-06,Lucknow,Truck,22.3,5,2859.0,157.0,25571.0,7.0,Clear,0,8.0,6.54,1677.0,0,0,0,0,0,0,3,3,0,0.572,75.2,-1.46,0,10.149253281886617
SM102330,2025-01-24,Kanpur,Mini Truck,27.5,8,1055.0,115.0,14645.0,6.3,Fog,0,8.0,9.23,999.0,0,0,0,0,0,0,1,4,0,0.528,36.33,1.23,1,9.591922539621015
SM104253,2025-05-04,Varanasi,Truck,31.6,6,3708.0,181.0,47142.0,2.5,Clear,0,9.0,7.19,2263.0,0,0,0,0,0,0,5,6,1,0.742,71.61,-1.81,0,10.760940814685789
SM103268,2025-02-19,Lucknow,Truck,45.2,4,4277.0,235.0,22120.0,2.8,Rain,0,9.0,8.98,2659.0,0,0,0,0,0,0,2,2,0,0.855,58.83,-0.02,0,10.004282662571022
SM104149,2025-05-23,Varanasi,Mini Truck,21.5,7,647.0,27.0,8462.0,5.0,Clear,0,7.0,5.7,747.0,0,0,0,0,0,0,5,4,0,0.324,34.74,-1.3,0,9.043458999670106
SM102697,2025-06-02,Gorakhpur,Mini Truck,27.3,4,1380.0,137.0,53626.0,7.3,Clear,0,7.0,7.35,991.0,0,0,0,0,0,0,6,0,0,0.69,36.3,0.35,1,10.889807951572134
SM105495,2025-03-10,Varanasi,Truck,32.7,2,2900.0,211.0,72107.0,3.9,Clear,0,7.0,6.6,1845.0,0,0,0,0,0,0,3,0,0,0.58,56.42,-0.4,0,11.185920274121928
SM104528,2025-06-11,Prayagraj,Truck,8.6,7,2267.0,198.0,13474.0,4.5,Rain,0,7.0,6.91,1094.0,0,0,0,0,0,0,6,2,0,0.453,127.21,-0.09,0,9.508591395777199
SM101040,2025-09-15,Prayagraj,Mini Truck,3.9,3,1131.0,59.0,3745.0,3.9,Clear,0,5.0,3.8,601.0,0,0,0,0,0,0,9,0,0,0.566,154.1,-1.2,0,8.228443883004033
SM104950,2025-05-01,Varanasi,Pickup,23.5,6,572.0,61.0,42748.0,7.7,Clear,0,7.0,6.85,737.0,0,0,0,0,0,0,5,3,0,0.715,31.36,-0.15,0,10.663101082278448
SM104886,2025-09-10,Prayagraj,Pickup,40.4,9,644.0,26.0,1914.0,4.0,Clear,0,9.0,7.23,942.0,0,0,0,0,0,0,9,2,0,0.805,23.32,-1.77,0,7.557472901614746
SM103438,2025-12-08,Kanpur,Pickup,15.8,4,197.0,23.0,5119.0,5.2,Clear,0,6.0,4.33,458.0,0,0,0,0,0,0,12,0,0,0.246,28.99,-1.67,0,8.540909718033554
SM104332,2025-11-11,Prayagraj,Truck,20.0,10,1928.0,87.0,6465.0,5.5,Clear,0,9.0,7.09,1551.0,0,0,0,0,0,0,11,1,0,0.386,77.55,-1.91,0,8.774312958285378
SM105287,2025-11-11,Gorakhpur,Mini Truck,73.3,6,1163.0,74.0,17905.0,5.7,Clear,0,10.0,7.72,1761.0,0,0,0,0,0,0,11,1,0,0.582,24.02,-2.28,0,9.792891131194102
SM100508,2025-04-09,Varanasi,Pickup,13.3,4,593.0,59.0,19758.0,5.9,Clear,0,6.0,4.12,558.0,0,0,0,0,0,0,4,2,0,0.741,41.95,-1.88,0,9.891364362733817
SM104245,2025-04-12,Gorakhpur,Truck,30.1,4,2917.0,149.0,37907.0,5.6,Clear,0,8.0,6.78,1906.0,0,0,0,0,0,0,4,5,1,0.583,63.32,-1.22,0,10.542917450590085
SM103801,2025-08-01,Varanasi,Pickup,62.5,4,270.0,21.0,7897.0,6.0,Rain,0,8.0,5.87,933.0,0,0,0,0,0,0,8,4,0,0.338,14.93,-2.13,0,8.974364841846596
SM104521,2025-09-12,Prayagraj,Truck,32.8,7,2093.0,156.0,82353.5,5.5,Rain,0,8.0,8.17,1568.0,1,0,0,0,0,0,9,4,0,0.419,47.8,0.17,1,11.318788378921557
SM102448,2025-10-12,Varanasi,Pickup,33.8,4,627.0,35.0,82353.5,5.5,Clear,0,7.0,6.54,702.0,0,0,0,0,0,0,10,6,1,0.784,20.77,-0.46,0,11.318788378921557
SM101781,2025-05-04,Gorakhpur,Truck,21.3,5,2577.0,306.0,50110.0,1.7,Clear,0,8.0,4.18,1541.0,0,0,0,0,0,0,5,6,1,0.515,72.35,-3.82,0,10.821995823851237
SM104968,2025-01-14,Lucknow,Pickup,14.0,6,645.0,70.0,13049.0,7.4,Clear,1,7.0,6.19,637.0,0,0,0,0,0,0,1,1,0,0.806,45.5,-0.81,0,9.47654341275084
SM102985,2025-08-25,Prayagraj,Truck,34.4,3,3861.0,385.0,82353.5,5.9,Rain,0,8.0,8.01,2278.0,0,0,0,0,0,0,8,0,0,0.772,66.22,0.01,1,11.318788378921557
SM105434,2025-07-11,Kanpur,Mini Truck,22.3,5,1273.0,141.0,32712.0,4.5,Rain,0,7.0,6.62,911.0,0,0,0,0,0,0,7,4,0,0.636,40.85,-0.38,0,10.395527831398702
SM105662,2025-11-11,Gorakhpur,Pickup,59.2,5,392.0,39.0,3286.0,8.7,Clear,0,8.0,8.26,1068.0,0,0,0,0,0,0,11,1,0,0.49,18.04,0.26,1,8.097730573664219
SM102931,2025-09-03,Lucknow,Truck,23.1,6,2438.0,165.0,5918.0,5.3,Rain,0,8.0,8.09,1740.0,0,0,0,0,0,0,9,2,0,0.488,75.32,0.09,1,8.685922794690725
SM103107,2025-05-15,Lucknow,Truck,11.8,3,2173.0,107.0,22604.0,8.4,Rain,0,6.0,7.03,1143.0,0,0,0,0,0,0,5,3,0,0.435,96.86,1.03,1,10.025926399728705
SM103224,2025-08-11,Prayagraj,Pickup,16.9,7,505.0,50.0,7630.0,5.6,Clear,0,7.0,6.01,504.0,0,0,1,0,0,0,8,0,0,0.631,29.82,-0.99,0,8.939974177289633
SM103074,2025-08-01,Kanpur,Mini Truck,15.3,8,1048.0,83.0,18600.0,5.1,Rain,0,7.0,7.32,812.0,0,0,0,0,0,0,8,4,0,0.524,53.07,0.32,1,9.83097062169695
SM103595,2025-04-16,Prayagraj,Truck,72.2,7,3164.0,144.0,56944.0,8.4,Clear,0,11.0,9.64,3093.0,0,0,0,0,0,0,4,2,0,0.633,42.84,-1.36,0,10.949841168708451
SM104516,2025-05-09,Kanpur,Truck,61.5,7,4390.0,298.0,52974.0,4.9,Rain,0,11.0,11.03,3348.0,0,0,0,0,0,0,5,4,0,0.878,54.44,0.03,1,10.8775753831365
SM100543,2025-03-05,Lucknow,Pickup,25.2,4,605.0,37.0,17708.0,5.0,Clear,0,7.0,5.03,648.0,1,0,0,0,0,0,3,2,0,0.756,25.71,-1.97,0,9.7818282639088
SM104376,2025-04-26,Lucknow,Truck,14.1,9,2015.0,220.0,82353.5,7.2,Clear,0,8.0,7.51,1361.0,0,0,0,0,0,0,4,5,1,0.403,96.52,-0.49,0,11.318788378921557
SM104580,2025-03-12,Lucknow,Mini Truck,57.6,13,1011.0,85.0,8720.0,2.3,Clear,0,11.0,9.28,1757.0,0,0,0,0,0,0,3,2,0,0.505,30.5,-1.72,0,9.073489189226986
SM100223,2025-03-15,Varanasi,Truck,40.1,6,3926.0,313.0,73413.0,6.2,Rain,0,9.0,9.57,2602.0,0,0,0,0,0,0,3,5,1,0.785,64.89,0.57,1,11.20386993210969
SM104774,2025-04-09,Varanasi,Pickup,55.7,3,449.0,23.0,3641.0,7.3,Clear,0,8.0,5.23,883.0,0,0,0,0,0,0,4,2,0,0.561,15.85,-2.77,0,8.200288260287554
SM104442,2025-09-07,Varanasi,Mini Truck,33.3,4,939.0,83.0,16581.0,7.8,Clear,0,7.0,6.81,1114.0,0,0,0,0,0,0,9,6,1,0.47,33.45,-0.19,0,9.716073048676163
SM105161,2025-01-10,Varanasi,Mini Truck,40.9,7,908.0,46.0,7582.0,7.8,Clear,0,8.0,7.5,1290.0,0,0,0,0,0,0,1,4,0,0.454,31.54,-0.5,0,8.933664178700935
SM101402,2025-04-20,Lucknow,Pickup,32.0,3,450.0,23.0,3350.0,4.2,Clear,0,6.0,4.16,616.0,0,0,0,0,0,0,4,6,1,0.562,19.25,-1.84,0,8.11701408773731
SM103835,2025-09-22,Lucknow,Mini Truck,20.1,5,870.0,42.0,6017.0,2.6,Clear,0,7.0,3.87,924.0,0,0,0,0,0,0,9,0,0,0.435,45.97,-3.13,0,8.70251025718999
SM101872,2025-08-09,Varanasi,Mini Truck,32.9,7,570.0,26.0,7508.0,9.0,Rain,1,8.0,9.02,996.0,0,0,0,0,0,0,8,5,1,0.285,30.27,1.02,1,8.923857580099885
SM104070,2025-02-05,Varanasi,Mini Truck,44.3,8,494.0,40.0,9462.0,4.0,Clear,0,9.0,6.14,1190.0,0,0,0,0,0,0,2,2,0,0.247,26.86,-2.86,0,9.155144736508232
SM102136,2025-07-18,Lucknow,Pickup,22.4,6,720.0,31.0,3122.0,5.6,Rain,0,7.0,7.03,763.0,0,0,0,0,0,0,7,4,0,0.9,34.06,0.03,1,8.046549357283078
SM100180,2025-12-09,Gorakhpur,Truck,54.1,10,2830.0,189.0,42113.0,4.6,Clear,0,11.0,10.16,2712.0,0,0,0,1,0,0,12,1,0,0.566,50.13,-0.84,0,10.648135505958477
SM103216,2025-01-02,Varanasi,Truck,70.7,3,904.0,67.0,3547.0,6.2,Fog,0,9.0,8.18,4297.0,0,0,0,0,0,1,1,3,0,0.181,60.78,-0.82,0,8.17413934342947
SM102173,2025-10-07,Lucknow,Mini Truck,15.7,2,1244.0,78.0,8372.0,5.6,Clear,0,6.0,5.22,746.0,0,0,1,0,0,0,10,1,0,0.622,47.52,-0.78,0,9.032767522204432
SM102778,2025-05-22,Kanpur,Mini Truck,51.4,8,1430.0,73.0,6838.0,4.9,Clear,0,9.0,8.52,1630.0,0,0,0,0,0,0,5,3,0,0.715,31.71,-0.48,0,8.830396801098097
SM105165,2025-01-29,Varanasi,Pickup,34.6,5,462.0,28.0,12438.0,5.4,Fog,0,7.0,7.05,747.0,0,1,0,0,0,0,1,2,0,0.578,21.59,0.05,1,9.428591977209965
SM103271,2025-05-31,Lucknow,Pickup,24.2,13,644.0,28.0,7630.0,6.3,Clear,0,9.0,9.4,925.0,0,0,0,0,0,0,5,5,1,0.805,38.22,0.4,1,8.939974177289633
SM101322,2025-07-20,Varanasi,Truck,42.0,6,2693.0,151.0,13756.0,4.2,Rain,0,9.0,9.29,2127.0,0,0,0,0,0,0,7,6,1,0.539,50.64,0.29,1,9.529303064460995
SM103660,2025-07-23,Prayagraj,Mini Truck,19.9,8,837.0,57.0,14211.0,3.8,Clear,0,8.0,5.53,934.0,0,0,0,0,0,0,7,2,0,0.418,46.93,-2.47,0,9.561841957140917
SM104204,2025-04-19,Varanasi,Truck,45.0,11,3763.0,187.0,32857.0,5.1,Fog,0,11.0,11.6,2737.0,0,0,0,0,0,0,4,5,1,0.753,60.82,0.6,1,10.399950525466283
SM100539,2025-01-08,Prayagraj,Mini Truck,23.9,9,1036.0,67.0,17808.0,7.6,Fog,0,8.0,8.46,1030.0,0,0,0,0,0,0,1,2,0,0.518,43.1,0.46,1,9.787459226476006
SM100289,2025-06-22,Prayagraj,Pickup,34.2,4,570.0,45.0,9798.0,2.7,Rain,0,7.0,7.15,732.0,0,0,0,0,0,0,6,6,1,0.712,21.4,0.15,1,9.190035618635818
SM105982,2025-12-05,Varanasi,Pickup,32.4,5,732.0,71.0,17533.0,4.7,Rain,0,7.0,6.19,837.0,0,0,0,0,0,0,12,4,0,0.915,25.83,-0.81,0,9.771897132148531
SM103809,2025-08-10,Kanpur,Mini Truck,36.2,8,1777.0,91.0,23003.0,7.0,Clear,0,9.0,7.51,1524.0,0,0,0,0,0,0,8,6,1,0.888,42.1,-1.49,0,10.043423392833645
SM100975,2025-03-24,Lucknow,Truck,10.6,6,2674.0,111.0,17058.0,4.9,Clear,0,7.0,6.46,1435.0,0,0,0,0,0,0,3,0,0,0.535,135.38,-0.54,0,9.74443320268052
SM102404,2025-05-21,Varanasi,Mini Truck,39.6,2,1166.0,58.0,9242.0,5.6,Clear,0,7.0,4.45,1120.0,0,0,1,0,0,0,5,2,0,0.583,28.28,-2.55,0,9.131621787264777
SM103889,2025-10-28,Varanasi,Mini Truck,68.2,10,796.0,38.0,6571.0,10.0,Clear,0,11.0,11.18,1619.0,0,0,0,0,0,0,10,1,0,0.398,23.74,0.18,1,8.790573479157159
SM105690,2025-05-16,Prayagraj,Truck,13.9,7,1301.0,121.0,20981.0,4.1,Clear,0,7.0,5.56,998.0,0,0,0,0,0,0,5,4,0,0.26,71.8,-1.44,0,9.95142020629143
SM104221,2025-07-09,Lucknow,Pickup,31.0,6,661.0,59.0,8613.0,6.0,Clear,0,7.0,6.19,756.0,0,0,0,0,0,0,7,2,0,0.826,24.39,-0.81,0,9.061144065614055
SM100041,2025-10-04,Gorakhpur,Mini Truck,14.5,5,186.0,8.0,1941.0,6.3,Clear,0,6.0,4.63,511.0,0,0,0,0,0,0,10,5,1,0.093,35.24,-1.37,0,7.571473648851271
SM105492,2025-03-06,Prayagraj,Truck,56.9,4,3024.0,123.0,15590.0,7.4,Clear,1,9.0,10.66,2598.0,0,0,0,0,0,0,3,3,0,0.605,45.66,1.66,1,9.654449103676551
SM103837,2025-08-07,Varanasi,Mini Truck,42.4,5,977.0,92.0,31409.0,5.7,Clear,0,8.0,5.98,1251.0,0,0,0,0,0,0,8,3,0,0.488,29.5,-2.02,0,10.354881592532692
SM105697,2025-10-08,Prayagraj,Truck,32.8,11,4055.0,377.0,51039.0,3.1,Clear,0,11.0,9.88,2930.0,1,0,0,0,0,0,10,2,0,0.811,89.33,-1.12,0,10.840364918018672
SM103755,2025-04-28,Lucknow,Pickup,16.4,6,217.0,16.0,4978.0,1.8,Clear,0,6.0,4.1,472.0,0,0,0,0,0,0,4,0,0,0.271,28.78,-1.9,0,8.512984346642183
SM104558,2025-10-01,Kanpur,Truck,28.65,13,3305.0,135.0,30237.0,4.0,Fog,0,11.0,11.4,2260.0,1,0,0,0,0,0,10,2,0,0.661,78.88,0.4,1,10.316854690540147
SM105971,2025-03-30,Prayagraj,Pickup,11.1,3,509.0,32.0,3411.0,4.8,Rain,0,5.0,5.3,478.0,0,0,0,0,0,0,3,6,1,0.636,43.06,0.3,1,8.13505390861157
SM104357,2025-04-04,Lucknow,Truck,17.4,4,2832.0,245.0,61720.0,4.5,Clear,0,7.0,6.44,1520.0,0,0,0,0,0,0,4,4,0,0.566,87.36,-0.56,0,11.030379508549343
SM102846,2025-11-11,Gorakhpur,Pickup,33.3,5,261.0,31.0,7014.0,8.5,Clear,0,7.0,5.96,643.0,0,0,0,0,0,0,11,1,0,0.326,19.31,-1.04,0,8.855805992536562
SM102930,2025-03-05,Gorakhpur,Pickup,26.0,5,258.0,27.0,9723.0,3.7,Fog,0,7.0,6.22,489.0,0,0,0,0,0,0,3,2,0,0.322,18.81,-0.78,0,9.182352335436015
SM103191,2025-09-06,Lucknow,Truck,35.4,14,3834.0,217.0,82353.5,6.5,Clear,0,12.0,12.66,2630.0,0,0,0,0,0,0,9,5,1,0.767,74.29,0.66,1,11.318788378921557
SM105983,2025-10-27,Kanpur,Mini Truck,24.2,6,1467.0,75.0,32195.0,6.7,Clear,0,7.0,7.21,1079.0,0,0,0,0,0,0,10,0,0,0.734,44.59,0.21,1,10.379597500213624
SM105843,2025-01-03,Varanasi,Truck,30.8,13,3922.0,196.0,29662.0,5.1,Fog,0,11.0,11.73,2638.0,0,0,0,0,0,0,1,4,0,0.784,85.65,0.73,1,10.297655756901996
SM100876,2025-07-17,Lucknow,Mini Truck,22.9,10,1164.0,90.0,22613.0,6.7,Rain,0,9.0,9.06,1123.0,0,0,0,0,0,0,7,3,0,0.582,49.04,0.06,1,10.026324462495191
SM102383,2025-05-24,Lucknow,Mini Truck,33.5,4,1668.0,145.0,35053.0,5.6,Clear,0,7.0,6.67,1297.0,0,0,0,0,0,0,5,5,1,0.834,38.72,-0.33,0,10.464645008633122
SM101391,2025-07-13,Kanpur,Truck,19.6,7,3034.0,146.0,62131.0,2.2,Rain,0,8.0,7.21,1753.0,0,0,0,0,0,0,7,6,1,0.607,89.44,-0.79,0,11.037016433107798
SM104762,2025-02-05,Lucknow,Mini Truck,28.5,5,1113.0,54.0,8432.0,4.1,Clear,0,7.0,6.71,974.0,0,0,0,0,0,0,2,2,0,0.556,34.18,-0.29,0,9.039907859574642
SM100506,2025-07-13,Prayagraj,Truck,12.8,2,1928.0,106.0,14195.0,5.2,Rain,0,6.0,6.03,1004.0,0,0,0,0,0,0,7,6,1,0.386,78.44,0.03,1,9.560715513766388
SM104614,2025-07-24,Prayagraj,Mini Truck,13.7,5,600.0,36.0,5672.0,6.1,Rain,0,6.0,6.65,623.0,0,0,0,0,0,0,7,3,0,0.3,45.47,0.65,1,8.643473357326567
SM101014,2025-07-09,Varanasi,Mini Truck,20.0,6,1482.0,70.0,9862.0,5.7,Clear,0,7.0,5.91,1039.0,0,0,0,0,0,0,7,2,0,0.741,51.95,-1.09,0,9.196545660953994
SM104026,2025-03-18,Varanasi,Truck,22.3,4,3176.0,376.0,82353.5,4.9,Rain,0,8.0,7.34,1834.0,0,0,0,0,0,0,3,1,0,0.635,82.24,-0.66,0,11.318788378921557
SM100387,2025-10-31,Gorakhpur,Mini Truck,41.8,2,1450.0,96.0,11087.0,4.6,Clear,0,7.0,4.89,1346.0,0,0,0,0,0,0,10,4,0,0.725,32.2,-2.11,0,9.313618721429684
SM105832,2025-10-28,Lucknow,Pickup,31.9,2,307.0,13.0,3815.0,7.7,Clear,0,6.0,5.45,555.0,0,0,0,0,0,0,10,1,0,0.384,17.4,-0.55,0,8.246958032568177
SM100307,2025-07-22,Lucknow,Pickup,10.1,10,236.0,10.0,1770.0,4.2,Clear,0,7.0,5.59,609.0,0,0,0,0,0,0,7,1,0,0.295,60.3,-1.41,0,7.479299637782834
SM101336,2025-08-21,Lucknow,Mini Truck,26.0,7,1392.0,102.0,33480.0,4.9,Rain,0,7.0,7.07,926.0,1,0,0,0,0,1,8,3,0,0.696,35.62,0.07,1,10.41873339273561
SM101863,2025-05-16,Kanpur,Mini Truck,22.7,8,1327.0,89.0,19476.0,2.6,Clear,0,8.0,6.82,1119.0,0,0,0,0,0,0,5,4,0,0.664,49.3,-1.18,0,9.8769895612299
SM101327,2025-01-31,Kanpur,Truck,26.9,3,4323.0,360.0,82353.5,7.8,Fog,0,8.0,10.14,2254.0,0,0,0,0,0,0,1,4,0,0.865,83.79,2.14,1,11.318788378921557
SM105118,2025-11-15,Prayagraj,Truck,26.1,7,1408.0,71.0,6426.0,7.7,Clear,0,8.0,7.21,1368.0,0,0,0,0,0,0,11,5,1,0.282,52.41,-0.79,0,8.768263145371286
SM103411,2025-12-27,Kanpur,Mini Truck,25.2,7,900.0,75.0,13228.0,6.9,Rain,0,8.0,7.8,931.0,0,0,0,0,0,0,12,5,1,0.45,36.94,-0.2,0,9.49016666846238
SM101255,2025-01-31,Lucknow,Mini Truck,9.8,5,701.0,75.0,13674.5,5.5,Clear,0,6.0,4.72,570.0,0,0,0,0,1,0,1,4,0,0.35,58.16,-1.28,0,9.523361189693068
SM104605,2025-06-22,Gorakhpur,Pickup,43.9,6,685.0,47.0,6787.0,5.2,Clear,0,8.0,5.7,1025.0,0,0,0,0,0,0,6,6,1,0.856,23.35,-2.3,0,8.822911626354117
SM100340,2025-08-20,Prayagraj,Pickup,53.5,3,410.0,20.0,12789.0,5.1,Rain,0,7.0,6.55,926.0,0,0,0,0,0,0,8,2,0,0.512,17.31,-0.45,0,9.456418894572888
SM101801,2025-06-20,Lucknow,Mini Truck,39.8,7,520.0,37.0,3943.0,4.4,Clear,0,8.0,6.36,1023.0,0,0,0,1,0,0,6,4,0,0.26,25.7,-1.64,0,8.279950715722526
SM105645,2025-01-20,Prayagraj,Mini Truck,61.8,7,848.0,94.0,8384.0,6.2,Fog,0,9.0,9.87,1413.0,0,0,0,0,0,0,1,0,0,0.424,22.86,0.87,1,9.034199674257309
SM101955,2025-05-27,Lucknow,Mini Truck,23.1,4,1249.0,58.0,13674.5,6.6,Clear,0,7.0,5.02,929.0,0,0,0,0,1,0,5,1,0,0.624,40.22,-1.98,0,9.523361189693068
SM105356,2025-09-11,Varanasi,Truck,73.1,7,3275.0,218.0,54681.0,1.9,Rain,0,11.0,10.58,3146.0,0,0,0,0,0,0,9,3,0,0.655,43.04,-0.42,0,10.909289866613754
SM104156,2025-09-15,Kanpur,Truck,3.9,6,2840.0,132.0,17726.0,6.0,Rain,0,7.0,7.82,1255.0,0,1,0,0,0,0,9,0,0,0.568,321.79,0.82,1,9.782844180013784
SM102004,2025-10-19,Lucknow,Mini Truck,18.5,7,628.0,43.0,13993.0,7.3,Clear,0,7.0,6.18,679.0,0,0,0,0,0,0,10,6,1,0.314,36.7,-0.82,0,9.546383945305841
SM102595,2025-03-02,Varanasi,Pickup,28.4,4,135.0,14.0,2314.0,4.2,Clear,0,6.0,4.78,422.0,0,0,0,0,0,0,3,6,1,0.169,14.86,-1.22,0,7.747164966520335
SM100747,2025-04-25,Kanpur,Pickup,50.7,5,483.0,55.0,22508.0,6.8,Clear,0,8.0,6.88,872.0,0,0,0,0,0,0,4,4,0,0.604,17.2,-1.12,0,10.02167050821384
SM105180,2025-11-08,Lucknow,Pickup,17.4,5,316.0,14.0,7435.0,4.9,Clear,0,6.0,5.17,500.0,0,0,0,0,0,0,11,5,1,0.395,28.74,-0.83,0,8.914088348841334
SM105112,2025-12-29,Gorakhpur,Mini Truck,94.5,7,1535.0,86.0,8645.0,8.8,Clear,0,11.0,8.75,2284.0,0,0,0,0,0,0,12,0,0,0.768,24.17,-2.25,0,9.064852065227576
SM105727,2025-02-08,Prayagraj,Pickup,42.9,6,428.0,26.0,7221.0,4.3,Clear,0,8.0,5.23,978.0,0,0,0,0,0,0,2,5,1,0.535,22.8,-2.77,0,8.884887201837403
SM102053,2025-12-12,Lucknow,Truck,13.1,7,2609.0,216.0,74462.0,8.0,Fog,0,8.0,10.14,1388.0,0,0,0,0,0,0,12,4,0,0.522,105.95,2.14,1,11.218057636703723
SM104032,2025-04-09,Lucknow,Truck,23.3,4,3330.0,163.0,82353.5,5.2,Rain,0,8.0,7.85,1919.0,0,0,0,0,0,0,4,2,0,0.666,82.36,-0.15,0,11.318788378921557
SM101503,2025-04-28,Prayagraj,Mini Truck,11.3,4,1112.0,115.0,31610.0,7.3,Clear,1,6.0,6.38,676.0,0,0,0,0,0,0,4,0,0,0.556,59.82,0.38,1,10.361260440267637
SM103973,2025-04-05,Gorakhpur,Truck,62.2,4,2168.0,206.0,42294.0,3.6,Clear,0,9.0,7.6,2460.0,0,0,0,0,0,0,4,5,1,0.434,39.55,-1.4,0,10.652424154738116
SM101780,2025-01-18,Prayagraj,Pickup,41.0,3,604.0,60.0,14700.0,8.4,Clear,0,7.0,5.73,808.0,0,0,0,0,0,0,1,5,1,0.755,19.71,-1.27,0,9.595670797663967
SM104063,2025-07-08,Lucknow,Truck,26.3,4,2745.0,278.0,74040.0,5.1,Clear,0,8.0,6.2,1740.0,0,0,0,0,0,0,7,1,0,0.549,66.16,-1.8,0,11.212374272809084
SM100765,2025-10-12,Kanpur,Pickup,27.0,6,549.0,23.0,4402.0,3.6,Clear,0,7.0,4.95,613.0,0,0,0,0,0,1,10,6,1,0.686,22.7,-2.05,0,8.390041405755754
SM104998,2025-09-05,Lucknow,Mini Truck,48.1,5,640.0,30.0,3063.0,7.3,Rain,1,8.0,8.55,1211.0,0,0,0,0,0,0,9,4,0,0.32,25.18,0.55,1,8.027476530860483
SM100925,2025-12-12,Varanasi,Truck,55.4,5,2787.0,124.0,55417.0,6.8,Fog,0,9.0,10.72,2581.0,0,0,0,0,0,0,12,4,0,0.557,46.59,1.72,1,10.922659729710926
SM100856,2025-03-31,Kanpur,Mini Truck,30.3,4,1094.0,60.0,14835.0,10.0,Rain,1,7.0,8.38,1122.0,0,0,0,0,0,0,3,0,0,0.547,37.03,1.38,1,9.604811938609481
SM102620,2025-11-06,Prayagraj,Truck,35.9,6,1459.0,101.0,24174.0,4.9,Clear,0,8.0,6.64,1670.0,0,0,0,0,0,0,11,3,0,0.292,46.52,-1.36,0,10.093074320321495
SM105962,2025-10-30,Varanasi,Mini Truck,54.7,6,1145.0,69.0,22326.0,3.9,Clear,0,9.0,8.24,1475.0,0,0,0,0,0,0,10,3,0,0.572,26.97,-0.76,0,10.013551987398436
SM101270,2025-05-15,Gorakhpur,Mini Truck,22.9,7,1330.0,154.0,48732.0,5.6,Rain,0,8.0,6.96,1128.0,0,0,0,0,0,0,5,3,0,0.665,49.26,-1.04,0,10.794111697661032
SM105263,2025-07-01,Gorakhpur,Truck,56.9,5,3488.0,175.0,28703.0,9.3,Rain,0,10.0,9.92,2799.0,0,0,0,0,0,0,7,1,0,0.698,49.19,-0.08,0,10.264791764858522
SM101839,2025-07-21,Lucknow,Pickup,12.1,3,546.0,46.0,15762.0,4.5,Rain,0,5.0,5.68,399.0,0,0,0,0,0,0,7,0,0,0.682,32.98,0.68,1,9.665420700626543
SM101114,2025-03-12,Kanpur,Truck,25.2,8,3000.0,124.0,82353.5,5.6,Clear,0,9.0,7.63,1927.0,0,0,1,0,0,0,3,2,0,0.6,76.47,-1.37,0,11.318788378921557
SM105772,2025-05-30,Varanasi,Pickup,40.2,8,462.0,22.0,4535.0,4.5,Clear,0,8.0,6.39,919.0,0,1,0,0,0,0,5,4,0,0.578,22.86,-1.61,0,8.419800845407588
SM104291,2025-12-06,Lucknow,Mini Truck,26.2,7,950.0,74.0,12799.0,5.9,Clear,0,8.0,5.21,1009.0,0,0,0,0,0,0,12,5,1,0.475,38.51,-2.79,0,9.457200449907708
SM100751,2025-02-23,Prayagraj,Mini Truck,50.4,7,1202.0,52.0,15256.0,4.8,Clear,0,9.0,7.19,1461.0,0,0,0,0,0,0,2,6,1,0.601,28.99,-1.81,0,9.632793693113202
SM105268,2025-09-13,Kanpur,Truck,70.2,7,1966.0,87.0,33065.0,6.1,Clear,0,10.0,9.23,2564.0,0,0,0,0,1,0,9,5,1,0.393,36.52,-0.77,0,10.40626084311129
SM102703,2025-11-02,Kanpur,Mini Truck,31.9,7,1107.0,49.0,4831.0,6.1,Fog,0,8.0,8.36,1064.0,0,0,0,0,0,0,11,6,1,0.554,33.35,0.36,1,8.48301573961465
SM105097,2025-04-27,Varanasi,Pickup,46.8,6,297.0,22.0,4385.0,2.8,Clear,0,8.0,4.71,788.0,0,0,0,0,0,0,4,6,1,0.371,16.84,-3.29,0,8.386172928977834
SM104771,2025-10-06,Lucknow,Mini Truck,30.5,4,1352.0,88.0,28231.0,6.0,Clear,0,7.0,5.98,993.0,0,0,0,0,0,0,10,0,0,0.676,32.56,-1.02,0,10.248211365355106
SM100151,2025-04-13,Varanasi,Mini Truck,61.4,2,1507.0,67.0,26397.0,4.2,Clear,0,8.0,6.04,1568.0,0,0,0,0,0,0,4,6,1,0.754,25.54,-1.96,0,10.1810435286889
SM101032,2025-09-24,Varanasi,Pickup,35.3,5,470.0,45.0,8111.0,6.4,Rain,0,7.0,8.18,738.0,0,0,0,0,0,0,9,2,0,0.588,20.91,1.18,1,9.001099725830965
SM102508,2025-05-29,Kanpur,Pickup,7.0,5,486.0,45.0,15057.0,3.2,Clear,0,6.0,4.16,470.0,0,0,0,0,0,0,5,3,0,0.608,67.14,-1.84,0,9.619664690410067
SM101442,2025-12-08,Kanpur,Pickup,26.5,6,460.0,21.0,4119.0,8.3,Fog,0,7.0,8.45,633.0,0,0,0,0,0,0,12,0,0,0.575,23.89,1.45,1,8.323608442343572
SM104187,2025-03-20,Prayagraj,Mini Truck,21.0,6,1364.0,130.0,12830.0,7.3,Rain,0,7.0,6.6,1017.0,0,0,0,0,0,0,3,3,0,0.682,48.43,-0.4,0,9.459619396895018
SM100346,2025-12-28,Kanpur,Mini Truck,35.8,5,971.0,40.0,9111.0,5.8,Clear,0,7.0,7.06,1216.0,0,0,0,0,0,0,12,6,1,0.486,33.97,0.06,1,9.117347505127018
SM105011,2025-01-20,Varanasi,Truck,15.0,5,3576.0,163.0,35086.0,6.0,Clear,0,8.0,7.36,1809.0,0,0,0,0,0,0,1,0,0,0.715,120.6,-0.64,0,10.465585970479541
SM102630,2025-12-08,Prayagraj,Mini Truck,29.4,6,1689.0,101.0,17390.0,8.2,Fog,0,8.0,8.93,1218.0,0,0,0,0,0,0,12,0,0,0.844,41.43,0.93,1,9.763708110007842
SM101670,2025-10-06,Lucknow,Mini Truck,19.7,9,737.0,30.0,4255.0,3.6,Clear,0,8.0,6.03,940.0,0,0,0,0,0,0,10,0,0,0.368,47.72,-1.97,0,8.35608503102148
SM100706,2025-01-03,Prayagraj,Truck,6.1,3,2496.0,308.0,63468.0,9.0,Clear,0,6.0,5.37,1039.0,0,0,0,0,0,0,1,4,0,0.499,170.33,-0.63,0,11.05830687670137
SM105676,2025-07-10,Kanpur,Mini Truck,27.05,6,1283.0,75.0,26979.0,5.6,Rain,0,8.0,6.52,1219.0,1,0,1,0,0,0,7,3,0,0.642,45.06,-1.48,0,10.202851129761747
SM102675,2025-08-05,Gorakhpur,Truck,16.1,5,3422.0,163.0,27026.0,9.4,Rain,0,8.0,8.57,1719.0,0,0,0,0,0,0,8,1,0,0.684,106.77,0.57,1,10.20459164531955
SM103523,2025-03-03,Lucknow,Mini Truck,28.7,5,1161.0,81.0,52413.0,5.6,Clear,0,7.0,6.06,1125.0,0,1,0,0,0,0,3,0,0,0.58,39.2,-0.94,0,10.866929010196616
SM101746,2025-12-27,Prayagraj,Pickup,36.9,12,374.0,25.0,5620.0,3.8,Fog,0,9.0,9.46,915.0,0,0,0,0,0,0,12,5,1,0.468,24.8,0.46,1,8.634264863002075
SM104999,2025-07-01,Gorakhpur,Truck,79.8,8,3272.0,332.0,82353.5,7.2,Clear,0,12.0,11.83,3346.0,0,0,0,0,0,0,7,1,0,0.654,41.93,-0.17,0,11.318788378921557
SM101400,2025-11-08,Kanpur,Truck,22.0,3,1315.0,95.0,23363.0,4.3,Clear,0,6.0,4.74,1091.0,0,0,0,0,0,0,11,5,1,0.263,49.59,-1.26,0,10.0589516551602
SM102887,2025-01-24,Lucknow,Truck,71.1,3,2825.0,289.0,72150.0,5.4,Fog,0,10.0,10.42,2653.0,0,0,0,0,0,0,1,4,0,0.565,37.31,0.42,1,11.186516424119828
SM103159,2025-11-15,Gorakhpur,Truck,41.2,8,2457.0,226.0,35051.0,5.1,Clear,0,9.0,8.89,2128.0,0,0,0,0,0,0,11,5,1,0.491,51.65,-0.11,0,10.46458795217574
SM104705,2025-03-27,Prayagraj,Pickup,29.3,3,632.0,63.0,3826.0,2.8,Clear,0,6.0,2.7,625.0,0,0,0,0,0,0,3,3,0,0.79,21.33,-3.3,0,8.249836485425702
SM101649,2025-11-02,Prayagraj,Mini Truck,80.7,4,1161.0,65.0,10868.0,6.2,Clear,0,10.0,8.95,1991.0,0,1,0,0,0,0,11,6,1,0.58,24.67,-1.05,0,9.293669979563187
SM102240,2025-03-23,Lucknow,Pickup,17.1,3,720.0,30.0,16808.0,5.9,Rain,1,6.0,6.49,463.0,0,0,0,0,0,0,3,6,1,0.9,27.08,0.49,1,9.729669736233394
SM103554,2025-06-01,Lucknow,Pickup,35.6,8,494.0,56.0,5206.0,5.5,Clear,0,8.0,8.02,819.0,0,0,0,0,0,0,6,6,1,0.618,23.01,0.02,1,8.557759153162898
SM101502,2025-03-25,Varanasi,Truck,66.9,8,2834.0,150.0,9529.0,6.2,Clear,0,11.0,9.99,2928.0,0,0,0,0,0,0,3,1,0,0.567,43.77,-1.01,0,9.162199996648248
SM100087,2025-04-25,Prayagraj,Truck,73.0,3,1792.0,84.0,14842.0,7.4,Rain,0,9.0,9.36,2452.0,0,0,0,0,0,0,4,4,0,0.358,33.59,0.36,1,9.605283652624765
SM105824,2025-07-08,Kanpur,Pickup,12.9,12,646.0,41.0,6276.0,7.2,Rain,0,8.0,8.79,719.0,0,0,0,0,0,0,7,1,0,0.808,55.74,0.79,1,8.744647438317532
SM102699,2025-02-13,Lucknow,Mini Truck,61.9,2,1224.0,80.0,9222.0,5.4,Rain,0,8.0,7.05,1496.0,0,0,0,0,0,0,2,3,0,0.612,24.17,-0.95,0,9.129455643235719
SM100521,2025-02-23,Kanpur,Pickup,22.4,5,325.0,17.0,3535.0,7.2,Clear,1,6.0,6.75,556.0,0,0,0,0,0,0,2,6,1,0.406,24.82,0.75,1,8.170751423757535
SM105529,2025-01-27,Lucknow,Mini Truck,19.7,5,1626.0,169.0,9468.0,5.0,Clear,0,7.0,5.1,1190.0,0,0,0,0,0,0,1,0,0,0.813,60.41,-1.9,0,9.1557785839835
SM101556,2025-11-24,Kanpur,Mini Truck,30.9,5,1147.0,51.0,20238.0,7.2,Clear,0,7.0,7.33,1177.0,0,0,0,0,0,0,11,0,0,0.574,38.09,0.33,1,9.915366715066206
SM103503,2025-03-15,Kanpur,Pickup,13.2,3,478.0,55.0,8665.0,4.6,Rain,0,5.0,5.42,353.0,0,0,0,0,0,0,3,5,1,0.598,26.74,0.42,1,9.067162602299854
SM105539,2025-12-28,Lucknow,Pickup,29.4,8,633.0,48.0,43177.0,2.1,Clear,0,8.0,6.63,829.0,0,0,0,0,0,0,12,6,1,0.791,28.2,-1.37,0,10.673086385256404
SM104190,2025-06-06,Varanasi,Mini Truck,102.7,5,1113.0,89.0,53193.0,4.2,Clear,0,11.0,9.12,2142.0,0,0,0,0,0,0,6,4,0,0.556,20.86,-1.88,0,10.881700887014485
SM105518,2025-07-26,Varanasi,Pickup,37.9,6,266.0,12.0,6037.0,5.1,Rain,0,10.0,9.34,1284.0,1,0,0,0,0,0,7,5,1,0.332,33.88,-0.66,0,8.705828110266784
SM101201,2025-06-24,Kanpur,Pickup,17.8,5,527.0,32.0,7289.0,3.5,Clear,0,6.0,3.85,495.0,0,0,0,0,0,0,6,1,0,0.659,27.81,-2.15,0,8.894258825002703
SM102135,2025-09-08,Prayagraj,Mini Truck,10.7,8,1239.0,73.0,36081.0,6.0,Fog,0,7.0,7.68,932.0,0,0,0,0,0,0,9,0,0,0.62,87.1,0.68,1,10.493549405012748
SM104854,2025-01-21,Lucknow,Pickup,48.1,3,211.0,9.0,4504.0,6.2,Fog,0,7.0,6.95,654.0,0,0,0,0,0,0,1,1,0,0.264,13.6,-0.05,0,8.412943170042439
SM103500,2025-01-23,Gorakhpur,Pickup,62.5,4,456.0,24.0,3257.0,6.1,Fog,0,8.0,7.38,1419.0,0,0,0,0,0,1,1,3,0,0.57,22.7,-0.62,0,8.08886878916199
SM105669,2025-09-07,Gorakhpur,Pickup,14.4,7,690.0,32.0,4450.0,4.5,Rain,0,7.0,6.91,611.0,0,0,0,0,0,0,9,6,1,0.862,42.43,-0.09,0,8.400884069015854
SM105979,2025-08-11,Varanasi,Pickup,39.1,4,621.0,25.0,4111.0,8.6,Rain,0,7.0,6.27,689.0,0,0,0,0,0,0,8,0,0,0.776,17.62,-0.73,0,8.321664807135
SM102735,2025-02-20,Gorakhpur,Mini Truck,37.6,9,1317.0,101.0,10149.0,8.5,Clear,0,9.0,8.36,1290.0,0,0,0,0,0,0,2,3,0,0.658,34.31,-0.64,0,9.225228984469933
SM103309,2025-12-11,Varanasi,Mini Truck,29.7,5,1210.0,94.0,23837.0,4.6,Clear,0,7.0,5.55,953.0,0,0,0,0,0,0,12,3,0,0.605,32.09,-1.45,0,10.079036225042653
SM104857,2025-08-19,Lucknow,Truck,22.8,6,2667.0,307.0,82353.5,7.1,Rain,0,8.0,8.81,1706.0,0,0,0,0,0,0,8,1,0,0.533,74.82,0.81,1,11.318788378921557
SM101142,2025-12-06,Lucknow,Truck,20.8,5,3915.0,223.0,28716.0,5.1,Fog,0,8.0,9.53,2046.0,0,0,0,0,0,0,12,5,1,0.783,98.37,1.53,1,10.265244560881653
SM103635,2025-06-22,Lucknow,Pickup,40.7,6,654.0,65.0,35716.0,7.9,Clear,0,8.0,6.86,892.0,0,0,0,0,0,0,6,6,1,0.818,21.92,-1.14,0,10.483382044901216
SM100010,2025-07-12,Prayagraj,Mini Truck,23.4,6,1096.0,58.0,7535.0,5.9,Clear,0,7.0,5.08,989.0,0,0,0,0,0,0,7,5,1,0.548,42.26,-1.92,0,8.927446816256198
SM102945,2025-02-09,Lucknow,Truck,30.5,5,2579.0,309.0,33924.0,6.5,Clear,0,8.0,6.84,1825.0,0,0,0,0,0,0,2,6,1,0.516,59.84,-1.16,0,10.43190748470307
SM104500,2025-09-10,Prayagraj,Truck,26.7,6,2051.0,177.0,24807.0,7.8,Rain,0,8.0,9.13,1568.0,0,0,0,0,0,0,9,2,0,0.41,58.73,1.13,1,10.118921460780285
SM104622,2025-10-29,Lucknow,Pickup,11.5,6,185.0,8.0,1155.0,4.5,Clear,0,6.0,4.29,535.0,0,0,0,0,0,0,10,2,0,0.231,46.52,-1.71,0,7.052721049232323
SM104358,2025-09-02,Lucknow,Mini Truck,20.4,9,1190.0,81.0,7946.0,7.0,Clear,0,8.0,6.02,1072.0,0,0,0,0,0,0,9,1,0,0.595,52.55,-1.98,0,8.98054977794018
SM104377,2025-04-07,Gorakhpur,Mini Truck,39.5,4,1077.0,53.0,19288.0,7.9,Clear,0,7.0,6.49,1331.0,0,0,0,0,0,0,4,0,0,0.538,33.7,-0.51,0,9.86729026422424
SM102964,2025-09-25,Varanasi,Mini Truck,46.6,8,1222.0,61.0,11162.0,8.1,Rain,0,9.0,9.44,1493.0,0,0,0,0,0,0,9,3,0,0.611,32.04,0.44,1,9.320360017014732
SM103006,2025-08-07,Varanasi,Truck,22.5,9,3382.0,205.0,45844.0,6.2,Clear,0,9.0,8.04,1938.0,0,0,0,0,0,0,8,3,0,0.676,86.13,-0.96,0,10.733021420484
SM103480,2025-10-19,Kanpur,Mini Truck,48.5,6,1172.0,65.0,27701.0,3.0,Clear,0,9.0,6.38,1397.0,0,0,0,0,0,0,10,6,1,0.586,28.8,-2.62,0,10.229259891735044
SM104730,2025-12-02,Varanasi,Truck,52.3,8,3197.0,146.0,43792.0,6.6,Clear,0,10.0,10.2,2642.0,0,0,0,0,0,0,12,1,0,0.639,50.52,0.2,1,10.687229266240786
SM102296,2025-03-03,Gorakhpur,Truck,24.4,7,4200.0,411.0,82353.5,4.2,Rain,0,9.0,8.45,2328.0,0,0,0,0,0,0,3,0,0,0.84,95.41,-0.55,0,11.318788378921557
SM102885,2025-02-26,Lucknow,Truck,34.4,6,749.0,51.0,10495.0,6.5,Clear,0,8.0,7.05,1192.0,0,0,0,0,0,0,2,2,0,0.15,34.65,-0.95,0,9.25874951118387
SM104502,2025-12-31,Lucknow,Truck,36.1,8,3723.0,240.0,58096.0,5.4,Fog,0,10.0,10.73,2398.0,0,0,0,0,0,0,12,2,0,0.745,66.43,0.73,1,10.969869306394989
SM102671,2025-11-09,Kanpur,Truck,50.9,8,4114.0,354.0,25559.0,4.3,Clear,0,11.0,8.54,2898.0,0,0,0,0,0,0,11,6,1,0.823,56.94,-2.46,0,10.14878390849147
SM101845,2025-08-14,Prayagraj,Pickup,20.0,4,395.0,22.0,2918.0,5.9,Rain,0,6.0,5.64,459.0,0,0,0,0,0,0,8,3,0,0.494,22.95,-0.36,0,7.978996370854115
SM103396,2025-06-15,Kanpur,Truck,9.2,11,3202.0,168.0,31300.0,4.1,Clear,0,9.0,8.95,1746.0,0,0,0,0,0,0,6,6,1,0.64,189.78,-0.05,0,10.351405324899678
SM102099,2025-04-01,Kanpur,Truck,41.7,4,2369.0,169.0,54705.0,5.8,Clear,0,8.0,8.14,1967.0,0,0,0,0,0,0,4,1,0,0.474,47.17,0.14,1,10.909728671608544
SM100569,2025-07-28,Prayagraj,Pickup,27.1,6,333.0,22.0,2810.0,5.6,Clear,0,7.0,6.12,686.0,0,0,1,0,0,0,7,0,0,0.416,25.31,-0.88,0,7.941295570906532
SM100537,2025-02-12,Varanasi,Truck,18.1,5,3491.0,273.0,82353.5,3.6,Clear,0,8.0,6.32,1810.0,0,0,0,0,0,0,2,2,0,0.698,100.0,-1.68,0,11.318788378921557
SM103920,2025-12-09,Kanpur,Mini Truck,28.5,8,1032.0,99.0,35639.0,6.4,Rain,0,8.0,7.44,1080.0,0,0,0,0,0,0,12,1,0,0.516,37.89,-0.56,0,10.481223881584746
SM105131,2025-05-25,Gorakhpur,Mini Truck,18.5,7,1448.0,71.0,14113.0,5.1,Clear,0,7.0,6.43,995.0,0,0,0,0,0,0,5,6,1,0.724,53.78,-0.57,0,9.554922491560776
SM103488,2025-06-11,Lucknow,Mini Truck,19.3,7,1177.0,70.0,82353.5,8.1,Clear,0,7.0,5.65,945.0,0,0,0,0,0,0,6,2,0,0.588,48.96,-1.35,0,11.318788378921557
SM103187,2025-05-28,Lucknow,Pickup,35.4,6,363.0,21.0,4464.0,6.7,Clear,0,7.0,4.74,739.0,0,0,0,0,0,0,5,2,0,0.454,20.88,-2.26,0,8.4040244933106
SM102858,2025-09-22,Varanasi,Pickup,56.9,7,412.0,32.0,27582.0,3.1,Rain,0,9.0,8.04,1064.0,0,0,0,0,0,0,9,0,0,0.515,18.7,-0.96,0,10.224954919906036
SM103213,2025-12-19,Varanasi,Mini Truck,26.6,5,558.0,24.0,3876.0,6.2,Clear,0,7.0,5.77,799.0,0,0,0,0,0,0,12,4,0,0.279,30.04,-1.23,0,8.262816937670928
SM102276,2025-03-18,Varanasi,Truck,18.5,9,3186.0,128.0,19189.0,4.9,Clear,0,9.0,8.55,1827.0,0,0,0,0,0,0,3,1,0,0.637,98.76,-0.45,0,9.862144589001746
SM101408,2025-01-01,Kanpur,Mini Truck,27.05,6,330.0,20.0,2170.0,6.1,Fog,0,7.0,7.3,722.0,1,0,0,0,0,0,1,2,0,0.165,26.69,0.3,1,7.682943169878292
SM105770,2025-05-01,Lucknow,Truck,11.2,9,3240.0,155.0,32845.0,3.2,Clear,0,9.0,6.97,1703.0,0,0,0,0,0,0,5,3,0,0.648,152.05,-2.03,0,10.399585250897506
SM100604,2025-10-29,Gorakhpur,Truck,45.75,8,2371.0,150.0,10514.0,6.3,Rain,0,9.0,8.6,1775.0,1,0,0,0,0,0,10,2,0,0.474,38.8,-0.4,0,9.2605580881368
SM104383,2025-07-25,Lucknow,Pickup,26.1,4,455.0,20.0,2873.0,5.8,Clear,0,6.0,5.33,545.0,0,0,0,0,0,0,7,4,0,0.569,20.88,-0.67,0,7.96346006663897
SM105660,2025-02-17,Lucknow,Mini Truck,28.8,3,1161.0,54.0,6091.0,7.9,Clear,1,7.0,6.01,945.0,0,1,0,0,0,0,2,0,0,0.58,32.81,-0.99,0,8.714731714015052
SM102850,2025-03-13,Gorakhpur,Mini Truck,50.9,3,1502.0,143.0,13674.5,4.1,Clear,0,8.0,5.45,1397.0,0,0,0,0,1,0,3,3,0,0.751,27.45,-2.55,0,9.523361189693068
SM104390,2025-03-07,Lucknow,Mini Truck,19.5,5,981.0,74.0,9667.0,5.7,Clear,0,7.0,4.74,815.0,0,0,0,0,0,0,3,4,0,0.49,41.79,-2.26,0,9.176576741823373
SM102910,2025-02-10,Gorakhpur,Pickup,43.7,3,418.0,34.0,7294.0,4.7,Clear,0,7.0,5.82,745.0,0,0,0,0,0,0,2,0,0,0.522,17.05,-1.18,0,8.894944460956886
SM101332,2025-06-05,Lucknow,Mini Truck,12.2,4,1168.0,50.0,4817.0,4.8,Clear,1,6.0,5.68,841.0,0,0,0,0,0,0,6,3,0,0.584,68.93,-0.32,0,8.480114183174816
SM101647,2025-08-31,Lucknow,Pickup,43.9,5,430.0,43.0,2216.0,6.3,Clear,0,8.0,5.46,1084.0,0,0,0,0,0,0,8,6,1,0.538,24.69,-2.54,0,7.7039102096163115
SM102701,2025-10-18,Lucknow,Mini Truck,26.0,2,1151.0,57.0,19679.0,6.5,Clear,0,6.0,4.28,837.0,0,0,0,0,0,0,10,5,1,0.576,32.19,-1.72,0,9.887358170606245
SM103473,2025-11-20,Varanasi,Mini Truck,39.1,6,822.0,38.0,5960.0,5.7,Clear,0,8.0,6.92,971.0,0,0,0,0,0,0,11,3,0,0.411,24.83,-1.08,0,8.692993531219926
SM104423,2025-06-16,Prayagraj,Mini Truck,41.4,4,469.0,49.0,11702.0,6.1,Clear,0,7.0,6.1,932.0,0,0,0,0,0,0,6,0,0,0.234,22.51,-0.9,0,9.367600498174767
SM103925,2025-07-28,Lucknow,Mini Truck,15.0,4,1060.0,79.0,18507.0,7.2,Clear,0,6.0,5.44,736.0,0,0,0,0,0,0,7,0,0,0.53,49.07,-0.56,0,9.825958350026891
SM100688,2025-06-12,Varanasi,Mini Truck,32.7,7,1262.0,102.0,38612.0,6.8,Clear,0,8.0,6.87,1210.0,0,0,0,0,0,0,6,3,0,0.631,37.0,-1.13,0,10.561344286317487
SM100822,2025-02-19,Varanasi,Mini Truck,11.7,4,1156.0,64.0,18789.0,4.7,Clear,0,6.0,3.92,778.0,0,0,0,0,0,0,2,2,0,0.578,66.5,-2.08,0,9.84108009240751
SM103399,2025-09-21,Kanpur,Truck,48.9,5,1718.0,86.0,8616.0,5.5,Clear,0,9.0,8.17,1941.0,0,0,0,0,0,0,9,6,1,0.344,39.69,-0.83,0,9.061492275239766
SM104441,2025-05-10,Kanpur,Truck,46.4,5,2786.0,133.0,24118.0,1.0,Clear,0,9.0,7.34,2373.0,0,0,0,0,0,0,5,5,1,0.557,51.14,-1.66,0,10.09075519061184
SM103087,2025-03-06,Lucknow,Truck,61.8,5,2521.0,228.0,27259.0,4.3,Clear,0,10.0,8.16,3756.0,0,0,0,0,0,1,3,3,0,0.504,60.78,-1.84,0,10.213175705250524
SM103570,2025-10-19,Varanasi,Mini Truck,64.3,11,1222.0,128.0,33522.0,4.5,Clear,0,11.0,8.56,1858.0,0,0,0,0,0,0,10,6,1,0.611,28.9,-2.44,0,10.419987049397923
SM101677,2025-06-03,Lucknow,Mini Truck,27.6,2,1249.0,123.0,25430.0,4.3,Clear,0,6.0,5.63,873.0,0,0,0,0,0,0,6,1,0,0.624,31.63,-0.37,0,10.143724181276514
SM101149,2025-11-07,Prayagraj,Mini Truck,60.8,6,1511.0,74.0,13426.0,8.1,Clear,0,9.0,8.88,1692.0,0,0,0,0,0,0,11,4,0,0.756,27.83,-0.12,0,9.505022884072709
SM104778,2025-02-08,Lucknow,Mini Truck,48.1,8,667.0,68.0,14684.0,5.7,Clear,0,9.0,7.22,1318.0,0,0,0,0,0,0,2,5,1,0.334,27.4,-1.78,0,9.59458184363272
SM104434,2025-08-02,Lucknow,Truck,28.5,6,3714.0,207.0,35171.0,8.4,Rain,0,9.0,10.21,2144.0,0,0,0,0,0,0,8,5,1,0.743,75.23,1.21,1,10.468005590498892
SM101493,2025-05-02,Lucknow,Mini Truck,16.4,5,1749.0,206.0,24196.0,6.2,Clear,0,7.0,5.74,943.0,0,0,0,0,0,0,5,4,0,0.874,57.5,-1.26,0,10.093983937518093
SM104206,2025-11-27,Varanasi,Mini Truck,61.3,9,769.0,35.0,4990.0,5.4,Clear,0,10.0,7.95,1541.0,0,0,0,0,0,0,11,3,0,0.384,25.14,-2.05,0,8.515391569469609
SM102114,2025-09-28,Lucknow,Pickup,18.3,6,358.0,43.0,7823.0,7.0,Clear,0,7.0,4.48,416.0,0,0,0,0,0,1,9,6,1,0.448,22.73,-2.52,0,8.964951211714654
SM104570,2025-09-10,Varanasi,Pickup,43.6,10,353.0,19.0,2015.0,5.8,Clear,0,9.0,8.68,924.0,0,0,0,0,0,0,9,2,0,0.441,21.19,-0.32,0,7.60887062919126
SM101323,2025-11-20,Lucknow,Pickup,15.6,7,698.0,63.0,14269.0,5.9,Clear,0,7.0,5.46,705.0,0,0,0,0,0,0,11,3,0,0.872,45.19,-1.54,0,9.565914710470881
SM104115,2025-06-23,Gorakhpur,Truck,53.9,6,3774.0,162.0,36888.0,3.3,Clear,0,10.0,7.94,2860.0,0,0,0,0,0,0,6,0,0,0.755,53.06,-2.06,0,10.515668682606062
SM104427,2025-06-26,Lucknow,Mini Truck,26.2,6,511.0,53.0,7863.0,4.0,Rain,0,7.0,6.41,769.0,0,0,0,0,0,0,6,3,0,0.256,29.35,-0.59,0,8.970050661827003
SM104588,2025-08-10,Varanasi,Pickup,37.9,9,609.0,53.0,15318.0,3.9,Rain,0,8.0,7.78,870.0,1,0,0,0,0,0,8,6,1,0.761,22.96,-0.22,0,9.636849167012697
SM105031,2025-11-02,Prayagraj,Mini Truck,28.8,8,1018.0,46.0,7323.0,5.3,Clear,0,8.0,6.24,1127.0,0,0,0,1,0,0,11,6,1,0.509,39.13,-1.76,0,8.898911905794401
SM102946,2025-08-03,Lucknow,Mini Truck,20.3,6,1418.0,127.0,38185.0,5.5,Rain,0,7.0,7.31,1020.0,0,0,0,0,0,0,8,6,1,0.709,50.25,0.31,1,10.55022423527341
SM103916,2025-01-25,Prayagraj,Mini Truck,42.8,5,289.0,16.0,5612.0,4.6,Clear,0,7.0,5.39,999.0,0,0,0,0,0,0,1,5,1,0.144,23.34,-1.61,0,8.6328406149422
SM103193,2025-03-12,Prayagraj,Truck,63.9,8,3405.0,301.0,82353.5,4.9,Rain,0,11.0,11.22,2991.0,0,0,0,0,0,0,3,2,0,0.681,46.81,0.22,1,11.318788378921557
SM105080,2025-04-26,Lucknow,Mini Truck,41.2,5,896.0,65.0,10301.0,5.8,Rain,0,8.0,7.78,1237.0,0,0,0,0,0,0,4,5,1,0.448,30.02,-0.22,0,9.24009333012553
SM102087,2025-08-30,Prayagraj,Mini Truck,29.8,4,1718.0,87.0,20318.0,4.5,Clear,0,7.0,5.19,1208.0,0,0,0,0,0,0,8,5,1,0.859,40.54,-1.81,0,9.919311687883013
SM104964,2025-12-11,Lucknow,Truck,22.4,11,3117.0,278.0,82353.5,7.1,Clear,0,10.0,9.18,1995.0,0,0,0,0,0,0,12,3,0,0.623,89.06,-0.82,0,11.318788378921557
SM103868,2025-03-22,Varanasi,Truck,27.4,6,2276.0,242.0,41661.0,5.2,Clear,0,8.0,5.38,1699.0,0,0,0,0,0,0,3,5,1,0.455,62.01,-2.62,0,10.63734472134386
SM101601,2025-09-27,Gorakhpur,Pickup,44.2,7,215.0,10.0,1230.0,5.6,Clear,0,8.0,7.03,761.0,0,0,1,0,0,0,9,5,1,0.269,17.22,-0.97,0,7.115582126184454
SM104317,2025-06-01,Gorakhpur,Pickup,72.1,8,344.0,36.0,3451.0,3.1,Clear,0,10.0,7.7,1243.0,0,0,0,0,0,0,6,6,1,0.43,17.24,-2.3,0,8.146709052203319
SM100559,2025-11-07,Prayagraj,Mini Truck,35.4,6,466.0,35.0,9582.0,6.4,Clear,0,8.0,5.54,986.0,0,0,0,0,0,0,11,4,0,0.233,27.85,-2.46,0,9.167745974343763
SM105710,2025-04-10,Varanasi,Mini Truck,30.6,8,1297.0,65.0,33988.0,9.3,Clear,0,8.0,8.02,1206.0,0,0,0,0,0,0,4,3,0,0.648,39.41,0.02,1,10.433792221839603
SM103298,2025-07-16,Lucknow,Pickup,15.5,7,276.0,17.0,1938.0,5.2,Clear,0,7.0,6.32,493.0,0,0,0,0,0,0,7,2,0,0.345,31.81,-0.68,0,7.569927655242652
SM104269,2025-07-04,Prayagraj,Pickup,18.2,7,402.0,32.0,4989.0,6.6,Rain,0,7.0,6.68,740.0,0,0,0,0,0,0,7,4,0,0.502,40.66,-0.32,0,8.515191188745565
SM100707,2025-07-28,Varanasi,Pickup,23.4,10,377.0,26.0,8373.0,6.3,Clear,0,8.0,6.5,788.0,0,0,0,0,0,0,7,0,0,0.471,33.68,-1.5,0,9.032886946579088
SM103792,2025-04-04,Varanasi,Mini Truck,40.8,7,1163.0,109.0,12177.0,6.1,Clear,0,8.0,6.19,1285.0,0,0,0,0,0,0,4,4,0,0.582,31.5,-1.81,0,9.40738632416852
SM100583,2025-01-19,Kanpur,Mini Truck,27.6,4,949.0,53.0,9100.0,6.1,Rain,1,7.0,7.57,839.0,0,0,0,0,0,0,1,6,1,0.474,30.4,0.57,1,9.116139576577355
SM101208,2025-04-14,Prayagraj,Truck,52.8,3,1530.0,115.0,37649.0,6.2,Rain,0,8.0,7.95,1857.0,0,0,0,0,0,0,4,0,0,0.306,35.17,-0.05,0,10.536088233228039
SM103513,2025-02-21,Kanpur,Mini Truck,16.9,2,1235.0,84.0,20353.0,4.5,Clear,0,6.0,3.41,715.0,0,0,0,0,0,0,2,4,0,0.618,42.31,-2.59,0,9.921032731751877
SM100422,2025-10-07,Varanasi,Pickup,47.7,4,646.0,36.0,11862.0,3.5,Clear,0,8.0,6.48,1004.0,0,0,0,1,0,0,10,1,0,0.808,21.05,-1.52,0,9.381179591661104
SM102633,2025-07-25,Lucknow,Mini Truck,24.5,3,1136.0,50.0,10161.0,6.8,Clear,0,6.0,4.45,941.0,0,0,0,0,0,0,7,4,0,0.568,38.41,-1.55,0,9.226410552153677
SM104069,2025-02-06,Varanasi,Truck,62.3,5,1771.0,96.0,58741.0,7.4,Clear,1,9.0,9.96,2319.0,0,0,0,0,0,0,2,3,0,0.354,37.22,0.96,1,10.980910252521634
SM100875,2025-07-04,Prayagraj,Truck,29.4,10,3640.0,213.0,17954.0,4.3,Rain,0,10.0,9.59,2327.0,0,0,0,0,0,0,7,4,0,0.728,79.15,-0.41,0,9.795623906660182
SM105482,2025-04-21,Kanpur,Truck,24.7,7,4071.0,281.0,82353.5,3.7,Clear,0,9.0,8.0,2267.0,0,0,0,0,0,0,4,0,0,0.814,91.78,-1.0,0,11.318788378921557
SM104036,2025-09-08,Lucknow,Truck,24.9,1,4108.0,258.0,69737.0,7.5,Clear,0,7.0,5.84,2032.0,0,0,0,0,0,0,9,0,0,0.822,81.61,-1.16,0,11.152500641871763
SM105050,2025-06-08,Prayagraj,Mini Truck,34.3,15,1332.0,81.0,45031.0,4.6,Clear,0,11.0,9.9,1610.0,0,0,0,0,0,0,6,6,1,0.666,46.94,-1.1,0,10.715128627143862
SM105053,2025-11-30,Varanasi,Mini Truck,85.3,5,1172.0,120.0,4645.0,2.5,Clear,0,10.0,7.14,2013.0,0,0,0,0,0,0,11,6,1,0.586,23.6,-2.86,0,8.443761913330354
SM101566,2025-12-20,Kanpur,Mini Truck,22.9,5,1635.0,66.0,5460.0,2.8,Clear,0,7.0,5.36,1093.0,0,0,0,0,0,0,12,5,1,0.818,47.73,-1.64,0,8.605387202152153
SM104154,2025-03-24,Kanpur,Truck,81.4,1,2855.0,132.0,33242.0,5.0,Clear,0,9.0,7.8,3028.0,0,0,0,0,0,0,3,0,0,0.571,37.2,-1.2,0,10.411599497604435
SM105614,2025-07-28,Lucknow,Mini Truck,30.5,7,1379.0,84.0,15894.0,4.9,Rain,0,8.0,8.7,1086.0,0,0,0,0,0,1,7,0,0,0.69,35.61,0.7,1,9.673759873344903
SM101183,2025-06-13,Prayagraj,Pickup,38.1,6,331.0,16.0,3700.0,3.5,Clear,0,8.0,5.56,734.0,0,0,0,0,0,0,6,4,0,0.414,19.27,-2.44,0,8.216358332386156
SM100227,2025-07-31,Lucknow,Pickup,23.6,8,302.0,15.0,3327.0,4.7,Clear,0,7.0,5.48,572.0,0,0,0,0,0,0,7,3,0,0.378,24.24,-1.52,0,8.1101268019411
SM100826,2025-09-06,Lucknow,Pickup,16.5,4,261.0,11.0,2830.0,7.2,Rain,0,6.0,6.44,403.0,0,0,0,0,0,0,9,5,1,0.326,24.42,0.44,1,7.9483852851118995
SM102254,2025-04-18,Kanpur,Truck,31.6,5,2840.0,186.0,32455.0,5.4,Clear,0,8.0,6.97,1863.0,0,1,0,0,0,0,4,4,0,0.568,58.96,-1.03,0,10.387640604886283
SM105736,2025-04-20,Varanasi,Mini Truck,35.849999999999994,5,1352.0,56.0,9957.0,7.6,Clear,0,9.0,7.66,1635.0,1,0,0,0,0,0,4,6,1,0.676,45.61,-1.34,0,9.206131527202128
SM102321,2025-01-13,Varanasi,Mini Truck,45.5,6,1311.0,75.0,29429.0,10.0,Fog,0,8.0,10.05,1369.0,0,0,0,0,0,0,1,0,0,0.656,30.09,2.05,1,10.289769841227518
SM102942,2025-10-06,Lucknow,Truck,50.0,5,3766.0,390.0,67501.0,6.8,Clear,0,10.0,8.93,2662.0,0,0,0,0,0,0,10,0,0,0.753,53.24,-1.07,0,11.119912506051302
SM105834,2025-04-04,Prayagraj,Mini Truck,27.4,4,1318.0,53.0,8675.0,6.7,Clear,0,7.0,5.89,1005.0,0,0,0,0,0,0,4,4,0,0.659,36.68,-1.11,0,9.068315871946766
SM101636,2025-03-02,Prayagraj,Pickup,30.2,6,491.0,26.0,5543.0,5.7,Clear,0,7.0,5.93,733.0,0,0,0,0,0,0,3,6,1,0.614,24.27,-1.07,0,8.620471540869739
SM102828,2025-08-17,Varanasi,Pickup,62.8,4,497.0,20.0,9040.0,4.2,Clear,0,8.0,6.68,992.0,0,0,0,0,0,0,8,6,1,0.621,15.8,-1.32,0,9.109525066737367
SM104382,2025-05-09,Gorakhpur,Mini Truck,61.3,7,1175.0,53.0,8548.0,5.3,Clear,0,9.0,8.18,1614.0,0,0,0,0,0,0,5,4,0,0.588,26.33,-0.82,0,9.053569596026234
SM103269,2025-12-25,Lucknow,Truck,8.6,5,2364.0,107.0,38765.0,7.6,Rain,0,7.0,8.05,1255.0,0,0,0,0,0,0,12,3,0,0.473,145.93,1.05,1,10.56529885278622
SM104395,2025-07-06,Gorakhpur,Truck,47.2,10,3804.0,366.0,60848.0,5.1,Clear,0,11.0,11.15,2848.0,0,0,0,0,0,0,7,6,1,0.761,60.34,0.15,1,11.016150664426897
SM103593,2025-07-27,Kanpur,Truck,25.1,3,3750.0,276.0,45568.0,6.0,Rain,0,8.0,7.96,2100.0,0,0,0,0,0,0,7,6,1,0.75,83.67,-0.04,0,10.726982939755574
SM101190,2025-06-01,Lucknow,Pickup,11.5,5,590.0,26.0,4748.0,2.8,Rain,0,6.0,5.24,409.0,0,0,0,0,0,0,6,6,1,0.738,35.57,-0.76,0,8.465689348549121
SM105915,2025-01-05,Lucknow,Mini Truck,17.7,9,1031.0,69.0,13674.5,5.5,Clear,0,8.0,7.04,882.0,0,0,0,0,1,0,1,6,1,0.516,49.83,-0.96,0,9.523361189693068
SM101374,2025-11-20,Varanasi,Pickup,37.9,5,306.0,29.0,15025.0,3.3,Clear,0,9.0,7.27,1030.0,1,0,0,0,0,0,11,3,0,0.382,27.18,-1.73,0,9.617537312929105
SM101569,2025-12-26,Varanasi,Mini Truck,9.6,9,1264.0,76.0,20216.0,4.7,Fog,0,8.0,7.52,825.0,0,0,0,0,0,0,12,4,0,0.632,85.94,-0.48,0,9.914279113614327
SM104809,2025-10-22,Lucknow,Mini Truck,15.9,7,782.0,50.0,16240.0,3.8,Clear,1,7.0,6.94,797.0,0,0,0,0,0,0,10,2,0,0.391,50.13,-0.06,0,9.695294188174604
SM103093,2025-03-29,Varanasi,Pickup,22.1,2,354.0,33.0,3109.0,5.3,Clear,0,6.0,3.41,386.0,0,0,0,0,0,0,3,5,1,0.442,17.47,-2.59,0,8.04237800517328
SM102134,2025-06-10,Kanpur,Truck,31.6,5,3864.0,167.0,33065.0,3.8,Clear,0,9.0,7.63,2325.0,0,0,0,0,1,0,6,1,0,0.773,73.58,-1.37,0,10.40626084311129
SM105091,2025-05-17,Lucknow,Mini Truck,32.1,4,1806.0,83.0,9400.0,5.9,Clear,0,7.0,5.5,1213.0,0,0,0,0,0,0,5,5,1,0.903,37.79,-1.5,0,9.148571345578551
SM101808,2025-02-02,Prayagraj,Truck,21.0,6,1987.0,154.0,14807.0,7.6,Rain,0,8.0,8.94,1488.0,0,0,0,0,0,0,2,6,1,0.397,70.86,0.94,1,9.602922854253334
SM100825,2025-02-03,Varanasi,Mini Truck,49.9,3,985.0,50.0,17879.0,4.7,Clear,0,8.0,5.05,1159.0,0,0,0,0,0,0,2,0,0,0.492,23.23,-2.95,0,9.791438048727505
SM102392,2025-08-14,Gorakhpur,Truck,55.2,6,3151.0,280.0,49234.0,5.7,Rain,0,10.0,9.17,2638.0,0,0,0,0,0,0,8,3,0,0.63,47.79,-0.83,0,10.804360031681902
SM103669,2025-03-21,Kanpur,Truck,40.8,7,2131.0,177.0,50942.0,6.5,Clear,0,9.0,8.14,2005.0,0,0,0,0,0,0,3,4,0,0.426,49.14,-0.86,0,10.838462639614411
SM102480,2025-08-26,Lucknow,Mini Truck,46.6,4,1417.0,67.0,43689.0,9.1,Rain,0,8.0,8.26,1239.0,0,0,0,0,0,0,8,1,0,0.708,26.59,0.26,1,10.684874521945481
SM103315,2025-11-06,Prayagraj,Mini Truck,33.1,3,1349.0,145.0,22910.0,9.0,Clear,0,7.0,6.27,1118.0,0,0,0,0,0,0,11,3,0,0.674,33.78,-0.73,0,10.039372423556493
SM105261,2025-01-31,Lucknow,Truck,25.4,7,3168.0,158.0,22253.0,4.8,Clear,0,8.0,8.11,1830.0,1,0,0,0,0,0,1,4,0,0.634,72.05,0.11,1,10.010277046717645
SM104965,2025-02-08,Kanpur,Mini Truck,14.3,7,1582.0,165.0,24545.0,7.2,Clear,0,7.0,6.0,1094.0,0,0,0,0,0,0,2,5,1,0.791,76.5,-1.0,0,10.108304187157454
SM104545,2025-10-03,Prayagraj,Truck,61.0,7,2105.0,158.0,23606.0,5.6,Clear,0,10.0,10.33,2379.0,0,0,1,0,0,0,10,4,0,0.421,39.0,0.33,1,10.069298557203092
SM100816,2025-01-16,Prayagraj,Pickup,16.4,3,137.0,16.0,1742.0,4.5,Rain,0,5.0,5.85,286.0,0,0,0,0,0,0,1,3,0,0.171,17.44,0.85,1,7.463363045520021
SM101316,2025-09-17,Gorakhpur,Mini Truck,35.1,6,1828.0,129.0,33717.0,7.1,Rain,0,8.0,8.46,1345.0,0,0,0,0,0,0,9,2,0,0.914,38.32,0.46,1,10.425787098375746
SM100465,2025-12-19,Kanpur,Truck,40.9,7,2840.0,133.0,21443.0,4.6,Clear,0,9.0,7.99,2268.0,0,1,0,0,0,0,12,4,0,0.568,55.45,-1.01,0,9.973200164947428
SM102533,2025-03-04,Prayagraj,Pickup,19.2,7,344.0,41.0,12006.0,4.1,Clear,0,7.0,5.46,466.0,0,0,0,0,0,0,3,1,0,0.43,24.27,-1.54,0,9.393245092030718
SM103677,2025-10-08,Gorakhpur,Pickup,99.7,8,383.0,18.0,2156.0,8.6,Clear,0,11.0,9.56,1553.0,0,0,0,0,0,0,10,2,0,0.479,15.58,-1.44,0,7.676473646389156
SM100509,2025-03-28,Lucknow,Truck,25.4,6,2711.0,115.0,9415.0,5.6,Clear,0,7.0,5.86,1409.0,1,0,0,0,0,0,3,4,0,0.542,55.47,-1.14,0,9.150165648940114
SM100146,2025-01-13,Kanpur,Mini Truck,23.6,4,769.0,33.0,16479.0,4.8,Fog,0,6.0,4.57,792.0,0,0,0,0,0,0,1,0,0,0.384,33.56,-1.43,0,9.709902803463462
SM105114,2025-03-28,Lucknow,Pickup,24.5,7,506.0,26.0,6450.0,4.9,Clear,0,7.0,7.03,698.0,0,0,0,0,0,0,3,4,0,0.632,28.49,0.03,1,8.771990436532242
SM105908,2025-10-18,Prayagraj,Mini Truck,41.2,6,1108.0,91.0,18265.0,4.4,Clear,0,8.0,6.07,1287.0,0,0,0,0,0,0,10,5,1,0.554,31.24,-1.93,0,9.812796687251625
SM102919,2025-05-19,Prayagraj,Pickup,66.0,7,532.0,31.0,10927.0,3.1,Clear,0,9.0,7.24,1224.0,0,0,0,0,0,0,5,0,0,0.665,18.55,-1.76,0,9.29908358181057
SM100629,2025-05-14,Lucknow,Pickup,24.3,11,381.0,26.0,3609.0,5.2,Clear,0,9.0,7.03,634.0,0,0,0,0,0,0,5,2,0,0.476,26.09,-1.97,0,8.191463051326927
SM101536,2025-02-26,Varanasi,Truck,19.3,5,1836.0,119.0,19473.0,5.7,Clear,0,7.0,6.09,1291.0,0,0,0,0,0,0,2,2,0,0.367,66.89,-0.91,0,9.876835521538702
SM105868,2025-12-04,Prayagraj,Pickup,38.1,7,673.0,45.0,4795.0,4.4,Fog,0,8.0,7.43,889.0,0,0,0,0,0,0,12,3,0,0.841,23.33,-0.57,0,8.475537516147405
SM103022,2025-05-22,Lucknow,Mini Truck,18.1,4,547.0,45.0,25021.0,4.0,Clear,0,6.0,5.34,667.0,0,0,0,0,0,0,5,3,0,0.274,36.85,-0.66,0,10.127510716877346
SM103318,2025-04-04,Prayagraj,Mini Truck,56.5,6,1161.0,75.0,9633.0,7.0,Clear,0,9.0,7.78,1558.0,0,1,0,0,0,0,4,4,0,0.58,27.58,-1.22,0,9.173053787190167
SM101196,2025-09-18,Lucknow,Mini Truck,49.8,8,951.0,78.0,20375.0,5.5,Rain,1,9.0,9.82,1332.0,0,0,0,0,0,0,9,3,0,0.476,26.75,0.82,1,9.922113016659292
SM104990,2025-08-25,Varanasi,Pickup,40.4,9,337.0,16.0,3565.0,4.6,Rain,0,9.0,8.11,1030.0,0,0,0,0,0,0,8,0,0,0.421,25.5,-0.89,0,8.179199798423086
SM100470,2025-09-27,Prayagraj,Pickup,31.8,10,244.0,27.0,4104.0,5.8,Rain,0,9.0,7.25,799.0,0,0,0,1,0,0,9,5,1,0.305,25.13,-1.75,0,8.31996102188653
SM104557,2025-11-11,Prayagraj,Mini Truck,30.7,4,929.0,42.0,13439.0,5.7,Clear,0,7.0,5.89,1008.0,0,0,0,0,0,0,11,1,0,0.464,32.83,-1.11,0,9.50599061407714
SM103685,2025-02-26,Prayagraj,Truck,56.2,4,2020.0,175.0,20569.0,1.7,Clear,0,9.0,7.76,2163.0,0,0,0,0,0,0,2,2,0,0.404,38.49,-1.24,0,9.931588982647003
SM101789,2025-10-03,Varanasi,Mini Truck,31.7,10,869.0,39.0,44369.0,4.6,Clear,0,9.0,6.9,1128.0,0,0,0,0,0,0,10,4,0,0.434,35.58,-2.1,0,10.700318844372955
SM102411,2025-01-19,Kanpur,Mini Truck,14.5,3,1411.0,62.0,34893.0,3.2,Fog,0,6.0,5.72,823.0,0,0,0,0,0,0,1,6,1,0.706,56.76,-0.28,0,10.460070173639847
SM105058,2025-04-04,Varanasi,Pickup,48.8,4,401.0,23.0,8292.0,6.8,Clear,0,8.0,6.83,817.0,0,0,0,0,0,0,4,4,0,0.501,16.74,-1.17,0,9.023167064451204
SM100204,2025-06-16,Gorakhpur,Pickup,25.9,7,311.0,19.0,6052.0,5.1,Clear,0,7.0,5.86,630.0,0,0,0,0,0,0,6,0,0,0.389,24.32,-1.14,0,8.708309295891688
SM102822,2025-02-16,Kanpur,Pickup,33.5,6,301.0,17.0,1952.0,4.6,Rain,0,7.0,7.26,667.0,0,0,0,0,0,0,2,6,1,0.376,19.91,0.26,1,7.577121930876679
SM103120,2025-08-16,Lucknow,Pickup,24.6,7,465.0,48.0,7244.0,4.1,Clear,1,7.0,5.74,684.0,0,0,0,0,0,0,8,5,1,0.581,27.8,-1.26,0,8.888066854754783
SM103379,2025-05-25,Prayagraj,Mini Truck,29.7,2,1359.0,92.0,14889.0,7.1,Clear,0,6.0,6.14,974.0,0,0,0,0,0,0,5,6,1,0.68,32.79,0.14,1,9.608445125678054
SM105276,2025-04-02,Prayagraj,Pickup,52.6,5,428.0,22.0,4402.0,8.0,Clear,0,8.0,6.1,980.0,0,0,0,0,0,0,4,2,0,0.535,18.63,-1.9,0,8.390041405755754
SM102005,2025-02-17,Prayagraj,Truck,43.5,5,2323.0,97.0,11052.0,4.7,Clear,0,9.0,7.53,2019.0,0,0,0,0,0,0,2,0,0,0.465,46.41,-1.47,0,9.310457163310955
SM105672,2025-12-14,Gorakhpur,Pickup,67.5,11,543.0,26.0,3647.0,5.2,Fog,0,11.0,10.61,1277.0,0,0,0,0,0,0,12,6,1,0.679,18.92,-0.39,0,8.201934351194222
SM103475,2025-03-20,Lucknow,Truck,28.1,5,3213.0,288.0,69053.0,5.1,Clear,0,8.0,7.08,1976.0,0,0,0,0,0,0,3,3,0,0.643,70.32,-0.92,0,11.142644086196546
SM103708,2025-06-29,Varanasi,Mini Truck,47.4,10,1481.0,167.0,20199.0,3.0,Clear,0,10.0,7.08,1688.0,0,0,0,0,0,1,6,6,1,0.74,35.61,-2.92,0,9.913437883389296
SM102650,2025-11-18,Gorakhpur,Pickup,67.5,4,310.0,13.0,1990.0,7.8,Clear,0,8.0,7.6,952.0,0,0,0,0,0,0,11,1,0,0.388,14.1,-0.4,0,7.596392304064196
SM102747,2025-10-23,Gorakhpur,Pickup,24.8,2,694.0,75.0,8091.0,4.3,Clear,1,6.0,5.55,590.0,0,0,0,0,0,0,10,3,0,0.868,23.79,-0.45,0,8.998631198287637
SM103116,2025-08-18,Prayagraj,Pickup,53.3,5,479.0,60.0,11034.0,6.4,Rain,0,8.0,7.71,993.0,0,0,0,0,0,0,8,0,0,0.599,18.63,-0.29,0,9.308827318690836
SM102352,2025-09-18,Varanasi,Pickup,26.7,5,427.0,18.0,7739.0,4.7,Rain,0,7.0,7.68,606.0,0,0,0,0,0,0,9,3,0,0.534,22.7,0.68,1,8.954156966583772
SM101754,2025-08-17,Gorakhpur,Truck,56.5,6,3782.0,184.0,82353.5,3.0,Clear,0,10.0,9.1,2733.0,0,0,0,0,0,0,8,6,1,0.756,48.37,-0.9,0,11.318788378921557
SM101215,2025-02-11,Lucknow,Pickup,14.0,4,413.0,21.0,2118.0,5.4,Clear,0,6.0,4.95,415.0,0,0,0,0,0,0,2,1,0,0.516,29.64,-1.05,0,7.6586995582682995
SM104155,2025-03-10,Kanpur,Mini Truck,33.0,4,910.0,38.0,5480.0,4.7,Clear,0,7.0,4.95,958.0,0,0,0,0,0,0,3,0,0,0.455,29.03,-2.05,0,8.609042845046117
SM105410,2025-01-08,Varanasi,Mini Truck,7.8,5,220.0,10.0,2072.0,6.3,Fog,0,6.0,6.67,427.0,0,0,0,0,0,0,1,2,0,0.11,54.74,0.67,1,7.636752112435779
SM105752,2025-02-13,Kanpur,Mini Truck,35.4,5,810.0,98.0,15052.0,7.9,Clear,0,7.0,6.62,1041.0,0,0,0,0,0,0,2,3,0,0.405,29.41,-0.38,0,9.619332585860503
SM101451,2025-01-15,Gorakhpur,Mini Truck,46.4,5,1265.0,60.0,31578.0,5.7,Clear,0,8.0,6.8,1389.0,0,0,0,0,0,0,1,2,0,0.632,29.94,-1.2,0,10.360247621697122
SM102215,2025-05-23,Prayagraj,Pickup,31.0,6,195.0,8.0,1494.0,7.3,Clear,0,7.0,7.26,641.0,0,0,0,0,0,0,5,4,0,0.244,20.68,0.26,1,7.3098814858247865
SM103740,2025-03-24,Varanasi,Pickup,118.4,11,472.0,21.0,1207.0,6.3,Rain,0,13.0,13.0,1870.0,0,0,0,0,0,0,3,0,0,0.59,15.79,0.0,0,7.0967213784947605
SM101903,2025-04-01,Kanpur,Pickup,33.8,7,533.0,34.0,19019.0,6.1,Clear,0,8.0,6.31,793.0,0,0,0,0,0,0,4,1,0,0.666,23.46,-1.69,0,9.853246336099382
SM100979,2025-07-26,Varanasi,Mini Truck,37.4,10,1156.0,54.0,10886.0,7.6,Clear,0,9.0,8.98,1399.0,0,0,0,0,0,0,7,5,1,0.578,37.41,-0.02,0,9.29532469588118
SM100549,2025-09-06,Kanpur,Pickup,28.6,4,529.0,45.0,14485.0,6.5,Fog,0,7.0,5.86,641.0,0,0,0,0,0,0,9,5,1,0.661,22.41,-1.14,0,9.580937944755272
SM103167,2025-04-08,Prayagraj,Mini Truck,47.6,6,1402.0,166.0,57159.0,8.0,Clear,0,9.0,7.02,1431.0,0,0,0,0,0,0,4,1,0,0.701,30.06,-1.98,0,10.953609632043804
SM105846,2025-02-14,Kanpur,Pickup,49.4,3,481.0,21.0,4299.0,8.0,Clear,0,7.0,6.89,888.0,0,0,0,0,0,0,2,4,0,0.601,17.98,-0.11,0,8.366370301681654
SM104788,2025-04-22,Varanasi,Truck,34.6,10,2475.0,104.0,17281.0,7.6,Clear,0,10.0,8.74,2032.0,0,0,0,0,0,0,4,1,0,0.495,58.73,-1.26,0,9.757420776401345
SM102266,2025-09-07,Prayagraj,Mini Truck,25.6,6,1428.0,68.0,5187.0,7.4,Rain,0,8.0,8.57,1191.0,0,0,0,0,0,0,9,6,1,0.714,46.52,0.57,1,8.554103545436334
SM102368,2025-03-01,Kanpur,Mini Truck,40.3,7,1177.0,56.0,7233.0,5.6,Clear,0,8.0,6.15,1342.0,0,0,0,0,0,0,3,5,1,0.588,33.3,-1.85,0,8.886547412512042
SM101425,2025-10-25,Prayagraj,Mini Truck,17.1,8,1457.0,101.0,10908.0,4.9,Clear,0,8.0,4.7,1139.0,0,0,0,0,0,0,10,5,1,0.728,66.61,-3.3,0,9.297343415597757
SM104207,2025-12-08,Lucknow,Pickup,44.8,3,570.0,25.0,6075.0,2.2,Clear,0,7.0,5.18,912.0,0,0,0,0,0,0,12,0,0,0.712,20.36,-1.82,0,8.712101863715663
SM103319,2025-01-13,Varanasi,Pickup,69.8,4,492.0,25.0,5006.0,3.5,Clear,0,9.0,6.78,1085.0,0,0,0,0,0,0,1,0,0,0.615,15.54,-2.22,0,8.518592212329946
SM104496,2025-05-01,Prayagraj,Pickup,11.0,10,702.0,35.0,12795.0,4.0,Clear,0,8.0,5.72,649.0,0,0,0,0,0,0,5,3,0,0.878,59.0,-2.28,0,9.45688790106941
SM100576,2025-12-04,Kanpur,Truck,6.8,5,2572.0,120.0,52406.0,6.0,Fog,0,7.0,7.21,1311.0,0,0,0,0,0,0,12,3,0,0.514,192.79,0.21,1,10.86679544917334
SM102807,2025-04-24,Kanpur,Pickup,17.3,4,692.0,39.0,17872.0,6.0,Clear,0,6.0,5.21,488.0,0,0,0,0,0,0,4,3,0,0.865,28.21,-0.79,0,9.791046473190379
SM103099,2025-04-10,Lucknow,Truck,18.5,5,1054.0,53.0,14072.0,3.9,Clear,0,7.0,5.58,1098.0,0,0,0,0,0,0,4,3,0,0.211,59.35,-1.42,0,9.552013346996567
SM105223,2025-10-27,Gorakhpur,Truck,90.6,5,3555.0,152.0,14093.0,7.5,Clear,0,12.0,9.98,3545.0,0,0,0,0,0,0,10,0,0,0.711,39.13,-2.02,0,9.553504453886967
SM100445,2025-08-30,Prayagraj,Pickup,29.7,4,551.0,40.0,16326.0,8.3,Rain,0,7.0,6.69,653.0,0,0,0,0,0,0,8,5,1,0.689,21.99,-0.31,0,9.700575458126165
SM104186,2025-04-08,Lucknow,Pickup,16.7,5,533.0,53.0,7986.0,4.1,Clear,0,6.0,4.11,676.0,0,0,0,0,0,0,4,1,0,0.666,40.48,-1.89,0,8.985570498917388
SM103470,2025-03-23,Prayagraj,Pickup,7.5,3,244.0,12.0,2662.0,4.3,Rain,0,5.0,3.77,276.0,0,0,0,0,0,0,3,6,1,0.305,36.8,-1.23,0,7.887208585813932
SM104092,2025-05-14,Kanpur,Truck,28.65,6,4148.0,243.0,82353.5,9.3,Clear,0,9.0,7.96,2303.0,1,0,0,0,0,0,5,2,0,0.83,80.38,-1.04,0,11.318788378921557
SM100627,2025-05-15,Varanasi,Mini Truck,60.8,5,1007.0,56.0,10924.0,5.5,Clear,0,9.0,8.07,1511.0,0,0,0,0,0,0,5,3,0,0.503,24.85,-0.93,0,9.298809019963791
SM100347,2025-12-08,Varanasi,Truck,21.2,7,4271.0,300.0,57214.0,4.1,Rain,0,9.0,9.18,2135.0,0,0,0,0,0,0,12,0,0,0.854,100.71,0.18,1,10.954571380751815
SM100341,2025-04-17,Kanpur,Mini Truck,23.8,2,1215.0,49.0,8808.0,6.2,Clear,0,6.0,4.48,775.0,0,0,0,0,0,0,4,3,0,0.608,32.56,-1.52,0,9.083529205109796
SM104908,2025-10-19,Prayagraj,Truck,40.4,8,1304.0,74.0,7905.0,5.3,Clear,0,9.0,8.07,1740.0,0,0,0,0,0,0,10,6,1,0.261,43.07,-0.93,0,8.97537724385663
SM105903,2025-10-11,Prayagraj,Truck,19.2,4,2707.0,159.0,14758.0,8.1,Clear,1,7.0,7.53,1491.0,0,0,0,0,0,0,10,5,1,0.541,77.66,0.53,1,9.599608345181776
SM100777,2025-02-13,Lucknow,Truck,23.3,5,2799.0,118.0,28210.0,3.3,Clear,0,8.0,6.23,1738.0,0,0,0,0,0,0,2,3,0,0.56,74.59,-1.77,0,10.247467251790306
SM104534,2025-01-11,Prayagraj,Mini Truck,22.5,8,1051.0,70.0,12837.0,5.9,Clear,0,8.0,6.98,1006.0,0,0,0,0,0,0,1,5,1,0.526,44.71,-1.02,0,9.460164801871723
SM104135,2025-12-21,Varanasi,Mini Truck,14.8,6,1549.0,91.0,41846.0,6.4,Fog,0,7.0,7.1,1014.0,0,0,0,0,0,0,12,6,1,0.774,68.51,0.1,1,10.641775388760346
SM104214,2025-09-08,Kanpur,Truck,19.9,4,1557.0,103.0,30318.0,4.4,Clear,0,7.0,6.5,1146.0,0,0,0,0,0,0,9,0,0,0.311,57.59,-0.5,0,10.319529857682062
SM105743,2025-06-17,Kanpur,Pickup,23.0,4,416.0,36.0,2599.0,6.0,Clear,0,6.0,4.42,546.0,0,0,0,0,0,0,6,1,0,0.52,23.74,-1.58,0,7.8632667240095735
SM104422,2025-10-06,Prayagraj,Mini Truck,42.6,6,1945.0,88.0,9521.0,7.9,Rain,0,9.0,9.43,1515.0,0,0,0,0,0,0,10,0,0,0.972,35.56,0.43,1,9.161360189754465
SM100303,2025-11-24,Gorakhpur,Mini Truck,73.2,7,755.0,47.0,23757.0,6.0,Clear,0,10.0,7.38,1755.0,0,0,0,0,0,0,11,0,0,0.378,23.98,-2.62,0,10.075674594849485
SM100926,2025-07-17,Varanasi,Mini Truck,41.6,5,682.0,39.0,6125.0,9.4,Clear,0,8.0,7.73,995.0,0,0,0,0,0,0,7,3,0,0.341,23.92,-0.27,0,8.72029728739272
SM101072,2025-10-04,Prayagraj,Truck,32.8,6,1395.0,110.0,21865.0,5.6,Rain,0,8.0,8.7,1772.0,1,0,1,0,0,0,10,5,1,0.279,54.02,0.7,1,9.99268819799443
SM100675,2025-09-22,Kanpur,Mini Truck,41.3,8,1793.0,85.0,13674.5,5.2,Rain,0,9.0,8.6,1545.0,0,0,0,0,1,0,9,0,0,0.896,37.41,-0.4,0,9.523361189693068
SM105104,2025-02-09,Varanasi,Truck,37.0,4,3917.0,193.0,32576.0,4.2,Clear,0,9.0,8.11,2308.0,0,0,0,0,0,0,2,6,1,0.783,62.38,-0.89,0,10.39136179688501
SM102308,2025-04-23,Lucknow,Pickup,37.9,9,575.0,27.0,5994.0,6.4,Fog,0,9.0,9.88,956.0,0,0,0,0,0,0,4,2,0,0.719,25.22,0.88,1,8.698681067461614
SM102975,2025-06-21,Lucknow,Pickup,9.8,6,388.0,26.0,7020.0,6.6,Clear,0,6.0,5.46,421.0,0,0,0,0,0,0,6,5,1,0.485,42.96,-0.54,0,8.85666093701725
SM100584,2025-05-28,Gorakhpur,Truck,65.9,6,2002.0,208.0,27266.0,5.5,Rain,0,10.0,9.03,2486.0,0,0,0,0,0,0,5,2,0,0.4,37.72,-0.97,0,10.21343245878688
SM102012,2025-02-25,Lucknow,Mini Truck,32.5,3,558.0,39.0,13674.5,5.6,Clear,0,6.0,4.75,756.0,0,0,0,0,1,0,2,1,0,0.279,23.26,-1.25,0,9.523361189693068
SM103926,2025-07-03,Lucknow,Pickup,13.3,4,325.0,24.0,5803.0,4.7,Rain,0,6.0,5.43,300.0,0,0,0,0,0,0,7,3,0,0.406,22.56,-0.57,0,8.666302614004078
SM104356,2025-12-19,Varanasi,Mini Truck,35.849999999999994,2,915.0,49.0,23180.0,6.6,Clear,1,6.0,5.76,674.0,1,0,0,0,0,0,12,4,0,0.458,18.8,-0.24,0,10.051088256601693
SM105239,2025-11-26,Prayagraj,Truck,22.3,5,2672.0,330.0,82353.5,5.6,Clear,0,8.0,7.41,1697.0,0,0,1,0,0,0,11,2,0,0.534,76.1,-0.59,0,11.318788378921557
SM105013,2025-12-10,Prayagraj,Truck,50.3,8,2833.0,142.0,15546.0,6.9,Fog,0,10.0,10.71,2529.0,0,0,0,0,0,0,12,2,0,0.567,50.28,0.71,1,9.65162297294974
SM105622,2025-03-15,Lucknow,Pickup,39.6,4,440.0,25.0,4665.0,5.6,Rain,0,7.0,6.73,758.0,0,0,1,0,0,0,3,5,1,0.55,19.14,-0.27,0,8.448057452581375
SM103498,2025-02-14,Prayagraj,Mini Truck,31.3,5,428.0,20.0,2905.0,3.8,Clear,0,9.0,6.88,1343.0,1,0,0,0,0,0,2,4,0,0.214,42.91,-2.12,0,7.974532844130228
SM103456,2025-10-01,Prayagraj,Truck,48.3,4,1349.0,128.0,32902.0,4.4,Clear,0,8.0,6.85,1737.0,0,0,0,0,0,0,10,2,0,0.27,35.96,-1.15,0,10.401319118006661
SM104320,2025-08-29,Lucknow,Pickup,53.6,8,459.0,39.0,5598.0,5.5,Rain,0,9.0,10.28,1077.0,0,0,0,0,1,0,8,4,0,0.574,20.09,1.28,1,8.630343289348893
SM102869,2025-03-17,Lucknow,Truck,14.8,4,3588.0,154.0,59860.0,5.3,Clear,0,7.0,7.36,1753.0,0,0,0,0,0,0,3,0,0,0.718,118.45,0.36,1,10.99978048691366
SM100241,2025-08-02,Varanasi,Mini Truck,35.849999999999994,3,1287.0,68.0,20276.0,5.9,Rain,1,6.0,7.0,926.0,1,0,0,0,0,0,8,5,1,0.644,25.83,1.0,1,9.917242517768464
SM101862,2025-11-06,Lucknow,Pickup,27.9,6,371.0,44.0,5845.0,6.7,Clear,0,7.0,5.37,633.0,0,0,0,0,0,1,11,3,0,0.464,22.69,-1.63,0,8.673512945671192
SM101479,2025-06-02,Gorakhpur,Truck,45.7,7,2905.0,146.0,18408.0,6.1,Clear,0,10.0,8.45,2311.0,0,0,0,0,0,0,6,0,0,0.581,50.57,-1.55,0,9.820594954446562
SM102014,2025-08-25,Lucknow,Truck,20.4,10,4233.0,524.0,75191.0,7.6,Rain,0,10.0,10.8,2436.0,0,0,0,0,0,0,8,0,0,0.847,119.41,0.8,1,11.227800121300138
SM103245,2025-10-23,Lucknow,Mini Truck,22.5,7,600.0,25.0,4890.0,7.3,Clear,1,7.0,7.38,759.0,0,0,0,0,0,0,10,3,0,0.3,33.73,0.38,1,8.495152060539358
SM104288,2025-10-06,Varanasi,Pickup,29.6,7,294.0,12.0,1356.0,6.0,Clear,0,7.0,6.4,640.0,0,0,0,0,0,0,10,0,0,0.368,21.62,-0.6,0,7.213031659834869
SM100786,2025-01-12,Gorakhpur,Pickup,44.8,4,462.0,22.0,5089.0,5.6,Fog,0,7.0,7.49,492.0,1,1,1,0,0,0,1,6,1,0.578,10.98,0.49,1,8.53503310954457
SM103905,2025-10-06,Kanpur,Truck,29.1,7,3746.0,182.0,25183.0,4.8,Clear,0,9.0,6.92,2344.0,0,0,0,0,0,0,10,0,0,0.749,80.55,-2.08,0,10.13396415121713
SM100170,2025-02-08,Gorakhpur,Mini Truck,75.5,6,858.0,74.0,14461.0,2.9,Clear,0,10.0,8.19,1724.0,0,0,0,0,0,0,2,5,1,0.429,22.83,-1.81,0,9.579279798734897
SM102536,2025-04-30,Prayagraj,Pickup,71.4,5,559.0,33.0,12052.0,6.6,Clear,0,9.0,6.08,1214.0,0,0,0,0,0,0,4,2,0,0.699,17.0,-2.92,0,9.397068870588344
SM103266,2025-09-27,Lucknow,Pickup,21.5,8,385.0,23.0,3016.0,8.7,Clear,0,7.0,6.23,692.0,0,0,0,0,0,0,9,5,1,0.481,32.19,-0.77,0,8.012018239159062
SM103551,2025-07-10,Lucknow,Mini Truck,27.0,4,794.0,66.0,26200.0,5.2,Clear,0,7.0,4.34,872.0,0,0,0,0,0,0,7,3,0,0.397,32.3,-2.66,0,10.173552856959743
SM100896,2025-07-05,Prayagraj,Truck,32.8,5,2956.0,128.0,41962.0,4.3,Rain,0,8.0,8.52,1695.0,1,0,0,0,0,0,7,5,1,0.591,51.68,0.52,1,10.644543556617958
SM103582,2025-03-17,Kanpur,Truck,38.7,6,2116.0,264.0,82353.5,5.3,Clear,0,9.0,7.47,2352.0,0,0,0,0,0,1,3,0,0,0.423,60.78,-1.53,0,11.318788378921557
SM105702,2025-04-12,Lucknow,Mini Truck,18.3,6,1043.0,87.0,14499.0,6.2,Clear,0,7.0,5.24,866.0,0,0,0,0,0,0,4,5,1,0.522,47.32,-1.76,0,9.581903928408666
SM102775,2025-04-21,Lucknow,Mini Truck,26.0,6,961.0,120.0,6337.0,7.1,Clear,0,7.0,5.23,771.0,1,0,0,0,0,0,4,0,0,0.48,29.65,-1.77,0,8.754318540250866
SM101376,2025-12-18,Kanpur,Truck,28.65,8,3781.0,247.0,50847.0,2.5,Rain,0,10.0,9.94,2350.0,1,0,0,0,0,0,12,3,0,0.756,82.02,-0.06,0,10.836596069336442
SM104490,2025-03-10,Gorakhpur,Truck,50.4,7,2720.0,191.0,26466.0,6.2,Rain,0,10.0,10.02,2409.0,0,0,0,0,0,0,3,0,0,0.544,47.8,0.02,1,10.183653952946246
SM101446,2025-12-09,Prayagraj,Mini Truck,24.8,8,902.0,85.0,22148.0,5.3,Fog,0,8.0,8.03,891.0,0,0,0,0,0,0,12,1,0,0.451,35.93,0.03,1,10.005547627727275
SM104258,2025-08-09,Varanasi,Pickup,50.4,3,568.0,71.0,18844.0,7.8,Rain,1,7.0,8.02,866.0,0,0,0,0,0,0,8,5,1,0.71,17.18,1.02,1,9.844002905701236
SM105432,2025-05-02,Gorakhpur,Truck,98.9,7,3502.0,164.0,63902.0,3.9,Clear,0,13.0,11.24,3858.0,0,0,0,0,0,0,5,4,0,0.7,39.01,-1.76,0,11.065121587620395
SM100477,2025-01-07,Gorakhpur,Truck,30.3,5,2611.0,324.0,18213.0,7.8,Clear,0,8.0,7.12,1769.0,0,0,0,0,0,0,1,1,0,0.522,58.38,-0.88,0,9.809945808127765
SM103104,2025-09-13,Prayagraj,Pickup,22.7,5,278.0,31.0,3849.0,3.6,Clear,0,6.0,3.81,473.0,0,0,0,0,0,0,9,5,1,0.348,20.84,-2.19,0,8.25582842728183
SM101617,2025-07-05,Varanasi,Truck,25.9,5,806.0,47.0,5145.0,6.4,Rain,0,7.0,7.29,1126.0,0,0,0,0,0,0,7,5,1,0.161,43.47,0.29,1,8.545974992841689
SM100337,2025-04-26,Gorakhpur,Pickup,20.5,5,462.0,28.0,4481.0,5.0,Clear,0,6.0,5.94,591.0,0,1,0,0,0,0,4,5,1,0.578,28.83,-0.06,0,8.407824654360873
SM101895,2025-11-07,Prayagraj,Pickup,21.6,12,431.0,19.0,6507.0,4.4,Clear,0,9.0,7.93,770.0,0,0,0,0,0,0,11,4,0,0.539,35.65,-1.07,0,8.780787468338929
SM100320,2025-04-28,Lucknow,Pickup,14.7,7,574.0,51.0,14862.0,5.1,Clear,0,7.0,5.53,602.0,0,0,0,0,0,0,4,0,0,0.718,40.95,-1.47,0,9.606630182148894
SM102129,2025-04-27,Gorakhpur,Truck,124.7,7,3930.0,198.0,82353.5,8.1,Clear,0,14.0,12.32,4582.0,0,0,0,0,0,0,4,6,1,0.786,36.74,-1.68,0,11.318788378921557
SM105257,2025-04-16,Lucknow,Mini Truck,45.1,3,669.0,42.0,6947.0,4.9,Clear,0,7.0,6.5,1229.0,0,0,0,0,0,0,4,2,0,0.334,27.25,-0.5,0,8.846209127360996
SM105847,2025-09-04,Varanasi,Truck,32.6,6,3499.0,145.0,10567.0,5.6,Clear,0,9.0,8.39,2181.0,0,0,1,0,0,0,9,3,0,0.7,66.9,-0.61,0,9.26558584620216
SM100635,2025-09-08,Lucknow,Pickup,6.0,8,462.0,36.0,3631.0,5.8,Rain,0,7.0,6.66,469.0,0,1,0,0,0,0,9,0,0,0.578,78.17,-0.34,0,8.197538739721184
SM100620,2025-06-08,Varanasi,Truck,48.3,4,2090.0,139.0,38476.0,3.6,Rain,0,8.0,7.22,2016.0,0,0,0,0,0,0,6,6,1,0.418,41.74,-0.78,0,10.55781593916244
SM105101,2025-07-18,Lucknow,Truck,21.8,6,2503.0,144.0,40662.0,8.6,Rain,0,8.0,7.99,1625.0,0,0,0,0,0,0,7,4,0,0.501,74.54,-0.01,0,10.613073867047845
SM103560,2025-01-25,Prayagraj,Pickup,24.0,9,527.0,28.0,2641.0,2.9,Clear,0,8.0,6.05,774.0,0,0,0,0,0,0,1,5,1,0.659,32.25,-1.95,0,7.879291485082271
SM101658,2025-11-03,Varanasi,Truck,13.7,3,2190.0,220.0,62718.0,4.8,Clear,0,6.0,5.33,1400.0,0,0,0,0,0,0,11,0,0,0.438,102.19,-0.67,0,11.046419711019633
SM102102,2025-03-04,Lucknow,Mini Truck,25.2,4,1222.0,110.0,36920.0,3.7,Clear,0,7.0,4.55,983.0,0,0,0,0,0,0,3,1,0,0.611,39.01,-2.45,0,10.516535773840447
SM103818,2025-08-17,Lucknow,Mini Truck,9.7,9,1493.0,90.0,11134.0,7.8,Clear,0,8.0,5.8,1072.0,0,0,0,0,0,0,8,6,1,0.746,110.52,-2.2,0,9.317848579691468
SM102186,2025-04-22,Lucknow,Pickup,10.8,3,451.0,22.0,4370.0,5.5,Clear,0,5.0,4.59,404.0,0,0,0,0,0,0,4,1,0,0.564,37.41,-0.41,0,8.382747094863314
SM104460,2025-02-07,Prayagraj,Pickup,35.9,4,337.0,21.0,4026.0,7.4,Clear,0,7.0,5.58,673.0,0,0,0,0,0,0,2,4,0,0.421,18.75,-1.42,0,8.300776960851454
SM104239,2025-03-29,Kanpur,Pickup,7.7,8,490.0,28.0,11315.0,4.8,Clear,0,7.0,4.61,625.0,0,0,0,0,0,0,3,5,1,0.612,81.17,-2.39,0,9.333972932421458
SM105601,2025-12-31,Lucknow,Pickup,24.2,6,420.0,39.0,11636.0,8.7,Clear,0,7.0,6.49,637.0,0,0,0,0,0,0,12,2,0,0.525,26.32,-0.51,0,9.361944956108077
SM104960,2025-05-20,Lucknow,Pickup,25.2,8,551.0,26.0,7093.0,6.6,Clear,0,7.0,6.62,698.0,1,0,0,0,0,0,5,1,0,0.689,27.7,-0.38,0,8.867004635333567
SM103134,2025-09-17,Prayagraj,Pickup,40.2,5,330.0,28.0,4857.0,5.0,Clear,0,7.0,4.92,725.0,0,0,0,0,0,0,9,2,0,0.412,18.03,-2.08,0,8.488382109562117
SM104732,2025-10-06,Prayagraj,Truck,12.2,3,1647.0,203.0,22322.0,5.6,Clear,0,6.0,5.76,993.0,0,0,0,0,0,0,10,0,0,0.329,81.39,-0.24,0,10.01337281606537
SM104233,2025-04-07,Prayagraj,Pickup,29.5,5,479.0,21.0,3905.0,4.9,Clear,0,7.0,5.12,653.0,0,0,0,0,0,0,4,0,0,0.599,22.14,-1.88,0,8.270269111436624
SM102794,2025-01-26,Kanpur,Pickup,32.3,5,580.0,30.0,4575.0,7.7,Clear,1,7.0,5.89,706.0,0,0,0,0,0,0,1,6,1,0.725,21.86,-1.11,0,8.428580533059634
SM100681,2025-02-20,Lucknow,Pickup,37.4,3,539.0,38.0,7696.0,6.6,Clear,0,7.0,5.53,700.0,0,0,0,0,0,0,2,3,0,0.674,18.72,-1.47,0,8.948585921534317
SM102312,2025-07-06,Prayagraj,Mini Truck,54.2,9,1209.0,55.0,7731.0,6.9,Rain,0,10.0,10.58,1500.0,0,0,0,0,0,0,7,6,1,0.604,27.68,0.58,1,8.953122840328222
SM101709,2025-03-19,Prayagraj,Mini Truck,38.6,9,1642.0,172.0,12722.0,10.0,Rain,0,9.0,9.61,1584.0,0,0,0,0,0,0,3,2,0,0.821,41.04,0.61,1,9.4511666581427
SM102298,2025-03-23,Lucknow,Mini Truck,22.6,7,1298.0,79.0,12207.0,5.7,Rain,0,8.0,6.91,1156.0,0,0,0,0,0,0,3,6,1,0.649,51.15,-1.09,0,9.409846753524238
SM104773,2025-12-27,Gorakhpur,Pickup,21.9,10,725.0,87.0,12504.0,4.7,Fog,0,8.0,8.66,733.0,0,0,0,0,0,0,12,5,1,0.906,33.47,0.66,1,9.433883843311719
SM101261,2025-12-04,Gorakhpur,Mini Truck,7.5,12,1161.0,51.0,22399.0,7.2,Clear,0,8.0,7.13,786.0,0,1,0,0,0,0,12,3,0,0.58,104.8,-0.87,0,10.01681623784313
SM104850,2025-12-05,Varanasi,Truck,31.4,7,3676.0,208.0,33065.0,8.5,Fog,0,9.0,9.67,2199.0,0,0,0,0,1,0,12,4,0,0.735,70.03,0.67,1,10.40626084311129
SM103415,2025-05-31,Lucknow,Mini Truck,37.4,6,1498.0,81.0,15885.0,5.1,Clear,0,8.0,6.52,1306.0,0,0,0,0,0,0,5,5,1,0.749,34.92,-1.48,0,9.673193497193077
SM104306,2025-09-27,Lucknow,Pickup,14.8,6,407.0,19.0,3560.0,7.3,Rain,0,6.0,7.02,413.0,0,0,0,0,0,0,9,5,1,0.509,27.91,1.02,1,8.177796683277778
SM105141,2025-01-06,Lucknow,Truck,10.1,6,3885.0,221.0,55402.0,3.8,Clear,0,8.0,6.71,614.0,0,0,0,0,0,1,1,0,0,0.777,60.79,-1.29,0,10.922389022893778
SM101950,2025-12-01,Lucknow,Mini Truck,19.4,10,659.0,36.0,10218.0,3.4,Clear,0,8.0,5.67,870.0,0,0,0,0,0,0,12,0,0,0.33,44.85,-2.33,0,9.23200401161221
SM105364,2025-04-10,Varanasi,Mini Truck,20.8,6,912.0,42.0,13277.0,6.5,Clear,0,7.0,6.04,839.0,0,0,0,0,0,0,4,3,0,0.456,40.34,-0.96,0,9.493863809279105
SM104481,2025-04-19,Gorakhpur,Mini Truck,26.6,5,850.0,85.0,30250.0,5.5,Clear,0,7.0,5.58,815.0,0,0,0,0,0,0,4,5,1,0.425,30.64,-1.42,0,10.31728452076383
SM100022,2025-03-08,Prayagraj,Pickup,32.8,3,317.0,30.0,11554.0,4.8,Clear,0,6.0,3.57,428.0,1,0,0,1,0,0,3,5,1,0.396,13.05,-2.43,0,9.35487352270848
SM100735,2025-09-02,Gorakhpur,Pickup,63.2,10,480.0,44.0,10286.0,6.5,Clear,0,10.0,9.82,1278.0,0,0,0,0,0,0,9,1,0,0.6,20.22,-0.18,0,9.23863624113103
SM100536,2025-06-16,Lucknow,Mini Truck,46.9,5,1402.0,86.0,10648.0,5.6,Rain,0,8.0,6.87,1430.0,0,0,1,0,0,0,6,0,0,0.701,30.49,-1.13,0,9.273221270015384
SM103971,2025-12-05,Prayagraj,Mini Truck,34.8,7,1144.0,96.0,17545.0,7.2,Clear,0,8.0,7.76,1182.0,0,0,0,1,0,0,12,4,0,0.572,33.97,-0.24,0,9.772581282688328
SM102769,2025-12-16,Kanpur,Mini Truck,32.2,3,982.0,81.0,5344.0,5.5,Clear,0,7.0,5.99,960.0,0,0,0,0,0,0,12,1,0,0.491,29.81,-1.01,0,8.583916823459145
SM101585,2025-04-26,Kanpur,Pickup,28.4,7,261.0,17.0,1806.0,5.8,Clear,0,7.0,5.74,741.0,0,0,0,0,0,0,4,5,1,0.326,26.09,-1.26,0,7.499423290592229
SM103601,2025-08-11,Lucknow,Mini Truck,24.5,5,1026.0,51.0,9275.0,7.2,Clear,0,7.0,6.44,950.0,0,0,0,0,0,0,8,0,0,0.513,38.78,-0.56,0,9.135185698375423
SM105089,2025-07-12,Lucknow,Mini Truck,29.1,8,1679.0,85.0,37723.0,6.5,Rain,0,8.0,7.74,1314.0,0,0,0,0,0,0,7,5,1,0.84,45.15,-0.26,0,10.538051775663776
SM101349,2025-08-06,Kanpur,Pickup,33.7,3,639.0,45.0,3185.0,2.9,Clear,0,7.0,4.97,792.0,0,0,0,0,0,0,8,2,0,0.799,23.5,-2.03,0,8.066521490469993
SM103125,2025-11-21,Prayagraj,Mini Truck,49.6,4,349.0,21.0,2807.0,4.3,Clear,0,8.0,5.26,1097.0,0,0,0,0,0,0,11,4,0,0.174,22.12,-2.74,0,7.940227765145702
SM100866,2025-10-27,Varanasi,Truck,27.1,6,2854.0,170.0,21335.0,4.8,Clear,0,8.0,7.31,2010.0,0,0,0,0,0,0,10,0,0,0.571,74.17,-0.69,0,9.96815106586185
SM101127,2025-08-21,Prayagraj,Mini Truck,36.5,6,1053.0,82.0,35879.0,6.2,Rain,0,8.0,7.89,1155.0,0,0,0,0,0,0,8,3,0,0.526,31.64,-0.11,0,10.487935316172733
SM104983,2025-05-27,Gorakhpur,Pickup,44.8,4,559.0,23.0,7216.0,3.6,Clear,0,9.0,7.69,1089.0,1,0,0,0,0,0,5,1,0,0.699,24.31,-1.31,0,8.884194633072273
SM105970,2025-09-30,Kanpur,Pickup,50.9,4,571.0,24.0,5366.0,3.7,Rain,0,8.0,6.76,935.0,0,0,0,0,0,0,9,1,0,0.714,18.37,-1.24,0,8.588024372176829
SM100122,2025-08-27,Prayagraj,Pickup,45.3,10,584.0,35.0,6627.0,6.2,Clear,0,9.0,8.95,1046.0,0,0,0,0,0,0,8,2,0,0.73,23.09,-0.05,0,8.799058378546453
SM105940,2025-04-04,Lucknow,Truck,22.1,6,2706.0,148.0,21544.0,8.4,Clear,0,8.0,6.67,1722.0,0,0,0,0,0,0,4,4,0,0.541,77.92,-1.33,0,9.977899050049938
SM102831,2025-10-18,Prayagraj,Pickup,43.7,6,599.0,37.0,3996.0,1.7,Clear,0,8.0,6.41,900.0,0,0,0,0,0,0,10,5,1,0.749,20.59,-1.59,0,8.293299358711323
SM105637,2025-06-08,Prayagraj,Pickup,39.3,7,359.0,38.0,7975.0,2.7,Clear,0,8.0,5.67,909.0,0,0,0,0,0,0,6,6,1,0.449,23.13,-2.33,0,8.984192311641674
SM101767,2025-06-20,Varanasi,Mini Truck,40.3,6,1173.0,51.0,16637.0,4.2,Clear,0,8.0,6.06,1275.0,0,0,0,0,0,0,6,4,0,0.586,31.64,-1.94,0,9.719444514843833
SM104294,2025-12-05,Varanasi,Mini Truck,26.0,1,1117.0,56.0,6891.0,7.5,Clear,0,6.0,4.38,892.0,0,0,0,0,0,0,12,4,0,0.558,34.31,-1.62,0,8.83811659764782
SM105394,2025-07-18,Lucknow,Pickup,32.4,7,530.0,22.0,1792.0,7.1,Rain,0,8.0,6.72,656.0,0,0,0,0,0,0,7,4,0,0.662,20.25,-1.28,0,7.491645473605133
SM105001,2025-01-13,Gorakhpur,Truck,117.8,9,4081.0,180.0,69271.0,7.0,Clear,0,14.0,13.36,4567.0,0,0,0,0,0,0,1,0,0,0.816,38.77,-0.64,0,11.145796063127637
SM101607,2025-08-05,Lucknow,Truck,13.5,5,3694.0,187.0,54884.0,5.5,Rain,0,8.0,8.39,1720.0,0,0,0,0,0,0,8,1,0,0.739,127.41,0.39,1,10.912995366121416
SM102095,2025-10-12,Varanasi,Mini Truck,33.9,5,1520.0,81.0,9396.0,6.0,Clear,0,8.0,6.48,1185.0,0,0,0,0,0,0,10,6,1,0.76,34.96,-1.52,0,9.148145768383065
SM105510,2025-05-29,Prayagraj,Mini Truck,38.8,11,1786.0,115.0,17000.0,6.4,Clear,0,10.0,9.09,1618.0,0,0,0,0,0,0,5,3,0,0.893,41.7,-0.91,0,9.741027444837728
SM104016,2025-04-09,Prayagraj,Pickup,26.8,6,214.0,23.0,2826.0,4.3,Rain,0,7.0,6.59,631.0,0,0,0,0,0,0,4,2,0,0.268,23.54,-0.41,0,7.946971357693591
SM102421,2025-10-04,Prayagraj,Mini Truck,41.0,2,927.0,52.0,6364.0,9.8,Clear,0,7.0,5.7,931.0,0,0,0,0,0,0,10,5,1,0.464,22.71,-1.3,0,8.758569510991506
SM105062,2025-08-14,Varanasi,Pickup,21.4,7,521.0,23.0,6972.0,4.6,Clear,0,7.0,5.26,688.0,0,0,0,0,0,0,8,3,0,0.651,32.15,-1.74,0,8.84980082722101
SM101797,2025-03-09,Prayagraj,Truck,26.3,8,3382.0,302.0,37050.0,3.7,Rain,0,9.0,10.34,1598.0,0,0,0,0,0,1,3,6,1,0.676,60.76,1.34,1,10.5200506209133
SM104100,2025-02-03,Prayagraj,Truck,27.1,7,3318.0,226.0,72625.0,2.0,Clear,0,9.0,7.04,2038.0,0,0,0,0,0,0,2,0,0,0.664,75.2,-1.96,0,11.193078263422583
SM105629,2025-01-11,Kanpur,Pickup,35.9,5,295.0,29.0,10591.0,4.9,Clear,0,7.0,5.02,682.0,0,0,0,0,0,0,1,5,1,0.369,19.0,-1.98,0,9.26785427817679
SM104506,2025-04-16,Gorakhpur,Pickup,30.9,2,495.0,39.0,8962.0,4.5,Clear,0,6.0,3.0,697.0,0,0,0,0,0,0,4,2,0,0.619,22.56,-3.0,0,9.100860271357362
SM103597,2025-07-22,Lucknow,Pickup,45.3,5,567.0,26.0,2128.0,6.0,Clear,0,8.0,6.87,858.0,0,0,0,0,0,0,7,1,0,0.709,18.94,-1.13,0,7.663407664893479
SM101506,2025-11-30,Prayagraj,Truck,61.5,7,2923.0,147.0,69428.0,6.9,Clear,0,10.0,11.1,2742.0,0,0,0,0,0,0,11,6,1,0.585,44.59,1.1,1,11.148059926647772
SM102557,2025-11-13,Prayagraj,Pickup,32.1,9,403.0,17.0,4014.0,7.1,Clear,0,8.0,6.87,821.0,0,0,0,0,0,0,11,3,0,0.504,25.58,-1.13,0,8.297792626380861
SM105092,2025-01-18,Lucknow,Pickup,24.3,6,640.0,31.0,8949.0,4.5,Clear,0,7.0,6.55,673.0,0,0,0,0,0,0,1,5,1,0.8,27.7,-0.45,0,9.099408811268901
SM102474,2025-02-08,Varanasi,Pickup,16.6,3,698.0,32.0,6334.0,4.4,Clear,0,6.0,2.52,462.0,0,0,0,0,0,0,2,5,1,0.872,27.83,-3.48,0,8.75384509275524
SM105154,2025-10-20,Varanasi,Mini Truck,65.9,7,742.0,90.0,17996.0,4.7,Rain,1,10.0,10.54,1637.0,0,0,0,0,0,0,10,0,0,0.371,24.84,0.54,1,9.797960356321203
SM104098,2025-10-17,Lucknow,Pickup,17.1,8,285.0,12.0,1319.0,5.3,Clear,0,7.0,4.61,533.0,0,0,0,0,0,0,10,4,0,0.356,31.17,-2.39,0,7.1853870155804165
SM100167,2025-03-02,Lucknow,Pickup,32.5,8,471.0,21.0,2297.0,6.0,Clear,0,8.0,6.61,767.0,0,0,0,0,0,0,3,6,1,0.589,23.6,-1.39,0,7.739794458408701
SM101193,2025-09-14,Kanpur,Pickup,32.5,7,693.0,65.0,26536.0,7.3,Clear,0,8.0,7.28,905.0,0,0,0,0,0,0,9,6,1,0.866,27.85,-0.72,0,10.186295264571648
SM102937,2025-09-21,Prayagraj,Pickup,39.5,7,503.0,25.0,13629.0,3.6,Rain,0,8.0,6.75,855.0,0,0,0,0,0,0,9,6,1,0.629,21.65,-1.25,0,9.520028524690579
SM103431,2025-10-09,Prayagraj,Truck,58.1,5,1990.0,124.0,37786.0,6.6,Clear,0,9.0,9.28,2171.0,0,0,0,0,0,0,10,3,0,0.398,37.37,0.28,1,10.53972040711132
SM103180,2025-03-23,Lucknow,Truck,36.3,7,4113.0,275.0,82353.5,5.8,Clear,0,10.0,7.53,2595.0,0,0,0,0,0,0,3,6,1,0.823,71.49,-2.47,0,11.318788378921557
SM101220,2025-08-26,Lucknow,Mini Truck,26.0,11,1417.0,64.0,8943.0,5.7,Clear,0,11.0,10.2,1974.0,1,0,0,0,0,0,8,1,0,0.708,75.92,-0.8,0,9.09873819539488
SM103639,2025-08-15,Prayagraj,Pickup,32.8,7,591.0,46.0,8405.0,6.1,Rain,0,8.0,6.96,745.0,1,0,0,0,0,1,8,4,0,0.739,22.71,-1.04,0,9.036701015565063
SM101194,2025-07-11,Lucknow,Mini Truck,10.5,11,692.0,65.0,30872.0,8.6,Clear,0,8.0,7.41,814.0,0,0,0,0,0,0,7,4,0,0.346,77.52,-0.59,0,10.337637294504201
SM102627,2025-01-02,Kanpur,Pickup,28.049999999999997,2,574.0,34.0,9160.0,5.7,Clear,0,6.0,5.43,645.0,1,0,0,0,0,0,1,3,0,0.718,22.99,-0.57,0,9.122710622015209
SM102364,2025-10-05,Gorakhpur,Mini Truck,57.1,9,1172.0,84.0,11209.0,4.4,Clear,0,10.0,8.77,1660.0,0,0,0,0,0,0,10,6,1,0.586,29.07,-1.23,0,9.324561516066206
SM103624,2025-10-31,Lucknow,Pickup,21.4,8,89.0,7.0,1845.0,5.4,Clear,0,7.0,4.82,642.0,0,0,0,0,0,0,10,4,0,0.111,30.0,-2.18,0,7.520776415062797
SM100078,2025-07-26,Varanasi,Truck,30.1,9,4360.0,520.0,57399.0,3.0,Rain,0,10.0,9.08,2489.0,0,0,0,0,0,0,7,5,1,0.872,82.69,-0.92,0,10.957799582307658
SM101698,2025-05-12,Varanasi,Truck,35.0,2,4174.0,371.0,82353.5,5.7,Clear,0,8.0,7.02,2543.0,0,0,0,0,0,0,5,0,0,0.835,72.66,-0.98,0,11.318788378921557
SM104593,2025-09-23,Kanpur,Truck,42.4,9,2994.0,373.0,82353.5,2.9,Clear,0,10.0,8.11,2390.0,0,0,0,0,0,0,9,1,0,0.599,56.37,-1.89,0,11.318788378921557
SM102476,2025-07-10,Lucknow,Pickup,16.8,6,571.0,41.0,9992.0,8.2,Clear,0,7.0,6.73,593.0,0,0,0,0,0,0,7,3,0,0.714,35.3,-0.27,0,9.209640126861789
SM105350,2025-03-24,Gorakhpur,Truck,109.1,7,2828.0,170.0,82353.5,4.0,Clear,0,13.0,11.08,3866.0,0,0,0,0,0,0,3,0,0,0.566,35.44,-1.92,0,11.318788378921557
SM103409,2025-06-22,Lucknow,Mini Truck,13.8,13,1140.0,80.0,12762.0,6.6,Clear,1,9.0,8.62,1042.0,0,0,0,0,0,0,6,6,1,0.57,75.51,-0.38,0,9.45430563898269
SM105663,2025-06-14,Gorakhpur,Mini Truck,19.8,6,1336.0,61.0,12094.0,5.3,Clear,0,7.0,5.5,1081.0,0,0,0,0,0,0,6,5,1,0.668,54.6,-1.5,0,9.400547423044127
SM102755,2025-11-15,Varanasi,Truck,44.6,6,2963.0,277.0,22793.0,6.1,Clear,0,9.0,8.02,2394.0,0,0,0,0,0,0,11,5,1,0.593,53.68,-0.98,0,10.03425262241568
SM105407,2025-10-24,Varanasi,Pickup,24.0,6,430.0,22.0,3991.0,4.6,Clear,0,7.0,5.43,614.0,0,0,0,0,0,0,10,4,0,0.538,25.58,-1.57,0,8.292047637431354
SM102190,2025-05-13,Varanasi,Mini Truck,58.8,5,1509.0,105.0,9185.0,6.4,Clear,0,9.0,8.47,1618.0,0,0,0,0,0,0,5,1,0,0.754,27.52,-0.53,0,9.12543586488574
SM100370,2025-05-03,Gorakhpur,Mini Truck,100.0,8,1510.0,123.0,38007.0,4.8,Rain,0,12.0,11.33,2425.0,0,0,0,0,0,0,5,5,1,0.755,24.25,-0.67,0,10.545551942866757
SM100485,2025-03-26,Kanpur,Mini Truck,46.6,10,691.0,32.0,4314.0,10.0,Clear,1,9.0,8.83,1352.0,0,0,0,0,0,0,3,2,0,0.346,29.01,-0.17,0,8.36985260351753
SM105065,2025-09-10,Lucknow,Truck,48.9,7,3047.0,193.0,16694.0,5.9,Rain,0,10.0,10.79,2603.0,0,0,0,0,0,0,9,2,0,0.609,53.23,0.79,1,9.722864552377755
SM103474,2025-04-19,Lucknow,Mini Truck,21.8,1,545.0,30.0,6020.0,2.8,Clear,0,5.0,2.36,537.0,0,0,0,0,0,0,4,5,1,0.272,24.63,-2.64,0,8.703008637464448
SM103330,2025-08-13,Prayagraj,Truck,22.7,8,4251.0,203.0,31065.0,5.9,Rain,0,9.0,9.15,2288.0,0,0,0,0,0,0,8,2,0,0.85,100.79,0.15,1,10.343869252547853
SM100520,2025-05-11,Varanasi,Pickup,15.8,6,531.0,46.0,3651.0,6.1,Clear,0,7.0,4.66,534.0,0,0,0,0,0,0,5,6,1,0.664,33.8,-2.34,0,8.20303024171486
SM100571,2025-06-01,Lucknow,Pickup,25.1,5,543.0,32.0,7285.0,5.6,Clear,0,7.0,4.67,624.0,0,0,1,0,0,0,6,6,1,0.679,24.86,-2.33,0,8.89370997756851
SM102647,2025-10-15,Lucknow,Pickup,25.2,3,683.0,60.0,9744.0,5.1,Clear,0,6.0,4.72,545.0,1,0,0,0,0,0,10,2,0,0.854,21.63,-1.28,0,9.184509611941662
SM103976,2025-08-24,Kanpur,Mini Truck,26.9,6,825.0,38.0,6243.0,5.7,Clear,0,7.0,6.24,803.0,0,0,0,0,0,0,8,6,1,0.412,29.85,-0.76,0,8.739376281635323
SM102281,2025-05-09,Prayagraj,Pickup,34.9,11,337.0,20.0,6731.0,2.9,Clear,0,9.0,7.08,883.0,0,0,0,0,0,0,5,4,0,0.421,25.3,-1.92,0,8.814627555310697
SM101943,2025-01-11,Gorakhpur,Truck,63.6,9,3138.0,132.0,11618.0,4.7,Clear,0,11.0,10.36,2950.0,0,0,0,0,0,0,1,5,1,0.628,46.38,-0.64,0,9.360396968182862
SM102816,2025-09-03,Prayagraj,Mini Truck,22.4,6,1726.0,85.0,28061.0,8.8,Rain,0,8.0,7.06,1241.0,0,0,0,0,0,0,9,2,0,0.863,55.4,-0.94,0,10.242171626953942
SM100947,2025-02-18,Lucknow,Pickup,20.9,7,462.0,5.0,611.0,4.6,Clear,0,7.0,5.3,503.0,0,1,0,0,0,0,2,1,0,0.578,24.07,-1.7,0,6.416732282512326
SM103119,2025-11-13,Lucknow,Truck,24.2,6,3986.0,161.0,18813.0,4.0,Clear,0,9.0,7.11,2132.0,0,0,0,0,0,0,11,3,0,0.797,88.1,-1.89,0,9.842356552531896
SM105895,2025-10-19,Lucknow,Pickup,25.8,6,590.0,63.0,7833.0,7.4,Rain,1,7.0,6.84,704.0,0,0,0,0,0,0,10,6,1,0.738,27.29,-0.16,0,8.966228514225776
SM102356,2025-05-31,Varanasi,Pickup,66.8,3,462.0,17.0,6896.0,6.2,Clear,0,8.0,6.29,1019.0,0,1,0,0,0,0,5,5,1,0.578,15.25,-1.71,0,8.83884181343129
SM104632,2025-04-11,Gorakhpur,Mini Truck,65.3,5,1181.0,92.0,11097.0,7.4,Clear,0,9.0,7.58,1620.0,0,0,0,0,0,0,4,4,0,0.59,24.81,-1.42,0,9.314520190885846
SM105605,2025-01-23,Prayagraj,Truck,30.5,6,1941.0,115.0,33651.0,4.4,Fog,0,8.0,8.31,1739.0,0,0,0,0,0,0,1,3,0,0.388,57.02,0.31,1,10.423827768670705
SM101489,2025-07-05,Varanasi,Truck,21.9,7,2458.0,116.0,15224.0,3.2,Rain,0,8.0,5.34,1636.0,0,0,0,1,0,0,7,5,1,0.492,74.7,-2.66,0,9.630694092578098
SM104750,2025-01-15,Kanpur,Pickup,13.7,3,619.0,38.0,7664.0,6.5,Clear,0,6.0,3.63,485.0,0,0,0,0,0,0,1,2,0,0.774,35.4,-2.37,0,8.944419791305915
SM105718,2025-01-03,Varanasi,Mini Truck,43.4,6,893.0,46.0,13846.0,5.9,Clear,1,8.0,9.21,1234.0,0,0,0,0,0,0,1,4,0,0.446,28.43,1.21,1,9.535823881654714
SM103954,2025-08-05,Varanasi,Mini Truck,18.0,5,1467.0,99.0,19682.0,5.7,Rain,0,7.0,6.52,1013.0,0,0,0,0,0,0,8,1,0,0.734,56.28,-0.48,0,9.887510598012987
SM101096,2025-11-01,Varanasi,Mini Truck,37.2,5,1490.0,110.0,9593.0,4.1,Clear,0,8.0,5.98,1309.0,0,0,0,0,0,0,11,5,1,0.745,35.19,-2.02,0,9.168893182062009
SM102124,2025-09-30,Varanasi,Mini Truck,37.4,10,1824.0,80.0,14772.0,2.2,Rain,0,10.0,7.13,1546.0,0,0,0,0,0,0,9,1,0,0.912,41.34,-2.87,0,9.600556469321608
SM104252,2025-12-24,Kanpur,Truck,23.9,12,2224.0,237.0,39910.0,4.1,Clear,0,10.0,9.68,1792.0,0,0,0,0,0,0,12,2,0,0.445,74.98,-0.32,0,10.594407254105722
SM103445,2025-09-17,Lucknow,Pickup,25.9,6,390.0,43.0,8289.0,7.4,Rain,0,7.0,7.62,632.0,0,0,0,0,0,0,9,2,0,0.488,24.4,0.62,1,9.022805248129341
SM102655,2025-07-26,Lucknow,Truck,21.0,9,3192.0,387.0,58349.0,6.0,Rain,0,9.0,7.96,1952.0,0,0,0,0,0,0,7,5,1,0.638,92.95,-1.04,0,10.974214637714702
SM105102,2025-03-30,Kanpur,Pickup,19.5,8,377.0,30.0,7200.0,5.7,Clear,0,7.0,6.05,587.0,0,0,0,0,0,0,3,6,1,0.471,30.1,-0.95,0,8.881975184248867
SM103900,2025-07-09,Prayagraj,Pickup,37.5,7,683.0,44.0,22277.0,7.4,Rain,0,8.0,7.86,880.0,0,0,0,0,0,0,7,2,0,0.854,23.47,-0.14,0,10.011354923405134
SM103970,2025-06-24,Kanpur,Truck,69.7,4,4523.0,316.0,82151.0,5.0,Clear,0,11.0,9.07,3486.0,0,0,0,0,0,0,6,1,0,0.905,50.01,-1.93,0,11.316326468878131
SM104715,2025-07-02,Lucknow,Pickup,13.2,6,361.0,28.0,4630.0,7.4,Clear,0,6.0,5.6,479.0,0,0,0,0,0,0,7,2,0,0.451,36.29,-0.4,0,8.440528106480752
SM102824,2025-08-14,Prayagraj,Mini Truck,43.8,6,609.0,33.0,12328.0,6.5,Clear,0,8.0,7.58,1079.0,0,0,0,0,0,0,8,3,0,0.304,24.63,-0.42,0,9.419709489868552
SM100510,2025-12-30,Gorakhpur,Mini Truck,46.2,10,1445.0,73.0,7305.0,3.9,Rain,0,10.0,7.99,1761.0,1,0,0,0,0,0,12,1,0,0.722,38.12,-2.01,0,8.896451207355227
SM101861,2025-04-19,Gorakhpur,Truck,54.4,6,3592.0,303.0,39473.0,3.4,Clear,0,10.0,9.33,2699.0,0,0,0,0,0,0,4,5,1,0.718,49.61,-0.67,0,10.583397506314054
SM100446,2025-04-25,Varanasi,Truck,63.2,6,4289.0,184.0,53779.0,7.3,Clear,0,11.0,10.56,3286.0,0,0,0,0,0,0,4,4,0,0.858,51.99,-0.44,0,10.892656929822856
SM101359,2025-05-14,Kanpur,Truck,26.6,4,2840.0,159.0,28327.0,3.5,Clear,0,8.0,7.32,1673.0,0,1,0,0,0,0,5,2,0,0.568,62.89,-0.68,0,10.25160599379174
SM101107,2025-11-28,Kanpur,Pickup,19.4,11,465.0,36.0,4038.0,4.7,Rain,0,8.0,7.09,660.0,0,0,0,0,0,0,11,4,0,0.581,34.02,-0.91,0,8.303752415563412
SM100533,2025-04-14,Lucknow,Truck,7.8,5,2840.0,123.0,19254.0,5.7,Rain,0,6.0,6.37,905.0,0,1,0,0,0,0,4,0,0,0.568,116.03,0.37,1,9.865526046249009
SM104671,2025-09-09,Lucknow,Mini Truck,71.2,5,856.0,41.0,4227.0,4.7,Rain,0,9.0,9.23,1682.0,0,0,0,0,0,0,9,1,0,0.428,23.62,0.23,1,8.349484346990128
SM103252,2025-02-27,Prayagraj,Pickup,31.8,7,534.0,40.0,12159.0,5.4,Clear,0,8.0,5.98,696.0,0,0,0,0,0,0,2,3,0,0.668,21.89,-2.02,0,9.405907155520158
SM102426,2025-02-27,Gorakhpur,Pickup,17.8,6,476.0,26.0,4438.0,5.8,Clear,0,7.0,5.29,512.0,0,0,0,0,0,0,2,3,0,0.595,28.76,-1.71,0,8.398184404834035
SM102168,2025-12-08,Lucknow,Mini Truck,18.8,5,1266.0,62.0,38541.0,5.0,Clear,0,7.0,5.87,933.0,0,0,0,0,0,0,12,0,0,0.633,49.63,-1.13,0,10.559503834757866
SM102668,2025-01-28,Varanasi,Mini Truck,9.0,2,1334.0,79.0,14191.0,5.6,Fog,0,5.0,4.78,620.0,0,0,0,0,0,0,1,1,0,0.667,68.89,-0.22,0,9.56043370454936
SM100413,2025-02-18,Lucknow,Pickup,25.2,3,659.0,41.0,4165.0,5.3,Clear,0,6.0,5.37,675.0,1,0,0,0,0,0,2,1,0,0.824,26.79,-0.63,0,8.334711621820917
SM105522,2025-10-02,Gorakhpur,Pickup,67.6,4,220.0,15.0,2883.0,5.6,Clear,1,8.0,8.23,940.0,0,0,0,0,0,0,10,3,0,0.275,13.91,0.23,1,7.96693349840484
SM105739,2025-01-14,Varanasi,Pickup,20.5,9,408.0,40.0,3483.0,4.7,Clear,1,8.0,7.91,733.0,0,0,0,0,0,0,1,1,0,0.51,35.76,-0.09,0,8.155936337972394
SM103313,2025-03-24,Lucknow,Pickup,34.4,6,553.0,25.0,8021.0,5.9,Clear,0,8.0,5.82,753.0,0,0,0,0,0,0,3,0,0,0.691,21.89,-2.18,0,8.989943046329998
SM105493,2025-03-17,Gorakhpur,Pickup,37.1,9,367.0,15.0,745.0,3.0,Clear,0,9.0,6.82,806.0,0,0,0,0,0,0,3,0,0,0.459,21.73,-2.18,0,6.61472560020376
SM102176,2025-02-08,Lucknow,Pickup,41.9,13,470.0,26.0,3352.0,4.4,Fog,0,10.0,9.65,1007.0,0,0,0,0,0,0,2,5,1,0.588,24.03,-0.35,0,8.117610746466228
SM105491,2025-10-13,Gorakhpur,Mini Truck,41.7,5,1091.0,81.0,10815.0,4.1,Clear,0,8.0,6.64,1057.0,0,0,0,0,0,0,10,0,0,0.546,25.35,-1.36,0,9.288781798282745
SM105863,2025-03-17,Varanasi,Mini Truck,49.5,5,907.0,49.0,26954.0,5.1,Clear,0,8.0,5.72,1257.0,0,0,0,0,0,0,3,0,0,0.454,25.39,-2.28,0,10.20192408788577
SM102731,2025-07-10,Gorakhpur,Truck,73.0,6,3666.0,166.0,67030.0,8.4,Rain,0,11.0,10.69,3341.0,0,0,0,0,0,0,7,3,0,0.733,45.77,-0.31,0,11.112910477933843
SM103729,2025-08-22,Varanasi,Truck,55.5,10,4056.0,317.0,37701.0,6.0,Clear,0,12.0,9.94,3051.0,0,0,0,0,0,0,8,4,0,0.811,54.97,-2.06,0,10.537468422426857
SM101730,2025-10-12,Prayagraj,Truck,18.4,2,2244.0,127.0,21669.0,7.7,Clear,0,6.0,4.77,1382.0,0,0,0,0,0,0,10,6,1,0.449,75.11,-1.23,0,9.983684094530405
SM103602,2025-02-26,Lucknow,Mini Truck,20.9,5,914.0,46.0,16093.0,6.6,Rain,0,7.0,7.0,795.0,0,0,0,0,0,0,2,2,0,0.457,38.04,0.0,0,9.686201810706079
SM105459,2025-11-22,Varanasi,Mini Truck,113.9,4,1190.0,50.0,9976.0,9.2,Clear,0,11.0,10.17,2485.0,0,0,0,0,0,0,11,5,1,0.595,21.82,-0.83,0,9.208037722913508
SM101002,2025-07-23,Kanpur,Pickup,9.5,7,634.0,36.0,4393.0,7.7,Clear,0,7.0,5.11,554.0,0,0,0,0,0,0,7,2,0,0.792,58.32,-1.89,0,8.387995252944556
SM105600,2025-05-03,Varanasi,Pickup,109.2,4,678.0,27.0,2742.0,10.0,Clear,1,11.0,12.14,1492.0,0,0,0,0,0,0,5,5,1,0.848,13.66,1.14,1,7.916807490937603
SM104049,2025-06-16,Prayagraj,Pickup,47.9,6,599.0,36.0,17653.0,5.5,Clear,0,8.0,7.95,997.0,0,0,0,0,0,0,6,0,0,0.749,20.81,-0.05,0,9.778717665580178
SM105641,2025-04-16,Gorakhpur,Truck,45.75,7,2654.0,259.0,64147.0,5.4,Clear,0,17.0,16.27,6033.0,1,0,0,0,0,0,4,2,0,0.531,131.87,-0.73,0,11.0689481926287
SM104806,2025-06-20,Kanpur,Mini Truck,36.7,7,818.0,59.0,7359.0,9.2,Rain,0,8.0,8.25,1090.0,0,0,0,0,0,0,6,4,0,0.409,29.7,0.25,1,8.903815211722922
SM100883,2025-02-26,Prayagraj,Truck,48.6,8,3770.0,232.0,24974.0,4.8,Clear,0,10.0,8.34,2576.0,0,0,0,0,0,0,2,2,0,0.754,53.0,-1.66,0,10.125630603516754
SM102736,2025-07-29,Varanasi,Mini Truck,35.849999999999994,8,1731.0,189.0,9687.0,4.9,Rain,0,8.0,7.6,1185.0,1,0,0,0,0,0,7,1,0,0.866,33.05,-0.4,0,9.178643285232928
SM104012,2025-09-09,Lucknow,Mini Truck,48.4,5,1342.0,146.0,20632.0,3.8,Clear,0,8.0,7.51,1407.0,0,0,0,0,0,0,9,1,0,0.671,29.07,-0.49,0,9.93464701478523
SM101688,2025-12-09,Kanpur,Mini Truck,22.1,4,1147.0,54.0,27399.0,3.0,Fog,0,7.0,6.24,1002.0,0,0,0,0,0,0,12,1,0,0.574,45.34,-0.76,0,10.218298292376161
SM101347,2025-09-13,Kanpur,Mini Truck,23.8,5,1283.0,52.0,8452.0,6.9,Clear,0,7.0,6.17,1047.0,0,0,0,0,0,0,9,5,1,0.642,43.99,-0.83,0,9.042276686928927
SM100680,2025-09-22,Kanpur,Truck,44.9,4,3574.0,167.0,36769.0,4.4,Clear,0,9.0,7.83,2368.0,0,0,0,0,0,0,9,0,0,0.715,52.74,-1.17,0,10.512437574295317
SM101708,2025-03-30,Lucknow,Pickup,12.1,6,439.0,18.0,6740.0,7.3,Clear,0,6.0,6.27,464.0,0,0,0,0,0,0,3,6,1,0.549,38.35,0.27,1,8.815963560853438
SM104727,2025-11-20,Lucknow,Truck,29.2,7,2614.0,267.0,82353.5,5.3,Clear,0,9.0,7.36,1852.0,0,0,0,0,0,0,11,3,0,0.523,63.42,-1.64,0,11.318788378921557
SM100160,2025-12-30,Gorakhpur,Mini Truck,62.6,5,535.0,31.0,4485.0,6.3,Rain,0,9.0,7.14,1446.0,0,0,0,0,0,0,12,1,0,0.268,23.1,-1.86,0,8.408716715080153
SM100670,2025-12-14,Prayagraj,Pickup,29.8,7,486.0,27.0,16237.0,4.4,Fog,0,8.0,7.91,696.0,0,0,0,0,0,0,12,6,1,0.608,23.36,-0.09,0,9.695109453422392
SM101266,2025-01-21,Prayagraj,Truck,34.1,5,2100.0,91.0,9907.0,8.4,Fog,0,8.0,8.62,1628.0,0,0,0,0,0,0,1,1,0,0.42,47.74,0.62,1,9.20109779060925
SM100353,2025-06-08,Prayagraj,Mini Truck,20.4,2,1101.0,72.0,30571.0,4.9,Rain,0,6.0,5.34,902.0,0,0,0,0,0,0,6,6,1,0.55,44.22,-0.66,0,10.327839836362775
SM104655,2025-03-14,Kanpur,Truck,38.7,5,3056.0,228.0,43258.0,9.5,Clear,1,9.0,9.58,2136.0,0,0,0,0,0,0,3,4,0,0.611,55.19,0.58,1,10.674960583197336
SM102495,2025-03-16,Lucknow,Truck,49.0,4,3160.0,242.0,53260.0,5.9,Clear,0,9.0,8.48,2403.0,0,0,0,0,0,0,3,6,1,0.632,49.04,-0.52,0,10.882959635008408
SM104824,2025-07-02,Gorakhpur,Pickup,42.2,4,343.0,14.0,5751.0,4.8,Rain,0,7.0,6.59,798.0,0,0,0,0,0,0,7,2,0,0.429,18.91,-0.41,0,8.657302899400882
SM102679,2025-05-17,Prayagraj,Mini Truck,22.6,3,1127.0,87.0,31735.0,4.8,Clear,0,6.0,6.33,806.0,0,0,0,1,0,0,5,5,1,0.564,35.66,0.33,1,10.365206962194167
SM101551,2025-11-08,Varanasi,Truck,14.4,6,1478.0,68.0,7770.0,5.9,Rain,0,7.0,8.17,1047.0,0,0,0,0,0,0,11,5,1,0.296,72.71,1.17,1,8.958154135209242
SM102325,2025-10-28,Lucknow,Pickup,40.9,7,308.0,19.0,2314.0,8.4,Clear,0,8.0,7.95,832.0,0,0,0,0,0,0,10,1,0,0.385,20.34,-0.05,0,7.747164966520335
SM105809,2025-05-19,Gorakhpur,Truck,81.8,2,2657.0,131.0,12559.0,3.1,Clear,0,10.0,7.74,2948.0,0,0,0,0,0,0,5,0,0,0.531,36.04,-2.26,0,9.438272440022189
SM104684,2025-07-08,Lucknow,Pickup,25.3,7,614.0,26.0,9376.0,6.0,Rain,0,7.0,6.98,793.0,0,0,0,0,0,0,7,1,0,0.768,31.34,-0.02,0,9.146015161419625
SM105540,2025-04-14,Lucknow,Truck,46.3,5,2840.0,142.0,28278.0,5.6,Clear,0,8.0,9.03,1846.0,0,1,1,0,0,0,4,0,0,0.568,39.87,1.03,1,10.24987475870638
SM104072,2025-11-01,Prayagraj,Mini Truck,17.1,9,1502.0,97.0,16790.0,3.6,Clear,0,8.0,4.2,1199.0,0,0,0,0,0,0,11,5,1,0.751,70.12,-3.8,0,9.72859830755947
SM104352,2025-07-21,Gorakhpur,Truck,24.9,10,2491.0,106.0,31286.0,5.6,Rain,0,9.0,9.42,1781.0,0,0,1,0,0,0,7,0,0,0.498,71.53,0.42,1,10.350957954789322
SM101365,2025-01-07,Lucknow,Mini Truck,18.5,5,1302.0,55.0,19690.0,6.0,Fog,0,7.0,8.05,943.0,0,0,0,0,0,0,1,1,0,0.651,50.97,1.05,1,9.88791695754517
SM103097,2025-04-25,Varanasi,Mini Truck,18.0,2,934.0,84.0,29753.0,7.5,Rain,0,6.0,6.73,602.0,0,0,0,0,0,0,4,4,0,0.467,33.44,0.73,1,10.30071885571719
SM102225,2025-08-15,Prayagraj,Pickup,47.4,5,400.0,42.0,12579.0,1.8,Clear,0,8.0,6.56,782.0,0,0,0,0,0,0,8,4,0,0.5,16.5,-1.44,0,9.439863530254431
SM105177,2025-06-14,Varanasi,Mini Truck,65.2,9,1106.0,129.0,38114.0,6.6,Clear,0,10.0,9.01,1748.0,0,0,0,0,0,0,6,5,1,0.553,26.81,-0.99,0,10.548363184422374
SM103803,2025-01-08,Prayagraj,Pickup,31.9,7,544.0,23.0,5598.0,8.7,Fog,0,8.0,8.75,717.0,0,0,0,0,1,0,1,2,0,0.68,22.48,0.75,1,8.630343289348893
SM100363,2025-11-23,Varanasi,Mini Truck,30.0,5,358.0,19.0,3661.0,4.8,Clear,0,7.0,4.89,815.0,0,0,0,0,0,0,11,6,1,0.179,27.17,-2.11,0,8.205764725234456
SM102601,2025-03-20,Lucknow,Mini Truck,23.4,5,1256.0,129.0,47697.0,5.6,Clear,0,7.0,5.68,1086.0,0,0,1,0,0,0,3,3,0,0.628,46.41,-1.32,0,10.772644747276225
SM102081,2025-02-03,Varanasi,Truck,17.0,4,4841.0,281.0,38585.0,6.5,Clear,0,8.0,6.8,2314.0,0,0,0,0,0,0,2,0,0,0.968,136.12,-1.2,0,10.560644795362919
SM103357,2025-11-16,Gorakhpur,Pickup,44.8,6,581.0,44.0,5328.0,3.1,Clear,0,9.0,6.99,1012.0,1,0,0,0,0,0,11,6,1,0.726,22.59,-2.01,0,8.580918882296782
SM102359,2025-03-18,Kanpur,Truck,24.8,7,3241.0,203.0,33478.0,5.0,Clear,0,9.0,7.7,1902.0,0,0,0,0,0,0,3,1,0,0.648,76.69,-1.3,0,10.41867365557908
SM102333,2025-10-28,Lucknow,Pickup,20.4,6,448.0,19.0,3956.0,7.0,Clear,0,7.0,5.67,686.0,0,0,0,0,0,0,10,1,0,0.56,33.63,-1.33,0,8.283241441385425
SM105160,2025-05-20,Prayagraj,Truck,19.1,5,2489.0,125.0,14924.0,3.1,Clear,0,7.0,7.01,1402.0,0,0,0,0,0,0,5,1,0,0.498,73.4,0.01,1,9.610792938260802
SM100614,2025-09-08,Varanasi,Mini Truck,32.2,7,1482.0,164.0,27803.0,3.8,Fog,0,8.0,8.9,1265.0,0,0,0,0,0,0,9,0,0,0.741,39.29,0.9,1,10.232935174220376
SM101760,2025-05-21,Prayagraj,Mini Truck,31.0,4,1438.0,58.0,7308.0,7.5,Clear,0,7.0,5.65,1160.0,0,0,0,0,0,0,5,2,0,0.719,37.42,-1.35,0,8.896861744480391
SM100091,2025-10-21,Gorakhpur,Mini Truck,45.9,3,548.0,53.0,17008.0,6.9,Clear,1,7.0,8.22,1017.0,0,0,0,0,0,0,10,1,0,0.274,22.16,1.22,1,9.741497894714092
SM101644,2025-02-18,Lucknow,Mini Truck,22.3,5,1326.0,90.0,28129.0,6.5,Clear,0,7.0,5.34,1149.0,0,0,0,0,0,0,2,1,0,0.663,51.52,-1.66,0,10.244591901483902
SM105082,2025-01-01,Lucknow,Mini Truck,12.7,4,803.0,82.0,12375.0,5.6,Rain,1,6.0,6.82,648.0,0,0,0,0,0,0,1,2,0,0.402,51.02,0.82,1,9.423514392252901
SM102570,2025-10-20,Lucknow,Mini Truck,47.5,7,1323.0,96.0,10336.0,5.7,Clear,1,9.0,6.89,1521.0,0,0,0,0,0,0,10,0,0,0.662,32.02,-2.11,0,9.243484970568485
SM102563,2025-05-30,Lucknow,Mini Truck,30.7,7,1090.0,74.0,38172.0,7.7,Clear,0,8.0,6.97,1103.0,0,0,0,0,0,0,5,4,0,0.545,35.93,-1.03,0,10.54988373840662
SM101964,2025-10-26,Lucknow,Pickup,14.4,4,422.0,35.0,5907.0,4.1,Clear,0,6.0,4.43,427.0,0,0,0,0,0,0,10,6,1,0.528,29.65,-1.57,0,8.68406264365127
SM103308,2025-01-09,Prayagraj,Truck,21.5,5,3574.0,235.0,15582.0,5.4,Fog,0,8.0,8.5,1962.0,0,0,0,0,0,0,1,3,0,0.715,91.26,0.5,1,9.653935855445614
SM103933,2025-09-24,Varanasi,Truck,33.7,4,3542.0,267.0,80249.0,8.0,Rain,0,8.0,9.27,2187.0,0,0,0,0,0,0,9,2,0,0.708,64.9,1.27,1,11.292902040992262
SM104937,2025-08-04,Lucknow,Mini Truck,27.0,8,1508.0,91.0,18784.0,5.2,Clear,0,8.0,6.22,1228.0,0,0,0,0,0,0,8,0,0,0.754,45.48,-1.78,0,9.84081395800807
SM102001,2025-01-23,Varanasi,Mini Truck,42.3,6,1526.0,108.0,17163.0,4.9,Clear,0,8.0,6.7,1390.0,0,0,0,0,0,0,1,3,0,0.763,32.86,-1.3,0,9.750569446111415
SM102553,2025-03-12,Lucknow,Pickup,38.3,8,340.0,39.0,7737.0,5.6,Clear,0,8.0,6.62,865.0,0,0,0,0,0,0,3,2,0,0.425,22.58,-1.38,0,8.953898535260459
SM104089,2025-12-25,Prayagraj,Mini Truck,35.8,10,1409.0,63.0,12553.0,2.6,Clear,0,9.0,7.86,1429.0,0,0,0,0,0,0,12,3,0,0.704,39.92,-1.14,0,9.437794618877478
SM102966,2025-03-29,Kanpur,Mini Truck,24.6,7,413.0,45.0,10446.0,8.1,Rain,0,7.0,7.58,862.0,0,0,0,0,0,0,3,5,1,0.206,35.04,0.58,1,9.254070134837509
SM104466,2025-10-19,Lucknow,Truck,26.7,9,3328.0,250.0,44388.0,4.9,Clear,0,9.0,8.39,2036.0,0,0,0,0,0,0,10,6,1,0.666,76.25,-0.61,0,10.700746969978026
SM101661,2025-08-11,Gorakhpur,Truck,91.3,5,2840.0,182.0,21314.0,3.7,Clear,0,12.0,11.36,3802.0,0,1,0,0,0,0,8,0,0,0.568,41.64,-0.64,0,9.96716632919931
SM102401,2025-07-26,Lucknow,Mini Truck,31.0,4,1305.0,99.0,17084.0,5.0,Clear,0,7.0,5.03,1094.0,0,0,0,0,0,0,7,5,1,0.652,35.29,-1.97,0,9.745956164549392
SM105467,2025-05-02,Prayagraj,Mini Truck,35.5,4,1526.0,66.0,11285.0,5.7,Clear,0,7.0,5.98,1168.0,0,0,0,0,0,0,5,4,0,0.763,32.9,-1.02,0,9.331318298529085
SM100142,2025-04-11,Gorakhpur,Pickup,34.7,8,523.0,22.0,3873.0,7.1,Rain,0,8.0,7.03,849.0,0,0,0,0,0,0,4,4,0,0.654,24.47,-0.97,0,8.262042843966942
SM103091,2025-05-24,Lucknow,Mini Truck,16.9,8,958.0,92.0,21630.0,3.1,Clear,0,7.0,4.69,826.0,0,0,0,0,0,0,5,5,1,0.479,48.88,-2.31,0,9.981882749963502
SM103197,2025-10-24,Lucknow,Pickup,19.7,2,641.0,28.0,13750.0,6.8,Clear,0,6.0,5.39,504.0,0,0,0,0,0,0,10,4,0,0.801,25.58,-0.61,0,9.528866827722945
SM104232,2025-08-09,Lucknow,Pickup,30.6,4,422.0,20.0,4593.0,3.0,Rain,1,7.0,5.62,615.0,0,0,0,0,0,0,8,5,1,0.528,20.1,-1.38,0,8.432506383249043
SM100258,2025-03-05,Varanasi,Pickup,23.3,10,500.0,34.0,4531.0,5.8,Clear,0,8.0,7.14,835.0,0,0,0,0,0,0,3,2,0,0.625,35.84,-0.86,0,8.418918622147897
SM101496,2025-07-21,Prayagraj,Mini Truck,42.6,6,1189.0,87.0,23310.0,7.4,Clear,0,8.0,5.54,1388.0,0,0,0,0,0,0,7,0,0,0.594,32.58,-2.46,0,10.056680631152522
SM101602,2025-10-29,Gorakhpur,Truck,15.6,5,3593.0,154.0,27019.0,7.2,Fog,0,8.0,8.54,1867.0,0,0,0,0,0,0,10,2,0,0.719,119.68,0.54,1,10.20433261151419
SM105842,2025-07-22,Lucknow,Mini Truck,30.5,7,928.0,48.0,12413.0,4.4,Clear,0,8.0,6.3,1019.0,0,0,0,0,0,0,7,1,0,0.464,33.41,-1.7,0,9.426580146973597
SM102741,2025-02-05,Varanasi,Mini Truck,74.6,7,1396.0,75.0,21431.0,2.8,Clear,0,10.0,7.76,1955.0,0,0,0,0,0,0,2,2,0,0.698,26.21,-2.24,0,9.972640411224445
SM102375,2025-12-28,Varanasi,Mini Truck,27.6,4,1092.0,77.0,32756.0,2.2,Clear,0,7.0,4.44,962.0,0,0,0,0,0,0,12,6,1,0.546,34.86,-2.56,0,10.396871958682176
SM103555,2025-06-13,Prayagraj,Truck,54.6,7,2320.0,245.0,78544.0,7.5,Clear,0,10.0,8.71,2470.0,0,0,0,0,0,0,6,4,0,0.464,45.24,-1.29,0,11.27142698793404
SM100649,2025-11-06,Kanpur,Pickup,16.2,10,750.0,31.0,3262.0,6.3,Clear,0,8.0,6.31,813.0,0,0,0,0,0,0,11,3,0,0.938,50.19,-1.69,0,8.09040229659332
SM102323,2025-08-27,Lucknow,Pickup,17.8,6,472.0,27.0,2771.0,7.1,Rain,0,7.0,6.4,647.0,0,0,0,0,0,0,8,2,0,0.59,36.35,-0.6,0,7.927324360309794
SM105083,2025-06-09,Varanasi,Mini Truck,35.849999999999994,5,1366.0,59.0,13674.5,3.9,Clear,0,9.0,6.07,1518.0,1,0,0,0,1,0,6,0,0,0.683,42.34,-2.93,0,9.523361189693068
SM103751,2025-10-19,Lucknow,Pickup,41.5,6,588.0,24.0,19728.0,4.1,Clear,0,8.0,6.65,932.0,0,0,0,0,0,0,10,6,1,0.735,22.46,-1.35,0,9.889844913494969
SM100970,2025-04-20,Gorakhpur,Pickup,52.5,8,663.0,30.0,15620.0,2.8,Rain,0,9.0,7.22,1177.0,0,0,0,0,0,0,4,6,1,0.829,22.42,-1.78,0,9.65637144183101
SM103884,2025-03-01,Gorakhpur,Truck,35.7,9,3837.0,224.0,79030.0,3.3,Rain,0,10.0,9.25,2584.0,0,0,0,0,0,0,3,5,1,0.767,72.38,-0.75,0,11.277595459541718
SM105559,2025-02-19,Kanpur,Truck,19.2,9,3872.0,182.0,12344.0,3.8,Fog,0,9.0,9.09,2154.0,0,0,0,0,0,0,2,2,0,0.774,112.19,0.09,1,9.42100640177928
SM103072,2025-03-29,Lucknow,Truck,10.6,5,2365.0,104.0,23497.0,4.4,Clear,0,7.0,5.44,1096.0,0,0,0,0,0,0,3,5,1,0.473,103.4,-1.56,0,10.064670590127518
SM101305,2025-09-03,Lucknow,Truck,11.2,6,3179.0,174.0,33680.0,6.1,Clear,0,8.0,7.56,1539.0,0,0,0,0,0,0,9,2,0,0.636,137.41,-0.44,0,10.424689159126888
SM105797,2025-08-16,Varanasi,Pickup,43.3,8,417.0,17.0,3288.0,5.6,Clear,1,9.0,6.98,1001.0,0,0,0,0,0,0,8,5,1,0.521,23.12,-2.02,0,8.098338846189057
SM104487,2025-04-03,Lucknow,Pickup,38.0,7,462.0,19.0,2586.0,6.2,Clear,1,8.0,8.69,815.0,0,1,0,0,0,0,4,3,0,0.578,21.45,0.69,1,7.8582541821860294
SM103090,2025-05-06,Lucknow,Mini Truck,16.2,7,640.0,28.0,12769.0,9.3,Clear,1,7.0,6.95,697.0,0,0,0,0,0,0,5,1,0,0.32,43.02,-0.05,0,9.454853949026585
SM103724,2025-01-04,Prayagraj,Truck,22.8,6,1307.0,129.0,47350.0,3.0,Clear,0,7.0,6.31,1256.0,0,0,0,0,0,0,1,5,1,0.261,55.09,-0.69,0,10.765343217715396
SM103007,2025-06-05,Kanpur,Mini Truck,20.6,7,1206.0,111.0,64417.0,6.1,Clear,0,7.0,5.16,979.0,0,0,0,0,0,0,6,3,0,0.603,47.52,-1.84,0,11.073148376144319
SM105457,2025-05-24,Gorakhpur,Mini Truck,53.5,8,1745.0,72.0,24151.0,7.2,Clear,0,10.0,8.82,1824.0,0,0,0,0,0,0,5,5,1,0.872,34.09,-1.18,0,10.092122471386675
SM103565,2025-04-06,Varanasi,Mini Truck,81.4,10,1452.0,67.0,11599.0,7.1,Clear,0,12.0,10.51,2148.0,0,0,0,0,0,0,4,6,1,0.726,26.39,-1.49,0,9.358760377094455
SM104844,2025-10-02,Lucknow,Pickup,65.9,9,458.0,39.0,23848.0,8.7,Clear,1,10.0,9.55,1234.0,0,0,0,0,0,0,10,3,0,0.572,18.73,-0.45,0,10.07949756671628
SM104756,2025-07-29,Lucknow,Pickup,30.3,3,405.0,35.0,20056.0,3.1,Rain,0,6.0,5.42,459.0,0,0,0,0,0,0,7,1,0,0.506,15.15,-0.58,0,9.906333498986047
SM102284,2025-09-06,Lucknow,Mini Truck,21.4,10,1708.0,200.0,46537.0,3.3,Rain,0,9.0,8.14,1270.0,0,0,0,0,0,0,9,5,1,0.854,59.35,-0.86,0,10.748024462146892
SM102500,2025-09-13,Lucknow,Truck,29.3,2,2840.0,157.0,20369.0,6.0,Rain,0,7.0,7.66,1635.0,0,1,0,0,0,0,9,5,1,0.568,55.8,0.66,1,9.921818509220852
SM101782,2025-01-09,Gorakhpur,Mini Truck,43.2,9,1229.0,56.0,14679.0,8.6,Fog,0,9.0,9.82,1495.0,0,0,0,0,0,0,1,3,0,0.614,34.61,0.82,1,9.594241302168507
SM101363,2025-03-15,Gorakhpur,Pickup,57.7,8,284.0,12.0,3653.0,5.6,Clear,0,9.0,6.89,1005.0,0,0,1,0,0,0,3,5,1,0.355,17.42,-2.11,0,8.203577736937952
SM101468,2025-10-11,Gorakhpur,Mini Truck,39.1,9,1138.0,46.0,19302.0,5.2,Clear,0,9.0,7.48,1393.0,0,0,0,0,0,1,10,5,1,0.569,35.63,-1.52,0,9.868015803227875
SM104945,2025-09-22,Lucknow,Truck,25.4,7,2770.0,344.0,42852.0,7.3,Clear,0,9.0,7.64,2041.0,1,0,0,0,0,0,9,0,0,0.554,80.35,-1.36,0,10.665530933243835
SM103056,2025-10-20,Lucknow,Truck,26.1,9,3546.0,204.0,82353.5,6.9,Clear,1,10.0,10.14,2139.0,0,0,0,0,0,0,10,0,0,0.709,81.95,0.14,1,11.318788378921557
SM101945,2025-02-13,Kanpur,Mini Truck,15.7,3,774.0,52.0,6855.0,7.5,Clear,0,6.0,5.95,590.0,0,0,0,0,0,0,2,3,0,0.387,37.58,-0.05,0,8.832879460277615
SM105885,2025-10-25,Lucknow,Truck,13.7,5,2840.0,102.0,38154.0,3.9,Clear,0,7.0,7.12,1367.0,0,1,0,0,0,0,10,5,1,0.568,99.78,0.12,1,10.549412089723733
SM105185,2025-08-27,Gorakhpur,Pickup,132.8,7,459.0,22.0,14384.0,6.5,Fog,0,13.0,13.32,1879.0,0,0,0,0,0,0,8,2,0,0.574,14.15,0.32,1,9.573941275985648
SM100270,2025-04-18,Gorakhpur,Mini Truck,139.0,2,834.0,52.0,8901.0,6.1,Clear,0,5.0,4.69,599.0,0,0,0,0,0,0,4,4,0,0.417,4.31,-0.31,0,9.0940312495758
SM105554,2025-07-22,Kanpur,Mini Truck,41.5,6,680.0,53.0,11468.0,3.3,Clear,0,8.0,6.22,1135.0,0,0,0,0,0,0,7,1,0,0.34,27.35,-1.78,0,9.347403022364523
SM101696,2025-06-21,Prayagraj,Truck,22.1,6,3420.0,260.0,45208.0,5.5,Clear,0,8.0,8.31,1911.0,0,0,0,0,0,0,6,5,1,0.684,86.47,0.31,1,10.7190514610438
SM105802,2025-06-09,Lucknow,Pickup,24.9,3,611.0,75.0,14024.0,5.6,Clear,0,6.0,5.75,609.0,0,0,0,0,0,0,6,0,0,0.764,24.46,-0.25,0,9.548596730390898
SM102449,2025-03-04,Prayagraj,Pickup,31.0,8,266.0,15.0,2983.0,6.2,Clear,0,8.0,6.78,800.0,0,0,0,0,0,0,3,1,0,0.332,25.81,-1.22,0,8.001019961323651
SM101911,2025-11-21,Prayagraj,Mini Truck,47.0,7,1157.0,55.0,6920.0,9.2,Rain,0,9.0,8.27,1522.0,0,0,0,0,0,0,11,4,0,0.578,32.38,-0.73,0,8.842315546841863
SM104195,2025-06-30,Gorakhpur,Pickup,48.1,8,443.0,34.0,19410.0,6.7,Clear,0,9.0,8.52,938.0,0,0,0,0,0,0,6,0,0,0.554,19.5,-0.48,0,9.873595194671092
SM101819,2025-04-18,Varanasi,Pickup,24.8,8,563.0,32.0,5610.0,5.6,Clear,0,8.0,6.54,751.0,0,0,0,0,0,0,4,4,0,0.704,30.28,-1.46,0,8.632484235750972
SM100406,2025-06-08,Prayagraj,Truck,50.1,6,2717.0,139.0,11576.0,4.3,Clear,0,9.0,9.73,2310.0,0,0,0,0,0,0,6,6,1,0.543,46.11,0.73,1,9.356775650205728
SM101805,2025-01-17,Kanpur,Mini Truck,20.6,11,749.0,63.0,11453.0,8.2,Fog,0,9.0,8.79,900.0,0,0,0,0,0,0,1,4,0,0.374,43.69,-0.21,0,9.346094292953802
SM105625,2025-09-11,Lucknow,Pickup,52.3,5,268.0,20.0,1897.0,5.9,Rain,0,8.0,7.57,929.0,0,0,0,0,0,0,9,3,0,0.335,17.76,-0.43,0,7.5485559791698735
SM103262,2025-09-28,Lucknow,Mini Truck,35.4,7,1335.0,95.0,19318.0,3.7,Rain,0,8.0,6.57,1233.0,0,0,0,0,0,0,9,6,1,0.668,34.83,-1.43,0,9.868844346592555
SM102933,2025-06-08,Lucknow,Truck,36.5,3,2411.0,103.0,17842.0,7.0,Rain,0,8.0,8.61,1848.0,0,0,0,0,0,0,6,6,1,0.482,50.63,0.61,1,9.789366553431428
SM103704,2025-12-11,Prayagraj,Pickup,13.8,1,595.0,24.0,3687.0,6.4,Clear,0,5.0,3.72,372.0,0,0,0,0,0,0,12,3,0,0.744,26.96,-1.28,0,8.212839584676484
SM104881,2025-12-31,Lucknow,Pickup,28.0,7,485.0,27.0,16152.0,5.5,Fog,0,7.0,7.42,673.0,0,0,0,0,0,0,12,2,0,0.606,24.04,0.42,1,9.689861069913759
SM103808,2025-07-09,Prayagraj,Pickup,30.8,8,392.0,18.0,1640.0,6.9,Rain,0,8.0,7.16,726.0,0,0,0,0,0,0,7,2,0,0.49,23.57,-0.84,0,7.403061091090091
SM105437,2025-01-05,Kanpur,Mini Truck,28.6,4,923.0,81.0,14509.0,2.6,Fog,0,7.0,5.66,772.0,0,0,0,0,0,0,1,6,1,0.462,26.99,-1.34,0,9.582593345878234
SM105392,2025-10-20,Prayagraj,Truck,26.9,4,4124.0,325.0,82353.5,4.5,Clear,1,8.0,7.74,2176.0,0,0,0,0,0,0,10,0,0,0.825,80.89,-0.26,0,11.318788378921557
SM105673,2025-08-26,Lucknow,Truck,23.6,8,2380.0,166.0,17424.0,5.4,Rain,0,9.0,9.11,1665.0,0,0,0,0,0,0,8,1,0,0.476,70.55,0.11,1,9.765661235628725
SM105099,2025-04-18,Gorakhpur,Mini Truck,46.2,6,559.0,23.0,5296.0,5.8,Clear,0,10.0,7.71,1757.0,1,0,0,0,0,0,4,4,0,0.28,38.03,-2.29,0,8.574895901544526
SM103186,2025-10-07,Varanasi,Pickup,34.0,5,377.0,21.0,4829.0,6.6,Clear,0,7.0,5.67,581.0,0,0,0,0,0,0,10,1,0,0.471,17.09,-1.33,0,8.482601746646619
SM103479,2025-10-12,Prayagraj,Pickup,31.7,6,397.0,21.0,5666.0,6.7,Fog,0,7.0,9.04,790.0,0,0,0,0,0,0,10,6,1,0.496,24.92,2.04,1,8.64241515616962
SM101544,2025-03-26,Prayagraj,Mini Truck,33.8,4,1318.0,90.0,6548.0,5.2,Clear,0,7.0,6.07,1099.0,0,0,0,0,0,0,3,2,0,0.659,32.51,-0.93,0,8.787067645218054
SM100463,2025-06-02,Prayagraj,Mini Truck,32.0,3,863.0,84.0,13251.0,6.0,Rain,0,7.0,7.13,1049.0,0,0,0,0,0,0,6,0,0,0.432,32.78,0.13,1,9.491903763419787
SM101223,2025-08-27,Lucknow,Mini Truck,16.0,6,1005.0,44.0,14435.0,5.1,Rain,0,7.0,5.7,711.0,0,0,0,0,0,0,8,2,0,0.502,44.44,-1.3,0,9.577480365762678
SM105309,2025-06-15,Gorakhpur,Mini Truck,38.5,5,735.0,90.0,7548.0,4.8,Clear,0,7.0,5.69,1209.0,0,0,0,0,0,0,6,6,1,0.368,31.4,-1.31,0,8.929170383139624
SM104924,2025-05-01,Kanpur,Mini Truck,34.3,6,1442.0,123.0,63492.0,5.3,Clear,0,8.0,5.7,1319.0,0,0,0,0,0,0,5,3,0,0.721,38.45,-2.3,0,11.058684942583852
SM103576,2025-08-24,Prayagraj,Pickup,41.1,12,450.0,20.0,2798.0,3.6,Rain,0,10.0,9.4,1117.0,0,0,0,0,0,0,8,6,1,0.562,27.18,-0.6,0,7.937017489515454
SM103247,2025-02-02,Gorakhpur,Truck,63.1,5,1625.0,80.0,8000.0,2.7,Clear,0,9.0,6.71,2334.0,0,0,0,0,0,0,2,6,1,0.325,36.99,-2.29,0,8.987321812850125
SM101091,2025-06-13,Kanpur,Mini Truck,65.9,3,754.0,76.0,20087.0,5.5,Clear,0,8.0,6.3,1376.0,0,0,0,0,0,0,6,4,0,0.377,20.88,-1.7,0,9.907877900837422
SM100691,2025-10-18,Varanasi,Truck,37.65,6,3946.0,199.0,57194.0,5.6,Clear,0,9.0,8.11,2273.0,1,0,1,0,0,0,10,5,1,0.789,60.37,-0.89,0,10.954221760959774
SM101241,2025-10-11,Kanpur,Mini Truck,34.4,7,679.0,46.0,9944.0,3.3,Clear,0,8.0,5.23,1035.0,0,0,0,0,0,0,10,5,1,0.34,30.09,-2.77,0,9.204825191288073
SM100103,2025-01-03,Kanpur,Pickup,10.0,7,296.0,13.0,2261.0,8.4,Fog,0,6.0,7.75,509.0,0,0,0,0,0,0,1,4,0,0.37,50.9,1.75,1,7.724004656676065
SM104474,2025-11-07,Prayagraj,Truck,48.9,5,3074.0,125.0,17643.0,1.0,Clear,0,9.0,7.08,2397.0,0,0,0,0,0,0,11,4,0,0.615,49.02,-1.92,0,9.77815106122483
SM101631,2025-11-24,Prayagraj,Pickup,64.9,6,419.0,19.0,2002.0,5.5,Clear,0,9.0,7.62,1088.0,0,0,0,0,0,0,11,0,0,0.524,16.76,-1.38,0,7.602401335665818
SM104197,2025-02-15,Gorakhpur,Mini Truck,52.0,7,1161.0,93.0,23641.0,6.1,Clear,0,9.0,8.42,1560.0,0,1,0,0,0,0,2,5,1,0.58,30.0,-0.58,0,10.070780070310322
SM100683,2025-12-16,Prayagraj,Pickup,36.0,3,142.0,8.0,5262.0,4.1,Fog,0,6.0,5.97,509.0,0,0,0,0,0,0,12,1,0,0.178,14.14,-0.03,0,8.56845648535378
SM103511,2025-07-31,Lucknow,Mini Truck,11.2,10,1120.0,68.0,9880.0,5.2,Rain,0,8.0,8.33,916.0,0,0,0,0,0,0,7,3,0,0.56,81.79,0.33,1,9.198369000194964
SM103882,2025-07-29,Prayagraj,Mini Truck,34.5,5,1302.0,68.0,12402.0,7.0,Rain,0,8.0,7.92,1255.0,0,0,0,0,0,0,7,1,0,0.651,36.38,-0.08,0,9.42569365781533
SM104242,2025-10-28,Varanasi,Truck,37.65,6,2579.0,247.0,52702.0,5.8,Clear,0,10.0,8.74,2547.0,1,0,0,0,0,0,10,1,0,0.516,67.65,-1.26,0,10.872427658905435
SM101118,2025-09-21,Prayagraj,Pickup,74.2,7,348.0,18.0,5320.0,6.1,Rain,0,10.0,9.84,1191.0,0,0,0,0,0,0,9,6,1,0.435,16.05,-0.16,0,8.579416534596369
SM100597,2025-10-12,Gorakhpur,Pickup,68.1,7,211.0,11.0,3552.0,5.0,Rain,0,9.0,7.44,1101.0,0,0,0,0,0,0,10,6,1,0.264,16.17,-1.56,0,8.175547596021026
SM103459,2025-05-25,Varanasi,Mini Truck,48.7,4,694.0,58.0,9775.0,3.4,Clear,0,8.0,6.4,1313.0,0,0,0,0,0,0,5,6,1,0.347,26.96,-1.6,0,9.187685681411377
SM102580,2025-05-21,Varanasi,Mini Truck,22.5,5,1214.0,66.0,13606.0,8.7,Clear,0,7.0,6.68,928.0,0,0,0,0,0,0,5,2,0,0.607,41.24,-0.32,0,9.518339645190858
SM104432,2025-11-24,Varanasi,Truck,45.3,6,3656.0,372.0,79766.0,7.4,Clear,0,10.0,8.84,2592.0,0,0,0,0,0,0,11,0,0,0.731,57.22,-1.16,0,11.286865164074618
SM104906,2025-04-15,Varanasi,Mini Truck,18.3,9,1468.0,98.0,13209.0,6.3,Clear,0,8.0,6.4,1065.0,0,0,0,0,0,0,4,1,0,0.734,58.2,-1.6,0,9.488729397516371
SM102818,2025-02-16,Prayagraj,Truck,16.8,5,2099.0,189.0,82353.5,10.0,Clear,0,7.0,7.82,1200.0,0,0,0,0,0,0,2,6,1,0.42,71.43,0.82,1,11.318788378921557
SM102695,2025-05-16,Prayagraj,Pickup,26.0,5,300.0,25.0,3409.0,3.0,Clear,0,7.0,3.82,607.0,0,0,0,0,0,0,5,4,0,0.375,23.35,-3.18,0,8.134467570277563
SM105147,2025-10-29,Lucknow,Mini Truck,15.9,6,1317.0,86.0,20879.0,6.1,Clear,0,7.0,5.94,915.0,0,0,0,0,0,0,10,2,0,0.658,57.55,-1.06,0,9.946547041996576
SM103340,2025-07-17,Kanpur,Mini Truck,55.1,7,967.0,81.0,28718.0,4.6,Rain,0,9.0,8.38,1466.0,0,0,0,0,0,0,7,3,0,0.484,26.61,-0.62,0,10.265314203614462
SM102080,2025-10-29,Lucknow,Mini Truck,45.2,4,1835.0,171.0,24399.0,5.8,Clear,0,8.0,6.25,1456.0,0,0,0,0,0,0,10,2,0,0.918,32.21,-1.75,0,10.102338411281293
SM100199,2025-12-18,Gorakhpur,Truck,73.0,3,3606.0,271.0,72197.0,4.5,Fog,0,10.0,9.79,3157.0,0,0,0,0,0,0,12,3,0,0.721,43.25,-0.21,0,11.187167623666218
SM105421,2025-12-21,Kanpur,Pickup,23.6,2,530.0,26.0,11724.0,5.5,Fog,0,6.0,6.83,533.0,0,0,0,0,0,0,12,6,1,0.662,22.58,0.83,1,9.36947859331448
SM104723,2025-01-19,Prayagraj,Truck,32.8,4,3231.0,284.0,82353.5,5.8,Clear,0,7.0,6.02,1732.0,1,0,0,0,0,0,1,6,1,0.646,52.8,-0.98,0,11.318788378921557
SM102121,2025-12-14,Prayagraj,Truck,34.5,4,3169.0,306.0,53951.0,6.3,Clear,0,8.0,8.13,1969.0,0,0,0,0,0,0,12,6,1,0.634,57.07,0.13,1,10.895850041361527
SM100323,2025-12-01,Kanpur,Mini Truck,30.7,4,652.0,32.0,21963.0,6.2,Fog,0,7.0,7.56,999.0,0,0,0,0,0,0,12,0,0,0.326,32.54,0.56,1,9.997160028398763
SM101813,2025-06-30,Gorakhpur,Pickup,49.9,4,443.0,37.0,5005.0,7.3,Clear,0,8.0,6.88,895.0,0,0,0,0,0,0,6,0,0,0.554,17.94,-1.12,0,8.518392471991719
SM102350,2025-07-16,Gorakhpur,Pickup,99.1,5,444.0,29.0,14212.0,5.1,Rain,0,10.0,9.19,1453.0,0,0,0,0,0,0,7,2,0,0.555,14.66,-0.81,0,9.561912317739012
SM100039,2025-08-19,Varanasi,Mini Truck,27.6,10,1417.0,87.0,19983.0,3.2,Rain,0,9.0,7.67,1333.0,0,0,0,0,0,0,8,1,0,0.708,48.3,-1.33,0,9.90268723236536
SM102672,2025-11-07,Prayagraj,Truck,12.7,7,3620.0,200.0,34244.0,5.7,Clear,0,8.0,8.12,1826.0,0,0,0,0,0,0,11,4,0,0.724,143.78,0.12,1,10.441295847632006
SM100068,2025-01-28,Kanpur,Pickup,21.1,5,384.0,16.0,2971.0,4.5,Clear,0,6.0,5.34,493.0,0,0,0,0,0,0,1,1,0,0.48,23.36,-0.66,0,7.99699040583765
SM102410,2025-07-13,Lucknow,Mini Truck,34.8,5,1792.0,76.0,23002.0,5.7,Clear,0,8.0,7.1,1427.0,0,0,0,0,0,0,7,6,1,0.896,41.01,-0.9,0,10.043379921188018
SM102182,2025-08-10,Lucknow,Mini Truck,13.9,9,1161.0,49.0,12045.0,4.1,Rain,0,8.0,6.54,762.0,0,1,0,0,0,0,8,6,1,0.58,54.82,-1.46,0,9.396487933603666
SM105740,2025-10-01,Lucknow,Truck,75.0,10,2098.0,206.0,36039.0,4.6,Clear,0,12.0,11.18,2895.0,0,0,0,0,0,0,10,2,0,0.42,38.6,-0.82,0,10.492384711722273
SM103531,2025-01-27,Gorakhpur,Pickup,40.2,8,605.0,31.0,7707.0,5.6,Rain,0,8.0,7.08,935.0,0,0,0,0,0,0,1,0,0,0.756,23.26,-0.92,0,8.950014029534257
SM100679,2025-12-08,Lucknow,Pickup,32.2,8,751.0,33.0,16043.0,3.4,Clear,0,8.0,6.36,946.0,0,0,0,0,0,0,12,0,0,0.939,29.38,-1.64,0,9.683090226889943
SM105320,2025-04-25,Lucknow,Truck,56.4,5,4511.0,473.0,61812.0,4.9,Clear,0,10.0,8.89,3141.0,0,0,0,0,0,0,4,4,0,0.902,55.69,-1.11,0,11.031868977311118
SM105068,2025-01-13,Lucknow,Pickup,30.0,7,481.0,22.0,4359.0,8.4,Clear,0,8.0,6.98,733.0,0,0,0,0,0,0,1,0,0,0.601,24.43,-1.02,0,8.38022733634308
SM103693,2025-04-30,Kanpur,Truck,45.4,7,2579.0,105.0,17567.0,7.1,Rain,0,9.0,8.33,2759.0,0,0,0,0,0,1,4,2,0,0.516,60.77,-0.67,0,9.773834344309257
SM104982,2025-03-10,Gorakhpur,Mini Truck,23.2,6,725.0,44.0,4474.0,5.6,Clear,0,7.0,6.3,812.0,0,0,1,1,0,0,3,0,0,0.362,35.0,-0.7,0,8.406261630708956
SM102202,2025-01-15,Lucknow,Mini Truck,22.3,6,797.0,47.0,3933.0,9.0,Fog,0,7.0,9.4,929.0,0,0,0,0,0,0,1,2,0,0.398,41.66,2.4,1,8.277411998949004
SM102528,2025-02-01,Gorakhpur,Truck,24.6,6,3846.0,168.0,37179.0,2.9,Clear,0,9.0,7.02,2197.0,0,0,0,0,0,0,2,5,1,0.769,89.31,-1.98,0,10.523526261275435
SM103281,2025-10-03,Lucknow,Mini Truck,17.2,6,839.0,45.0,15186.0,7.2,Clear,0,7.0,5.14,843.0,0,0,0,0,0,0,10,4,0,0.42,49.01,-1.86,0,9.62819507773027
SM104930,2025-01-06,Prayagraj,Pickup,33.8,12,585.0,34.0,11264.0,6.3,Clear,0,9.0,8.26,1055.0,0,0,0,0,0,0,1,0,0,0.731,31.21,-0.74,0,9.329455852866344
SM100365,2025-07-09,Prayagraj,Truck,49.3,2,2840.0,94.0,37824.0,2.8,Clear,0,8.0,6.96,1786.0,0,1,0,0,0,0,7,2,0,0.568,36.23,-1.04,0,10.540725538656556
SM100733,2025-10-10,Varanasi,Mini Truck,89.8,7,1315.0,81.0,17537.0,6.3,Rain,0,11.0,10.05,1992.0,0,0,0,0,0,0,10,4,0,0.658,22.18,-0.95,0,9.7721252343393
SM104406,2025-04-05,Gorakhpur,Truck,72.3,6,2509.0,145.0,38416.0,4.4,Clear,0,10.0,9.38,2900.0,0,0,0,0,0,0,4,5,1,0.502,40.11,-0.62,0,10.55625534894273
SM102341,2025-05-24,Lucknow,Mini Truck,69.0,10,955.0,48.0,4315.0,4.1,Clear,0,11.0,8.33,1934.0,0,0,0,0,0,0,5,5,1,0.478,28.03,-2.67,0,8.370084326378025
SM102071,2025-08-25,Prayagraj,Truck,17.2,6,1853.0,116.0,10007.0,1.0,Rain,0,7.0,5.88,1344.0,0,0,0,0,0,0,8,0,0,0.371,78.14,-1.12,0,9.211140052146748
SM105314,2025-05-30,Lucknow,Pickup,37.5,9,553.0,28.0,5491.0,6.0,Rain,0,9.0,8.55,986.0,0,0,0,0,0,0,5,4,0,0.691,26.29,-0.45,0,8.61104776688786
SM100954,2025-10-14,Lucknow,Truck,25.3,4,3776.0,346.0,31777.0,5.9,Clear,0,8.0,6.9,2081.0,0,0,0,0,0,0,10,1,0,0.755,82.25,-1.1,0,10.366529505448312
SM102673,2025-03-10,Varanasi,Truck,44.7,7,2850.0,125.0,14467.0,5.6,Clear,1,9.0,10.26,2352.0,0,0,1,0,0,0,3,0,0,0.57,52.62,1.26,1,9.579694593071988
SM100287,2025-07-28,Prayagraj,Pickup,57.0,3,376.0,34.0,6195.0,4.0,Clear,0,8.0,5.15,860.0,0,0,0,0,0,0,7,0,0,0.47,15.09,-2.85,0,8.73165920153676
SM103226,2025-07-31,Prayagraj,Mini Truck,9.3,7,1439.0,62.0,6305.0,5.6,Clear,0,7.0,5.07,1041.0,0,0,1,0,0,0,7,3,0,0.72,111.94,-1.93,0,8.749256840105007
SM103031,2025-04-10,Prayagraj,Pickup,49.5,8,196.0,8.0,1702.0,2.1,Clear,0,9.0,6.09,941.0,0,0,0,0,0,0,4,3,0,0.245,19.01,-2.91,0,7.440146680662688
SM103064,2025-09-16,Prayagraj,Pickup,44.6,6,523.0,22.0,4907.0,7.0,Rain,0,8.0,8.75,804.0,0,0,0,0,0,0,9,1,0,0.654,18.03,0.75,1,8.498621805830801
SM105951,2025-10-27,Prayagraj,Pickup,45.5,4,311.0,14.0,1770.0,6.2,Clear,0,7.0,6.39,673.0,0,0,0,0,0,0,10,0,0,0.389,14.79,-0.61,0,7.479299637782834
SM102549,2025-02-16,Prayagraj,Pickup,42.3,4,735.0,33.0,6275.0,5.2,Clear,0,7.0,5.52,920.0,0,0,0,0,0,0,2,6,1,0.919,21.75,-1.48,0,8.744488113852924
SM102167,2025-11-04,Kanpur,Mini Truck,21.4,7,1161.0,77.0,12133.0,5.8,Clear,0,7.0,6.31,905.0,0,0,0,0,0,0,11,1,0,0.58,42.29,-0.69,0,9.403766708502243
SM102745,2025-05-28,Lucknow,Truck,8.4,4,3889.0,158.0,25021.0,7.6,Clear,0,7.0,7.42,1710.0,0,0,0,0,0,0,5,2,0,0.778,203.57,0.42,1,10.127510716877346
SM102425,2025-07-24,Varanasi,Truck,34.7,3,4254.0,263.0,27288.0,5.6,Fog,0,8.0,8.52,2472.0,0,0,0,0,0,0,7,3,0,0.851,71.24,0.52,1,10.214238969571854
SM102833,2025-07-19,Varanasi,Pickup,9.1,5,248.0,12.0,1057.0,4.8,Rain,0,6.0,5.05,315.0,0,0,0,0,0,0,7,5,1,0.31,34.62,-0.95,0,6.964135612418245
SM102028,2025-07-11,Varanasi,Truck,37.65,7,2336.0,104.0,15153.0,4.0,Clear,0,9.0,7.1,2064.0,1,0,0,0,0,0,7,4,0,0.467,54.82,-1.9,0,9.626019802491319
SM102062,2025-02-24,Prayagraj,Mini Truck,22.4,6,1419.0,61.0,5475.0,5.9,Clear,0,7.0,6.53,1203.0,0,0,0,0,0,0,2,0,0,0.71,53.71,-0.47,0,8.60813018640834
SM105664,2025-07-19,Lucknow,Truck,32.3,8,1137.0,59.0,16870.0,4.2,Rain,0,8.0,8.72,1539.0,0,0,0,0,0,0,7,5,1,0.227,47.65,0.72,1,9.733351450605975
SM102609,2025-10-29,Varanasi,Truck,10.5,6,2264.0,250.0,42050.0,5.6,Clear,0,7.0,4.55,1133.0,0,0,1,0,0,0,10,2,0,0.453,107.9,-2.45,0,10.646638446331167
SM100038,2025-04-12,Lucknow,Pickup,49.3,9,437.0,21.0,8113.0,4.6,Clear,0,9.0,6.88,1037.0,0,0,0,0,0,0,4,5,1,0.546,21.03,-2.12,0,9.001346243766392
SM102952,2025-12-08,Prayagraj,Truck,59.8,9,2297.0,139.0,14486.0,4.2,Fog,0,11.0,10.05,2510.0,0,0,0,0,0,0,12,0,0,0.459,41.97,-0.95,0,9.581006974541651
SM102556,2025-10-19,Prayagraj,Truck,21.0,5,1939.0,211.0,29614.0,5.1,Rain,0,7.0,6.96,1301.0,0,0,0,0,0,0,10,6,1,0.388,61.95,-0.04,0,10.296036268711065
SM103043,2025-07-13,Gorakhpur,Pickup,38.5,10,507.0,23.0,4299.0,3.0,Clear,0,9.0,6.45,907.0,0,0,0,0,0,0,7,6,1,0.634,23.56,-2.55,0,8.366370301681654
SM102311,2025-01-25,Lucknow,Pickup,31.1,5,622.0,48.0,15500.0,1.8,Clear,0,7.0,4.85,743.0,0,0,0,0,0,0,1,5,1,0.778,23.89,-2.15,0,9.648659816955295
SM103278,2025-12-29,Kanpur,Truck,15.9,3,4169.0,193.0,12896.0,5.9,Fog,0,7.0,7.6,1934.0,0,0,0,0,0,0,12,0,0,0.834,121.64,0.6,1,9.464750005164392
SM105700,2025-08-16,Lucknow,Mini Truck,21.9,4,121.0,6.0,1702.0,6.4,Rain,1,6.0,7.42,528.0,0,0,0,0,0,0,8,5,1,0.06,24.11,1.42,1,7.440146680662688
SM102686,2025-03-31,Lucknow,Truck,33.7,4,3736.0,160.0,30379.0,5.6,Clear,1,8.0,8.94,2259.0,0,0,1,0,0,0,3,0,0,0.747,67.03,0.94,1,10.321539776149764
SM103939,2025-07-06,Lucknow,Truck,19.0,4,2401.0,118.0,46804.0,5.6,Fog,0,7.0,7.84,1456.0,0,0,0,0,0,0,7,6,1,0.48,76.63,0.84,1,10.753745313805846
SM102066,2025-09-22,Varanasi,Pickup,30.9,5,313.0,14.0,3116.0,5.8,Rain,0,7.0,7.58,581.0,0,0,0,0,0,0,9,0,0,0.391,18.8,0.58,1,8.044626279767337
SM101057,2025-10-09,Gorakhpur,Mini Truck,73.4,4,874.0,55.0,8324.0,6.7,Clear,0,9.0,7.34,1676.0,0,0,0,0,0,0,10,3,0,0.437,22.83,-1.66,0,9.027018314848645
SM100793,2025-10-29,Lucknow,Mini Truck,29.5,5,1522.0,120.0,7156.0,4.6,Clear,0,7.0,5.42,1205.0,0,0,0,0,0,0,10,2,0,0.761,40.85,-1.58,0,8.875846177738598
SM104724,2025-04-17,Kanpur,Truck,18.6,3,3144.0,152.0,33670.0,4.8,Clear,0,7.0,5.51,1643.0,0,0,0,0,0,0,4,3,0,0.629,88.33,-1.49,0,10.424392211743783
SM105194,2025-05-16,Gorakhpur,Truck,40.7,9,3722.0,204.0,54086.0,4.4,Clear,0,10.0,8.66,2496.0,0,0,0,0,0,0,5,4,0,0.744,61.33,-1.34,0,10.89834914021031
SM101732,2025-09-13,Prayagraj,Pickup,33.6,2,532.0,22.0,4807.0,6.4,Clear,1,6.0,6.21,610.0,0,0,0,0,0,0,9,5,1,0.665,18.15,0.21,1,8.478036476215044
SM105245,2025-03-25,Lucknow,Truck,14.2,9,2676.0,128.0,20257.0,3.7,Clear,0,9.0,7.25,1721.0,0,0,0,1,0,0,3,1,0,0.535,121.2,-1.75,0,9.916305056246742
SM101097,2025-10-03,Varanasi,Pickup,34.1,7,488.0,34.0,5823.0,8.2,Clear,0,8.0,8.37,776.0,0,0,0,0,0,0,10,4,0,0.61,22.76,0.37,1,8.669742589876522
SM103752,2025-12-17,Kanpur,Truck,55.6,8,2033.0,111.0,20496.0,6.2,Clear,0,10.0,8.74,2284.0,0,0,0,0,0,0,12,2,0,0.407,41.08,-1.26,0,9.928033812954128
SM101597,2025-09-22,Lucknow,Mini Truck,25.9,4,661.0,43.0,8386.0,5.2,Rain,0,7.0,6.02,805.0,0,0,0,0,0,0,9,0,0,0.33,31.08,-0.98,0,9.034438166984412
SM101293,2025-01-02,Varanasi,Truck,35.2,11,2926.0,264.0,33065.0,5.6,Clear,0,10.0,9.53,2358.0,0,0,0,0,1,0,1,3,0,0.585,66.99,-0.47,0,10.40626084311129
SM100950,2025-02-04,Prayagraj,Truck,13.0,10,3584.0,201.0,16644.0,3.8,Clear,0,9.0,7.35,1903.0,0,0,0,0,0,0,2,1,0,0.717,146.38,-1.65,0,9.719865150009126
SM101471,2025-09-12,Lucknow,Pickup,25.2,3,607.0,67.0,5594.0,5.7,Rain,0,6.0,4.51,387.0,1,0,0,0,0,0,9,4,0,0.759,15.36,-1.49,0,8.629628620746026
SM104646,2025-09-30,Lucknow,Pickup,25.2,4,468.0,49.0,6306.0,6.1,Rain,0,8.0,6.76,927.0,1,0,0,0,0,0,9,1,0,0.585,36.79,-1.24,0,8.749415406663651
SM103879,2025-01-16,Lucknow,Truck,59.6,4,3079.0,277.0,68804.0,4.1,Rain,0,9.0,7.96,2652.0,0,0,0,0,0,0,1,3,0,0.616,44.5,-1.04,0,11.139031695699382
SM100452,2025-07-02,Lucknow,Truck,40.7,5,2115.0,93.0,34413.0,6.0,Rain,0,8.0,7.76,1919.0,0,0,0,0,0,0,7,2,0,0.423,47.15,-0.24,0,10.446218737313103
SM104262,2025-04-17,Varanasi,Truck,31.4,5,4285.0,426.0,77536.0,6.0,Clear,0,9.0,7.05,2430.0,0,0,0,0,0,0,4,3,0,0.857,77.39,-1.95,0,11.258510520767917
SM102056,2025-09-26,Varanasi,Mini Truck,31.2,9,914.0,111.0,39453.0,5.9,Clear,1,8.0,8.36,1190.0,0,0,0,0,0,0,9,4,0,0.457,38.14,0.36,1,10.582890715303813
SM102130,2025-09-20,Prayagraj,Pickup,17.7,6,548.0,38.0,9274.0,4.0,Rain,0,7.0,5.84,584.0,0,0,0,0,0,0,9,5,1,0.685,32.99,-1.16,0,9.135077887475635
SM105974,2025-12-18,Prayagraj,Pickup,38.3,5,507.0,32.0,10522.0,5.3,Clear,0,7.0,7.25,707.0,0,0,0,0,0,0,12,3,0,0.634,18.46,0.25,1,9.261318616740812
SM100828,2025-11-12,Gorakhpur,Pickup,67.8,8,462.0,21.0,3566.0,5.0,Clear,0,10.0,7.52,1149.0,0,1,0,0,0,0,11,2,0,0.578,16.95,-2.48,0,8.17948018535889
SM105721,2025-06-01,Prayagraj,Truck,15.1,6,465.0,19.0,2907.0,5.1,Clear,0,7.0,5.22,749.0,0,0,0,0,0,0,6,6,1,0.093,49.6,-1.78,0,7.97522083865341
SM102936,2025-10-08,Lucknow,Pickup,9.7,11,437.0,18.0,6341.0,5.3,Clear,0,8.0,5.72,611.0,0,0,0,0,0,0,10,2,0,0.546,62.99,-2.28,0,8.754949455098293
SM104624,2025-05-24,Prayagraj,Truck,34.9,5,2186.0,201.0,59022.0,4.3,Rain,0,8.0,7.87,1939.0,0,0,0,0,0,0,5,5,1,0.437,55.56,-0.13,0,10.98568247743216
SM102982,2025-10-20,Kanpur,Truck,5.1,3,2269.0,93.0,12586.0,4.5,Clear,1,6.0,6.22,1128.0,0,0,0,0,0,0,10,0,0,0.454,221.18,0.22,1,9.440419814291506
SM100722,2025-11-05,Kanpur,Pickup,17.4,5,623.0,52.0,24595.0,3.4,Clear,1,6.0,5.06,645.0,0,0,0,0,0,0,11,2,0,0.779,37.07,-0.94,0,10.11033910707336
SM105972,2025-07-01,Kanpur,Pickup,28.5,10,498.0,23.0,3103.0,6.3,Clear,0,8.0,7.6,915.0,0,0,0,0,0,0,7,1,0,0.622,32.11,-0.4,0,8.04044688130311
SM103463,2025-01-19,Lucknow,Mini Truck,14.4,4,1617.0,93.0,19360.0,5.6,Fog,0,6.0,6.2,1047.0,0,0,1,0,0,0,1,6,1,0.808,72.71,0.2,1,9.871016012389166
SM105728,2025-06-01,Lucknow,Mini Truck,32.5,5,1482.0,80.0,10294.0,6.1,Clear,0,8.0,6.48,1280.0,0,0,0,0,0,0,6,6,1,0.741,39.38,-1.52,0,9.23941361946189
SM104831,2025-02-09,Varanasi,Pickup,59.9,3,597.0,30.0,5925.0,4.7,Clear,0,8.0,5.56,899.0,0,0,0,0,0,0,2,6,1,0.746,15.01,-2.44,0,8.68710472813351
SM103240,2025-03-18,Varanasi,Mini Truck,31.5,8,1146.0,72.0,24255.0,5.8,Rain,0,8.0,8.7,1160.0,0,0,0,0,0,0,3,1,0,0.573,36.83,0.7,1,10.096419288442098
SM102888,2025-02-24,Kanpur,Pickup,19.0,10,437.0,28.0,6345.0,6.8,Clear,0,8.0,6.17,778.0,0,0,0,0,0,0,2,0,0,0.546,40.95,-1.83,0,8.75557997214314
SM101595,2025-03-02,Gorakhpur,Mini Truck,30.6,5,1655.0,195.0,57951.0,3.6,Clear,0,8.0,5.04,1288.0,0,0,0,0,0,0,3,6,1,0.828,42.09,-2.96,0,10.96737036068314
SM104651,2025-12-26,Lucknow,Pickup,21.8,4,510.0,26.0,13190.0,4.4,Fog,0,6.0,5.38,539.0,0,0,0,0,0,0,12,4,0,0.638,24.72,-0.62,0,9.48729005784892
SM105987,2025-07-20,Gorakhpur,Mini Truck,101.8,5,1565.0,64.0,82353.5,2.7,Rain,0,11.0,8.89,2363.0,0,0,0,0,0,0,7,6,1,0.782,23.21,-2.11,0,11.318788378921557
SM105216,2025-10-15,Kanpur,Truck,31.0,5,1925.0,93.0,37703.0,4.2,Clear,0,8.0,6.54,1619.0,0,0,0,0,0,0,10,2,0,0.385,52.23,-1.46,0,10.537521468603567
SM100764,2025-05-12,Lucknow,Mini Truck,35.7,6,1418.0,139.0,12235.0,2.7,Clear,0,8.0,5.36,1272.0,0,0,0,0,0,0,5,0,0,0.709,35.63,-2.64,0,9.412137705270794
SM105014,2025-08-29,Lucknow,Pickup,17.8,9,447.0,23.0,4569.0,6.0,Clear,0,8.0,6.17,744.0,0,0,0,0,0,0,8,4,0,0.559,41.8,-1.83,0,8.42726848388825
SM102591,2025-05-19,Kanpur,Pickup,40.2,9,409.0,23.0,3050.0,6.3,Clear,0,9.0,7.57,882.0,0,0,0,0,0,0,5,0,0,0.511,21.94,-1.43,0,8.02322468471667
SM102525,2025-04-29,Gorakhpur,Mini Truck,36.5,5,1655.0,89.0,82353.5,5.0,Clear,0,8.0,6.94,1425.0,0,0,0,0,0,0,4,1,0,0.828,39.04,-1.06,0,11.318788378921557
SM101592,2025-05-20,Kanpur,Mini Truck,92.5,4,1128.0,50.0,3834.0,5.1,Rain,0,10.0,8.37,2011.0,0,0,0,0,0,0,5,1,0,0.564,21.74,-1.63,0,8.251924713801357
SM103096,2025-03-05,Lucknow,Mini Truck,32.7,9,1269.0,56.0,10603.0,5.8,Clear,0,9.0,7.42,1317.0,0,0,0,0,0,0,3,2,0,0.634,40.28,-1.58,0,9.268986567408916
SM103748,2025-12-02,Prayagraj,Mini Truck,25.8,8,1378.0,87.0,17496.0,5.6,Fog,0,8.0,8.84,1071.0,0,0,1,0,0,0,12,1,0,0.689,41.51,0.84,1,9.76978471664462
SM105960,2025-03-05,Lucknow,Pickup,35.6,4,513.0,31.0,9594.0,7.5,Clear,0,7.0,5.6,739.0,0,0,0,0,0,0,3,2,0,0.641,20.76,-1.4,0,9.1689974084418
SM101421,2025-12-30,Lucknow,Mini Truck,31.5,6,1275.0,73.0,14260.0,4.2,Fog,0,8.0,7.73,1077.0,0,0,0,0,0,0,12,1,0,0.638,34.19,-0.27,0,9.565283817736766
SM105827,2025-09-03,Gorakhpur,Pickup,31.2,7,627.0,30.0,20119.0,5.8,Clear,0,8.0,7.77,711.0,0,0,0,0,0,0,9,2,0,0.784,22.79,-0.23,0,9.909469624213676
SM100654,2025-07-21,Prayagraj,Pickup,22.9,5,339.0,41.0,6255.0,3.8,Rain,0,7.0,5.69,619.0,0,0,0,0,0,0,7,0,0,0.424,27.03,-1.31,0,8.741296282225147
SM100283,2025-06-29,Lucknow,Pickup,18.8,5,215.0,18.0,10398.0,6.6,Clear,0,6.0,5.58,460.0,0,0,0,0,0,0,6,6,1,0.269,24.47,-0.42,0,9.249464926660233
SM104781,2025-08-05,Prayagraj,Pickup,26.1,6,689.0,31.0,5353.0,4.3,Clear,0,7.0,4.92,674.0,0,0,0,0,0,0,8,1,0,0.861,25.82,-2.08,0,8.585599224080298
SM104989,2025-11-19,Kanpur,Mini Truck,53.2,7,1339.0,61.0,8191.0,2.9,Clear,0,9.0,7.22,1564.0,0,0,0,0,0,0,11,2,0,0.67,29.4,-1.78,0,9.010913347279288
SM102259,2025-12-29,Lucknow,Pickup,42.8,3,632.0,44.0,6918.0,6.1,Fog,0,7.0,6.3,880.0,0,0,0,0,0,0,12,0,0,0.79,20.56,-0.7,0,8.842026529498812
SM103703,2025-11-27,Lucknow,Mini Truck,30.0,5,754.0,50.0,5704.0,7.1,Clear,0,7.0,7.16,960.0,0,0,0,0,0,0,11,3,0,0.377,32.0,0.16,1,8.649098262296176
SM105991,2025-06-22,Lucknow,Pickup,4.4,8,578.0,61.0,11419.0,4.7,Rain,0,7.0,6.32,594.0,0,0,0,0,0,0,6,6,1,0.722,135.0,-0.68,0,9.343121483210002
SM103352,2025-02-08,Kanpur,Pickup,26.9,10,338.0,21.0,12928.0,7.6,Fog,0,8.0,8.47,742.0,0,0,0,0,0,0,2,5,1,0.422,27.58,0.47,1,9.467228129254554
SM105496,2025-10-09,Lucknow,Truck,39.2,4,2752.0,207.0,40386.0,3.8,Clear,0,8.0,7.29,2030.0,0,0,0,0,0,0,10,3,0,0.55,51.79,-0.71,0,10.606263229988029
SM105659,2025-09-26,Prayagraj,Truck,32.9,9,2501.0,131.0,25967.0,6.5,Clear,0,9.0,8.62,2065.0,0,0,0,0,0,0,9,4,0,0.5,62.77,-0.38,0,10.164620289754373
SM101445,2025-01-14,Prayagraj,Pickup,78.3,6,439.0,22.0,1730.0,6.3,Fog,1,10.0,10.95,1237.0,0,0,0,0,0,0,1,1,0,0.549,15.8,0.95,1,7.456454555176209
SM100981,2025-09-14,Prayagraj,Mini Truck,43.0,11,1678.0,106.0,26909.0,3.7,Rain,0,10.0,9.57,1668.0,0,0,0,0,0,0,9,6,1,0.839,38.79,-0.43,0,10.200253243720951
SM102344,2025-08-03,Prayagraj,Mini Truck,81.4,5,1199.0,129.0,14907.0,6.9,Clear,0,10.0,8.29,1996.0,0,0,0,0,0,0,8,6,1,0.6,24.52,-1.71,0,9.60965326059915
SM101153,2025-11-28,Prayagraj,Pickup,11.9,6,355.0,18.0,1443.0,7.2,Clear,0,6.0,5.4,381.0,0,0,0,0,0,0,11,4,0,0.444,32.02,-0.6,0,7.275172319452771
SM103642,2025-12-06,Lucknow,Truck,63.4,4,2276.0,188.0,19716.0,6.4,Clear,0,9.0,10.1,2403.0,0,0,0,1,0,0,12,5,1,0.455,37.9,1.1,1,9.889236486766269
SM104077,2025-08-08,Gorakhpur,Truck,120.1,3,1411.0,91.0,9542.0,7.3,Rain,0,11.0,10.52,3487.0,0,0,0,0,0,0,8,4,0,0.282,29.03,-0.48,0,9.163563180417254
SM100674,2025-08-15,Kanpur,Mini Truck,31.2,5,1076.0,62.0,38617.0,6.6,Rain,0,7.0,6.91,1102.0,0,0,0,0,0,0,8,4,0,0.538,35.32,-0.09,0,10.561473768002484
SM100468,2025-03-08,Prayagraj,Truck,86.7,8,2404.0,126.0,40779.0,5.6,Clear,0,12.0,10.13,3218.0,0,0,1,0,0,0,3,5,1,0.481,37.12,-1.87,0,10.615947044128447
SM101317,2025-08-04,Kanpur,Pickup,14.1,7,528.0,33.0,6451.0,5.8,Rain,0,7.0,6.45,621.0,0,0,0,0,0,0,8,0,0,0.66,44.04,-0.55,0,8.772145439245099
SM104198,2025-12-14,Varanasi,Pickup,61.5,5,448.0,26.0,4119.0,7.9,Clear,0,8.0,6.53,1003.0,0,0,0,0,0,0,12,6,1,0.56,16.31,-1.47,0,8.323608442343572
SM100429,2025-09-19,Kanpur,Pickup,57.9,9,493.0,29.0,2362.0,4.4,Rain,0,10.0,8.67,1194.0,0,0,0,0,0,0,9,4,0,0.616,20.62,-1.33,0,7.767687277186908
SM101509,2025-09-07,Prayagraj,Mini Truck,31.3,5,1451.0,148.0,36260.0,1.7,Clear,0,7.0,5.67,1069.0,1,0,0,0,0,0,9,6,1,0.726,34.15,-1.33,0,10.498498062527567
SM103950,2025-05-18,Varanasi,Pickup,66.8,3,626.0,52.0,24760.0,6.8,Clear,0,8.0,6.7,1049.0,0,0,0,0,0,0,5,6,1,0.782,15.7,-1.3,0,10.117025113705102
SM101555,2025-03-01,Kanpur,Truck,50.3,9,3644.0,223.0,82353.5,4.5,Clear,0,11.0,9.29,2819.0,0,0,0,0,0,0,3,5,1,0.729,56.04,-1.71,0,11.318788378921557
SM101129,2025-08-25,Gorakhpur,Truck,44.1,8,3154.0,193.0,45294.0,4.9,Rain,0,10.0,10.03,2403.0,0,0,0,0,0,0,8,0,0,0.631,54.49,0.03,1,10.720951930103388
SM105390,2025-03-07,Varanasi,Mini Truck,24.5,7,1161.0,59.0,15037.0,6.0,Clear,0,8.0,6.52,970.0,0,1,0,0,0,0,3,4,0,0.58,39.59,-1.48,0,9.618335609937972
SM101210,2025-08-16,Varanasi,Truck,37.8,7,1868.0,108.0,34514.0,7.8,Rain,1,9.0,9.66,2297.0,0,0,0,0,0,1,8,5,1,0.374,60.77,0.66,1,10.449149291137577
SM100916,2025-07-18,Prayagraj,Mini Truck,52.4,12,1179.0,61.0,13249.0,7.4,Clear,0,11.0,8.81,1683.0,0,0,0,0,0,0,7,4,0,0.59,32.12,-2.19,0,9.491752831414368
SM100166,2025-04-28,Lucknow,Mini Truck,7.3,8,1460.0,107.0,15017.0,4.5,Clear,0,7.0,5.68,881.0,0,0,0,0,0,0,4,0,0,0.73,120.68,-1.32,0,9.61700476065983
SM103059,2025-04-10,Gorakhpur,Mini Truck,46.2,3,1085.0,119.0,29260.0,5.8,Clear,1,7.0,5.7,1105.0,1,0,0,0,0,0,4,3,0,0.542,23.92,-1.3,0,10.284010850340083
SM105469,2025-04-10,Prayagraj,Mini Truck,57.9,4,1494.0,85.0,8287.0,6.8,Clear,0,9.0,7.57,1484.0,0,0,0,0,0,0,4,3,0,0.747,25.63,-1.43,0,9.022563964499264
SM104353,2025-05-31,Varanasi,Truck,49.6,6,3542.0,244.0,36926.0,4.0,Clear,0,10.0,9.11,2707.0,0,0,0,0,0,0,5,5,1,0.708,54.58,-0.89,0,10.516698269778406
SM105775,2025-12-10,Lucknow,Truck,22.2,5,2678.0,160.0,15554.0,5.1,Fog,0,8.0,8.1,1722.0,0,0,0,0,0,0,12,2,0,0.536,77.57,0.1,1,9.652137409331738
SM102613,2025-08-07,Varanasi,Pickup,15.7,7,378.0,21.0,1430.0,5.4,Rain,0,7.0,6.48,457.0,0,0,0,0,0,0,8,3,0,0.472,29.11,-0.52,0,7.266128779556451
SM102494,2025-06-02,Kanpur,Mini Truck,31.9,7,938.0,108.0,5497.0,8.1,Clear,0,8.0,7.39,1056.0,0,0,0,0,0,0,6,0,0,0.469,33.1,-0.61,0,8.612139668725192
SM101000,2025-10-23,Varanasi,Truck,84.4,5,2679.0,142.0,33822.0,7.0,Clear,1,11.0,10.86,3111.0,0,0,0,0,0,0,10,3,0,0.536,36.86,-0.14,0,10.428896323426862
SM101178,2025-04-05,Varanasi,Mini Truck,79.7,6,1288.0,102.0,18173.0,5.8,Clear,0,10.0,8.08,1979.0,0,0,0,0,0,0,4,5,1,0.644,24.83,-1.92,0,9.807747280255292
SM100056,2025-07-19,Varanasi,Truck,14.5,6,1654.0,135.0,14919.0,6.0,Rain,0,7.0,7.2,1196.0,0,0,0,0,0,0,7,5,1,0.331,82.48,0.2,1,9.610457873757753
SM103020,2025-05-08,Gorakhpur,Mini Truck,60.5,5,1395.0,59.0,33431.0,6.7,Clear,0,9.0,6.91,1693.0,0,0,0,0,0,0,5,3,0,0.698,27.98,-2.09,0,10.417268804127751
SM100208,2025-04-07,Lucknow,Truck,44.3,8,2840.0,296.0,43393.0,3.7,Clear,0,10.0,8.32,2355.0,0,1,0,0,0,0,4,0,0,0.568,53.16,-1.68,0,10.678076461683316
SM102111,2025-09-04,Varanasi,Truck,43.3,8,2299.0,179.0,82353.5,5.0,Clear,0,9.0,8.46,2016.0,0,0,0,0,0,0,9,3,0,0.46,46.56,-0.54,0,11.318788378921557
SM105298,2025-03-04,Lucknow,Mini Truck,41.9,4,1413.0,160.0,14909.0,6.1,Clear,0,8.0,5.81,1188.0,0,0,0,0,0,0,3,1,0,0.706,28.35,-2.19,0,9.609787407758784
SM103830,2025-11-24,Prayagraj,Truck,21.3,3,4152.0,177.0,32799.0,4.7,Clear,0,8.0,6.94,1295.0,0,0,0,0,0,1,11,0,0,0.83,60.8,-1.06,0,10.398183794372235
SM101307,2025-03-28,Prayagraj,Mini Truck,32.7,11,1022.0,83.0,14274.0,2.1,Clear,0,9.0,7.4,1302.0,0,0,0,0,0,0,3,4,0,0.511,39.82,-1.6,0,9.56626503452421
SM101440,2025-10-12,Lucknow,Mini Truck,29.4,10,929.0,74.0,12841.0,7.4,Clear,0,9.0,8.31,1156.0,0,0,0,0,0,0,10,6,1,0.464,39.32,-0.69,0,9.460476328353995
SM100425,2025-03-14,Varanasi,Pickup,47.2,9,577.0,66.0,8604.0,9.8,Clear,1,9.0,8.78,1057.0,0,0,0,0,0,0,3,4,0,0.721,22.39,-0.22,0,9.06009870864564
SM105401,2025-09-09,Lucknow,Truck,12.3,3,3005.0,224.0,17286.0,4.3,Rain,0,7.0,6.48,1492.0,0,0,0,0,0,0,9,1,0,0.601,121.3,-0.52,0,9.757710052922787
SM100697,2025-08-04,Lucknow,Truck,19.7,8,3051.0,156.0,35197.0,8.5,Clear,0,9.0,8.15,1779.0,0,0,0,0,0,0,8,0,0,0.61,90.3,-0.85,0,10.468744541790157
SM104721,2025-10-31,Kanpur,Truck,32.2,8,3973.0,341.0,80025.0,7.1,Rain,0,10.0,9.46,2336.0,0,0,0,0,0,0,10,4,0,0.795,72.55,-0.54,0,11.290106860854959
SM101265,2025-01-14,Prayagraj,Pickup,40.1,4,506.0,23.0,5744.0,9.6,Fog,1,7.0,8.9,820.0,0,0,0,0,0,0,1,1,0,0.632,20.45,1.9,1,8.656085190282855
SM101623,2025-01-07,Gorakhpur,Truck,24.8,7,3915.0,195.0,21348.0,6.2,Fog,0,9.0,9.56,2158.0,0,0,0,0,0,0,1,1,0,0.783,87.02,0.56,1,9.968760179152325
SM104384,2025-05-20,Lucknow,Mini Truck,25.9,5,1161.0,94.0,16469.0,4.4,Clear,0,7.0,5.03,1138.0,0,1,0,0,0,0,5,1,0,0.58,43.94,-1.97,0,9.709295823171686
SM103579,2025-01-29,Gorakhpur,Pickup,36.4,4,520.0,26.0,6706.0,4.1,Clear,0,7.0,5.2,796.0,0,0,0,0,0,0,1,2,0,0.65,21.87,-1.8,0,8.810907036099737
SM101593,2025-01-07,Lucknow,Truck,18.5,7,2898.0,117.0,19515.0,7.6,Fog,0,8.0,8.66,1683.0,0,0,0,1,0,0,1,1,0,0.58,90.97,0.66,1,9.878989920935728
SM105821,2025-09-15,Prayagraj,Truck,75.1,9,2025.0,171.0,76722.0,5.6,Clear,0,11.0,10.2,2741.0,0,0,0,0,0,0,9,0,0,0.405,36.5,-0.8,0,11.247956812025341
SM102301,2025-02-22,Varanasi,Mini Truck,39.8,4,472.0,26.0,6839.0,7.2,Clear,0,7.0,5.3,1030.0,0,0,0,0,0,0,2,5,1,0.236,25.88,-1.7,0,8.830543010616596
SM100492,2025-10-02,Kanpur,Truck,37.4,7,3199.0,253.0,39248.0,8.1,Clear,1,9.0,9.6,2319.0,0,0,0,0,0,0,10,3,0,0.64,62.01,0.6,1,10.577681245178987
SM100961,2025-05-30,Lucknow,Truck,33.7,4,1722.0,86.0,8698.0,6.0,Rain,0,7.0,8.67,1554.0,0,0,0,0,0,0,5,4,0,0.344,46.11,1.67,1,9.07096335550754
SM101860,2025-09-28,Prayagraj,Truck,21.5,8,1687.0,84.0,50556.0,4.3,Rain,0,8.0,7.65,1478.0,0,0,0,0,0,0,9,6,1,0.337,68.74,-0.35,0,10.830856691617283
SM105966,2025-09-20,Prayagraj,Mini Truck,13.8,3,750.0,53.0,10309.0,2.5,Clear,0,6.0,3.35,695.0,0,0,0,0,0,0,9,5,1,0.375,50.36,-2.65,0,9.240869577011006
SM105441,2025-07-06,Prayagraj,Pickup,9.6,8,384.0,27.0,8636.0,5.1,Clear,0,7.0,4.21,555.0,0,0,0,0,0,0,7,6,1,0.48,57.81,-2.79,0,9.063810579280286
SM103035,2025-12-15,Kanpur,Mini Truck,12.6,6,966.0,55.0,6798.0,3.9,Clear,0,7.0,4.79,745.0,0,0,0,0,0,0,12,0,0,0.483,59.13,-2.21,0,8.82453082152646
SM105870,2025-10-15,Varanasi,Mini Truck,64.3,4,1578.0,68.0,17700.0,6.0,Rain,0,9.0,8.65,1751.0,0,0,0,0,0,0,10,2,0,0.789,27.23,-0.35,0,9.781376414141157
SM100978,2025-05-09,Prayagraj,Mini Truck,43.3,6,1270.0,59.0,2656.0,6.2,Clear,0,8.0,5.51,1442.0,0,0,0,0,0,0,5,4,0,0.635,33.3,-2.49,0,7.884952945759814
SM105630,2025-06-23,Prayagraj,Truck,11.2,7,1974.0,127.0,33065.0,5.4,Rain,0,7.0,8.19,1276.0,0,0,0,0,1,0,6,0,0,0.395,113.93,1.19,1,10.40626084311129
SM100229,2025-03-06,Prayagraj,Mini Truck,22.8,11,1528.0,70.0,10573.0,5.8,Clear,1,9.0,8.53,1206.0,0,0,0,0,0,0,3,3,0,0.764,52.89,-0.47,0,9.266153436795395
SM100819,2025-12-31,Kanpur,Mini Truck,37.4,9,1314.0,63.0,8904.0,5.7,Fog,0,9.0,9.23,1428.0,0,0,0,0,0,0,12,2,0,0.657,38.18,0.23,1,9.094368195723762
SM102866,2025-04-26,Kanpur,Pickup,58.9,4,565.0,24.0,4114.0,6.6,Clear,0,8.0,7.06,825.0,0,0,0,0,0,0,4,5,1,0.706,14.01,-0.94,0,8.32239411311117
SM101826,2025-02-08,Lucknow,Mini Truck,28.0,5,1631.0,120.0,29944.0,3.6,Clear,0,7.0,6.16,1272.0,0,0,0,0,0,0,2,5,1,0.816,45.43,-0.84,0,10.307117644698563
SM105550,2025-08-08,Varanasi,Pickup,13.5,3,671.0,40.0,9970.0,5.7,Rain,0,6.0,4.94,526.0,0,0,0,0,0,0,8,4,0,0.839,38.96,-1.06,0,9.207436158828793
SM105644,2025-08-11,Prayagraj,Truck,32.8,5,2203.0,201.0,39845.0,4.4,Rain,0,7.0,6.66,1430.0,1,0,0,0,0,0,8,0,0,0.441,43.6,-0.34,0,10.592777302768768
SM104719,2025-02-24,Prayagraj,Pickup,32.8,9,487.0,25.0,1159.0,5.0,Clear,0,7.0,7.2,558.0,1,0,0,0,0,0,2,0,0,0.609,17.01,0.2,1,7.05617528410041
SM101467,2025-05-21,Varanasi,Pickup,25.4,6,462.0,37.0,6821.0,5.9,Clear,0,7.0,5.5,620.0,0,1,0,0,0,0,5,2,0,0.578,24.41,-1.5,0,8.82790796297859
SM105163,2025-11-02,Lucknow,Mini Truck,17.8,5,900.0,56.0,12473.0,4.3,Clear,0,7.0,5.07,715.0,0,0,0,0,0,0,11,6,1,0.45,40.17,-1.93,0,9.431401757086068
SM100621,2025-06-24,Lucknow,Mini Truck,16.9,9,1567.0,133.0,55334.0,4.7,Clear,0,8.0,5.98,1203.0,0,0,0,0,0,0,6,1,0,0.784,71.18,-2.02,0,10.921160898698886
SM104523,2025-12-27,Lucknow,Truck,25.4,7,3336.0,156.0,43591.0,7.0,Clear,0,10.0,9.25,2782.0,1,0,0,0,0,0,12,5,1,0.667,109.53,-0.75,0,10.682628926262934
SM104675,2025-05-15,Varanasi,Pickup,74.0,10,491.0,43.0,16461.0,8.0,Clear,0,11.0,9.51,1406.0,0,0,0,0,0,0,5,3,0,0.614,19.0,-1.49,0,9.70880997353259
SM103722,2025-10-02,Prayagraj,Pickup,23.4,9,720.0,49.0,6530.0,6.7,Clear,1,8.0,7.49,944.0,0,0,0,1,0,0,10,3,0,0.9,40.34,-0.51,0,8.784315349902657
SM104006,2025-04-02,Kanpur,Pickup,28.049999999999997,5,329.0,18.0,7560.0,5.2,Clear,0,6.0,4.83,549.0,1,0,0,0,0,0,4,2,0,0.411,19.57,-1.17,0,8.93075873555827
SM103048,2025-03-03,Lucknow,Pickup,22.3,4,627.0,29.0,4899.0,5.6,Clear,0,6.0,5.71,579.0,0,0,1,0,0,0,3,0,0,0.784,25.96,-0.29,0,8.496990484098719
SM101778,2025-04-23,Lucknow,Pickup,39.7,8,228.0,24.0,1784.0,5.2,Clear,0,8.0,6.9,722.0,0,0,0,0,0,0,4,2,0,0.285,18.19,-1.1,0,7.487173694213739
SM104211,2025-09-17,Kanpur,Truck,36.9,6,2956.0,141.0,15468.0,7.4,Rain,1,9.0,10.88,2169.0,0,0,0,0,0,0,9,2,0,0.591,58.78,1.88,1,9.646593300236665
SM100336,2025-12-18,Varanasi,Mini Truck,84.3,3,1045.0,55.0,15166.0,5.0,Clear,0,9.0,6.52,1900.0,0,0,0,0,0,0,12,3,0,0.522,22.54,-2.48,0,9.626877294051397
SM102642,2025-03-16,Kanpur,Truck,11.3,6,1028.0,51.0,11002.0,2.9,Clear,0,7.0,4.94,778.0,0,0,0,0,0,0,3,6,1,0.206,68.85,-2.06,0,9.305923241869912
SM103165,2025-05-27,Varanasi,Truck,14.4,10,4228.0,250.0,82000.0,3.8,Clear,0,10.0,8.48,2132.0,0,0,0,0,0,0,5,1,0,0.846,148.06,-1.52,0,11.314486721293981
SM101083,2025-07-22,Prayagraj,Pickup,32.8,3,353.0,27.0,6265.0,4.6,Clear,0,7.0,6.48,874.0,1,0,0,0,0,0,7,1,0,0.441,26.65,-0.52,0,8.742893471512136
SM102607,2025-04-04,Varanasi,Truck,76.7,2,2391.0,231.0,82353.5,3.4,Clear,0,9.0,7.62,2685.0,0,0,0,0,0,0,4,4,0,0.478,35.01,-1.38,0,11.318788378921557
SM105369,2025-04-15,Lucknow,Pickup,42.3,5,340.0,21.0,14931.0,6.3,Rain,0,7.0,6.71,802.0,0,0,0,0,0,0,4,1,0,0.425,18.96,-0.29,0,9.611261840034475
SM103569,2025-03-31,Gorakhpur,Truck,26.0,9,2661.0,232.0,29882.0,5.2,Clear,1,9.0,8.95,1876.0,0,0,0,0,0,0,3,0,0,0.532,72.15,-0.05,0,10.305045035813276
SM104024,2025-06-15,Lucknow,Mini Truck,35.5,4,518.0,29.0,6610.0,5.6,Clear,0,7.0,5.55,886.0,0,0,1,0,0,0,6,6,1,0.259,24.96,-1.45,0,8.796490207333578
SM100390,2025-09-30,Lucknow,Mini Truck,35.8,6,1190.0,75.0,17702.0,9.0,Clear,0,8.0,7.52,1202.0,0,0,0,0,0,0,9,1,0,0.595,33.58,-0.48,0,9.781489395725279
SM100737,2025-05-02,Kanpur,Mini Truck,23.8,4,1795.0,83.0,25636.0,4.9,Clear,0,7.0,5.56,1195.0,0,0,0,0,0,0,5,4,0,0.898,50.21,-1.44,0,10.151791899508838
SM100113,2025-06-17,Varanasi,Mini Truck,29.5,10,916.0,76.0,29010.0,5.0,Rain,0,9.0,7.92,1215.0,0,0,0,0,0,0,6,1,0,0.458,41.19,-1.08,0,10.275430347393456
SM101068,2025-05-02,Gorakhpur,Pickup,27.1,11,452.0,18.0,3419.0,5.6,Clear,0,9.0,6.96,840.0,0,0,0,0,0,0,5,4,0,0.565,31.0,-2.04,0,8.13739583005665
SM103923,2025-06-02,Prayagraj,Pickup,30.8,6,353.0,40.0,8041.0,6.3,Clear,0,7.0,7.57,699.0,0,0,0,0,0,1,6,0,0,0.441,22.69,0.57,1,8.992433087457218
SM100937,2025-02-24,Varanasi,Pickup,58.2,8,536.0,31.0,16552.0,4.8,Clear,0,9.0,7.02,1171.0,0,0,0,0,0,0,2,0,0,0.67,20.12,-1.98,0,9.714322633260165
SM102299,2025-11-22,Lucknow,Mini Truck,28.2,8,1169.0,50.0,6322.0,4.7,Rain,0,8.0,7.45,1016.0,0,0,0,0,0,0,11,5,1,0.584,36.03,-0.55,0,8.751949058058614
SM101873,2025-12-10,Varanasi,Pickup,32.6,8,445.0,30.0,5823.0,8.1,Fog,0,8.0,8.85,709.0,0,0,0,0,0,0,12,2,0,0.556,21.75,0.85,1,8.669742589876522
SM105393,2025-10-27,Varanasi,Mini Truck,31.4,7,1562.0,151.0,28761.0,4.2,Clear,0,8.0,6.16,1300.0,0,0,0,0,0,0,10,0,0,0.781,41.4,-1.84,0,10.266810350446326
SM103695,2025-08-23,Lucknow,Pickup,34.6,8,576.0,57.0,5598.0,4.8,Clear,1,8.0,7.6,831.0,0,0,0,0,1,0,8,5,1,0.72,24.02,-0.4,0,8.630343289348893
SM101015,2025-11-02,Varanasi,Pickup,19.9,8,71.0,5.0,1109.0,7.1,Clear,0,7.0,5.89,523.0,0,0,0,0,0,0,11,6,1,0.089,26.28,-1.11,0,7.01211529430638
SM102883,2025-01-18,Gorakhpur,Pickup,37.1,6,462.0,29.0,5158.0,5.6,Clear,0,8.0,5.78,856.0,0,1,0,0,0,0,1,5,1,0.578,23.07,-2.22,0,8.54849804124465
SM103291,2025-06-19,Gorakhpur,Pickup,62.8,9,396.0,22.0,6939.0,5.3,Clear,0,10.0,7.93,1165.0,0,0,0,0,0,0,6,3,0,0.495,18.55,-2.07,0,8.84505705350085
SM100257,2025-02-07,Prayagraj,Truck,14.4,6,3357.0,180.0,16252.0,6.8,Rain,0,8.0,8.36,1637.0,0,0,0,0,0,0,2,4,0,0.671,113.68,0.36,1,9.696032786103176
SM102238,2025-06-23,Prayagraj,Truck,64.1,4,2994.0,121.0,26726.0,5.3,Clear,0,10.0,7.98,2635.0,0,0,0,0,0,0,6,0,0,0.599,41.11,-2.02,0,10.193429569388753
SM101339,2025-05-29,Kanpur,Mini Truck,36.7,3,866.0,58.0,13716.0,7.7,Rain,0,7.0,7.63,1087.0,0,0,0,0,0,0,5,3,0,0.433,29.62,0.63,1,9.526391218478407
SM101152,2025-06-07,Prayagraj,Mini Truck,25.5,6,709.0,63.0,13408.0,4.2,Clear,0,7.0,6.24,932.0,0,0,0,0,0,0,6,5,1,0.354,36.55,-0.76,0,9.503681402279643
SM102264,2025-02-08,Prayagraj,Mini Truck,37.6,2,675.0,58.0,41632.0,7.2,Clear,0,6.0,5.17,908.0,0,0,0,0,0,0,2,5,1,0.338,24.15,-0.83,0,10.636648401008383
SM100992,2025-03-13,Lucknow,Pickup,36.0,4,467.0,24.0,3039.0,6.8,Clear,0,7.0,5.54,652.0,0,0,0,0,0,0,3,3,0,0.584,18.11,-1.46,0,8.019612794400267
SM102959,2025-06-24,Prayagraj,Mini Truck,63.1,6,1055.0,53.0,10708.0,8.1,Clear,0,9.0,7.53,1590.0,0,0,0,0,0,0,6,1,0,0.528,25.2,-1.47,0,9.278839788400875
SM101846,2025-05-27,Lucknow,Mini Truck,81.1,7,1282.0,53.0,19536.0,5.3,Clear,0,11.0,8.69,2014.0,0,0,0,0,0,0,5,1,0,0.641,24.83,-2.31,0,9.880065382591635
SM102558,2025-01-12,Varanasi,Mini Truck,68.7,4,1695.0,79.0,14467.0,6.1,Clear,0,9.0,7.59,1821.0,0,0,0,0,0,0,1,6,1,0.848,26.51,-1.41,0,9.579694593071988
SM101009,2025-07-09,Varanasi,Mini Truck,17.4,7,1182.0,90.0,7484.0,6.9,Clear,0,7.0,6.49,876.0,0,0,0,0,0,0,7,2,0,0.591,50.34,-0.51,0,8.920656296853728
SM101972,2025-09-06,Prayagraj,Pickup,95.2,5,582.0,39.0,26324.0,4.6,Rain,0,10.0,8.99,1495.0,0,0,0,0,0,0,9,5,1,0.728,15.7,-1.01,0,10.178274337002176
SM104146,2025-05-31,Prayagraj,Truck,14.4,3,3166.0,158.0,24745.0,1.3,Clear,0,7.0,4.94,1593.0,0,0,0,0,0,0,5,5,1,0.633,110.62,-2.06,0,10.11641913877392
SM100526,2025-12-04,Lucknow,Mini Truck,23.2,4,1323.0,139.0,31353.0,7.9,Fog,0,7.0,7.39,1018.0,0,0,0,0,0,0,12,3,0,0.662,43.88,0.39,1,10.353097129628477
SM103664,2025-07-07,Lucknow,Pickup,8.3,3,621.0,50.0,10108.0,5.2,Rain,0,5.0,3.6,415.0,0,0,0,0,0,0,7,0,0,0.776,50.0,-1.4,0,9.221181395154058
SM103564,2025-10-13,Prayagraj,Truck,32.8,10,4617.0,220.0,44312.0,3.6,Clear,0,10.0,8.81,2470.0,1,0,0,0,0,0,10,0,0,0.923,75.3,-1.19,0,10.69903336670871
SM104316,2025-12-24,Kanpur,Pickup,40.2,5,516.0,23.0,2997.0,5.8,Fog,0,7.0,8.77,885.0,0,0,0,0,0,0,12,2,0,0.645,22.01,1.77,1,8.005700678662542
SM105132,2025-06-23,Kanpur,Truck,56.8,9,4119.0,292.0,48379.0,5.2,Fog,0,11.0,12.04,3112.0,0,0,0,0,0,0,6,0,0,0.824,54.79,1.04,1,10.786841784164018
SM100132,2025-02-03,Lucknow,Mini Truck,32.2,10,445.0,21.0,3913.0,4.6,Clear,0,9.0,6.72,1069.0,0,0,0,0,0,0,2,0,0,0.222,33.2,-2.28,0,8.272315147956022
SM102462,2025-06-23,Lucknow,Truck,29.2,7,2941.0,169.0,46291.0,4.8,Clear,0,9.0,8.24,1965.0,0,0,0,0,0,0,6,0,0,0.588,67.29,-0.76,0,10.742724438967969
SM100035,2025-01-24,Varanasi,Truck,74.4,8,2255.0,112.0,13457.0,3.3,Fog,0,11.0,8.58,2828.0,0,0,0,0,0,0,1,4,0,0.451,38.01,-2.42,0,9.507329003748263
SM100441,2025-04-20,Lucknow,Pickup,87.4,4,354.0,23.0,34106.0,4.8,Clear,0,9.0,7.11,1192.0,0,0,0,0,0,0,4,6,1,0.442,13.64,-1.89,0,10.437257920797217
SM100064,2025-05-30,Prayagraj,Truck,16.5,8,2801.0,330.0,82353.5,4.9,Rain,0,8.0,8.33,1639.0,0,0,0,0,0,0,5,4,0,0.56,99.33,0.33,1,11.318788378921557
SM102029,2025-05-06,Lucknow,Pickup,8.1,4,381.0,20.0,4471.0,5.4,Rain,0,5.0,6.0,357.0,0,0,0,0,0,0,5,1,0,0.476,44.07,1.0,1,8.405591014834934
SM101668,2025-07-14,Kanpur,Mini Truck,27.05,3,1722.0,108.0,18242.0,5.1,Clear,0,9.0,6.67,1857.0,1,0,0,0,0,0,7,0,0,0.861,68.65,-2.33,0,9.811536723788219
SM105347,2025-06-22,Lucknow,Truck,12.8,8,3373.0,166.0,17155.0,4.2,Fog,0,8.0,9.18,1745.0,0,0,0,0,0,0,6,6,1,0.675,136.33,1.18,1,9.75010324563677
SM101282,2025-05-24,Varanasi,Pickup,43.2,6,573.0,38.0,8640.0,6.8,Clear,0,8.0,5.84,916.0,0,0,0,0,0,0,5,5,1,0.716,21.2,-2.16,0,9.0642735958414
SM103584,2025-10-02,Prayagraj,Pickup,35.3,7,651.0,28.0,4777.0,4.7,Clear,1,8.0,6.66,871.0,0,0,0,0,0,0,10,3,0,0.814,24.67,-1.34,0,8.471777327885755
SM102175,2025-10-06,Lucknow,Truck,33.8,8,1431.0,67.0,18192.0,6.9,Clear,0,9.0,7.53,1585.0,0,0,0,0,0,0,10,0,0,0.286,46.89,-1.47,0,9.808792183696804
SM100638,2025-10-17,Kanpur,Pickup,15.6,5,435.0,32.0,7880.0,4.5,Clear,0,6.0,4.74,455.0,0,0,0,0,0,0,10,4,0,0.544,29.17,-1.26,0,8.97221007835365
SM104228,2025-05-07,Lucknow,Pickup,20.6,6,545.0,46.0,16110.0,5.4,Rain,0,7.0,7.32,544.0,0,0,0,0,0,0,5,2,0,0.681,26.41,0.32,1,9.687257547490987
SM101224,2025-06-02,Lucknow,Mini Truck,5.7,7,1521.0,145.0,61772.0,2.8,Clear,0,7.0,5.09,891.0,0,0,0,0,0,0,6,0,0,0.76,156.32,-1.91,0,11.031221654776257
SM104413,2025-09-20,Varanasi,Truck,67.8,6,3354.0,176.0,65295.0,3.4,Clear,0,11.0,8.96,2969.0,0,0,0,0,0,0,9,5,1,0.671,43.79,-2.04,0,11.086686057645586
SM105674,2025-06-30,Lucknow,Truck,28.3,5,2381.0,141.0,35452.0,6.3,Clear,0,8.0,6.59,1684.0,0,0,0,0,0,0,6,0,0,0.476,59.51,-1.41,0,10.475963154613808
SM103489,2025-09-17,Gorakhpur,Pickup,44.8,5,381.0,18.0,2847.0,5.2,Rain,0,6.0,6.61,537.0,1,0,0,0,0,0,9,2,0,0.476,11.99,0.61,1,7.954372272531867
SM101218,2025-10-23,Gorakhpur,Pickup,40.0,5,603.0,59.0,8429.0,8.4,Clear,1,8.0,7.33,750.0,0,0,0,0,0,0,10,3,0,0.754,18.75,-0.67,0,9.039552050995901
SM101598,2025-11-05,Prayagraj,Pickup,35.1,3,320.0,19.0,4503.0,5.8,Clear,1,6.0,5.68,564.0,0,0,0,0,0,0,11,2,0,0.4,16.07,-0.32,0,8.412721169819527
SM102725,2025-08-14,Gorakhpur,Pickup,21.5,1,308.0,13.0,1351.0,8.2,Rain,0,5.0,5.28,429.0,0,0,0,0,0,0,8,3,0,0.385,19.95,0.28,1,7.20934025660291
SM102836,2025-12-19,Kanpur,Truck,25.7,2,2812.0,199.0,55302.0,7.4,Rain,0,7.0,6.65,1650.0,0,0,0,0,0,0,12,4,0,0.562,64.2,-0.35,0,10.920582435586892
SM104687,2025-04-16,Varanasi,Pickup,78.2,8,693.0,40.0,4854.0,2.1,Clear,0,10.0,7.12,1457.0,0,0,0,1,0,0,4,2,0,0.866,18.63,-2.88,0,8.487764380725425
SM104798,2025-05-23,Prayagraj,Pickup,30.4,6,664.0,54.0,4917.0,5.8,Clear,0,7.0,5.86,827.0,0,0,0,0,0,0,5,4,0,0.83,27.2,-1.14,0,8.500657222776137
SM100767,2025-06-24,Prayagraj,Truck,52.4,6,2175.0,136.0,13555.0,4.4,Clear,0,9.0,8.26,2193.0,0,0,0,0,0,0,6,1,0,0.435,41.85,-0.74,0,9.514584532726943
SM102572,2025-09-24,Prayagraj,Mini Truck,14.1,7,1524.0,64.0,21993.0,5.9,Rain,0,7.0,7.69,1001.0,0,0,0,0,0,0,9,2,0,0.762,70.99,0.69,1,9.99852496787088
SM105125,2025-09-30,Prayagraj,Mini Truck,19.8,10,878.0,48.0,9297.0,4.8,Rain,0,8.0,8.09,958.0,0,0,0,0,0,0,9,1,0,0.439,48.38,0.09,1,9.13755460225053
SM101294,2025-12-14,Kanpur,Mini Truck,13.7,11,1419.0,61.0,14080.0,4.3,Fog,0,9.0,9.02,488.0,0,0,0,0,0,1,12,6,1,0.71,35.62,0.02,1,9.552581649917311
SM100135,2025-04-21,Kanpur,Pickup,42.4,6,578.0,37.0,9403.0,7.9,Clear,0,8.0,7.72,762.0,0,0,0,0,0,0,4,0,0,0.722,17.97,-0.28,0,9.14889040965996
SM105767,2025-05-01,Gorakhpur,Truck,45.75,5,3572.0,440.0,82353.5,7.8,Clear,0,8.0,7.73,1953.0,1,0,0,0,0,0,5,3,0,0.714,42.69,-0.27,0,11.318788378921557
SM104896,2025-11-07,Varanasi,Pickup,20.5,5,355.0,18.0,20359.0,7.7,Clear,0,6.0,3.95,403.0,0,0,0,0,0,0,11,4,0,0.444,19.66,-2.05,0,9.921327470664458
SM101659,2025-04-03,Lucknow,Mini Truck,26.7,5,1161.0,51.0,11740.0,7.7,Clear,0,7.0,6.43,1003.0,0,1,0,0,0,0,4,3,0,0.58,37.57,-0.57,0,9.370842268630211
SM101744,2025-03-18,Lucknow,Mini Truck,26.0,13,1512.0,76.0,14360.0,2.4,Rain,0,10.0,8.89,1314.0,0,0,0,0,0,0,3,1,0,0.756,50.54,-1.11,0,9.57227147806062
SM101278,2025-01-03,Prayagraj,Pickup,55.0,5,294.0,19.0,2837.0,6.0,Clear,0,8.0,7.11,869.0,0,0,0,0,0,0,1,4,0,0.368,15.8,-0.89,0,7.950854857719988
SM104539,2025-11-14,Lucknow,Truck,43.9,5,3155.0,135.0,16899.0,2.9,Clear,0,9.0,7.92,2401.0,0,0,0,0,0,0,11,4,0,0.631,54.69,-1.08,0,9.735068900911164
SM103546,2025-05-30,Lucknow,Mini Truck,12.5,5,1306.0,118.0,19101.0,6.3,Clear,0,6.0,5.19,864.0,0,0,0,0,0,0,5,4,0,0.653,69.12,-0.81,0,9.857548320594683
SM105179,2025-05-27,Prayagraj,Truck,20.2,5,1848.0,203.0,45305.0,7.3,Clear,0,7.0,6.86,1228.0,0,0,0,0,0,0,5,1,0,0.37,60.79,-0.14,0,10.721194753031481
SM104057,2025-07-13,Lucknow,Pickup,7.0,8,384.0,44.0,7220.0,5.0,Clear,0,7.0,5.95,413.0,0,0,0,0,0,0,7,6,1,0.48,59.0,-1.05,0,8.884748726451182
SM100129,2025-08-20,Gorakhpur,Mini Truck,58.9,5,680.0,58.0,16524.0,5.9,Rain,0,8.0,8.34,1481.0,0,0,0,0,0,0,8,2,0,0.34,25.14,0.34,1,9.712629664719888
SM102700,2025-11-18,Kanpur,Pickup,26.0,8,387.0,31.0,3145.0,3.1,Clear,0,8.0,5.56,690.0,0,0,0,0,0,0,11,1,0,0.484,26.54,-2.44,0,8.053887083618223
SM100027,2025-10-28,Kanpur,Truck,50.6,12,998.0,124.0,82353.5,5.9,Clear,0,10.0,9.89,1990.0,0,0,0,0,0,0,10,1,0,0.2,39.33,-0.11,0,11.318788378921557
SM104925,2025-02-02,Lucknow,Mini Truck,15.8,9,1478.0,132.0,9264.0,4.2,Clear,0,8.0,5.1,1065.0,0,0,0,0,0,0,2,6,1,0.739,67.41,-2.9,0,9.13399913871946
SM101234,2025-08-21,Lucknow,Truck,44.4,7,2464.0,303.0,82353.5,5.9,Rain,0,9.0,8.87,2238.0,0,0,0,0,0,0,8,3,0,0.493,50.41,-0.13,0,11.318788378921557
SM105503,2025-09-22,Varanasi,Truck,30.2,4,2840.0,147.0,47687.0,1.9,Clear,0,8.0,6.67,1706.0,0,1,0,0,0,0,9,0,0,0.568,56.49,-1.33,0,10.772435072899762
SM105828,2025-02-13,Lucknow,Pickup,30.1,6,696.0,51.0,9272.0,5.2,Rain,0,7.0,7.29,821.0,0,0,0,0,0,0,2,3,0,0.87,27.28,0.29,1,9.134862230800225
SM105836,2025-11-17,Varanasi,Mini Truck,35.6,8,1335.0,57.0,11531.0,6.1,Clear,0,9.0,6.44,1320.0,0,0,0,0,0,0,11,0,0,0.668,37.08,-2.56,0,9.352881058758292
SM104043,2025-02-09,Lucknow,Pickup,40.2,9,267.0,13.0,2581.0,4.4,Rain,0,9.0,7.24,731.0,0,0,0,0,0,0,2,6,1,0.334,18.18,-1.76,0,7.856319571406588
SM104594,2025-08-14,Varanasi,Truck,28.9,9,3053.0,258.0,70687.0,5.7,Rain,0,9.0,9.43,2034.0,0,0,0,0,0,0,8,3,0,0.611,70.38,0.43,1,11.166031106219844
SM104257,2025-02-02,Gorakhpur,Mini Truck,77.9,3,1378.0,67.0,8585.0,5.3,Fog,0,9.0,9.03,1786.0,0,0,0,0,0,0,2,6,1,0.689,22.93,0.03,1,9.057888248784506
SM100459,2025-02-08,Kanpur,Truck,41.5,9,3989.0,233.0,73063.0,6.5,Clear,0,11.0,9.32,2641.0,0,0,0,0,0,0,2,5,1,0.798,63.64,-1.68,0,11.199091048371514
SM103558,2025-03-03,Kanpur,Pickup,31.7,8,342.0,26.0,3845.0,9.3,Clear,0,8.0,6.63,846.0,0,0,0,0,0,0,3,0,0,0.428,26.69,-1.37,0,8.254788926148725
SM102391,2025-03-12,Prayagraj,Pickup,11.4,12,392.0,25.0,2175.0,4.8,Clear,0,8.0,5.79,643.0,0,0,0,0,0,0,3,2,0,0.49,56.4,-2.21,0,7.685243607975833
SM102009,2025-08-19,Prayagraj,Pickup,61.8,10,372.0,16.0,3415.0,8.9,Rain,0,10.0,10.49,1309.0,0,0,0,0,0,0,8,1,0,0.465,21.18,0.49,1,8.13622555490846
SM105556,2025-02-07,Varanasi,Mini Truck,36.5,6,1682.0,90.0,17705.0,6.4,Clear,0,8.0,7.1,1398.0,0,0,0,0,0,0,2,4,0,0.841,38.3,-0.9,0,9.781658844170995
SM102466,2025-04-20,Kanpur,Truck,63.4,4,2915.0,156.0,49842.0,6.8,Rain,0,10.0,10.35,2761.0,0,0,0,0,0,0,4,6,1,0.583,43.55,0.35,1,10.816633344266204
SM101804,2025-02-16,Kanpur,Truck,19.2,3,2722.0,202.0,24878.0,4.1,Clear,0,7.0,5.99,1552.0,0,0,0,0,0,0,2,6,1,0.544,80.83,-1.01,0,10.121779353119313
SM100202,2025-06-30,Gorakhpur,Truck,40.6,3,638.0,44.0,7883.0,5.1,Clear,0,7.0,6.68,1334.0,0,0,0,0,0,0,6,0,0,0.128,32.86,-0.32,0,8.97259066827261
SM105406,2025-09-24,Lucknow,Pickup,10.6,2,240.0,19.0,1892.0,6.0,Clear,0,5.0,4.04,419.0,0,0,0,0,0,0,9,2,0,0.3,39.53,-0.96,0,7.545918151209323
SM103651,2025-01-27,Gorakhpur,Pickup,56.8,8,553.0,58.0,5008.0,8.4,Fog,0,9.0,11.0,1290.0,0,0,0,0,0,1,1,0,0,0.691,22.71,2.0,1,8.518991573357617
SM100964,2025-12-13,Prayagraj,Pickup,41.7,5,280.0,24.0,2062.0,3.5,Fog,0,7.0,7.37,723.0,0,0,0,0,0,0,12,5,1,0.35,17.34,0.37,1,7.631916513071252
SM100124,2025-11-09,Lucknow,Truck,14.5,10,2122.0,98.0,36755.0,3.9,Rain,0,9.0,8.18,1432.0,0,0,0,0,0,0,11,6,1,0.424,98.76,-0.82,0,10.512056756620776
SM103025,2025-08-17,Kanpur,Pickup,11.5,6,464.0,20.0,4052.0,4.0,Clear,0,6.0,3.77,346.0,0,0,0,0,0,0,8,6,1,0.58,30.09,-2.23,0,8.307212626628308
SM105794,2025-05-28,Varanasi,Pickup,28.2,6,516.0,26.0,3743.0,5.4,Clear,0,7.0,6.36,761.0,0,0,0,0,0,0,5,2,0,0.645,26.99,-0.64,0,8.227909837597483
SM101965,2025-09-28,Lucknow,Pickup,18.6,6,575.0,64.0,4463.0,5.1,Rain,0,7.0,6.33,612.0,0,0,0,1,0,0,9,6,1,0.719,32.9,-0.67,0,8.403800504061147
SM102972,2025-08-07,Varanasi,Mini Truck,53.9,10,1098.0,62.0,39530.0,6.9,Clear,0,10.0,7.73,1604.0,0,0,0,0,0,0,8,3,0,0.549,29.76,-2.27,0,10.584840453213362
SM102960,2025-12-03,Lucknow,Pickup,9.1,7,595.0,45.0,16609.0,8.7,Clear,0,7.0,5.22,545.0,0,0,0,0,0,0,12,2,0,0.744,59.89,-1.78,0,9.71776020260734
SM104942,2025-11-02,Varanasi,Pickup,71.1,7,624.0,43.0,8018.0,9.7,Clear,0,10.0,9.01,1305.0,0,0,0,0,0,0,11,6,1,0.78,18.35,-0.99,0,8.989569004807029
SM102996,2025-04-21,Varanasi,Mini Truck,48.3,7,1490.0,88.0,16754.0,7.2,Clear,0,9.0,9.99,1649.0,0,0,0,1,0,0,4,0,0,0.745,34.14,0.99,1,9.726452000171411
SM100647,2025-07-15,Prayagraj,Truck,10.4,6,2492.0,104.0,8085.0,5.5,Rain,0,7.0,7.05,1253.0,0,0,0,0,0,0,7,1,0,0.498,120.48,0.05,1,8.997889450200717
SM104907,2025-10-16,Kanpur,Pickup,19.8,7,564.0,23.0,5764.0,5.8,Clear,0,7.0,5.67,744.0,0,0,0,0,0,0,10,3,0,0.705,37.58,-1.33,0,8.65956043270316
SM103323,2025-08-22,Lucknow,Pickup,19.1,7,676.0,31.0,14001.0,6.7,Clear,0,7.0,6.45,751.0,0,0,0,0,0,0,8,4,0,0.845,39.32,-0.55,0,9.546955455537143
SM101757,2025-08-11,Gorakhpur,Truck,9.8,6,2840.0,72.0,23395.0,5.8,Rain,0,7.0,7.63,1024.0,0,1,0,0,0,0,8,0,0,0.568,104.49,0.63,1,10.060320346562916
SM101588,2025-11-11,Varanasi,Mini Truck,23.2,10,580.0,57.0,18218.0,7.2,Clear,0,8.0,7.28,1058.0,0,0,0,0,0,0,11,1,0,0.29,45.6,-0.72,0,9.810220284565686
SM100935,2025-12-10,Lucknow,Mini Truck,33.0,6,929.0,73.0,17252.0,7.4,Clear,0,8.0,7.01,963.0,0,0,0,0,0,0,12,2,0,0.464,29.18,-0.99,0,9.755741320381864
SM101450,2025-04-18,Kanpur,Truck,24.0,6,3248.0,253.0,59001.0,6.6,Clear,0,8.0,8.14,1897.0,0,0,0,0,0,0,4,4,0,0.65,79.04,0.14,1,10.985326620618407
SM100523,2025-10-29,Prayagraj,Mini Truck,27.2,5,924.0,41.0,6784.0,6.4,Clear,0,7.0,6.4,969.0,0,0,0,0,0,1,10,2,0,0.462,35.62,-0.6,0,8.82246957226897
SM101353,2025-12-01,Lucknow,Mini Truck,32.1,9,1253.0,52.0,2885.0,5.0,Fog,0,9.0,8.0,1228.0,0,0,0,0,0,0,12,0,0,0.626,38.26,-1.0,0,7.9676267393338165
SM103138,2025-06-21,Lucknow,Truck,24.8,9,1468.0,72.0,11157.0,5.9,Clear,0,8.0,8.19,1465.0,0,0,0,0,0,0,6,5,1,0.294,59.07,0.19,1,9.319912008405474
SM101188,2025-07-26,Lucknow,Truck,15.3,8,2361.0,256.0,82353.5,6.8,Rain,0,8.0,7.44,1398.0,0,0,0,0,0,0,7,5,1,0.472,91.37,-0.56,0,11.318788378921557
SM104171,2025-04-07,Varanasi,Mini Truck,23.9,5,759.0,43.0,5694.0,5.1,Clear,0,7.0,6.07,886.0,0,0,0,0,0,0,4,0,0,0.38,37.07,-0.93,0,8.647343875881283
SM103440,2025-12-13,Prayagraj,Pickup,32.0,5,266.0,18.0,5439.0,4.9,Fog,0,7.0,7.15,609.0,0,0,0,0,0,0,12,5,1,0.332,19.03,0.15,1,8.601534339849989
SM105336,2025-09-27,Kanpur,Pickup,17.1,9,495.0,40.0,17582.0,9.4,Clear,0,8.0,6.85,554.0,0,0,0,0,0,0,9,5,1,0.619,32.4,-1.15,0,9.77468780514454
SM103294,2025-03-12,Lucknow,Truck,4.9,5,908.0,55.0,10425.0,3.2,Clear,0,6.0,4.98,584.0,0,0,0,0,0,0,3,2,0,0.182,119.18,-1.02,0,9.252057965328051
SM102022,2025-08-29,Kanpur,Mini Truck,20.1,3,771.0,33.0,6627.0,4.6,Fog,0,6.0,6.59,763.0,0,0,0,0,0,0,8,4,0,0.386,37.96,0.59,1,8.799058378546453
SM104366,2025-03-02,Lucknow,Mini Truck,31.3,4,1637.0,101.0,21689.0,8.8,Clear,0,7.0,6.76,1156.0,0,0,0,0,0,0,3,6,1,0.818,36.93,-0.24,0,9.98460660382092
SM100066,2025-11-27,Prayagraj,Mini Truck,36.5,2,1262.0,68.0,16252.0,3.9,Clear,0,7.0,4.22,1206.0,0,0,0,0,0,0,11,3,0,0.631,33.04,-2.78,0,9.696032786103176
SM103694,2025-05-25,Prayagraj,Pickup,45.0,6,331.0,14.0,3333.0,6.7,Clear,0,8.0,5.82,784.0,0,0,0,0,0,0,5,6,1,0.414,17.42,-2.18,0,8.111928063310739
SM101481,2025-01-01,Varanasi,Pickup,61.7,8,608.0,36.0,3061.0,4.0,Fog,0,10.0,8.96,1186.0,0,0,0,0,0,0,1,2,0,0.76,19.22,-1.04,0,8.026823576217629
SM105458,2025-07-08,Varanasi,Truck,37.65,5,2840.0,115.0,19322.0,6.6,Rain,0,8.0,8.36,1412.0,1,1,0,0,0,0,7,1,0,0.568,37.5,0.36,1,9.869051375215001
SM103892,2025-06-09,Lucknow,Mini Truck,34.5,6,1438.0,156.0,18254.0,6.4,Rain,0,8.0,8.15,1260.0,0,0,0,0,0,0,6,0,0,0.719,36.52,0.15,1,9.812194294089737
SM103429,2025-04-20,Lucknow,Mini Truck,10.6,4,878.0,87.0,9233.0,3.3,Clear,0,6.0,4.6,657.0,0,0,0,0,0,0,4,6,1,0.439,61.98,-1.4,0,9.130647603066935
SM105959,2025-11-16,Varanasi,Truck,35.6,7,2928.0,155.0,35696.0,4.2,Clear,0,9.0,7.92,2054.0,0,0,0,0,0,0,11,6,1,0.586,57.7,-1.08,0,10.482821930623263
SM101944,2025-05-19,Varanasi,Pickup,32.4,9,430.0,48.0,9872.0,5.6,Fog,0,8.0,7.47,776.0,0,0,0,0,0,0,5,0,0,0.538,23.95,-0.53,0,9.19755903761145
SM104543,2025-08-12,Gorakhpur,Pickup,53.0,10,508.0,46.0,17870.0,5.1,Rain,0,10.0,9.18,1250.0,0,0,0,0,0,0,8,1,0,0.635,23.58,-0.82,0,9.790934566296798
SM103931,2025-01-28,Kanpur,Pickup,5.6,9,498.0,20.0,3537.0,3.5,Clear,0,7.0,6.25,568.0,0,0,0,0,0,0,1,1,0,0.622,101.43,-0.75,0,8.17131687471973
SM103542,2025-02-01,Gorakhpur,Mini Truck,21.8,6,1149.0,127.0,12158.0,7.7,Clear,0,7.0,6.24,973.0,0,0,0,0,0,0,2,5,1,0.574,44.63,-0.76,0,9.405824915296419
SM104510,2025-04-20,Varanasi,Pickup,19.4,4,666.0,77.0,12267.0,7.0,Clear,0,6.0,4.82,459.0,0,0,0,0,0,0,4,6,1,0.832,23.66,-1.18,0,9.414749525234143
SM100782,2025-02-14,Gorakhpur,Truck,33.6,10,2189.0,97.0,9778.0,6.7,Clear,0,10.0,8.62,1916.0,0,0,0,0,0,0,2,4,0,0.438,57.02,-1.38,0,9.187992508312275
SM102163,2025-11-30,Prayagraj,Pickup,11.6,4,171.0,7.0,1449.0,5.0,Clear,0,6.0,4.61,291.0,0,0,0,0,0,0,11,6,1,0.214,25.09,-1.39,0,7.27931883541462
SM104120,2025-09-22,Prayagraj,Mini Truck,14.7,3,1533.0,64.0,13440.0,4.9,Rain,0,6.0,6.6,807.0,0,0,0,0,0,0,9,0,0,0.766,54.9,0.6,1,9.506065016071148
SM100226,2025-10-23,Varanasi,Truck,28.1,6,2869.0,135.0,25146.0,4.2,Clear,1,8.0,9.05,1811.0,0,0,0,0,0,0,10,3,0,0.574,64.45,1.05,1,10.132493884118713
SM100760,2025-03-06,Gorakhpur,Mini Truck,43.8,7,787.0,85.0,6330.0,6.5,Clear,0,8.0,7.2,1243.0,0,0,0,0,0,0,3,3,0,0.394,28.38,-0.8,0,8.753213480544126
SM105116,2025-04-04,Varanasi,Pickup,55.1,6,226.0,9.0,2698.0,10.0,Rain,1,8.0,9.7,878.0,0,0,0,0,0,0,4,4,0,0.282,15.93,1.7,1,7.900636613018005
SM100514,2025-12-17,Gorakhpur,Mini Truck,21.8,9,1025.0,52.0,5481.0,8.0,Rain,0,8.0,8.66,1123.0,0,0,0,0,0,0,12,2,0,0.512,51.51,0.66,1,8.60922527686273
SM101605,2025-11-21,Prayagraj,Truck,25.1,3,4011.0,356.0,49904.0,6.5,Clear,0,8.0,7.74,2120.0,0,0,0,0,0,0,11,4,0,0.802,84.46,-0.26,0,10.817876477120686
SM102891,2025-07-27,Varanasi,Pickup,48.4,8,365.0,38.0,5977.0,5.7,Rain,0,9.0,7.89,941.0,0,0,0,0,0,0,7,6,1,0.456,19.44,-1.11,0,8.695841342843883
SM103930,2025-09-16,Lucknow,Truck,30.4,4,3133.0,301.0,69109.0,3.3,Clear,0,8.0,7.28,1926.0,0,0,0,0,0,0,9,1,0,0.627,63.36,-0.72,0,11.14345471708544
SM104584,2025-08-03,Varanasi,Pickup,37.9,8,749.0,52.0,14301.0,5.6,Rain,0,8.0,7.82,1029.0,0,0,0,0,0,0,8,6,1,0.936,27.15,-0.18,0,9.568154666608342
SM100908,2025-05-16,Varanasi,Mini Truck,58.6,3,1092.0,59.0,4638.0,4.8,Clear,0,8.0,6.58,1420.0,0,0,0,0,0,0,5,4,0,0.546,24.23,-1.42,0,8.442254104751743
SM100193,2025-05-13,Varanasi,Truck,64.5,6,2911.0,188.0,47571.0,6.2,Clear,0,10.0,10.46,2783.0,0,0,0,0,0,0,5,1,0,0.582,43.15,0.46,1,10.769999631847137
SM100742,2025-08-20,Kanpur,Mini Truck,52.3,3,1417.0,118.0,28126.0,8.7,Rain,0,8.0,8.01,1408.0,0,0,0,0,0,0,8,2,0,0.708,26.92,0.01,1,10.244485248089557
SM100612,2025-10-14,Varanasi,Truck,40.4,7,1765.0,74.0,11100.0,7.6,Clear,0,9.0,7.02,1844.0,0,0,0,0,0,0,10,1,0,0.353,45.64,-1.98,0,9.314790473332646
SM104462,2025-08-03,Lucknow,Mini Truck,48.7,7,1030.0,44.0,12979.0,3.0,Rain,0,9.0,7.33,1370.0,0,0,0,0,0,0,8,6,1,0.515,28.13,-1.67,0,9.471164990258082
SM101870,2025-01-16,Prayagraj,Pickup,68.3,4,575.0,47.0,24083.0,7.0,Fog,0,9.0,8.67,1033.0,0,0,0,0,0,0,1,3,0,0.719,15.12,-0.33,0,10.089302998584339
SM104740,2025-04-07,Prayagraj,Pickup,26.1,9,483.0,59.0,19157.0,3.9,Clear,0,8.0,6.29,771.0,0,0,0,0,0,0,4,0,0,0.604,29.54,-1.71,0,9.860475661942838
SM103638,2025-01-31,Kanpur,Truck,28.5,5,3926.0,170.0,46122.0,5.6,Fog,0,9.0,9.14,2207.0,0,0,0,0,0,0,1,4,0,0.785,77.44,0.14,1,10.739067019969132
SM100401,2025-10-11,Kanpur,Pickup,21.6,4,391.0,30.0,3384.0,3.8,Clear,0,6.0,3.71,530.0,0,0,0,0,0,0,10,5,1,0.489,24.54,-2.29,0,8.127109185346375
SM103540,2025-09-26,Gorakhpur,Mini Truck,63.1,8,1465.0,128.0,16412.0,5.0,Rain,0,10.0,9.53,1765.0,0,0,0,0,0,0,9,4,0,0.732,27.97,-0.47,0,9.705828982731935
SM100849,2025-08-10,Prayagraj,Pickup,15.9,5,509.0,32.0,5166.0,6.1,Rain,0,6.0,5.73,629.0,0,0,0,0,0,0,8,6,1,0.636,39.56,-0.27,0,8.550047528287184
SM104392,2025-01-05,Lucknow,Mini Truck,33.1,8,1739.0,91.0,7756.0,6.2,Fog,0,9.0,9.0,1251.0,0,0,0,0,0,0,1,6,1,0.87,37.79,0.0,0,8.956350940490871
SM101728,2025-06-12,Varanasi,Mini Truck,24.1,7,1161.0,48.0,4232.0,4.5,Clear,0,7.0,4.96,955.0,0,1,0,0,0,0,6,3,0,0.58,39.63,-2.04,0,8.350666240520924
SM100374,2025-11-20,Prayagraj,Pickup,22.0,4,533.0,52.0,23429.0,4.2,Clear,0,6.0,4.7,561.0,0,0,0,0,0,0,11,3,0,0.666,25.5,-1.3,0,10.061772531501841
SM105877,2025-03-31,Varanasi,Mini Truck,26.1,6,1788.0,96.0,8990.0,4.6,Clear,1,8.0,6.32,1314.0,0,0,0,0,0,0,3,0,0,0.894,50.34,-1.68,0,9.103979355984773
SM102935,2025-03-25,Varanasi,Truck,94.6,7,3796.0,178.0,13875.0,6.9,Rain,0,12.0,12.18,3813.0,0,0,0,0,0,0,3,1,0,0.759,40.31,0.18,1,9.53791600808964
SM101007,2025-07-03,Lucknow,Truck,18.9,4,3175.0,130.0,26347.0,6.2,Rain,0,7.0,7.9,1697.0,0,0,0,0,0,0,7,3,0,0.635,89.79,0.9,1,10.179147649760584
SM105853,2025-09-07,Varanasi,Truck,43.5,2,1240.0,99.0,15381.0,5.6,Rain,0,7.0,6.76,1609.0,0,0,1,0,0,0,9,6,1,0.248,36.99,-0.24,0,9.640953273616999
SM105282,2025-10-29,Prayagraj,Mini Truck,21.3,11,1446.0,91.0,15947.0,3.8,Rain,0,9.0,8.59,1160.0,0,0,0,0,0,0,10,2,0,0.723,54.46,-0.41,0,9.677088708501246
SM100409,2025-01-06,Lucknow,Pickup,53.0,2,521.0,35.0,11633.0,4.3,Fog,0,7.0,6.76,788.0,0,0,0,0,0,0,1,0,0,0.651,14.87,-0.24,0,9.361687124470707
SM100578,2025-11-23,Kanpur,Pickup,25.2,4,422.0,46.0,12979.0,3.1,Clear,0,6.0,5.41,479.0,0,0,0,0,0,0,11,6,1,0.528,19.01,-0.59,0,9.471164990258082
SM100692,2025-12-06,Lucknow,Mini Truck,6.5,6,1279.0,72.0,15886.0,5.1,Fog,0,6.0,5.67,775.0,0,0,0,0,0,0,12,5,1,0.64,119.23,-0.33,0,9.673256443720023
SM101611,2025-02-22,Prayagraj,Mini Truck,29.1,4,1161.0,56.0,9750.0,6.1,Clear,0,7.0,5.81,949.0,0,1,0,0,0,0,2,5,1,0.58,32.61,-1.19,0,9.18512512283512
SM102734,2025-06-13,Lucknow,Truck,47.1,5,2808.0,342.0,82353.5,6.9,Rain,0,9.0,9.0,2249.0,0,0,0,0,0,0,6,4,0,0.562,47.75,0.0,0,11.318788378921557
SM100655,2025-07-14,Lucknow,Mini Truck,14.2,7,625.0,34.0,6719.0,6.1,Rain,0,7.0,6.55,580.0,0,0,0,0,0,0,7,0,0,0.312,40.85,-0.45,0,8.812843433517195
SM104322,2025-06-18,Prayagraj,Mini Truck,37.6,6,996.0,62.0,10114.0,3.3,Clear,0,8.0,6.08,1124.0,0,0,0,0,0,0,6,2,0,0.498,29.89,-1.92,0,9.221774749601845
SM103839,2025-12-14,Gorakhpur,Mini Truck,36.2,4,1364.0,62.0,11963.0,3.4,Fog,0,7.0,7.16,1117.0,0,0,0,0,0,0,12,6,1,0.682,30.86,0.16,1,9.389657419749838
SM105706,2025-05-31,Lucknow,Pickup,20.2,5,289.0,17.0,5350.0,5.7,Clear,0,6.0,6.06,533.0,0,0,0,0,0,0,5,5,1,0.361,26.39,0.06,1,8.585038738311304
SM104600,2025-12-27,Gorakhpur,Pickup,28.9,7,429.0,40.0,6440.0,2.2,Fog,0,7.0,5.86,696.0,0,0,0,0,0,0,12,5,1,0.536,24.08,-1.14,0,8.77043908654689
SM103133,2025-01-30,Lucknow,Pickup,26.8,6,361.0,15.0,3220.0,6.2,Rain,0,7.0,5.75,595.0,0,0,0,0,0,0,1,3,0,0.451,22.2,-1.25,0,8.0774471493312
SM100590,2025-10-20,Kanpur,Truck,25.4,2,2789.0,303.0,82353.5,7.8,Clear,1,7.0,7.14,1811.0,0,0,0,0,0,0,10,0,0,0.558,71.3,0.14,1,11.318788378921557
SM102906,2025-08-17,Varanasi,Pickup,70.3,7,289.0,23.0,6762.0,4.1,Rain,0,9.0,7.8,1152.0,0,0,0,1,0,0,8,6,1,0.361,16.39,-1.2,0,8.81922185757494
SM101575,2025-04-27,Lucknow,Truck,23.5,4,3131.0,127.0,13664.0,5.2,Rain,0,8.0,8.0,1772.0,0,0,0,0,0,0,4,6,1,0.626,75.4,0.0,0,9.522593098362169
SM103129,2025-10-16,Lucknow,Mini Truck,32.6,12,1676.0,71.0,21876.0,4.7,Rain,0,10.0,9.85,1550.0,0,0,0,0,0,0,10,3,0,0.838,47.55,-0.15,0,9.993191135617908
SM105281,2025-09-19,Varanasi,Truck,47.4,8,3300.0,200.0,45009.0,3.3,Rain,0,10.0,9.68,2659.0,0,0,0,0,0,0,9,4,0,0.66,56.1,-0.32,0,10.714639966286978
SM102396,2025-12-12,Prayagraj,Mini Truck,48.5,6,1673.0,89.0,8131.0,5.3,Clear,0,9.0,6.88,1624.0,0,0,0,0,0,0,12,4,0,0.836,33.48,-2.12,0,9.003562174748238
SM103124,2025-06-10,Lucknow,Mini Truck,17.9,6,1046.0,47.0,4727.0,5.2,Clear,0,7.0,5.82,904.0,0,0,0,0,0,0,6,1,0,0.523,50.5,-1.18,0,8.461257559085935
SM102660,2025-06-08,Prayagraj,Truck,13.4,4,2959.0,167.0,47286.0,5.4,Clear,0,7.0,7.04,1518.0,0,0,0,0,0,0,6,6,1,0.592,113.28,0.04,1,10.763990695266562
SM101871,2025-03-17,Lucknow,Pickup,15.7,3,636.0,35.0,6852.0,6.1,Rain,0,6.0,5.01,585.0,0,0,0,0,0,0,3,0,0,0.795,37.26,-0.99,0,8.832441791585824
SM100743,2025-04-09,Prayagraj,Mini Truck,20.6,4,1116.0,51.0,2556.0,8.4,Rain,0,6.0,7.24,970.0,0,0,0,0,0,0,4,2,0,0.558,47.09,1.24,1,7.846589975291186
SM105379,2025-07-06,Prayagraj,Pickup,20.2,5,386.0,27.0,4787.0,3.4,Clear,0,6.0,3.83,576.0,0,0,0,0,0,0,7,6,1,0.482,28.51,-2.17,0,8.473868066677865
SM100182,2025-07-01,Prayagraj,Pickup,38.6,5,478.0,33.0,1537.0,5.7,Clear,0,7.0,4.65,636.0,0,0,0,0,0,0,7,1,0,0.598,16.48,-2.35,0,7.338238150065589
SM105213,2025-08-13,Varanasi,Pickup,95.3,4,371.0,26.0,3822.0,6.1,Rain,0,10.0,9.37,1320.0,0,0,0,0,0,0,8,2,0,0.464,13.85,-0.63,0,8.248790733696413
SM102716,2025-06-08,Kanpur,Pickup,24.4,5,488.0,51.0,5842.0,7.7,Rain,0,7.0,7.32,575.0,0,0,0,0,0,0,6,6,1,0.61,23.57,0.32,1,8.672999642554437
SM101053,2025-12-16,Prayagraj,Truck,83.0,7,3928.0,252.0,26508.0,6.3,Clear,0,12.0,10.93,3721.0,0,0,0,0,0,0,12,1,0,0.786,44.83,-1.07,0,10.185239576957109
SM104250,2025-06-02,Varanasi,Pickup,20.0,5,576.0,67.0,31368.0,4.9,Clear,0,6.0,4.64,515.0,0,0,0,0,0,0,6,0,0,0.72,25.75,-1.36,0,10.353575423086568
SM100653,2025-10-21,Lucknow,Mini Truck,21.2,6,1680.0,70.0,10811.0,8.9,Clear,1,7.0,8.03,1132.0,0,0,0,0,0,0,10,1,0,0.84,53.4,1.03,1,9.288411907396338
SM100148,2025-10-27,Kanpur,Mini Truck,20.0,8,1465.0,66.0,11129.0,4.4,Rain,0,8.0,6.72,1021.0,0,0,0,0,0,0,10,0,0,0.732,51.05,-1.28,0,9.31739944426959
SM100708,2025-06-23,Prayagraj,Pickup,66.2,8,314.0,16.0,7463.0,8.1,Clear,1,10.0,9.11,1019.0,0,0,0,0,0,0,6,0,0,0.392,15.39,-0.89,0,8.91784674252718
SM100369,2025-10-09,Prayagraj,Truck,8.5,4,2527.0,109.0,46327.0,5.3,Clear,0,7.0,6.37,1222.0,0,0,0,0,0,0,10,3,0,0.505,143.76,-0.63,0,10.743501808905625
SM100023,2025-12-05,Varanasi,Mini Truck,39.3,8,1152.0,55.0,7787.0,2.9,Rain,0,9.0,6.37,1288.0,0,0,0,0,0,0,12,4,0,0.576,32.77,-2.63,0,8.960339366492091
SM103312,2025-12-06,Gorakhpur,Mini Truck,36.9,6,1161.0,37.0,2465.0,4.1,Clear,0,8.0,4.99,1099.0,0,1,0,0,0,0,12,5,1,0.58,29.78,-3.01,0,7.81035268372429
SM101285,2025-01-18,Lucknow,Pickup,60.6,7,457.0,51.0,15456.0,2.4,Clear,0,9.0,8.43,980.0,0,0,0,0,0,0,1,5,1,0.571,16.17,-0.57,0,9.645817254152318
SM101957,2025-07-14,Lucknow,Mini Truck,13.2,5,1268.0,71.0,7156.0,4.8,Clear,0,6.0,5.27,798.0,0,0,0,0,0,0,7,0,0,0.634,60.45,-0.73,0,8.875846177738598
SM102260,2025-01-09,Varanasi,Pickup,27.2,8,420.0,33.0,8570.0,3.6,Clear,0,8.0,4.92,824.0,0,0,0,0,0,0,1,3,0,0.525,30.29,-3.08,0,9.056139690898883
SM101199,2025-08-15,Lucknow,Pickup,22.2,3,637.0,34.0,5737.0,2.9,Clear,0,6.0,3.71,542.0,0,0,0,0,0,0,8,4,0,0.796,24.41,-2.29,0,8.65486599654131
SM100469,2025-12-07,Gorakhpur,Pickup,49.9,7,575.0,33.0,11069.0,4.0,Clear,0,9.0,6.21,913.0,0,0,0,0,0,0,12,6,1,0.719,18.3,-2.79,0,9.311994025702683
SM105892,2025-02-15,Kanpur,Mini Truck,11.2,5,1675.0,84.0,13081.0,3.7,Clear,0,7.0,4.09,840.0,0,0,0,0,0,0,2,5,1,0.838,75.0,-2.91,0,9.478992518521158
SM101192,2025-03-04,Varanasi,Truck,61.8,6,2350.0,134.0,17512.0,6.2,Clear,0,10.0,10.52,2501.0,0,0,0,0,0,0,3,1,0,0.47,40.47,0.52,1,9.770698741272664
SM100106,2025-10-12,Prayagraj,Truck,32.8,7,4021.0,369.0,79869.0,10.0,Clear,0,9.0,9.34,2417.0,0,0,0,0,0,0,10,6,1,0.804,73.69,0.34,1,11.288155591911435
SM101484,2025-06-01,Kanpur,Pickup,32.8,3,166.0,14.0,1500.0,4.2,Clear,0,6.0,6.25,562.0,0,0,0,0,0,0,6,6,1,0.208,17.13,0.25,1,7.313886831633462
SM105023,2025-06-03,Prayagraj,Truck,54.3,6,1562.0,135.0,33769.0,6.3,Rain,0,9.0,9.81,1960.0,0,0,0,0,0,0,6,1,0,0.312,36.1,0.81,1,10.427328113379613
SM100350,2025-07-14,Lucknow,Truck,27.2,4,2622.0,117.0,30751.0,6.6,Rain,0,8.0,8.97,1706.0,0,0,0,0,0,0,7,0,0,0.524,62.72,0.97,1,10.33371031177002
SM104019,2025-09-08,Varanasi,Pickup,9.6,6,475.0,28.0,11520.0,4.3,Clear,0,6.0,4.09,477.0,0,0,0,0,0,0,9,0,0,0.594,49.69,-1.91,0,9.351926736038054
SM101260,2025-04-08,Gorakhpur,Pickup,89.9,7,603.0,43.0,8231.0,6.4,Clear,0,11.0,8.12,1503.0,0,0,0,0,0,0,4,1,0,0.754,16.72,-2.88,0,9.015784277513886
SM100048,2025-09-05,Gorakhpur,Truck,107.7,7,2663.0,206.0,53962.0,6.9,Rain,1,13.0,13.94,3767.0,0,0,0,0,0,0,9,4,0,0.533,34.98,0.94,1,10.896053905514576
SM101443,2025-06-08,Gorakhpur,Pickup,21.9,7,345.0,16.0,5358.0,4.1,Rain,0,7.0,7.13,643.0,0,0,0,0,0,0,6,6,1,0.431,29.36,0.13,1,8.58653266949485
SM105936,2025-02-27,Lucknow,Mini Truck,26.0,7,745.0,45.0,22151.0,2.0,Clear,0,7.0,6.58,937.0,1,0,0,0,0,0,2,3,0,0.372,36.04,-0.42,0,10.005683064850798
SM104837,2025-01-25,Varanasi,Truck,36.2,4,3017.0,186.0,22533.0,5.0,Clear,0,8.0,8.08,2041.0,0,0,0,0,0,0,1,5,1,0.603,56.38,0.08,1,10.022780558724111
SM105088,2025-02-20,Prayagraj,Mini Truck,27.2,11,732.0,45.0,5137.0,5.8,Clear,1,9.0,8.61,994.0,0,0,0,0,0,0,2,3,0,0.366,36.54,-0.39,0,8.544419177669829
SM102511,2025-11-08,Varanasi,Mini Truck,31.8,6,1366.0,83.0,13028.0,6.4,Rain,0,8.0,6.99,1286.0,0,0,0,0,0,0,11,5,1,0.683,40.44,-1.01,0,9.474932921202932
SM104537,2025-09-22,Kanpur,Mini Truck,29.4,9,1716.0,88.0,25902.0,5.8,Rain,0,9.0,9.01,1341.0,0,0,0,0,0,0,9,0,0,0.858,45.61,0.01,1,10.162114071095669
SM103608,2025-08-14,Lucknow,Mini Truck,13.6,6,1663.0,90.0,9423.0,6.8,Clear,0,7.0,5.47,976.0,0,0,0,0,0,0,8,3,0,0.832,71.76,-1.53,0,9.151014905891367
SM105734,2025-08-26,Kanpur,Mini Truck,32.5,6,632.0,76.0,13710.0,8.0,Rain,0,7.0,6.88,880.0,0,0,0,0,0,0,8,1,0,0.316,27.08,-0.12,0,9.525953709356655
SM105222,2025-12-03,Prayagraj,Truck,37.1,4,2110.0,106.0,10672.0,6.6,Clear,0,8.0,6.07,1821.0,0,0,0,0,0,0,12,2,0,0.422,49.08,-1.93,0,9.275472466913964
SM105869,2025-09-01,Varanasi,Pickup,68.2,5,462.0,21.0,1037.0,5.8,Rain,0,9.0,8.52,1130.0,0,1,0,0,0,0,9,0,0,0.578,16.57,-0.48,0,6.945051063725834
SM103033,2025-02-10,Lucknow,Truck,46.5,6,1963.0,107.0,27799.0,4.9,Clear,0,9.0,8.42,1943.0,0,0,0,0,0,0,2,0,0,0.393,41.78,-0.58,0,10.232791299678729
SM102771,2025-01-15,Kanpur,Pickup,9.0,3,298.0,17.0,82353.5,5.6,Clear,0,5.0,4.67,291.0,0,0,1,0,0,0,1,2,0,0.372,32.33,-0.33,0,11.318788378921557
SM105872,2025-09-27,Lucknow,Pickup,27.6,3,765.0,44.0,8636.0,6.3,Clear,0,6.0,5.42,738.0,0,0,0,0,0,0,9,5,1,0.956,26.74,-0.58,0,9.063810579280286
SM104417,2025-02-27,Kanpur,Pickup,22.0,4,565.0,23.0,5270.0,5.1,Clear,0,6.0,5.52,619.0,0,0,0,0,0,0,2,3,0,0.706,28.14,-0.48,0,8.569975376855206
SM105714,2025-12-16,Lucknow,Mini Truck,33.7,7,1217.0,98.0,9596.0,5.4,Rain,0,8.0,7.98,1177.0,0,0,0,0,0,0,12,1,0,0.608,34.93,-0.02,0,9.169205828617628
SM102125,2025-04-04,Lucknow,Mini Truck,26.8,10,1757.0,84.0,52704.0,7.7,Clear,0,9.0,7.62,1336.0,0,0,0,0,0,0,4,4,0,0.878,49.85,-1.38,0,10.872465606689289
SM100030,2025-06-14,Kanpur,Pickup,49.3,8,230.0,12.0,1798.0,5.7,Clear,0,9.0,6.85,921.0,0,0,0,0,0,0,6,5,1,0.288,18.68,-2.15,0,7.4949862339505335
SM102306,2025-04-29,Gorakhpur,Truck,74.2,8,1967.0,109.0,20662.0,5.7,Clear,1,11.0,11.24,2923.0,0,0,0,0,0,0,4,1,0,0.393,39.39,0.24,1,9.936099940263604
SM101226,2025-02-09,Varanasi,Mini Truck,27.1,4,861.0,69.0,18802.0,1.7,Clear,0,7.0,3.65,860.0,0,0,0,0,0,0,2,6,1,0.43,31.73,-3.35,0,9.841771710555475
SM102329,2025-02-23,Prayagraj,Pickup,89.8,9,283.0,31.0,2925.0,3.8,Clear,0,11.0,9.92,1296.0,0,0,0,0,0,0,2,6,1,0.354,14.43,-1.08,0,7.98139158158007
SM105039,2025-03-20,Kanpur,Truck,31.6,5,3170.0,245.0,82353.5,8.1,Clear,0,8.0,7.7,2094.0,0,0,0,0,0,0,3,3,0,0.634,66.27,-0.3,0,11.318788378921557
SM100173,2025-09-21,Gorakhpur,Truck,43.4,7,2851.0,187.0,62362.0,5.5,Rain,0,9.0,8.35,2224.0,0,0,0,0,0,0,9,6,1,0.57,51.24,-0.65,0,11.040727429775957
SM102676,2025-12-18,Lucknow,Mini Truck,31.4,8,557.0,26.0,4681.0,6.4,Clear,0,8.0,7.25,977.0,0,0,0,0,0,0,12,3,0,0.278,31.11,-0.75,0,8.451480648050856
SM105620,2025-01-08,Gorakhpur,Truck,65.9,6,2715.0,152.0,25569.0,6.1,Fog,0,10.0,10.19,2601.0,0,0,0,0,0,0,1,2,0,0.543,39.47,0.19,1,10.149175068285233
SM103241,2025-03-17,Lucknow,Pickup,27.8,5,465.0,50.0,24441.0,6.7,Clear,0,7.0,5.26,664.0,0,0,0,0,0,0,3,0,0,0.581,23.88,-1.74,0,10.104058242997946
SM105818,2025-05-24,Kanpur,Truck,50.8,5,3253.0,249.0,74422.0,2.9,Clear,0,9.0,7.43,2460.0,0,0,0,0,0,0,5,5,1,0.651,48.43,-1.57,0,11.217520312832272
SM105454,2025-04-23,Lucknow,Mini Truck,55.0,6,818.0,61.0,12262.0,3.6,Rain,0,9.0,8.36,1408.0,0,0,0,0,0,0,4,2,0,0.409,25.6,-0.64,0,9.414341877762027
SM104766,2025-07-28,Kanpur,Pickup,18.3,6,573.0,40.0,13753.0,8.5,Clear,0,7.0,5.87,600.0,0,0,0,0,0,0,7,0,0,0.716,32.79,-1.13,0,9.529084969879781
SM105980,2025-08-09,Varanasi,Mini Truck,9.1,6,1343.0,101.0,15166.0,7.9,Clear,1,7.0,7.42,779.0,0,0,0,0,0,0,8,5,1,0.672,85.6,0.42,1,9.626877294051397
SM100807,2025-02-10,Varanasi,Mini Truck,29.4,5,478.0,24.0,12431.0,4.8,Clear,0,7.0,5.77,886.0,0,0,0,0,0,0,2,0,0,0.239,30.14,-1.23,0,9.428029072607428
SM101469,2025-01-23,Lucknow,Truck,10.7,4,3551.0,380.0,68702.0,7.4,Fog,0,7.0,7.91,1709.0,0,0,0,0,0,0,1,3,0,0.71,159.72,0.91,1,11.137548145379286
SM103902,2025-07-05,Varanasi,Pickup,85.0,6,527.0,31.0,1725.0,3.2,Rain,0,10.0,7.67,1356.0,0,0,0,0,0,0,7,5,1,0.659,15.95,-2.33,0,7.453561871643373
SM105012,2025-08-07,Varanasi,Mini Truck,64.3,6,1264.0,68.0,5199.0,7.6,Rain,0,9.0,9.08,1676.0,0,0,0,0,0,0,8,3,0,0.632,26.07,0.08,1,8.556413904569519
SM105047,2025-08-17,Gorakhpur,Pickup,11.3,6,596.0,34.0,6128.0,5.3,Rain,0,6.0,7.62,598.0,0,0,0,0,0,0,8,6,1,0.745,52.92,1.62,1,8.720786883485731
SM104401,2025-02-13,Lucknow,Pickup,18.9,6,577.0,48.0,7348.0,6.4,Clear,0,7.0,5.35,669.0,0,0,0,0,0,0,2,3,0,0.721,35.4,-1.65,0,8.90231952852887
SM103195,2025-03-06,Prayagraj,Truck,16.5,10,3028.0,124.0,17080.0,2.9,Clear,0,9.0,7.85,1786.0,0,0,0,0,0,0,3,3,0,0.606,108.24,-1.15,0,9.74572201363806
SM100493,2025-08-09,Varanasi,Mini Truck,11.6,5,1053.0,83.0,14630.0,4.3,Clear,1,6.0,6.44,746.0,0,0,0,0,0,0,8,5,1,0.526,64.31,0.44,1,9.590897844378162
SM101001,2025-09-26,Prayagraj,Mini Truck,32.7,9,1423.0,116.0,29552.0,9.7,Clear,0,9.0,8.74,1335.0,0,0,0,0,0,0,9,4,0,0.712,40.83,-0.26,0,10.293940540523788
SM102317,2025-06-09,Gorakhpur,Truck,45.75,9,3496.0,271.0,45862.0,5.9,Clear,0,11.0,9.09,2675.0,1,0,0,0,0,0,6,0,0,0.699,58.47,-1.91,0,10.733413970757285
SM105130,2025-04-28,Varanasi,Truck,68.4,6,3508.0,289.0,78678.0,5.3,Rain,0,11.0,10.42,3193.0,0,0,0,0,0,0,4,0,0,0.702,46.68,-0.58,0,11.273131562712008
SM104513,2025-11-29,Varanasi,Truck,33.1,3,4241.0,200.0,82353.5,4.8,Clear,0,8.0,7.0,2342.0,0,0,0,0,0,0,11,5,1,0.848,70.76,-1.0,0,11.318788378921557
SM100972,2025-06-24,Varanasi,Mini Truck,33.5,11,1138.0,69.0,10955.0,5.6,Clear,0,9.0,8.18,1386.0,0,0,1,0,0,0,6,1,0,0.569,41.37,-0.82,0,9.301642530382969
SM104864,2025-11-17,Kanpur,Mini Truck,42.7,5,1727.0,188.0,50011.0,5.9,Clear,0,8.0,7.31,1581.0,0,0,0,0,0,0,11,0,0,0.864,37.03,-0.69,0,10.82001825561489
SM105295,2025-10-19,Prayagraj,Mini Truck,59.4,4,1541.0,130.0,14236.0,4.9,Clear,0,9.0,7.25,1615.0,0,0,0,0,0,0,10,6,1,0.77,27.19,-1.75,0,9.563599488613745
SM102811,2025-04-15,Lucknow,Mini Truck,13.3,6,787.0,71.0,24729.0,2.8,Clear,0,7.0,3.76,614.0,0,0,0,0,0,0,4,1,0,0.394,46.17,-3.24,0,10.115772360515463
SM100384,2025-01-12,Lucknow,Mini Truck,25.7,4,1732.0,78.0,21418.0,7.7,Clear,0,7.0,6.41,1247.0,0,0,0,0,0,0,1,6,1,0.866,48.52,-0.59,0,9.972033657571142
SM104110,2025-01-02,Gorakhpur,Mini Truck,56.2,8,665.0,61.0,24429.0,4.7,Fog,0,9.0,9.71,1375.0,0,0,0,0,0,0,1,3,0,0.332,24.47,0.71,1,10.103567164251785
SM101663,2025-07-22,Lucknow,Pickup,16.6,5,568.0,34.0,4421.0,4.3,Clear,0,6.0,5.48,543.0,0,0,0,0,0,0,7,1,0,0.71,32.71,-0.52,0,8.394347361417392
SM103345,2025-10-05,Varanasi,Pickup,55.8,8,171.0,12.0,1772.0,7.1,Clear,0,9.0,6.03,943.0,0,0,0,0,0,0,10,6,1,0.214,16.9,-2.97,0,7.480428306074208
SM101701,2025-03-07,Prayagraj,Mini Truck,35.6,8,559.0,33.0,3961.0,6.3,Clear,0,8.0,6.4,1107.0,0,0,0,0,0,0,3,4,0,0.28,31.1,-1.6,0,8.284504227258497
SM104112,2025-02-25,Varanasi,Truck,67.4,11,3958.0,431.0,39261.0,6.9,Rain,1,12.0,12.27,3299.0,0,0,0,0,0,0,2,1,0,0.792,48.95,0.27,1,10.578012408967979
SM104446,2025-04-23,Varanasi,Pickup,54.3,3,607.0,34.0,5171.0,5.6,Clear,0,8.0,7.15,935.0,0,0,1,0,0,0,4,2,0,0.759,17.22,-0.85,0,8.551014739891748
SM101058,2025-06-04,Prayagraj,Truck,31.2,4,1407.0,99.0,27383.0,5.3,Clear,0,7.0,5.88,1395.0,0,0,0,0,0,0,6,2,0,0.281,44.71,-1.12,0,10.217714180210022
SM100640,2025-09-02,Lucknow,Truck,27.5,6,4033.0,169.0,12873.0,1.6,Clear,0,9.0,5.95,2390.0,0,0,0,0,0,0,9,1,0,0.807,86.91,-3.05,0,9.462965052612562
SM103010,2025-05-15,Kanpur,Mini Truck,14.8,10,1038.0,124.0,49527.0,7.3,Clear,0,8.0,5.53,986.0,0,0,0,0,0,0,5,3,0,0.519,66.62,-2.47,0,10.810293445199068
SM102813,2025-12-18,Varanasi,Pickup,35.0,4,155.0,8.0,2635.0,6.7,Fog,0,7.0,6.56,654.0,0,0,0,0,0,0,12,3,0,0.194,18.69,-0.44,0,7.877017895622398
SM105361,2025-10-20,Gorakhpur,Mini Truck,68.5,12,1607.0,77.0,10357.0,5.4,Clear,1,12.0,9.66,2073.0,0,0,0,0,0,0,10,0,0,0.804,30.26,-2.34,0,9.245514446983837
SM105744,2025-01-07,Varanasi,Truck,45.4,5,2871.0,224.0,48169.0,7.3,Rain,0,9.0,8.86,2360.0,0,0,0,0,0,0,1,1,0,0.574,51.98,-0.14,0,10.782491699624266
SM101186,2025-02-21,Lucknow,Truck,68.2,5,1160.0,55.0,5354.0,5.1,Clear,0,9.0,8.15,2280.0,0,0,0,0,0,0,2,4,0,0.232,33.43,-0.85,0,8.585785982881848
SM102662,2025-02-24,Varanasi,Mini Truck,35.849999999999994,7,1302.0,105.0,6354.0,6.1,Clear,0,8.0,6.66,1218.0,1,0,0,0,0,0,2,0,0,0.651,33.97,-1.34,0,8.756997183623554
SM105087,2025-04-02,Lucknow,Pickup,18.6,8,361.0,26.0,5648.0,4.2,Clear,0,7.0,6.75,547.0,0,0,0,0,0,0,4,2,0,0.451,29.41,-0.25,0,8.639233817325263
SM101716,2025-08-24,Prayagraj,Mini Truck,57.2,6,886.0,64.0,27734.0,6.0,Clear,0,9.0,5.89,2038.0,0,0,0,0,0,1,8,6,1,0.443,35.63,-3.11,0,10.230450432489334
SM102469,2025-03-20,Lucknow,Truck,10.9,7,3400.0,358.0,82353.5,8.8,Clear,0,8.0,8.55,1712.0,0,0,0,0,0,0,3,3,0,0.68,157.06,0.55,1,11.318788378921557
SM101920,2025-05-24,Prayagraj,Truck,14.0,9,2640.0,140.0,32916.0,1.5,Clear,0,8.0,6.28,851.0,0,0,0,0,0,1,5,5,1,0.528,60.79,-1.72,0,10.401744520626263
SM103143,2025-07-27,Varanasi,Truck,18.3,8,2651.0,162.0,30615.0,4.5,Rain,0,8.0,8.22,1112.0,0,0,0,0,0,1,7,6,1,0.53,60.77,0.22,1,10.329278027105538
SM105452,2025-11-04,Lucknow,Mini Truck,42.8,2,269.0,13.0,1631.0,5.3,Rain,0,7.0,6.55,974.0,0,0,0,0,0,0,11,1,0,0.134,22.76,-0.45,0,7.397561535524052
SM104882,2025-07-01,Prayagraj,Pickup,46.1,5,334.0,26.0,7374.0,4.4,Rain,0,8.0,6.91,789.0,0,0,0,0,0,0,7,1,0,0.418,17.11,-1.09,0,8.905851181208021
SM100585,2025-12-04,Kanpur,Mini Truck,26.3,4,1440.0,128.0,11391.0,5.8,Clear,0,7.0,5.54,1082.0,0,0,0,0,0,0,12,3,0,0.72,41.14,-1.46,0,9.340666633651757
SM104360,2025-01-03,Prayagraj,Truck,18.4,7,3132.0,153.0,21413.0,4.0,Fog,0,8.0,8.72,1831.0,0,0,0,0,0,0,1,4,0,0.626,99.51,0.72,1,9.971800192718215
SM105786,2025-08-24,Varanasi,Pickup,59.9,6,585.0,24.0,4242.0,5.5,Rain,0,9.0,7.1,1137.0,0,0,0,0,0,0,8,6,1,0.731,18.98,-1.9,0,8.353025845202325
SM100076,2025-05-01,Prayagraj,Pickup,64.9,5,458.0,19.0,1399.0,6.7,Clear,0,9.0,7.93,999.0,0,0,0,0,0,0,5,3,0,0.572,15.39,-1.07,0,7.24422751560335
SM100625,2025-03-26,Varanasi,Mini Truck,47.2,5,1055.0,73.0,5817.0,5.8,Clear,0,8.0,6.92,1250.0,0,0,0,0,0,0,3,2,0,0.528,26.48,-1.08,0,8.668711839055147
SM103403,2025-12-26,Varanasi,Pickup,42.3,13,394.0,18.0,5101.0,3.4,Fog,0,10.0,10.38,1007.0,0,0,0,0,0,0,12,4,0,0.492,23.81,0.38,1,8.537387898701757
SM103713,2025-03-23,Varanasi,Truck,43.2,4,3469.0,196.0,26319.0,7.2,Clear,0,9.0,7.77,2415.0,0,0,0,0,0,0,3,6,1,0.694,55.9,-1.23,0,10.178084385439254
SM101407,2025-11-16,Prayagraj,Truck,51.3,11,3715.0,150.0,55977.0,6.8,Clear,0,12.0,10.98,2951.0,0,0,0,0,0,0,11,6,1,0.743,57.52,-1.02,0,10.932714035385844
SM101905,2025-03-31,Varanasi,Pickup,56.2,9,629.0,27.0,4259.0,7.1,Clear,1,10.0,8.77,1252.0,0,0,0,0,0,0,3,0,0,0.786,22.28,-1.23,0,8.357024439263416
SM100375,2025-02-04,Prayagraj,Pickup,50.1,5,314.0,17.0,1485.0,4.9,Clear,0,8.0,7.79,851.0,0,0,0,0,0,0,2,1,0,0.392,16.99,-0.21,0,7.303843225277705
SM100080,2025-12-10,Lucknow,Truck,40.7,4,2840.0,119.0,15371.0,5.2,Clear,0,8.0,7.05,1544.0,0,1,0,0,0,0,12,2,0,0.568,37.94,-0.95,0,9.640302951684735
SM102170,2025-01-08,Varanasi,Pickup,32.6,5,406.0,18.0,3425.0,6.6,Clear,0,7.0,6.51,686.0,0,0,0,0,0,0,1,2,0,0.507,21.04,-0.49,0,8.139148678884066
SM104125,2025-07-03,Gorakhpur,Truck,59.0,8,2772.0,114.0,64687.0,9.0,Rain,0,10.0,10.13,2666.0,0,0,0,0,0,0,7,3,0,0.554,45.19,0.13,1,11.077330991880553
SM102786,2025-04-14,Kanpur,Mini Truck,38.9,2,722.0,42.0,11318.0,5.0,Clear,0,7.0,5.1,945.0,0,0,0,0,0,0,4,0,0,0.361,24.29,-1.9,0,9.33423800863242
SM102793,2025-07-15,Lucknow,Pickup,52.1,5,355.0,17.0,3828.0,5.0,Rain,1,8.0,8.35,895.0,0,0,0,0,0,0,7,1,0,0.444,17.18,0.35,1,8.250358951477294
SM105204,2025-07-10,Prayagraj,Truck,40.2,10,1681.0,134.0,27288.0,8.9,Clear,0,10.0,10.21,1901.0,0,0,0,0,0,0,7,3,0,0.336,47.29,0.21,1,10.214238969571854
SM100189,2025-04-21,Prayagraj,Mini Truck,48.7,7,604.0,52.0,23377.0,4.5,Clear,0,9.0,6.67,1269.0,0,0,0,0,0,0,4,0,0,0.302,26.06,-2.33,0,10.059550688167716
SM105874,2025-09-17,Lucknow,Pickup,27.7,5,435.0,24.0,3431.0,6.6,Clear,0,7.0,4.89,750.0,0,0,0,0,0,0,9,2,0,0.544,27.08,-2.11,0,8.140898460607852
SM101203,2025-10-05,Varanasi,Pickup,18.7,5,336.0,21.0,4141.0,4.6,Clear,0,6.0,5.21,487.0,0,0,0,0,0,0,10,6,1,0.42,26.04,-0.79,0,8.328934041955529
SM104679,2025-01-26,Gorakhpur,Truck,68.0,5,3680.0,292.0,23026.0,2.1,Clear,0,10.0,8.65,3001.0,0,0,0,0,0,0,1,6,1,0.736,44.13,-1.35,0,10.04442271945762
SM102059,2025-05-28,Lucknow,Truck,18.1,10,2195.0,92.0,10762.0,5.6,Clear,0,9.0,7.61,1559.0,0,0,0,0,0,0,5,2,0,0.439,86.13,-1.39,0,9.283869605264298
SM104645,2025-05-28,Lucknow,Mini Truck,13.8,3,1153.0,58.0,10468.0,6.1,Clear,0,6.0,5.68,741.0,0,0,0,0,0,0,5,2,0,0.576,53.7,-0.32,0,9.256173788319355
SM102248,2025-02-26,Lucknow,Mini Truck,47.4,8,1245.0,50.0,9054.0,2.4,Clear,0,9.0,6.64,1424.0,0,0,0,0,0,0,2,2,0,0.622,30.04,-2.36,0,9.111072370317514
SM101383,2025-11-24,Prayagraj,Mini Truck,41.1,6,1652.0,125.0,19784.0,7.6,Clear,0,8.0,7.57,1484.0,0,0,0,0,0,0,11,0,0,0.826,36.11,-0.43,0,9.892679353819524
SM104350,2025-08-11,Lucknow,Mini Truck,21.8,8,1747.0,77.0,13181.0,7.4,Rain,0,8.0,8.84,1239.0,0,0,0,0,0,0,8,0,0,0.874,56.83,0.84,1,9.486607541612665
SM105018,2025-10-12,Prayagraj,Truck,14.5,7,3901.0,204.0,38996.0,6.4,Clear,0,9.0,7.78,1920.0,0,0,0,0,0,0,10,6,1,0.78,132.41,-1.22,0,10.571239999076129
SM105851,2025-08-04,Lucknow,Mini Truck,20.4,3,725.0,62.0,12227.0,7.1,Rain,0,6.0,6.3,627.0,0,0,0,0,0,0,8,0,0,0.362,30.74,0.3,1,9.411483683010726
SM103476,2025-07-19,Kanpur,Truck,27.5,8,2542.0,143.0,42885.0,3.7,Rain,0,9.0,8.73,1784.0,0,0,0,0,0,0,7,5,1,0.508,64.87,-0.27,0,10.666300711329177
SM105328,2025-03-08,Kanpur,Pickup,36.9,6,378.0,16.0,1953.0,4.9,Clear,0,8.0,6.12,731.0,0,0,0,0,0,0,3,5,1,0.472,19.81,-1.88,0,7.577633832602728
SM103106,2025-11-11,Gorakhpur,Truck,29.4,5,4754.0,312.0,23129.0,8.5,Fog,0,9.0,10.16,2673.0,0,0,0,0,0,0,11,1,0,0.951,90.92,1.16,1,10.048885755225484
SM102110,2025-04-13,Lucknow,Truck,21.0,4,3788.0,249.0,70743.0,5.5,Clear,0,8.0,7.01,1926.0,0,0,0,0,0,0,4,6,1,0.758,91.71,-0.99,0,11.166823006255571
SM100240,2025-02-21,Gorakhpur,Pickup,44.8,5,436.0,52.0,12209.0,6.5,Clear,0,9.0,8.78,1210.0,1,0,0,0,0,0,2,4,0,0.545,27.01,-0.22,0,9.41001056710475
SM101517,2025-01-18,Prayagraj,Pickup,31.2,2,490.0,27.0,6578.0,6.1,Fog,0,6.0,6.7,570.0,0,0,0,0,0,0,1,5,1,0.612,18.27,0.7,1,8.791638037085997
SM104817,2025-05-01,Varanasi,Pickup,52.1,7,433.0,39.0,14039.0,3.8,Clear,0,9.0,6.95,912.0,0,0,0,0,0,0,5,3,0,0.541,17.5,-2.05,0,9.549665677579801
SM100676,2025-07-31,Prayagraj,Mini Truck,31.3,7,1183.0,102.0,32610.0,6.4,Rain,1,8.0,8.02,982.0,1,0,0,0,0,0,7,3,0,0.592,31.37,0.02,1,10.39240493375324
SM103702,2025-04-02,Gorakhpur,Mini Truck,101.2,3,1458.0,74.0,30305.0,4.3,Clear,0,10.0,7.4,2251.0,0,0,0,0,0,0,4,2,0,0.729,22.24,-2.6,0,10.319100991696107
SM104966,2025-03-24,Prayagraj,Pickup,35.1,8,250.0,27.0,5673.0,6.6,Clear,0,8.0,6.58,704.0,0,0,0,0,0,0,3,0,0,0.312,20.06,-1.42,0,8.643649615368796
SM104379,2025-12-06,Prayagraj,Mini Truck,30.4,3,1243.0,85.0,24027.0,6.4,Fog,0,7.0,7.21,954.0,0,0,0,0,0,0,12,5,1,0.622,31.38,0.21,1,10.086975095970052
SM105618,2025-11-26,Lucknow,Mini Truck,31.9,6,1633.0,115.0,17108.0,4.6,Clear,0,8.0,5.94,1250.0,0,0,0,0,0,0,11,2,0,0.816,39.18,-2.06,0,9.747359919824648
SM101382,2025-05-07,Lucknow,Mini Truck,47.7,4,1242.0,82.0,14105.0,8.5,Clear,1,8.0,6.51,1316.0,0,0,0,0,0,0,5,2,0,0.621,27.59,-1.49,0,9.554355517768125
SM101205,2025-11-26,Kanpur,Mini Truck,26.8,11,301.0,17.0,4787.0,6.4,Clear,0,9.0,7.77,833.0,0,0,0,0,0,0,11,2,0,0.15,31.08,-1.23,0,8.473868066677865
SM102454,2025-10-30,Gorakhpur,Mini Truck,91.0,5,1143.0,57.0,12477.0,5.8,Clear,0,10.0,8.2,1940.0,0,0,0,0,0,0,10,3,0,0.572,21.32,-1.8,0,9.431722372670732
SM104567,2025-09-14,Varanasi,Mini Truck,27.0,10,1125.0,121.0,58954.0,4.9,Clear,0,9.0,6.73,1217.0,0,0,0,0,0,0,9,6,1,0.562,45.07,-2.27,0,10.984529720010773
SM101027,2025-04-13,Varanasi,Mini Truck,73.1,4,462.0,25.0,2526.0,5.6,Clear,0,9.0,6.72,1565.0,0,0,1,0,0,0,4,6,1,0.231,21.41,-2.28,0,7.834788107388194
SM101816,2025-03-27,Lucknow,Truck,24.4,7,3537.0,308.0,82353.5,5.3,Clear,0,9.0,7.8,2002.0,0,0,0,0,0,0,3,3,0,0.707,82.05,-1.2,0,11.318788378921557
SM105124,2025-02-12,Gorakhpur,Truck,74.7,4,542.0,47.0,15822.0,6.5,Rain,0,9.0,7.96,2131.0,0,0,0,0,0,0,2,2,0,0.108,28.53,-1.04,0,9.669219856718984
SM105317,2025-02-08,Kanpur,Pickup,12.7,6,157.0,7.0,2148.0,5.3,Clear,0,6.0,4.58,396.0,0,0,0,0,0,0,2,5,1,0.196,31.18,-1.42,0,7.67275789664251
SM103430,2025-04-02,Prayagraj,Mini Truck,57.5,4,954.0,48.0,7173.0,7.0,Clear,0,8.0,8.38,1514.0,0,0,0,0,0,0,4,2,0,0.477,26.33,0.38,1,8.878218658092228
SM102830,2025-12-03,Varanasi,Mini Truck,21.1,4,1529.0,106.0,18537.0,7.1,Clear,0,7.0,4.88,1054.0,0,0,0,0,0,0,12,2,0,0.764,49.95,-2.12,0,9.827577958435779
SM105435,2025-12-28,Kanpur,Pickup,39.8,12,462.0,24.0,9678.0,5.0,Clear,0,10.0,6.47,1005.0,0,1,0,0,0,0,12,6,1,0.578,25.25,-3.53,0,9.17771386914909
SM103055,2025-06-24,Lucknow,Mini Truck,23.2,5,1011.0,99.0,18855.0,6.9,Clear,0,7.0,4.54,886.0,0,0,0,0,0,0,6,1,0,0.505,38.19,-2.46,0,9.844586444615967
SM100628,2025-07-04,Varanasi,Truck,24.0,4,2070.0,114.0,10501.0,6.0,Rain,0,7.0,8.78,1386.0,0,0,0,0,0,0,7,4,0,0.414,57.75,1.78,1,9.259320994197804
SM102373,2025-05-26,Varanasi,Pickup,17.7,4,660.0,78.0,3014.0,5.8,Clear,0,6.0,6.66,431.0,0,0,0,0,0,0,5,0,0,0.825,24.35,0.66,1,8.011355109161286
SM105122,2025-08-13,Varanasi,Mini Truck,35.8,5,696.0,81.0,29279.0,7.9,Clear,0,7.0,5.91,906.0,0,0,0,0,0,0,8,2,0,0.348,25.31,-1.09,0,10.284659968075248
SM103070,2025-06-04,Gorakhpur,Mini Truck,143.6,5,1053.0,93.0,14475.0,2.9,Clear,0,13.0,10.63,2789.0,0,0,0,0,0,0,6,2,0,0.526,19.42,-2.37,0,9.580247384683632
SM102367,2025-03-06,Kanpur,Pickup,35.8,4,372.0,42.0,9027.0,5.6,Clear,0,7.0,4.06,720.0,0,0,1,0,0,0,3,3,0,0.465,20.11,-2.94,0,9.108086137937427
SM104828,2025-12-02,Kanpur,Pickup,32.9,5,433.0,36.0,9105.0,7.5,Fog,0,7.0,7.12,647.0,0,0,0,0,0,0,12,1,0,0.541,19.67,0.12,1,9.116688815894728
SM101292,2025-06-11,Lucknow,Pickup,22.7,5,462.0,38.0,12904.0,6.1,Clear,0,7.0,4.84,620.0,0,1,0,0,0,0,6,2,0,0.578,27.31,-2.16,0,9.465370112152714
SM105173,2025-05-03,Varanasi,Mini Truck,20.6,8,924.0,41.0,8450.0,4.1,Clear,0,8.0,6.29,849.0,0,0,0,0,0,0,5,5,1,0.462,41.21,-1.71,0,9.042040056544483
SM102814,2025-03-14,Varanasi,Mini Truck,22.8,3,954.0,109.0,22802.0,7.6,Clear,1,6.0,8.2,744.0,0,0,0,1,0,0,3,4,0,0.477,32.63,2.2,1,10.03464738523415
SM103150,2025-09-18,Kanpur,Pickup,25.7,6,456.0,26.0,4067.0,7.3,Rain,0,7.0,6.01,628.0,0,0,0,0,0,0,9,3,0,0.57,24.44,-0.99,0,8.31090675716845
SM102826,2025-05-13,Varanasi,Truck,64.8,6,957.0,87.0,14555.0,8.4,Clear,0,9.0,8.4,2110.0,0,0,0,0,0,0,5,1,0,0.191,32.56,-0.6,0,9.585758558732051
SM103852,2025-02-08,Varanasi,Truck,32.7,5,3433.0,144.0,28863.0,6.1,Clear,0,9.0,7.69,2086.0,0,0,0,0,0,0,2,5,1,0.687,63.79,-1.31,0,10.27035042286235
SM102614,2025-02-08,Varanasi,Mini Truck,17.5,10,1806.0,97.0,42640.0,2.8,Rain,0,9.0,8.48,1285.0,0,0,0,0,0,0,2,5,1,0.903,73.43,-0.52,0,10.660571510722328
SM104048,2025-05-03,Prayagraj,Pickup,58.4,5,559.0,23.0,7144.0,3.1,Clear,0,8.0,4.76,960.0,0,0,0,0,0,0,5,5,1,0.699,16.44,-3.24,0,8.874168090363968
SM105937,2025-07-29,Lucknow,Mini Truck,20.6,5,1211.0,50.0,8098.0,1.7,Rain,0,7.0,5.7,897.0,0,0,0,0,0,0,7,1,0,0.606,43.54,-1.3,0,8.99949587624899
SM103617,2025-05-30,Kanpur,Mini Truck,37.8,11,899.0,97.0,14969.0,4.2,Clear,0,9.0,7.05,1316.0,0,0,0,0,0,0,5,4,0,0.45,34.81,-1.95,0,9.613803477413674
SM105693,2025-03-26,Lucknow,Pickup,41.9,10,148.0,9.0,1286.0,4.8,Clear,0,9.0,6.24,876.0,0,0,0,0,0,0,3,2,0,0.185,20.91,-2.76,0,7.160069207596127
SM101654,2025-02-27,Prayagraj,Mini Truck,21.6,4,810.0,79.0,34104.0,6.3,Clear,0,6.0,6.13,773.0,0,0,0,0,0,0,2,3,0,0.405,35.79,0.13,1,10.43719928008882
SM100140,2025-12-25,Prayagraj,Pickup,32.8,5,527.0,36.0,8891.0,7.6,Fog,0,8.0,8.14,979.0,1,0,0,0,0,0,12,3,0,0.659,29.85,0.14,1,9.092907275084087
SM101589,2025-01-11,Gorakhpur,Mini Truck,58.7,6,1307.0,98.0,8615.0,5.6,Fog,0,9.0,10.01,1595.0,0,0,1,0,0,0,1,5,1,0.654,27.17,1.01,1,9.061376218836225
SM102496,2025-10-20,Gorakhpur,Pickup,84.3,5,253.0,10.0,4888.0,3.2,Clear,1,10.0,6.63,1222.0,0,0,0,0,0,0,10,0,0,0.316,14.5,-3.37,0,8.494743062578646
SM104037,2025-08-13,Kanpur,Pickup,49.4,9,678.0,56.0,9498.0,7.4,Rain,0,9.0,8.91,1052.0,0,0,0,0,0,0,8,2,0,0.848,21.3,-0.09,0,9.158941808890182
SM105198,2025-07-27,Prayagraj,Pickup,40.5,5,505.0,48.0,7225.0,3.8,Rain,0,7.0,5.28,796.0,0,0,0,0,0,0,7,6,1,0.631,19.65,-1.72,0,8.885440911707585
SM101069,2025-01-04,Lucknow,Mini Truck,35.1,7,1393.0,66.0,19006.0,5.6,Clear,0,8.0,8.15,1341.0,0,0,1,0,0,0,1,5,1,0.696,38.21,0.15,1,9.852562611350837
SM101136,2025-09-22,Prayagraj,Truck,38.7,4,2773.0,172.0,19968.0,8.8,Clear,0,8.0,8.25,1995.0,0,0,0,0,0,0,9,0,0,0.555,51.55,0.25,1,9.90193635004339
SM104325,2025-05-24,Prayagraj,Mini Truck,23.7,10,960.0,73.0,6193.0,4.2,Clear,0,8.0,6.99,1071.0,0,0,0,0,0,0,5,5,1,0.48,45.19,-1.01,0,8.731336360533149
SM100999,2025-07-07,Lucknow,Mini Truck,4.5,6,752.0,41.0,11407.0,3.6,Rain,0,6.0,5.44,550.0,0,0,0,0,0,0,7,0,0,0.376,122.22,-0.56,0,9.342070142654077
SM102715,2025-06-19,Lucknow,Truck,18.2,11,2840.0,81.0,32934.0,2.6,Clear,0,9.0,7.01,1388.0,0,1,0,0,0,0,6,3,0,0.568,76.26,-1.99,0,10.402291201074794
SM103200,2025-12-03,Prayagraj,Truck,33.5,7,2431.0,109.0,18023.0,5.8,Clear,0,9.0,7.34,1970.0,0,0,0,0,0,0,12,2,0,0.486,58.81,-1.66,0,9.79945948211208
SM105612,2025-08-22,Varanasi,Mini Truck,22.4,4,1256.0,51.0,5052.0,5.2,Rain,0,7.0,6.99,891.0,0,0,0,0,0,0,8,4,0,0.628,39.78,-0.01,0,8.527737405291909
SM100024,2025-10-13,Prayagraj,Truck,12.5,3,3482.0,140.0,16293.0,7.5,Clear,0,7.0,6.43,1604.0,0,0,0,1,0,0,10,0,0,0.696,128.32,-0.57,0,9.698552220870587
SM102149,2025-11-08,Lucknow,Mini Truck,16.4,7,1100.0,47.0,10635.0,3.3,Clear,0,7.0,5.24,971.0,0,0,0,1,0,0,11,5,1,0.55,59.21,-1.76,0,9.27199975236291
SM100261,2025-03-04,Varanasi,Truck,26.8,8,2503.0,169.0,15620.0,3.7,Clear,0,9.0,7.77,1825.0,0,0,0,0,0,0,3,1,0,0.501,68.1,-1.23,0,9.65637144183101
SM103910,2025-03-26,Kanpur,Mini Truck,21.1,5,1153.0,53.0,7149.0,6.1,Clear,0,7.0,3.91,853.0,0,0,0,0,0,0,3,2,0,0.576,40.43,-3.09,0,8.874867635688053
SM103040,2025-05-25,Prayagraj,Mini Truck,28.9,7,1103.0,79.0,13974.0,2.5,Clear,0,8.0,5.87,1116.0,0,0,0,0,0,0,5,6,1,0.552,38.62,-2.13,0,9.5450252980233
SM105175,2025-03-02,Gorakhpur,Mini Truck,97.7,4,862.0,69.0,8229.0,6.6,Clear,0,10.0,9.24,2044.0,0,0,0,0,0,0,3,6,1,0.431,20.92,-0.76,0,9.015541293671115
SM102422,2025-02-07,Kanpur,Pickup,26.2,9,499.0,26.0,7183.0,5.8,Clear,0,8.0,6.61,792.0,0,0,0,0,0,0,2,4,0,0.624,30.23,-1.39,0,8.879611609982035
SM103490,2025-02-09,Lucknow,Truck,22.3,3,4408.0,188.0,38513.0,7.2,Clear,0,8.0,8.09,2164.0,0,0,0,0,0,0,2,6,1,0.882,97.04,0.09,1,10.558777090539833
SM103609,2025-09-04,Lucknow,Mini Truck,22.4,4,1329.0,56.0,20039.0,5.1,Rain,0,7.0,6.6,968.0,0,0,0,0,0,0,9,3,0,0.664,43.21,-0.4,0,9.905485555198801
SM101695,2025-09-07,Varanasi,Truck,37.65,4,2130.0,97.0,8963.0,6.1,Rain,0,7.0,6.37,1658.0,1,0,0,0,0,0,9,6,1,0.426,44.04,-0.63,0,9.100971834920818
SM100008,2025-03-15,Lucknow,Pickup,16.9,9,399.0,16.0,3402.0,5.2,Clear,0,8.0,6.86,619.0,0,0,0,0,0,0,3,5,1,0.499,36.63,-1.14,0,8.132412674500905
SM101066,2025-12-04,Prayagraj,Pickup,49.7,6,476.0,21.0,2002.0,6.3,Rain,0,8.0,7.74,901.0,0,0,0,0,0,0,12,3,0,0.595,18.13,-0.26,0,7.602401335665818
SM101902,2025-09-20,Lucknow,Mini Truck,12.7,2,1731.0,76.0,26264.0,6.6,Clear,0,6.0,4.26,948.0,0,0,0,0,0,0,9,5,1,0.866,74.65,-1.74,0,10.175992533388062
SM101713,2025-09-25,Gorakhpur,Pickup,19.1,10,552.0,33.0,3511.0,4.3,Clear,0,8.0,5.9,696.0,0,0,0,0,0,0,9,3,0,0.69,36.44,-2.1,0,8.163940954755008
SM103061,2025-04-23,Prayagraj,Truck,13.0,6,4219.0,444.0,82353.5,6.5,Clear,0,8.0,7.82,1963.0,0,0,0,0,0,0,4,2,0,0.844,151.0,-0.18,0,11.318788378921557
SM100400,2025-12-31,Lucknow,Pickup,24.6,5,414.0,31.0,4476.0,4.9,Fog,0,7.0,7.37,726.0,0,0,0,0,0,0,12,2,0,0.518,29.51,0.37,1,8.406708458240965
SM105231,2025-06-30,Lucknow,Mini Truck,13.0,7,1169.0,56.0,5290.0,4.7,Clear,0,7.0,5.92,1009.0,0,0,0,0,0,0,6,0,0,0.584,77.62,-1.08,0,8.57376254290413
SM105481,2025-02-03,Lucknow,Mini Truck,44.1,9,1308.0,72.0,14648.0,4.0,Rain,0,9.0,9.23,1347.0,0,0,0,0,0,0,2,0,0,0.654,30.54,0.23,1,9.59212735272977
SM101994,2025-10-03,Varanasi,Truck,21.6,7,4267.0,238.0,19362.0,6.8,Clear,0,9.0,7.98,2284.0,0,0,0,0,0,0,10,4,0,0.853,105.74,-1.02,0,9.871119307503399
SM101539,2025-08-15,Prayagraj,Pickup,18.7,3,352.0,27.0,1791.0,5.3,Rain,0,6.0,5.1,454.0,0,0,0,0,0,0,8,4,0,0.44,24.28,-0.9,0,7.491087593534876
SM105624,2025-03-17,Prayagraj,Pickup,46.4,10,462.0,37.0,13263.0,3.5,Clear,0,9.0,6.25,1069.0,0,1,0,0,0,0,3,0,0,0.578,23.04,-2.75,0,9.492808877375076
SM104134,2025-12-27,Prayagraj,Truck,45.5,8,2595.0,159.0,35399.0,4.0,Rain,0,10.0,9.86,2316.0,0,0,0,0,0,0,12,5,1,0.519,50.9,-0.14,0,10.474467099121865
SM100864,2025-11-05,Gorakhpur,Mini Truck,57.5,4,1075.0,79.0,23542.0,8.6,Clear,1,8.0,9.56,1473.0,0,0,0,0,0,0,11,2,0,0.538,25.62,1.56,1,10.06658381534495
SM105882,2025-11-01,Varanasi,Pickup,38.2,4,473.0,29.0,3839.0,6.4,Clear,0,7.0,5.45,625.0,0,0,0,0,0,0,11,5,1,0.591,16.36,-1.55,0,8.253227645581772
SM102433,2025-04-25,Prayagraj,Truck,10.9,8,1981.0,123.0,26905.0,10.0,Rain,0,8.0,8.77,1306.0,0,0,0,0,0,0,4,4,0,0.396,119.82,0.77,1,10.200104589045488
SM105330,2025-07-25,Lucknow,Truck,21.2,5,3249.0,160.0,32767.0,6.4,Rain,0,8.0,7.86,1808.0,0,0,0,0,0,0,7,4,0,0.65,85.28,-0.14,0,10.39720770839918
SM104303,2025-01-13,Prayagraj,Pickup,60.6,4,626.0,60.0,18212.0,7.4,Fog,0,8.0,9.1,1009.0,0,0,0,0,0,0,1,0,0,0.782,16.65,1.1,1,9.809890903798543
SM103328,2025-05-24,Prayagraj,Mini Truck,20.1,5,1227.0,80.0,19633.0,2.4,Clear,0,7.0,4.68,908.0,0,0,0,0,0,0,5,5,1,0.614,45.17,-2.32,0,9.885018036252466
SM103101,2025-02-17,Lucknow,Truck,19.0,4,1760.0,84.0,48666.0,7.9,Rain,0,7.0,7.98,1179.0,0,0,0,0,0,0,2,0,0,0.352,62.05,0.98,1,10.792756461313976
SM103362,2025-01-17,Varanasi,Mini Truck,20.4,7,799.0,34.0,6249.0,6.1,Clear,0,7.0,6.54,817.0,0,0,0,0,0,0,1,4,0,0.4,40.05,-0.46,0,8.740336742730447
SM102568,2025-05-19,Lucknow,Pickup,25.2,5,365.0,35.0,3235.0,6.0,Clear,0,7.0,4.75,596.0,1,0,0,0,0,0,5,0,0,0.456,23.65,-2.25,0,8.082093278178382
SM104540,2025-08-07,Gorakhpur,Truck,45.75,7,1405.0,99.0,22468.0,4.9,Clear,1,8.0,9.24,1594.0,1,0,0,0,0,0,8,3,0,0.281,34.84,1.24,1,10.019891860406231
SM100890,2025-02-06,Lucknow,Pickup,42.6,5,519.0,54.0,8235.0,7.9,Clear,0,8.0,6.97,905.0,0,0,0,0,0,0,2,3,0,0.649,21.24,-1.03,0,9.01627006814768
SM104892,2025-01-22,Lucknow,Pickup,15.5,6,318.0,33.0,3877.0,5.8,Clear,0,6.0,4.8,586.0,0,0,0,0,0,0,1,2,0,0.398,37.81,-1.2,0,8.263074835802596
SM100698,2025-01-19,Lucknow,Pickup,12.7,6,213.0,13.0,5124.0,6.5,Fog,0,6.0,6.28,366.0,0,0,0,0,0,0,1,6,1,0.266,28.82,0.28,1,8.54188580400661
SM104139,2025-07-04,Lucknow,Mini Truck,40.8,7,1659.0,86.0,12373.0,9.6,Clear,0,9.0,7.66,1468.0,0,0,0,0,0,0,7,4,0,0.83,35.98,-1.34,0,9.423352776090933
SM100293,2025-05-02,Prayagraj,Mini Truck,40.8,7,915.0,41.0,10625.0,4.3,Clear,0,8.0,6.86,1280.0,0,0,0,1,0,0,5,4,0,0.458,31.37,-1.14,0,9.271059107010888
SM104055,2025-05-18,Prayagraj,Truck,59.7,4,3506.0,406.0,32363.0,6.7,Clear,0,10.0,9.47,2756.0,0,0,0,0,0,0,5,6,1,0.701,46.16,-0.53,0,10.38480197292773
SM102724,2025-10-16,Kanpur,Truck,38.4,6,2885.0,124.0,20000.0,7.9,Clear,0,9.0,8.66,2056.0,0,0,0,0,0,0,10,3,0,0.577,53.54,-0.34,0,9.90353755128617
SM102297,2025-06-29,Lucknow,Pickup,10.8,9,445.0,22.0,4845.0,4.9,Rain,0,7.0,6.69,719.0,0,0,0,0,0,0,6,6,1,0.556,66.57,-0.31,0,8.48590890137647
SM103788,2025-12-23,Kanpur,Mini Truck,17.1,9,1480.0,70.0,30462.0,5.6,Fog,0,8.0,8.23,609.0,0,0,1,0,0,1,12,1,0,0.74,35.61,0.23,1,10.324268111422066
SM104041,2025-08-26,Lucknow,Pickup,5.1,6,478.0,28.0,14619.0,7.3,Rain,0,6.0,5.8,383.0,0,0,0,0,0,0,8,1,0,0.598,75.1,-0.2,0,9.59014573330377
SM101112,2025-03-12,Kanpur,Pickup,44.1,5,465.0,31.0,15612.0,4.2,Clear,0,8.0,5.7,698.0,0,0,0,0,0,0,3,2,0,0.581,15.83,-2.3,0,9.65585917954152
SM100631,2025-04-30,Gorakhpur,Truck,77.3,8,1657.0,83.0,82353.5,6.4,Clear,1,11.0,12.15,4698.0,0,0,0,0,0,1,4,2,0,0.331,60.78,1.15,1,11.318788378921557
SM100212,2025-10-15,Kanpur,Truck,69.9,3,4363.0,262.0,25655.0,3.8,Clear,0,10.0,8.65,3269.0,0,0,0,0,0,0,10,2,0,0.873,46.77,-1.35,0,10.15253274137299
SM104054,2025-01-03,Lucknow,Truck,23.0,2,3635.0,350.0,82353.5,8.9,Fog,0,7.0,8.65,1890.0,0,0,0,0,0,0,1,4,0,0.727,82.17,1.65,1,11.318788378921557
SM103326,2025-02-28,Kanpur,Pickup,15.2,5,520.0,29.0,4462.0,8.7,Clear,0,6.0,5.92,345.0,0,0,0,0,0,1,2,4,0,0.65,22.7,-0.08,0,8.40357646462927
SM101609,2025-02-15,Gorakhpur,Mini Truck,70.1,3,1534.0,100.0,20983.0,5.6,Rain,0,9.0,8.37,1754.0,0,0,1,0,0,0,2,5,1,0.767,25.02,-0.63,0,9.95151552154671
SM105990,2025-01-19,Gorakhpur,Mini Truck,51.5,3,1161.0,73.0,19050.0,5.2,Clear,0,8.0,7.05,1433.0,0,1,0,0,0,0,1,6,1,0.58,27.83,-0.95,0,9.854874872615435
SM104451,2025-04-03,Prayagraj,Pickup,36.0,6,609.0,65.0,4292.0,5.2,Clear,0,8.0,6.85,745.0,0,0,0,0,0,0,4,3,0,0.761,20.69,-1.15,0,8.36474106822456
SM102376,2025-11-08,Lucknow,Mini Truck,12.3,7,1034.0,63.0,8218.0,7.7,Rain,0,7.0,8.23,761.0,0,0,0,0,0,0,11,5,1,0.517,61.87,1.23,1,9.0142038261485
SM100198,2025-05-04,Lucknow,Mini Truck,18.2,4,972.0,56.0,10579.0,3.2,Clear,0,6.0,4.54,721.0,0,0,0,0,0,0,5,6,1,0.486,39.62,-1.46,0,9.26672070541229
SM105519,2025-07-11,Lucknow,Mini Truck,40.4,6,979.0,91.0,22836.0,3.3,Clear,0,8.0,5.9,1202.0,0,0,0,0,0,0,7,4,0,0.49,29.75,-2.1,0,10.036137306631591
SM103781,2025-03-25,Prayagraj,Mini Truck,17.0,7,1026.0,46.0,8621.0,5.6,Clear,0,7.0,6.07,902.0,0,0,1,0,0,0,3,1,0,0.513,53.06,-0.93,0,9.06207235530708
SM105403,2025-07-14,Kanpur,Truck,26.4,5,2149.0,221.0,81952.0,4.2,Clear,0,8.0,5.33,1471.0,0,0,0,0,0,0,7,0,0,0.43,55.72,-2.67,0,11.313901191189546
SM105242,2025-11-28,Gorakhpur,Truck,43.9,6,3504.0,209.0,33065.0,7.5,Clear,0,9.0,8.98,2460.0,0,0,0,0,0,0,11,4,0,0.701,56.04,-0.02,0,10.40626084311129
SM103944,2025-02-17,Prayagraj,Pickup,23.8,3,616.0,34.0,10236.0,8.5,Clear,0,6.0,5.36,606.0,0,0,0,0,0,0,2,0,0,0.77,25.46,-0.64,0,9.233763886919771
SM101934,2025-02-23,Varanasi,Truck,29.0,7,1514.0,91.0,12848.0,2.6,Clear,0,8.0,6.84,1537.0,0,0,0,0,0,0,2,6,1,0.303,53.0,-1.16,0,9.461021266283481
SM103535,2025-01-28,Lucknow,Truck,25.7,11,2375.0,152.0,26403.0,7.7,Rain,0,10.0,10.39,1957.0,0,0,0,0,0,0,1,1,0,0.475,76.15,0.39,1,10.181270792808661
SM100570,2025-12-13,Kanpur,Pickup,31.0,8,261.0,12.0,2269.0,4.5,Rain,0,8.0,6.8,559.0,0,0,0,0,0,0,12,5,1,0.326,18.03,-1.2,0,7.727535110475448
SM103141,2025-05-29,Lucknow,Pickup,16.6,6,578.0,28.0,8473.0,6.8,Clear,0,7.0,5.52,558.0,0,0,0,0,0,0,5,3,0,0.722,33.61,-1.48,0,9.044757931186505
SM103728,2025-05-05,Kanpur,Mini Truck,27.5,6,732.0,33.0,5088.0,5.4,Fog,0,7.0,7.51,990.0,0,0,0,0,0,0,5,0,0,0.366,36.0,0.51,1,8.534836626588833
SM102631,2025-09-06,Lucknow,Mini Truck,25.7,7,1562.0,90.0,26889.0,5.5,Clear,0,8.0,7.11,1227.0,0,0,0,0,0,0,9,5,1,0.781,47.74,-0.89,0,10.19950974926291
SM100295,2025-07-10,Gorakhpur,Pickup,67.9,8,462.0,30.0,2053.0,5.1,Rain,0,10.0,9.16,1240.0,0,1,0,0,0,0,7,3,0,0.578,18.26,-0.84,0,7.627544390488503
SM103171,2025-12-09,Prayagraj,Pickup,48.6,7,426.0,30.0,3714.0,5.7,Clear,0,8.0,7.28,981.0,0,0,0,0,0,0,12,1,0,0.532,20.19,-0.72,0,8.220133957151859
SM102876,2025-08-31,Varanasi,Pickup,23.9,8,287.0,30.0,11352.0,6.5,Rain,1,7.0,8.87,686.0,0,0,0,0,0,0,8,6,1,0.359,28.7,1.87,1,9.337237305164534
SM105020,2025-11-18,Lucknow,Truck,31.0,8,2453.0,303.0,76141.0,4.8,Clear,0,9.0,7.97,1984.0,0,0,0,0,0,0,11,1,0,0.491,64.0,-1.03,0,11.24035529699366
SM104868,2025-12-03,Varanasi,Mini Truck,62.9,8,480.0,21.0,6927.0,3.9,Clear,0,10.0,7.56,1466.0,0,0,0,0,0,0,12,2,0,0.24,23.31,-2.44,0,8.843326450242271
SM104609,2025-06-09,Gorakhpur,Mini Truck,167.9,6,1610.0,80.0,14797.0,5.6,Clear,0,15.0,12.32,3517.0,0,0,0,0,0,0,6,0,0,0.805,20.95,-2.68,0,9.602247315485496
SM104348,2025-10-07,Lucknow,Truck,22.7,7,4043.0,162.0,58051.0,6.1,Clear,0,9.0,7.56,2173.0,0,0,0,0,0,0,10,1,0,0.809,95.73,-1.44,0,10.969094439590254
SM103310,2025-07-07,Lucknow,Pickup,15.6,5,505.0,51.0,20536.0,6.4,Rain,0,6.0,5.63,524.0,0,0,0,0,0,0,7,0,0,0.631,33.59,-0.37,0,9.929983416340093
SM101204,2025-08-26,Kanpur,Truck,21.6,3,2840.0,149.0,26124.0,4.7,Clear,0,7.0,6.57,1743.0,0,1,0,0,0,0,8,1,0,0.568,80.69,-0.43,0,10.170647989267112
SM104875,2025-08-31,Lucknow,Pickup,35.4,5,535.0,33.0,10176.0,3.2,Clear,0,7.0,5.01,805.0,0,0,0,0,0,0,8,6,1,0.669,22.74,-1.99,0,9.227885551191932
SM100567,2025-04-02,Prayagraj,Pickup,31.2,4,462.0,16.0,2540.0,5.5,Clear,0,7.0,4.75,627.0,0,1,0,0,0,0,4,2,0,0.578,20.1,-2.25,0,7.840312983320164
SM102446,2025-10-10,Kanpur,Pickup,20.6,9,592.0,50.0,7795.0,9.4,Rain,0,8.0,9.07,657.0,0,0,0,0,0,0,10,4,0,0.74,31.89,1.07,1,8.961366060627451
SM103000,2025-10-11,Prayagraj,Mini Truck,23.5,7,953.0,42.0,24843.0,6.7,Clear,0,7.0,7.08,896.0,0,0,0,0,0,0,10,5,1,0.476,38.13,0.08,1,10.120371553679194
SM102439,2025-01-25,Lucknow,Mini Truck,14.1,4,1273.0,68.0,34815.0,8.6,Clear,0,6.0,5.41,928.0,0,0,0,0,0,0,1,5,1,0.636,65.82,-0.59,0,10.457832330215615
SM104647,2025-01-30,Prayagraj,Mini Truck,73.2,8,946.0,91.0,11330.0,4.7,Fog,0,10.0,10.93,1796.0,0,0,0,0,0,0,1,3,0,0.473,24.54,0.93,1,9.335297611380566
SM104947,2025-07-09,Prayagraj,Mini Truck,56.3,6,1425.0,63.0,10842.0,5.3,Clear,0,9.0,7.7,1722.0,0,0,0,0,0,0,7,2,0,0.712,30.59,-1.3,0,9.291274989472182
SM102085,2025-08-28,Prayagraj,Mini Truck,31.3,6,1280.0,99.0,15790.0,5.6,Rain,0,9.0,8.56,1339.0,1,0,0,0,0,0,8,3,0,0.64,42.78,-0.44,0,9.667195436466644
SM102509,2025-02-14,Varanasi,Pickup,24.9,6,417.0,26.0,10863.0,7.0,Clear,0,7.0,5.24,680.0,0,0,0,0,0,0,2,4,0,0.521,27.31,-1.76,0,9.293209849798478
SM103623,2025-06-10,Prayagraj,Truck,61.3,7,1426.0,155.0,16360.0,4.4,Clear,0,10.0,8.26,2272.0,0,0,0,0,0,0,6,1,0,0.285,37.06,-1.74,0,9.702655732983077
SM104741,2025-06-18,Prayagraj,Mini Truck,27.8,3,1065.0,83.0,5251.0,6.0,Clear,0,6.0,4.96,935.0,0,0,0,0,0,0,6,2,0,0.532,33.63,-1.04,0,8.566364235422688
SM105106,2025-10-04,Lucknow,Mini Truck,48.2,12,1229.0,129.0,32441.0,6.2,Clear,0,10.0,9.94,1651.0,0,0,0,1,0,0,10,5,1,0.614,34.25,-0.06,0,10.38720915861006
SM101645,2025-04-18,Gorakhpur,Pickup,24.4,5,493.0,37.0,5058.0,5.0,Clear,0,7.0,4.42,666.0,0,0,0,0,0,0,4,4,0,0.616,27.3,-2.58,0,8.528924114291936
SM103815,2025-01-27,Lucknow,Pickup,48.3,11,558.0,47.0,9103.0,2.9,Clear,0,10.0,7.22,1138.0,0,0,0,0,0,0,1,0,0,0.698,23.56,-2.78,0,9.116469156366112
SM105400,2025-11-07,Prayagraj,Mini Truck,29.3,8,270.0,12.0,1198.0,4.7,Clear,0,8.0,4.89,901.0,0,0,0,0,0,0,11,4,0,0.135,30.75,-3.11,0,7.089243155027514
SM100750,2025-12-17,Lucknow,Mini Truck,34.0,6,1399.0,90.0,12050.0,3.2,Fog,0,8.0,7.84,1150.0,0,0,0,0,0,0,12,2,0,0.7,33.82,-0.16,0,9.396902923027392
SM101161,2025-07-02,Prayagraj,Truck,56.5,3,2470.0,182.0,43109.0,6.8,Clear,0,9.0,8.1,2226.0,0,0,0,0,0,0,7,2,0,0.494,39.4,-0.9,0,10.67151026774118
SM104001,2025-11-04,Gorakhpur,Pickup,9.0,6,452.0,23.0,4292.0,5.8,Clear,0,6.0,4.95,533.0,0,0,0,0,0,0,11,1,0,0.565,59.22,-1.05,0,8.36474106822456
SM102074,2025-09-12,Gorakhpur,Truck,38.7,3,3062.0,200.0,54785.0,8.0,Rain,0,8.0,8.27,2118.0,0,0,0,0,0,0,9,4,0,0.612,54.73,0.27,1,10.911189965844395
SM100277,2025-10-13,Varanasi,Mini Truck,26.2,4,1653.0,72.0,8434.0,1.6,Rain,0,7.0,6.58,1070.0,0,0,0,0,0,0,10,0,0,0.826,40.84,-0.42,0,9.040144994980068
SM101146,2025-07-13,Lucknow,Mini Truck,43.2,9,1574.0,168.0,27186.0,4.9,Rain,0,9.0,8.86,1602.0,0,0,0,0,0,0,7,6,1,0.787,37.08,-0.14,0,10.21049419685733
SM100294,2025-07-18,Prayagraj,Mini Truck,31.3,5,1161.0,96.0,9377.0,5.6,Rain,0,8.0,6.65,1115.0,1,1,0,0,0,1,7,4,0,0.58,35.62,-1.35,0,9.146121799649531
SM100977,2025-07-28,Lucknow,Truck,23.3,8,2702.0,123.0,82353.5,5.8,Rain,0,9.0,9.3,1816.0,0,0,0,0,0,0,7,0,0,0.54,77.94,0.3,1,11.318788378921557
SM104355,2025-10-28,Prayagraj,Truck,25.7,4,2000.0,97.0,11587.0,4.2,Rain,0,7.0,7.31,1472.0,0,0,0,0,0,0,10,1,0,0.4,57.28,0.31,1,9.35772535888924
SM101761,2025-05-30,Prayagraj,Pickup,10.7,7,514.0,49.0,5486.0,6.7,Clear,0,7.0,6.02,561.0,0,0,0,0,0,0,5,4,0,0.642,52.43,-0.98,0,8.610136937058975
SM103018,2025-08-07,Kanpur,Mini Truck,17.9,7,1537.0,81.0,13674.5,4.9,Clear,0,8.0,5.34,1088.0,0,0,0,0,1,0,8,3,0,0.768,60.78,-2.66,0,9.523361189693068
SM101168,2025-12-31,Varanasi,Mini Truck,24.5,8,1323.0,106.0,16572.0,5.1,Clear,0,8.0,7.32,1188.0,0,0,0,0,0,0,12,2,0,0.662,48.49,-0.68,0,9.715530144123544
SM103517,2025-11-26,Varanasi,Pickup,60.0,5,317.0,16.0,2615.0,5.8,Clear,0,8.0,6.1,902.0,0,0,0,0,0,0,11,2,0,0.396,15.03,-1.9,0,7.86940171257709
SM102314,2025-03-24,Prayagraj,Pickup,49.1,6,394.0,19.0,1218.0,3.3,Clear,0,8.0,5.5,790.0,0,0,0,0,0,0,3,0,0,0.492,16.09,-2.5,0,7.105786129481271
SM103324,2025-06-08,Varanasi,Truck,32.7,6,3328.0,327.0,66245.0,4.7,Clear,0,9.0,8.7,2133.0,0,0,0,0,0,0,6,6,1,0.666,65.23,-0.3,0,11.101130364667192
SM103545,2025-08-19,Kanpur,Pickup,35.5,4,522.0,24.0,2839.0,3.5,Clear,0,7.0,4.04,806.0,0,0,0,0,0,1,8,1,0,0.652,22.7,-2.96,0,7.951559331155252
SM104706,2025-06-21,Lucknow,Truck,24.5,9,2683.0,254.0,82353.5,2.7,Clear,0,9.0,7.08,1776.0,0,0,0,0,0,0,6,5,1,0.537,72.49,-1.92,0,11.318788378921557
SM101369,2025-08-20,Prayagraj,Pickup,18.9,2,522.0,45.0,5523.0,3.7,Rain,0,5.0,3.94,391.0,0,0,0,0,0,0,8,2,0,0.652,20.69,-1.06,0,8.616857514529183
SM105538,2025-10-25,Lucknow,Mini Truck,25.2,4,743.0,32.0,11662.0,6.4,Rain,0,7.0,6.23,765.0,0,0,0,0,0,0,10,5,1,0.372,30.36,-0.77,0,9.36417671669105
SM100904,2025-06-17,Prayagraj,Mini Truck,38.9,6,1168.0,70.0,4721.0,3.2,Clear,0,8.0,6.04,1205.0,0,0,0,0,0,0,6,1,0,0.584,30.98,-1.96,0,8.459987717645458
SM104163,2025-03-15,Kanpur,Mini Truck,22.5,2,1345.0,78.0,29501.0,6.5,Clear,0,6.0,4.35,789.0,0,0,0,0,0,0,3,5,1,0.672,35.07,-1.65,0,10.292213336639994
SM102585,2025-07-22,Gorakhpur,Truck,61.1,4,1385.0,132.0,13397.0,3.9,Rain,0,9.0,7.9,2161.0,0,0,0,0,0,0,7,1,0,0.277,35.37,-1.1,0,9.502860721068213
SM105329,2025-06-29,Prayagraj,Pickup,7.6,8,550.0,24.0,5012.0,2.7,Clear,0,7.0,5.15,688.0,0,0,0,0,0,0,6,6,1,0.688,90.53,-1.85,0,8.519789817263504
SM105988,2025-11-13,Lucknow,Pickup,44.7,1,285.0,25.0,11198.0,7.8,Rain,0,6.0,6.2,517.0,0,0,0,0,0,0,11,3,0,0.356,11.57,0.2,1,9.323579767582693
SM101314,2025-11-26,Lucknow,Mini Truck,42.6,6,906.0,46.0,9465.0,9.3,Clear,0,8.0,7.98,1235.0,0,0,0,0,0,0,11,2,0,0.453,28.99,-0.02,0,9.155461710466193
SM104085,2025-08-19,Kanpur,Truck,28.65,6,3075.0,160.0,23378.0,4.3,Rain,0,8.0,8.0,1865.0,1,0,0,0,0,0,8,1,0,0.615,65.1,0.0,0,10.059593462511671
SM103915,2025-01-29,Gorakhpur,Pickup,103.2,5,567.0,25.0,7759.0,4.1,Clear,0,11.0,8.95,1552.0,0,0,0,0,0,0,1,2,0,0.709,15.04,-2.05,0,8.956737613177264
SM101726,2025-12-13,Kanpur,Mini Truck,7.3,7,944.0,40.0,12604.0,2.8,Fog,0,7.0,5.86,705.0,0,0,0,0,0,0,12,5,1,0.472,96.58,-1.14,0,9.44184883962202
SM102357,2025-03-22,Prayagraj,Truck,26.0,4,2570.0,152.0,25817.0,4.5,Clear,0,7.0,6.42,1612.0,0,0,0,0,0,0,3,5,1,0.514,62.0,-0.58,0,10.158827202066655
SM105219,2025-05-09,Kanpur,Mini Truck,26.5,9,1158.0,97.0,14628.0,8.0,Clear,0,8.0,7.66,1196.0,0,0,0,0,0,0,5,4,0,0.579,45.13,-0.34,0,9.590761138978086
SM105427,2025-02-20,Lucknow,Truck,32.2,7,2687.0,200.0,24165.0,6.6,Clear,0,9.0,7.78,1941.0,0,0,0,0,0,0,2,3,0,0.537,60.28,-1.22,0,10.092701965587253
SM105315,2025-07-26,Varanasi,Mini Truck,37.1,7,946.0,41.0,3337.0,7.1,Rain,0,8.0,6.14,1160.0,0,0,0,1,0,0,7,5,1,0.473,31.27,-1.86,0,8.11312710422178
SM104889,2025-06-25,Varanasi,Pickup,10.7,3,285.0,35.0,5598.0,3.7,Clear,0,5.0,4.04,290.0,0,0,0,0,1,0,6,2,0,0.356,27.1,-0.96,0,8.630343289348893
SM105105,2025-08-23,Lucknow,Mini Truck,16.6,6,330.0,14.0,3400.0,4.3,Rain,0,7.0,6.45,533.0,0,0,0,0,0,0,8,5,1,0.165,32.11,-0.55,0,8.131824785007195
SM104430,2025-12-03,Kanpur,Mini Truck,30.2,4,1341.0,147.0,30418.0,4.6,Clear,0,7.0,6.33,1057.0,0,0,0,0,0,0,12,2,0,0.67,35.0,-0.67,0,10.322822692163156
SM104701,2025-01-21,Varanasi,Mini Truck,8.0,5,968.0,39.0,6933.0,5.5,Fog,0,6.0,5.32,635.0,0,0,0,0,0,0,1,1,0,0.484,79.38,-0.68,0,8.844192126244968
SM101397,2025-08-27,Kanpur,Mini Truck,34.5,2,1652.0,86.0,37214.0,6.3,Clear,0,7.0,5.57,1173.0,0,0,0,0,0,0,8,2,0,0.826,34.0,-1.43,0,10.52446718479401
SM101244,2025-11-16,Varanasi,Pickup,29.2,6,279.0,14.0,1958.0,7.4,Clear,0,7.0,5.16,736.0,0,0,0,0,0,0,11,6,1,0.349,25.21,-1.84,0,7.580189417944541
SM100833,2025-02-22,Prayagraj,Pickup,51.2,3,456.0,39.0,9069.0,5.8,Clear,0,7.0,5.16,818.0,0,0,0,0,0,0,2,5,1,0.57,15.98,-1.84,0,9.112727543109182
SM100149,2025-01-22,Lucknow,Pickup,8.9,6,620.0,50.0,8414.0,6.2,Fog,0,6.0,7.81,515.0,0,0,0,0,0,0,1,2,0,0.775,57.87,1.81,1,9.037771106624906
SM103647,2025-08-08,Lucknow,Pickup,36.8,4,462.0,27.0,1568.0,6.0,Rain,0,7.0,7.39,687.0,0,1,0,0,0,0,8,4,0,0.578,18.67,0.39,1,7.358193752733032
SM102348,2025-03-15,Varanasi,Pickup,38.4,3,415.0,40.0,4080.0,4.6,Clear,0,7.0,4.45,641.0,0,0,0,0,0,0,3,5,1,0.519,16.69,-2.55,0,8.314097335405807
SM105046,2025-10-09,Varanasi,Pickup,40.0,8,515.0,52.0,10411.0,6.9,Clear,0,8.0,7.39,812.0,0,0,0,0,0,0,10,3,0,0.644,20.3,-0.61,0,9.250714266114455
SM100184,2025-06-30,Lucknow,Mini Truck,55.4,4,1359.0,144.0,32882.0,2.8,Clear,0,8.0,6.15,1581.0,0,0,0,0,0,0,6,0,0,0.68,28.54,-1.85,0,10.400711085883833
SM100887,2025-03-12,Kanpur,Truck,5.8,3,4218.0,184.0,82353.5,6.6,Fog,0,7.0,8.63,1776.0,0,0,0,0,0,0,3,2,0,0.844,306.21,1.63,1,11.318788378921557
SM100920,2025-11-15,Lucknow,Pickup,28.4,9,214.0,14.0,2592.0,5.6,Clear,0,8.0,5.94,675.0,0,0,1,0,0,0,11,5,1,0.268,23.77,-2.06,0,7.860570785538664
SM101487,2025-01-01,Lucknow,Truck,13.4,6,3233.0,352.0,82353.5,6.3,Fog,0,8.0,8.63,1745.0,0,0,0,0,0,0,1,2,0,0.647,130.22,0.63,1,11.318788378921557
SM102926,2025-08-14,Kanpur,Mini Truck,23.7,8,1012.0,45.0,5311.0,4.2,Rain,0,8.0,6.35,1052.0,0,0,0,0,0,0,8,3,0,0.506,44.39,-1.65,0,8.57772369115627
SM103634,2025-12-17,Kanpur,Pickup,28.3,10,343.0,16.0,2365.0,6.0,Fog,0,8.0,9.11,809.0,0,0,0,0,0,0,12,2,0,0.429,28.59,1.11,1,7.768956044538332
SM105079,2025-07-06,Gorakhpur,Truck,30.6,5,3695.0,199.0,40671.0,5.6,Rain,0,9.0,8.52,2187.0,0,0,0,0,0,0,7,6,1,0.739,71.47,-0.48,0,10.613295173989181
SM105255,2025-05-06,Lucknow,Truck,10.3,7,1749.0,95.0,20256.0,5.5,Clear,0,7.0,6.47,1085.0,0,0,0,0,0,0,5,1,0,0.35,105.34,-0.53,0,9.916255691813806
SM100672,2025-08-21,Prayagraj,Pickup,38.8,7,359.0,20.0,4107.0,5.7,Clear,0,8.0,6.92,770.0,0,0,0,0,0,0,8,3,0,0.449,19.85,-1.08,0,8.32069157104845
SM101908,2025-01-14,Varanasi,Mini Truck,103.0,5,1239.0,62.0,14475.0,7.2,Fog,1,11.0,12.17,2109.0,0,0,0,0,0,0,1,1,0,0.62,20.48,1.17,1,9.580247384683632
SM102108,2025-04-13,Prayagraj,Truck,32.1,10,3251.0,175.0,22581.0,7.3,Clear,0,10.0,9.64,2192.0,0,0,0,0,0,0,4,6,1,0.65,68.29,-0.36,0,10.024908407740467
SM102035,2025-11-05,Lucknow,Mini Truck,18.8,10,922.0,113.0,82353.5,7.5,Clear,1,8.0,8.3,1011.0,0,0,0,0,0,0,11,2,0,0.461,53.78,0.3,1,11.318788378921557
SM102231,2025-01-26,Gorakhpur,Pickup,88.1,10,483.0,31.0,6770.0,4.8,Fog,0,11.0,10.82,1474.0,0,0,0,0,0,0,1,6,1,0.604,16.73,-0.18,0,8.820404065485645
SM100264,2025-12-28,Prayagraj,Truck,23.5,5,3578.0,153.0,51547.0,5.5,Fog,0,8.0,7.54,2010.0,0,0,0,0,0,0,12,6,1,0.716,85.53,-0.46,0,10.850268691408282
SM103299,2025-10-20,Gorakhpur,Truck,45.75,8,4014.0,197.0,42559.0,5.2,Clear,1,9.0,8.25,2353.0,1,0,0,0,0,0,10,0,0,0.803,51.43,-0.75,0,10.658670124015526
SM102504,2025-01-19,Kanpur,Truck,44.9,5,1556.0,194.0,74801.0,6.8,Fog,0,8.0,9.03,1888.0,0,0,0,0,0,0,1,6,1,0.311,42.05,1.03,1,11.22259990157303
SM105474,2025-01-21,Prayagraj,Pickup,32.8,8,613.0,42.0,6132.0,5.1,Clear,0,8.0,6.65,866.0,1,0,0,0,0,0,1,1,0,0.766,26.4,-1.35,0,8.721439305625983
SM101411,2025-07-24,Lucknow,Mini Truck,24.9,5,969.0,59.0,10786.0,5.7,Clear,0,7.0,5.85,918.0,0,0,0,0,0,0,7,3,0,0.484,36.87,-1.15,0,9.28609698437543
SM105709,2025-10-04,Prayagraj,Mini Truck,29.1,11,778.0,58.0,11868.0,2.4,Clear,0,9.0,6.8,1192.0,0,0,0,0,0,0,10,5,1,0.389,40.96,-2.2,0,9.381685238056505
SM103030,2025-09-25,Prayagraj,Mini Truck,21.8,3,1134.0,50.0,15833.0,8.5,Rain,0,6.0,6.45,806.0,0,0,0,0,0,0,9,3,0,0.567,36.97,0.45,1,9.669914805731379
SM104939,2025-05-04,Varanasi,Truck,13.8,5,2840.0,195.0,19012.0,5.5,Clear,0,8.0,8.29,1982.0,0,1,0,0,0,0,5,6,1,0.568,143.62,0.29,1,9.852878234709586
SM100209,2025-10-12,Lucknow,Pickup,20.2,7,555.0,45.0,16850.0,5.2,Clear,0,7.0,6.21,700.0,0,0,0,0,0,0,10,6,1,0.694,34.65,-0.79,0,9.732165281200542
SM105735,2025-07-23,Lucknow,Mini Truck,17.2,4,1441.0,90.0,13674.5,6.1,Rain,0,6.0,5.81,901.0,0,0,0,0,1,0,7,2,0,0.72,52.38,-0.19,0,9.523361189693068
SM102250,2025-07-04,Prayagraj,Truck,32.8,9,3221.0,224.0,25060.0,5.5,Clear,0,9.0,7.79,2044.0,1,0,0,0,0,0,7,4,0,0.644,62.32,-1.21,0,10.129068131883756
SM102395,2025-08-28,Prayagraj,Pickup,24.2,7,484.0,21.0,5572.0,5.9,Clear,0,7.0,6.12,765.0,0,0,0,0,0,0,8,3,0,0.605,31.61,-0.88,0,8.625688787569537
SM104820,2025-07-16,Varanasi,Mini Truck,25.9,8,867.0,93.0,19454.0,8.2,Clear,0,8.0,6.92,995.0,0,0,0,0,0,0,7,2,0,0.434,38.42,-1.08,0,9.875859385418654
SM101500,2025-07-13,Lucknow,Mini Truck,13.2,13,997.0,43.0,4371.0,2.2,Clear,0,9.0,6.95,1021.0,0,0,0,0,0,0,7,6,1,0.498,77.35,-2.05,0,8.382975849296429
SM102291,2025-04-28,Prayagraj,Pickup,37.8,2,741.0,43.0,8025.0,8.1,Clear,0,7.0,6.78,849.0,0,0,0,0,0,0,4,0,0,0.926,22.46,-0.22,0,8.990441550826862
SM101084,2025-03-15,Varanasi,Mini Truck,76.5,7,149.0,13.0,1763.0,8.7,Clear,0,10.0,9.94,1585.0,0,0,0,0,0,0,3,5,1,0.074,20.72,-0.06,0,7.475339236566737
SM101267,2025-05-17,Kanpur,Mini Truck,25.7,5,1094.0,72.0,14446.0,6.5,Clear,0,7.0,6.36,1024.0,0,0,0,0,0,0,5,5,1,0.547,39.84,-0.64,0,9.578242059529382
SM101109,2025-01-17,Prayagraj,Mini Truck,18.9,4,450.0,38.0,14274.0,7.9,Clear,0,6.0,6.15,696.0,0,0,0,0,0,0,1,4,0,0.225,36.83,0.15,1,9.56626503452421
SM103547,2025-11-18,Varanasi,Mini Truck,53.5,2,1515.0,148.0,75243.0,5.8,Clear,0,8.0,6.67,1428.0,0,0,0,0,0,0,11,1,0,0.758,26.69,-1.33,0,11.228491445212912
SM102749,2025-12-22,Gorakhpur,Pickup,36.9,6,305.0,18.0,3593.0,5.0,Fog,0,8.0,7.67,697.0,0,0,0,0,0,0,12,0,0,0.381,18.89,-0.33,0,8.187021067343505
SM103454,2025-10-26,Varanasi,Pickup,31.3,12,311.0,13.0,5023.0,6.4,Clear,0,9.0,7.89,912.0,0,0,0,0,0,0,10,6,1,0.389,29.14,-1.11,0,8.521981708148035
SM104638,2025-08-13,Varanasi,Truck,80.1,7,2205.0,183.0,13086.0,6.8,Rain,0,11.0,9.78,2859.0,0,0,0,0,0,0,8,2,0,0.441,35.69,-1.22,0,9.479374650055481
SM102882,2025-07-25,Kanpur,Truck,28.8,6,2197.0,128.0,14134.0,5.7,Rain,0,8.0,8.19,1505.0,0,0,0,0,0,0,7,4,0,0.439,52.26,0.19,1,9.556409270127691
SM103437,2025-08-29,Prayagraj,Pickup,14.3,4,501.0,31.0,8085.0,4.0,Rain,0,6.0,5.54,556.0,0,0,0,0,0,0,8,4,0,0.626,38.88,-0.46,0,8.997889450200717
SM103322,2025-10-15,Kanpur,Pickup,37.6,8,623.0,32.0,8714.0,5.1,Clear,0,8.0,5.74,1028.0,0,0,0,1,0,0,10,2,0,0.779,27.34,-2.26,0,9.07280095795412
SM103966,2025-10-14,Varanasi,Mini Truck,42.8,3,1522.0,90.0,20180.0,7.0,Clear,0,7.0,6.58,1467.0,0,0,0,0,0,0,10,1,0,0.761,34.28,-0.42,0,9.912496846693715
SM100809,2025-12-30,Kanpur,Mini Truck,45.1,3,1489.0,131.0,12319.0,8.3,Clear,0,8.0,6.11,1349.0,0,0,0,0,0,0,12,1,0,0.744,29.91,-1.89,0,9.41897923708751
SM103170,2025-08-18,Gorakhpur,Mini Truck,31.1,5,1707.0,76.0,21284.0,8.8,Rain,0,8.0,7.61,1281.0,0,0,0,0,0,0,8,0,0,0.854,41.19,-0.39,0,9.965757878262252
SM103028,2025-03-23,Gorakhpur,Pickup,68.9,4,413.0,20.0,15794.0,5.8,Clear,0,9.0,8.21,1031.0,0,0,0,1,0,0,3,6,1,0.516,14.96,-0.79,0,9.667448713236185
SM102875,2025-07-08,Prayagraj,Truck,24.5,7,3964.0,234.0,45437.0,4.5,Rain,0,9.0,9.13,2298.0,0,0,0,0,0,0,7,1,0,0.793,93.8,0.13,1,10.724104038341878
SM103254,2025-03-28,Gorakhpur,Mini Truck,31.2,6,1161.0,27.0,3416.0,4.7,Clear,0,7.0,6.66,717.0,0,1,0,0,0,0,3,4,0,0.58,22.98,-0.34,0,8.136518252115291
SM103975,2025-09-10,Lucknow,Truck,26.6,4,3194.0,391.0,82353.5,8.7,Rain,0,8.0,8.63,1932.0,0,0,0,0,0,0,9,2,0,0.639,72.63,0.63,1,11.318788378921557
SM103029,2025-11-23,Lucknow,Pickup,29.3,7,752.0,63.0,18881.0,4.2,Clear,0,8.0,7.2,838.0,0,0,0,0,0,0,11,6,1,0.94,28.6,-0.8,0,9.845964366292462
SM105967,2025-08-10,Prayagraj,Mini Truck,29.7,6,492.0,41.0,9201.0,4.6,Clear,0,7.0,5.51,852.0,0,0,0,0,0,0,8,6,1,0.246,28.69,-1.49,0,9.127176130715414
SM100051,2025-03-13,Lucknow,Truck,36.6,7,2214.0,227.0,82353.5,7.6,Rain,0,9.0,9.66,1970.0,0,0,0,0,0,0,3,3,0,0.443,53.83,0.66,1,11.318788378921557
SM105793,2025-12-22,Kanpur,Truck,30.8,4,3032.0,156.0,62129.0,3.7,Clear,0,8.0,6.85,2050.0,0,0,0,0,0,0,12,0,0,0.606,66.56,-1.15,0,11.03698424305774
SM104465,2025-02-04,Lucknow,Pickup,25.2,6,295.0,15.0,6770.0,5.6,Fog,0,7.0,8.53,477.0,1,0,1,0,0,0,2,1,0,0.369,18.93,1.53,1,8.820404065485645
SM103154,2025-01-26,Prayagraj,Truck,43.5,5,3487.0,163.0,22662.0,3.3,Clear,0,9.0,8.27,2406.0,0,0,0,0,0,0,1,6,1,0.697,55.31,-0.73,0,10.028488917698931
SM101969,2025-02-25,Varanasi,Pickup,35.0,3,376.0,19.0,3182.0,3.1,Clear,0,6.0,5.01,625.0,0,0,0,0,0,0,2,1,0,0.47,17.86,-0.99,0,8.065579427282092
SM102713,2025-07-09,Varanasi,Mini Truck,43.6,3,1111.0,73.0,7508.0,7.0,Rain,0,7.0,7.75,1202.0,0,0,0,0,0,0,7,2,0,0.556,27.57,0.75,1,8.923857580099885
SM101362,2025-05-09,Varanasi,Mini Truck,34.8,5,783.0,43.0,5682.0,4.0,Clear,0,7.0,5.94,966.0,0,0,0,0,0,0,5,4,0,0.392,27.76,-1.06,0,8.645234541297121
SM101514,2025-04-01,Lucknow,Mini Truck,21.9,7,1161.0,48.0,12510.0,4.6,Clear,0,7.0,5.85,842.0,0,1,0,0,0,0,4,1,0,0.58,38.45,-1.15,0,9.4343635363174
SM102152,2025-11-09,Prayagraj,Mini Truck,24.1,5,760.0,75.0,16081.0,5.0,Clear,0,7.0,5.39,887.0,0,0,0,0,0,0,11,6,1,0.38,36.8,-1.61,0,9.685455913108095
SM105341,2025-08-13,Varanasi,Mini Truck,48.8,3,1452.0,88.0,3171.0,6.2,Clear,0,8.0,6.9,1382.0,0,0,0,0,0,0,8,2,0,0.726,28.32,-1.1,0,8.06211758275474
SM100112,2025-07-22,Varanasi,Pickup,73.0,4,462.0,24.0,6486.0,7.0,Rain,0,9.0,7.8,954.0,0,1,0,0,0,0,7,1,0,0.578,13.07,-1.2,0,8.777555453213056
SM105181,2025-10-08,Kanpur,Pickup,26.1,6,628.0,37.0,9307.0,5.1,Clear,0,7.0,6.28,608.0,0,0,0,0,0,0,10,2,0,0.785,23.3,-0.72,0,9.138629524422182
SM100168,2025-05-03,Lucknow,Truck,31.6,5,1648.0,114.0,23187.0,5.1,Clear,0,8.0,6.97,1525.0,0,0,0,0,0,0,5,5,1,0.33,48.26,-1.03,0,10.051390182459624
SM102322,2025-05-04,Kanpur,Pickup,24.0,1,652.0,40.0,4788.0,4.4,Clear,0,5.0,4.21,663.0,0,0,0,0,0,0,5,6,1,0.815,27.62,-0.79,0,8.47407690034261
SM105359,2025-05-05,Lucknow,Mini Truck,24.8,9,1161.0,59.0,17778.0,9.6,Clear,0,8.0,6.46,1072.0,0,1,0,0,0,0,5,0,0,0.58,43.23,-1.54,0,9.785773264516571
SM105494,2025-10-10,Varanasi,Pickup,17.8,4,326.0,19.0,3087.0,8.1,Clear,0,6.0,5.37,382.0,0,0,0,0,0,0,10,4,0,0.408,21.46,-0.63,0,8.035278911144667
SM105322,2025-09-09,Lucknow,Mini Truck,23.8,4,925.0,40.0,8253.0,6.3,Rain,0,7.0,6.59,848.0,0,0,0,0,0,1,9,1,0,0.462,35.63,-0.41,0,9.018453210312527
SM102602,2025-10-12,Gorakhpur,Mini Truck,61.6,9,1577.0,130.0,38947.0,4.7,Clear,0,10.0,8.34,1784.0,0,0,0,0,0,0,10,6,1,0.788,28.96,-1.66,0,10.569982702098647
SM104927,2025-08-05,Prayagraj,Mini Truck,17.4,7,1161.0,50.0,8399.0,6.5,Rain,0,7.0,6.84,919.0,0,0,0,0,0,0,8,1,0,0.58,52.82,-0.16,0,9.035986984831405
SM104256,2025-04-30,Prayagraj,Mini Truck,28.1,4,1205.0,67.0,24284.0,6.3,Clear,0,7.0,5.01,1014.0,0,0,0,0,0,0,4,2,0,0.602,36.09,-1.99,0,10.097614154779846
SM101245,2025-12-26,Lucknow,Mini Truck,39.7,11,862.0,63.0,5908.0,3.5,Clear,0,10.0,7.52,1461.0,0,0,0,0,0,0,12,4,0,0.431,36.8,-2.48,0,8.684231891345675
SM101354,2025-03-22,Gorakhpur,Pickup,25.1,8,469.0,47.0,9717.0,5.6,Clear,0,8.0,5.5,655.0,0,0,1,1,0,0,3,5,1,0.586,26.1,-2.5,0,9.181735114965848
SM103758,2025-01-30,Prayagraj,Pickup,10.8,4,637.0,51.0,4808.0,3.2,Clear,0,6.0,3.77,444.0,0,0,0,0,0,0,1,3,0,0.796,41.11,-2.23,0,8.478244441277663
SM104235,2025-01-15,Kanpur,Mini Truck,18.3,5,752.0,52.0,2060.0,7.6,Clear,0,6.0,5.53,773.0,0,0,0,0,0,0,1,2,0,0.376,42.24,-0.47,0,7.630946580890459
SM101157,2025-11-07,Lucknow,Truck,23.7,6,630.0,66.0,20531.0,4.2,Clear,0,7.0,6.05,1058.0,0,0,0,0,0,0,11,4,0,0.126,44.64,-0.95,0,9.929739923680193
SM103537,2025-02-18,Varanasi,Truck,36.9,2,3870.0,218.0,56965.0,6.2,Clear,0,8.0,6.05,2202.0,0,0,0,0,0,0,2,1,0,0.774,59.67,-1.95,0,10.950209877616949
SM105212,2025-06-18,Varanasi,Mini Truck,15.7,6,1519.0,63.0,10346.0,6.7,Clear,0,7.0,5.73,943.0,0,0,0,0,0,0,6,2,0,0.76,60.06,-1.27,0,9.24445190160495
SM104695,2025-11-01,Varanasi,Mini Truck,31.4,6,1325.0,56.0,19656.0,5.5,Clear,0,8.0,5.99,1152.0,0,0,0,0,0,0,11,5,1,0.662,36.69,-2.01,0,9.8861887879578
SM101115,2025-06-28,Lucknow,Pickup,23.4,6,523.0,63.0,13603.0,4.0,Fog,0,7.0,6.54,531.0,0,0,0,0,0,1,6,5,1,0.654,22.69,-0.46,0,9.518119146127086
SM102483,2025-04-27,Prayagraj,Pickup,52.2,11,496.0,54.0,11925.0,4.5,Clear,0,10.0,8.04,1171.0,0,0,0,0,0,0,4,6,1,0.62,22.43,-1.96,0,9.386476169683052
SM100853,2025-03-29,Prayagraj,Truck,40.1,7,2564.0,167.0,26199.0,5.2,Clear,0,9.0,8.48,2156.0,0,0,0,0,0,0,3,5,1,0.513,53.77,-0.52,0,10.173514689749188
SM104678,2025-08-27,Gorakhpur,Mini Truck,46.2,9,343.0,21.0,4415.0,4.6,Rain,0,10.0,9.55,1499.0,1,0,0,0,0,0,8,2,0,0.172,32.45,-0.45,0,8.392989587956931
SM104435,2025-12-06,Prayagraj,Mini Truck,25.4,6,991.0,50.0,9701.0,5.9,Clear,0,7.0,5.1,1034.0,0,0,0,0,0,0,12,5,1,0.496,40.71,-1.9,0,9.180087328805161
SM105571,2025-09-10,Gorakhpur,Truck,39.3,6,3020.0,150.0,22401.0,4.2,Rain,0,9.0,8.0,2182.0,0,0,0,0,0,0,9,2,0,0.604,55.52,-1.0,0,10.016905519571685
SM102258,2025-01-01,Prayagraj,Pickup,23.4,6,487.0,51.0,9466.0,5.6,Clear,0,7.0,4.91,535.0,0,0,1,0,0,0,1,2,0,0.609,22.86,-2.09,0,9.15556734612889
SM103899,2025-12-04,Gorakhpur,Mini Truck,28.8,5,617.0,65.0,12856.0,6.7,Clear,0,7.0,5.36,801.0,0,0,0,0,0,0,12,3,0,0.308,27.81,-1.64,0,9.46164368908425
SM100053,2025-06-20,Kanpur,Truck,50.1,2,1204.0,58.0,10270.0,6.7,Clear,0,7.0,5.63,1614.0,0,0,0,0,0,0,6,4,0,0.241,32.22,-1.37,0,9.237079669165805
SM104061,2025-01-08,Lucknow,Pickup,13.7,5,235.0,11.0,1195.0,5.2,Fog,0,6.0,5.98,350.0,0,0,0,0,0,0,1,2,0,0.294,25.55,-0.02,0,7.086737934510577
SM105485,2025-03-05,Kanpur,Mini Truck,59.9,5,1236.0,63.0,4664.0,7.4,Clear,1,9.0,8.55,1567.0,0,0,0,0,0,0,3,2,0,0.618,26.16,-0.45,0,8.447843113281444
SM102177,2025-06-25,Lucknow,Truck,25.4,10,2840.0,86.0,9435.0,5.4,Clear,0,8.0,7.38,1011.0,1,1,0,0,0,0,6,2,0,0.568,39.8,-0.62,0,9.152287440527566
SM105523,2025-12-02,Prayagraj,Pickup,82.7,7,678.0,40.0,16203.0,6.7,Fog,0,10.0,10.62,1462.0,0,0,0,0,0,0,12,1,0,0.848,17.68,0.62,1,9.693013404322581
SM105811,2025-08-25,Gorakhpur,Truck,25.4,4,3518.0,236.0,33065.0,6.2,Rain,0,8.0,7.84,1890.0,0,0,0,0,1,0,8,0,0,0.704,74.41,-0.16,0,10.40626084311129
SM103700,2025-02-25,Lucknow,Mini Truck,14.0,5,915.0,42.0,2360.0,5.4,Clear,0,6.0,6.17,648.0,0,0,0,0,0,0,2,1,0,0.458,46.29,0.17,1,7.766840537085513
SM102552,2025-03-21,Prayagraj,Mini Truck,32.2,6,1382.0,95.0,14915.0,5.6,Clear,0,8.0,7.61,1257.0,0,0,1,0,0,0,3,4,0,0.691,39.04,-0.39,0,9.610189741298711
SM104932,2025-11-25,Lucknow,Pickup,18.1,3,399.0,17.0,4682.0,7.4,Clear,0,6.0,5.51,355.0,0,0,0,0,0,0,11,1,0,0.499,19.61,-0.49,0,8.451694209183541
SM102841,2025-09-15,Prayagraj,Truck,52.6,9,2467.0,103.0,21965.0,5.8,Rain,0,10.0,11.51,2481.0,0,0,0,0,0,0,9,0,0,0.493,47.17,1.51,1,9.997251082348292
SM101212,2025-06-18,Prayagraj,Pickup,45.3,7,462.0,39.0,11287.0,3.3,Clear,0,8.0,5.7,998.0,0,1,0,0,0,0,6,2,0,0.578,22.03,-2.3,0,9.33149549353265
SM104263,2025-10-04,Lucknow,Pickup,23.0,3,635.0,27.0,4149.0,5.0,Clear,0,6.0,4.76,464.0,0,0,0,0,0,0,10,5,1,0.794,20.17,-1.24,0,8.330863613224745
SM103145,2025-07-21,Varanasi,Truck,39.3,8,3225.0,219.0,55456.0,7.3,Clear,0,10.0,8.81,2356.0,0,0,0,0,0,0,7,0,0,0.645,59.95,-1.19,0,10.923363224666659
SM104448,2025-07-21,Prayagraj,Pickup,41.2,5,200.0,20.0,4446.0,7.8,Rain,0,7.0,8.08,629.0,0,0,0,0,0,0,7,0,0,0.25,15.27,1.08,1,8.399984990510696
SM105389,2025-11-16,Varanasi,Truck,48.3,6,2140.0,144.0,42604.0,4.4,Clear,0,9.0,7.61,2073.0,0,0,0,0,0,0,11,6,1,0.428,42.92,-1.39,0,10.659726896262056
SM103848,2025-09-28,Lucknow,Pickup,25.2,6,462.0,18.0,2419.0,5.8,Clear,0,7.0,6.48,518.0,1,1,0,0,0,0,9,6,1,0.578,20.56,-0.52,0,7.791522819150732
SM103994,2025-07-06,Kanpur,Truck,16.6,5,2050.0,225.0,65611.0,2.3,Clear,0,7.0,5.53,1402.0,0,0,0,0,0,0,7,6,1,0.41,84.46,-1.47,0,11.091513885032377
SM105790,2025-09-25,Gorakhpur,Mini Truck,35.0,8,1776.0,96.0,10486.0,6.5,Rain,0,9.0,9.23,1396.0,0,0,0,0,0,0,9,3,0,0.888,39.89,0.23,1,9.257891673834406
SM104585,2025-08-11,Prayagraj,Mini Truck,10.2,7,1368.0,100.0,12459.0,4.6,Rain,0,7.0,6.08,872.0,0,0,0,0,0,0,8,0,0,0.684,85.49,-0.92,0,9.430278792341444
SM103591,2025-04-18,Varanasi,Truck,110.2,6,1868.0,198.0,48209.0,3.3,Clear,0,12.0,9.07,3442.0,0,0,0,1,0,0,4,4,0,0.374,31.23,-2.93,0,10.783321747399668
SM105768,2025-06-21,Varanasi,Truck,20.3,2,4513.0,198.0,65243.0,3.1,Clear,0,8.0,5.52,2177.0,0,0,0,0,0,0,6,5,1,0.903,107.24,-2.48,0,11.085889366933921
SM102765,2025-07-15,Prayagraj,Truck,14.6,10,2777.0,135.0,13658.0,7.0,Rain,0,9.0,8.65,1584.0,0,0,0,0,0,0,7,1,0,0.555,108.49,-0.35,0,9.522153924002891
SM100515,2025-02-08,Kanpur,Truck,28.8,6,2896.0,212.0,53935.0,5.9,Clear,0,8.0,8.79,1866.0,0,0,0,0,0,0,2,5,1,0.579,64.79,0.79,1,10.895553437473842
SM105575,2025-07-16,Varanasi,Mini Truck,36.1,5,1126.0,82.0,31606.0,6.4,Rain,0,8.0,7.59,1286.0,0,0,0,0,0,1,7,2,0,0.563,35.62,-0.41,0,10.361133894030637
SM102709,2025-11-16,Varanasi,Mini Truck,37.3,4,970.0,53.0,12778.0,4.5,Clear,0,7.0,4.86,1039.0,0,0,0,0,0,0,11,6,1,0.485,27.86,-2.14,0,9.455558477608703
SM100356,2025-02-25,Varanasi,Pickup,33.3,8,241.0,12.0,2583.0,7.8,Rain,0,8.0,8.45,751.0,0,0,0,0,0,0,2,1,0,0.301,22.55,0.45,1,7.857093864902493
SM105564,2025-02-03,Prayagraj,Mini Truck,24.3,8,1650.0,106.0,21340.0,3.0,Clear,0,8.0,6.3,1301.0,0,0,0,0,0,0,2,0,0,0.825,53.54,-1.7,0,9.96838538411397
SM102710,2025-01-25,Kanpur,Mini Truck,25.6,9,1792.0,79.0,36749.0,7.7,Clear,0,9.0,7.7,1301.0,0,0,0,0,0,0,1,5,1,0.896,50.82,-1.3,0,10.511893504640982
SM100529,2025-12-03,Prayagraj,Truck,41.3,5,2746.0,186.0,82353.5,7.3,Rain,0,9.0,9.49,2182.0,0,0,0,0,0,0,12,2,0,0.549,52.83,0.49,1,11.318788378921557
SM103320,2025-02-01,Lucknow,Pickup,36.1,5,630.0,31.0,5598.0,3.8,Clear,0,7.0,4.99,766.0,0,0,0,0,1,0,2,5,1,0.788,21.22,-2.01,0,8.630343289348893
SM100059,2025-09-07,Lucknow,Truck,7.1,8,1517.0,136.0,11374.0,4.4,Fog,0,7.0,8.02,965.0,0,0,0,0,0,0,9,6,1,0.303,135.92,1.02,1,9.33917324381915
SM100948,2025-12-12,Kanpur,Mini Truck,27.6,3,1387.0,111.0,42435.0,5.7,Fog,0,7.0,7.04,1002.0,0,0,0,0,0,0,12,4,0,0.694,36.3,0.04,1,10.655752337579163
SM104734,2025-10-30,Kanpur,Pickup,22.9,6,182.0,16.0,8508.0,5.9,Clear,0,7.0,5.1,604.0,0,0,0,0,0,0,10,3,0,0.228,26.38,-1.9,0,9.048879705849558
SM100281,2025-06-27,Lucknow,Pickup,12.3,6,337.0,15.0,1662.0,7.5,Rain,0,6.0,6.3,479.0,0,0,0,0,0,0,6,4,0,0.421,38.94,0.3,1,7.416378479192928
SM103348,2025-02-14,Prayagraj,Mini Truck,21.2,6,798.0,55.0,27859.0,5.5,Clear,0,7.0,5.13,819.0,0,0,0,0,0,0,2,4,0,0.399,38.63,-1.87,0,10.234947247333796
SM101629,2025-02-16,Lucknow,Pickup,37.1,5,642.0,40.0,13218.0,1.0,Clear,0,7.0,4.4,820.0,0,0,0,0,0,0,2,6,1,0.802,22.1,-2.6,0,9.4894104675794
SM102782,2025-10-06,Prayagraj,Truck,47.6,3,2954.0,238.0,50295.0,3.3,Clear,0,8.0,7.64,2126.0,0,0,0,0,0,0,10,0,0,0.591,44.66,-0.36,0,10.825680830062897
SM104180,2025-08-27,Lucknow,Truck,41.6,7,1962.0,94.0,33065.0,6.1,Clear,0,9.0,7.61,1915.0,0,0,0,0,1,0,8,2,0,0.392,46.03,-1.39,0,10.40626084311129
SM104702,2025-07-18,Varanasi,Mini Truck,53.8,11,632.0,41.0,11385.0,9.1,Rain,0,10.0,10.82,1441.0,0,0,0,0,0,0,7,4,0,0.316,26.78,0.82,1,9.340139809511028
SM105208,2025-06-29,Varanasi,Truck,71.8,8,3344.0,137.0,14553.0,4.5,Clear,0,11.0,10.99,3175.0,0,0,0,0,0,0,6,6,1,0.669,44.22,-0.01,0,9.585621148907032
SM100451,2025-12-04,Varanasi,Mini Truck,44.8,7,584.0,28.0,4135.0,6.1,Clear,0,8.0,5.78,1596.0,0,0,0,0,0,1,12,3,0,0.292,35.62,-2.22,0,8.327484416188264
SM103575,2025-09-08,Varanasi,Pickup,36.8,5,462.0,18.0,3584.0,5.6,Clear,0,7.0,5.15,687.0,0,1,1,0,0,0,9,0,0,0.578,18.67,-1.85,0,8.184513753033722
SM102732,2025-12-06,Varanasi,Pickup,37.9,6,467.0,24.0,3430.0,7.2,Fog,0,9.0,9.4,1054.0,1,0,0,0,0,0,12,5,1,0.584,27.81,0.4,1,8.14060704285845
SM104777,2025-10-01,Kanpur,Mini Truck,19.3,4,1615.0,135.0,13425.0,6.2,Clear,0,7.0,4.55,1045.0,0,0,0,0,0,0,10,2,0,0.808,54.15,-2.45,0,9.504948404498696
SM101276,2025-08-28,Prayagraj,Truck,31.8,6,2573.0,155.0,15199.0,5.7,Rain,0,8.0,9.03,1974.0,0,0,0,0,0,0,8,3,0,0.515,62.08,1.03,1,9.629050706834368
SM101283,2025-10-20,Lucknow,Truck,21.3,11,3476.0,335.0,38885.0,8.7,Clear,1,10.0,10.44,1969.0,0,0,0,0,0,0,10,0,0,0.695,92.44,0.44,1,10.568389567655771
SM104047,2025-04-01,Prayagraj,Mini Truck,19.6,5,951.0,60.0,10276.0,2.7,Clear,1,7.0,5.86,853.0,0,0,0,0,0,0,4,1,0,0.476,43.52,-1.14,0,9.237663667625073
SM105724,2025-03-20,Prayagraj,Mini Truck,51.0,6,554.0,31.0,13674.5,5.6,Clear,0,8.0,6.44,1237.0,0,0,0,0,1,0,3,3,0,0.277,24.25,-1.56,0,9.523361189693068
SM101530,2025-02-02,Kanpur,Mini Truck,26.0,9,1495.0,60.0,5669.0,6.4,Clear,0,9.0,7.55,1348.0,0,0,0,0,0,0,2,6,1,0.748,51.85,-1.45,0,8.642944396721798
SM104033,2025-04-13,Lucknow,Pickup,24.4,10,439.0,37.0,8034.0,6.6,Clear,0,8.0,6.53,777.0,0,0,0,0,0,0,4,6,1,0.549,31.84,-1.47,0,8.991562278171614
SM100805,2025-10-13,Lucknow,Pickup,9.8,6,357.0,16.0,2532.0,5.6,Clear,0,6.0,4.84,512.0,0,0,0,0,0,0,10,0,0,0.446,52.24,-1.16,0,7.837159650001675
SM105784,2025-07-27,Kanpur,Mini Truck,20.9,5,1883.0,219.0,22510.0,4.6,Rain,0,7.0,6.85,1179.0,0,0,0,0,0,0,7,6,1,0.942,56.41,-0.15,0,10.021759357614163
SM101529,2025-12-02,Varanasi,Pickup,34.8,5,505.0,24.0,11707.0,7.3,Fog,0,7.0,8.11,714.0,0,0,0,0,0,0,12,1,0,0.631,20.52,1.11,1,9.368027647811777
SM102554,2025-12-25,Varanasi,Truck,42.4,5,3689.0,155.0,12162.0,7.8,Fog,0,9.0,10.23,2441.0,0,0,0,0,0,0,12,3,0,0.738,57.57,1.23,1,9.406153835618436
SM103749,2025-11-27,Varanasi,Mini Truck,18.4,6,1565.0,93.0,26305.0,7.1,Rain,0,7.0,7.79,1077.0,0,0,0,0,0,0,11,3,0,0.782,58.53,0.79,1,10.177552329028725
SM104836,2025-02-20,Lucknow,Truck,51.2,4,3526.0,220.0,82353.5,4.2,Clear,0,9.0,7.52,2553.0,0,0,0,0,0,0,2,3,0,0.705,49.86,-1.48,0,11.318788378921557
SM100049,2025-10-12,Lucknow,Mini Truck,19.0,6,1055.0,51.0,8858.0,2.9,Clear,0,7.0,4.39,893.0,0,0,0,0,0,0,10,6,1,0.528,47.0,-2.61,0,9.089189170412032
SM102691,2025-08-10,Lucknow,Pickup,36.9,5,304.0,21.0,4163.0,4.2,Clear,0,7.0,5.47,589.0,0,0,0,0,0,0,8,6,1,0.38,15.96,-1.53,0,8.33423142973486
SM103054,2025-10-15,Lucknow,Mini Truck,26.4,5,1276.0,54.0,11804.0,5.7,Clear,0,7.0,5.65,1028.0,0,0,0,0,0,0,10,2,0,0.638,38.94,-1.35,0,9.376278449519614
SM100801,2025-04-21,Lucknow,Truck,33.9,5,1736.0,111.0,14519.0,9.4,Rain,0,8.0,8.64,1601.0,0,0,0,0,0,0,4,0,0,0.347,47.23,0.64,1,9.583282288378786
SM105355,2025-10-26,Kanpur,Pickup,10.8,6,400.0,27.0,4785.0,7.9,Clear,0,6.0,6.21,341.0,0,0,0,0,0,0,10,6,1,0.5,31.57,0.21,1,8.47345026846832
SM101367,2025-06-15,Varanasi,Pickup,27.5,7,462.0,24.0,5183.0,4.5,Rain,0,8.0,6.08,707.0,0,1,0,0,0,0,6,6,1,0.578,25.71,-1.92,0,8.55333223803211
SM100424,2025-06-02,Lucknow,Mini Truck,18.9,2,787.0,41.0,13162.0,5.1,Clear,0,6.0,3.88,699.0,0,0,0,0,0,0,6,0,0,0.394,36.98,-2.12,0,9.485165142425407
SM105873,2025-04-28,Kanpur,Truck,31.7,10,2936.0,255.0,47613.0,3.8,Clear,0,10.0,7.88,2173.0,0,0,0,0,0,0,4,0,0,0.587,68.55,-2.12,0,10.770882114622454
SM100000,2025-02-02,Kanpur,Pickup,10.6,5,304.0,16.0,7171.0,3.8,Clear,0,6.0,4.22,389.0,0,0,0,0,0,0,2,6,1,0.38,36.7,-1.78,0,8.877939834725023
SM104568,2025-04-23,Gorakhpur,Truck,38.4,9,3168.0,157.0,18952.0,3.2,Rain,0,10.0,7.82,2297.0,0,0,0,0,0,0,4,2,0,0.634,59.82,-2.18,0,9.8497175093263
SM102034,2025-12-26,Varanasi,Pickup,27.3,7,462.0,49.0,12168.0,5.6,Fog,0,7.0,6.94,757.0,0,1,0,0,0,0,12,4,0,0.578,27.73,-0.06,0,9.4066470133368
SM101269,2025-01-18,Kanpur,Truck,77.7,5,3537.0,286.0,31869.0,5.6,Fog,1,11.0,13.48,3291.0,0,0,0,0,0,0,1,5,1,0.707,42.36,2.48,1,10.369420407411383
SM100176,2025-09-19,Kanpur,Truck,43.8,4,4094.0,200.0,46049.0,8.0,Clear,0,9.0,10.0,2669.0,0,0,0,0,0,0,9,4,0,0.819,60.94,1.0,1,10.737483041683452
SM105460,2025-11-25,Gorakhpur,Pickup,26.9,6,472.0,50.0,13719.0,5.8,Clear,0,7.0,6.69,716.0,0,0,0,0,0,0,11,1,0,0.59,26.62,-0.31,0,9.526609901279876
SM100512,2025-11-03,Gorakhpur,Pickup,47.4,4,436.0,46.0,3782.0,5.8,Clear,0,7.0,6.99,793.0,0,0,0,0,0,0,11,0,0,0.545,16.73,-0.01,0,8.23827262463303
SM101286,2025-11-28,Gorakhpur,Truck,79.9,8,2673.0,281.0,59469.0,6.4,Clear,0,11.0,11.02,3246.0,0,0,0,0,0,0,11,4,0,0.535,40.63,0.02,1,10.993227262700639
SM101462,2025-01-18,Prayagraj,Mini Truck,31.1,3,959.0,79.0,24424.0,4.0,Clear,0,7.0,4.59,984.0,0,0,0,0,0,0,1,5,1,0.48,31.64,-2.41,0,10.103362476910984
SM102409,2025-01-10,Kanpur,Pickup,20.1,8,462.0,17.0,3325.0,6.8,Fog,0,7.0,8.37,646.0,0,1,0,0,0,0,1,4,0,0.578,32.14,1.37,1,8.109525659752872
SM104793,2025-04-05,Prayagraj,Mini Truck,31.3,4,1116.0,48.0,18686.0,5.9,Clear,0,7.0,6.16,1012.0,1,0,0,0,0,0,4,5,1,0.558,32.33,-0.84,0,9.835583373922255
SM102384,2025-03-09,Lucknow,Truck,30.3,6,3032.0,186.0,34831.0,3.4,Clear,0,9.0,7.03,2030.0,0,0,0,0,0,0,3,6,1,0.606,67.0,-1.97,0,10.458291783474328
SM100766,2025-08-12,Prayagraj,Pickup,46.8,5,324.0,25.0,3521.0,7.0,Rain,0,8.0,7.6,754.0,0,0,0,0,0,0,8,1,0,0.405,16.11,-0.4,0,8.166784289056151
SM101348,2025-09-26,Prayagraj,Mini Truck,40.2,3,218.0,18.0,2983.0,5.8,Clear,0,7.0,5.78,730.0,0,0,0,0,0,0,9,4,0,0.109,18.16,-1.22,0,8.001019961323651
SM103785,2025-07-22,Prayagraj,Pickup,55.9,9,629.0,65.0,8372.0,7.4,Rain,0,10.0,9.81,1373.0,0,0,0,0,0,0,7,1,0,0.786,24.56,-0.19,0,9.032767522204432
SM102482,2025-03-07,Prayagraj,Pickup,72.4,3,569.0,40.0,5884.0,5.2,Rain,0,8.0,7.6,1059.0,0,0,0,0,0,0,3,4,0,0.711,14.63,-0.4,0,8.680162019694377
SM101054,2025-01-28,Kanpur,Mini Truck,46.4,4,1877.0,82.0,11766.0,5.3,Fog,0,8.0,8.81,1610.0,0,0,0,0,0,0,1,1,0,0.938,34.7,0.81,1,9.37305428246393
SM105592,2025-07-12,Kanpur,Truck,29.3,9,3220.0,399.0,82353.5,4.0,Rain,0,10.0,9.68,2231.0,0,0,0,0,0,0,7,5,1,0.644,76.14,-0.32,0,11.318788378921557
SM105297,2025-08-31,Lucknow,Truck,21.7,6,3177.0,158.0,23624.0,5.8,Clear,0,8.0,7.94,1800.0,0,0,0,0,0,0,8,6,1,0.635,82.95,-0.06,0,10.070060752361943
SM102455,2025-06-23,Varanasi,Truck,21.0,6,2671.0,198.0,33303.0,5.3,Fog,0,8.0,8.13,1665.0,0,0,0,0,0,0,6,0,0,0.534,79.29,0.13,1,10.413432788874811
SM100532,2025-02-26,Prayagraj,Mini Truck,34.8,7,1567.0,67.0,11637.0,5.0,Clear,0,8.0,6.77,1371.0,0,0,0,0,0,0,2,2,0,0.784,39.4,-1.23,0,9.362030885216615
SM105381,2025-12-13,Varanasi,Truck,25.5,4,2637.0,140.0,39531.0,5.6,Clear,0,7.0,6.54,1783.0,0,0,1,0,0,0,12,5,1,0.527,69.92,-0.46,0,10.584865749496075
SM105799,2025-06-03,Prayagraj,Mini Truck,25.9,4,1266.0,119.0,39085.0,5.3,Clear,0,7.0,6.07,999.0,0,0,0,0,0,0,6,1,0,0.633,38.57,-0.93,0,10.573519625590022
SM105500,2025-12-12,Lucknow,Truck,17.0,7,3523.0,204.0,20742.0,5.7,Fog,0,8.0,8.85,1839.0,0,0,0,0,0,0,12,4,0,0.705,108.18,0.85,1,9.939964119346145
SM100380,2025-01-02,Prayagraj,Pickup,41.8,5,588.0,29.0,5598.0,4.7,Fog,0,8.0,7.38,787.0,0,0,0,0,1,0,1,3,0,0.735,18.83,-0.62,0,8.630343289348893
SM101866,2025-02-10,Prayagraj,Mini Truck,48.4,3,886.0,46.0,9732.0,6.0,Clear,0,7.0,6.54,1191.0,0,0,0,0,0,0,2,0,0,0.443,24.61,-0.46,0,9.183277452426493
SM105517,2025-09-04,Lucknow,Pickup,30.7,6,471.0,22.0,7564.0,7.9,Rain,0,7.0,7.13,754.0,0,0,0,0,0,0,9,3,0,0.589,24.56,0.13,1,8.931287626222456
SM103346,2025-08-08,Gorakhpur,Pickup,26.6,3,607.0,36.0,20866.0,1.9,Clear,0,6.0,4.47,605.0,0,0,0,0,0,0,8,4,0,0.759,22.74,-1.53,0,9.945924242733385
SM102681,2025-02-06,Prayagraj,Mini Truck,29.6,2,882.0,40.0,6000.0,6.2,Clear,0,6.0,5.52,898.0,0,0,0,1,0,0,2,3,0,0.441,30.34,-0.48,0,8.699681400989514
SM105176,2025-03-15,Varanasi,Truck,25.6,6,1356.0,65.0,15743.0,7.2,Clear,0,7.0,6.42,1272.0,0,0,0,0,0,0,3,5,1,0.271,49.69,-0.58,0,9.664214619292034
SM100930,2025-07-16,Varanasi,Pickup,37.9,6,583.0,42.0,6234.0,3.1,Clear,0,8.0,4.81,872.0,0,0,0,0,0,0,7,2,0,0.729,23.01,-3.19,0,8.737933858114136
SM102626,2025-12-24,Kanpur,Pickup,21.9,5,165.0,9.0,710.0,7.2,Fog,0,6.0,6.55,524.0,0,0,0,0,0,0,12,2,0,0.206,23.93,0.55,1,6.566672429803241
SM102526,2025-06-20,Prayagraj,Pickup,41.4,6,152.0,9.0,4363.0,6.9,Clear,0,8.0,5.42,723.0,0,0,0,0,0,0,6,4,0,0.19,17.46,-2.58,0,8.381144346952961
SM104971,2025-05-20,Lucknow,Truck,44.9,5,3310.0,145.0,65203.0,4.3,Rain,0,9.0,9.28,2321.0,0,0,0,0,0,0,5,1,0,0.662,51.69,0.28,1,11.085276095726181
SM100419,2025-07-04,Kanpur,Pickup,27.5,5,379.0,18.0,2399.0,6.0,Clear,0,7.0,6.3,595.0,0,0,0,0,0,0,7,4,0,0.474,21.64,-0.7,0,7.783224016336037
SM101480,2025-02-25,Prayagraj,Mini Truck,91.2,6,1033.0,121.0,20646.0,5.3,Clear,0,11.0,8.85,1941.0,0,0,0,0,0,0,2,1,0,0.516,21.28,-2.15,0,9.93532530938488
SM101059,2025-04-24,Kanpur,Mini Truck,17.3,5,1187.0,74.0,8654.0,5.5,Clear,0,7.0,5.37,818.0,0,0,0,0,0,0,4,3,0,0.594,47.28,-1.63,0,9.06589246761031
SM101970,2025-10-30,Varanasi,Pickup,23.0,6,462.0,25.0,8805.0,5.2,Clear,0,7.0,6.21,557.0,0,1,0,0,0,0,10,3,0,0.578,24.22,-0.79,0,9.0831885863157
SM104176,2025-04-21,Lucknow,Pickup,43.9,8,188.0,12.0,4308.0,5.1,Fog,0,8.0,8.16,797.0,0,0,0,0,0,0,4,0,0,0.235,18.15,0.16,1,8.368461137615839
SM100073,2025-02-17,Kanpur,Mini Truck,51.8,8,979.0,45.0,16049.0,3.0,Clear,0,9.0,8.77,1409.0,0,0,0,0,0,0,2,0,0,0.49,27.2,-0.23,0,9.683464128558162
SM103173,2025-05-06,Prayagraj,Truck,34.6,7,3340.0,150.0,20066.0,8.2,Clear,0,9.0,8.79,2191.0,0,0,0,0,0,0,5,1,0,0.668,63.32,-0.21,0,9.906831953786519
SM102604,2025-10-04,Varanasi,Truck,31.1,4,2348.0,147.0,23699.0,4.3,Clear,0,8.0,7.66,1718.0,0,0,0,0,0,0,10,5,1,0.47,55.24,-0.34,0,10.073230327123223
SM102880,2025-01-15,Prayagraj,Mini Truck,28.7,13,1161.0,123.0,22329.0,3.3,Clear,0,10.0,7.38,1294.0,0,1,0,0,0,0,1,2,0,0.58,45.09,-2.62,0,10.013686344834204
SM101252,2025-01-28,Lucknow,Truck,13.4,6,3158.0,220.0,42225.0,3.9,Fog,0,8.0,8.89,1627.0,0,0,0,0,0,0,1,1,0,0.632,121.42,0.89,1,10.650791424048029
SM104394,2025-07-05,Kanpur,Mini Truck,16.4,5,1260.0,53.0,17818.0,4.2,Rain,0,7.0,6.5,818.0,0,0,0,0,0,0,7,5,1,0.63,49.88,-0.5,0,9.788020582727414
SM101894,2025-02-18,Varanasi,Mini Truck,38.7,8,1222.0,71.0,16597.0,4.9,Rain,0,9.0,7.53,1301.0,0,0,0,0,0,0,2,1,0,0.611,33.62,-1.47,0,9.717037485158393
SM102598,2025-12-20,Varanasi,Mini Truck,24.9,7,1288.0,78.0,17024.0,5.6,Rain,0,8.0,7.96,1099.0,0,0,1,0,0,0,12,5,1,0.644,44.14,-0.04,0,9.742438131017714
SM101864,2025-11-01,Varanasi,Pickup,36.2,5,374.0,37.0,7234.0,7.1,Clear,0,7.0,6.08,804.0,0,0,0,0,0,0,11,5,1,0.468,22.21,-0.92,0,8.886685639065584
SM101461,2025-04-25,Prayagraj,Mini Truck,19.9,8,1291.0,154.0,62778.0,7.1,Rain,0,8.0,7.63,1080.0,0,0,0,0,0,0,4,4,0,0.646,54.27,-0.37,0,11.047375901629389
SM104603,2025-10-04,Varanasi,Pickup,55.9,5,543.0,49.0,7091.0,3.2,Clear,0,8.0,5.62,1107.0,0,0,0,0,0,0,10,5,1,0.679,19.8,-2.38,0,8.866722667194098
SM101181,2025-12-05,Lucknow,Pickup,19.9,7,235.0,23.0,2241.0,7.5,Fog,0,7.0,7.88,542.0,0,0,0,0,0,0,12,4,0,0.294,27.24,0.88,1,7.715123603632105
SM105532,2025-07-04,Lucknow,Mini Truck,34.4,5,841.0,45.0,11153.0,6.4,Clear,0,7.0,6.43,1034.0,0,0,0,0,0,0,7,4,0,0.42,30.06,-0.57,0,9.3195534569495
SM100488,2025-10-07,Lucknow,Truck,7.8,7,1525.0,129.0,48008.0,3.1,Clear,0,7.0,6.64,949.0,0,0,0,0,0,0,10,1,0,0.305,121.67,-0.36,0,10.7791437723141
SM101124,2025-11-03,Gorakhpur,Mini Truck,93.0,6,691.0,56.0,18078.0,6.2,Clear,0,11.0,8.99,1960.0,0,0,0,0,0,0,11,0,0,0.346,21.08,-2.01,0,9.802506322682014
SM101257,2025-07-22,Prayagraj,Mini Truck,35.0,9,962.0,43.0,8119.0,8.0,Clear,0,9.0,7.95,1240.0,0,0,0,0,0,0,7,1,0,0.481,35.43,-1.05,0,9.002085433155724
SM101541,2025-03-30,Lucknow,Truck,41.3,9,3227.0,136.0,22911.0,5.0,Clear,0,10.0,9.3,2497.0,0,0,0,0,0,0,3,6,1,0.645,60.46,-0.7,0,10.039416069760373
SM100388,2025-11-22,Prayagraj,Mini Truck,8.9,6,1560.0,111.0,8061.0,3.5,Clear,0,7.0,4.87,840.0,0,0,0,0,0,0,11,5,1,0.78,94.38,-2.13,0,8.994916943677111
SM103065,2025-07-20,Kanpur,Pickup,26.7,3,482.0,45.0,82353.5,4.9,Clear,0,6.0,4.64,644.0,0,0,0,0,0,0,7,6,1,0.602,24.12,-1.36,0,11.318788378921557
SM103919,2025-08-13,Varanasi,Pickup,27.1,7,260.0,11.0,876.0,4.4,Clear,0,7.0,6.15,655.0,0,0,0,0,0,0,8,2,0,0.325,24.17,-0.85,0,6.776506992372183
SM104833,2025-03-28,Varanasi,Pickup,17.9,5,348.0,15.0,14022.0,5.6,Clear,0,6.0,5.51,450.0,0,0,0,0,0,0,3,4,0,0.435,25.14,-0.49,0,9.548454117726651
SM102211,2025-10-10,Lucknow,Mini Truck,25.5,4,823.0,82.0,11051.0,3.2,Clear,0,7.0,4.63,796.0,0,0,0,0,0,0,10,4,0,0.412,31.22,-2.37,0,9.310366686043308
SM101290,2025-03-27,Lucknow,Mini Truck,33.4,11,1839.0,123.0,24796.0,3.4,Clear,0,10.0,7.74,1577.0,0,0,0,0,0,0,3,3,0,0.92,47.22,-2.26,0,10.118477957093951
SM102510,2025-03-14,Lucknow,Truck,29.2,7,3711.0,328.0,51992.0,6.7,Clear,1,9.0,9.94,2184.0,0,0,0,0,0,0,3,4,0,0.742,74.79,0.94,1,10.858864373117484
SM102995,2025-08-19,Prayagraj,Mini Truck,15.8,3,727.0,42.0,3511.0,3.6,Clear,0,6.0,4.19,496.0,0,0,0,0,0,0,8,1,0,0.364,31.39,-1.81,0,8.163940954755008
SM105830,2025-05-01,Lucknow,Mini Truck,32.7,7,1184.0,93.0,25670.0,6.4,Clear,0,8.0,7.24,1193.0,0,0,0,0,0,0,5,3,0,0.592,36.48,-0.76,0,10.153117229086165
SM100455,2025-07-22,Kanpur,Truck,27.0,2,3918.0,272.0,33871.0,4.5,Clear,0,8.0,5.96,2075.0,0,0,0,0,0,0,7,1,0,0.784,76.85,-2.04,0,10.430343993374647
SM100815,2025-11-02,Prayagraj,Mini Truck,41.9,7,883.0,45.0,11504.0,8.4,Clear,0,8.0,7.77,1112.0,0,0,0,0,0,0,11,6,1,0.442,26.54,-0.23,0,9.350537002469466
SM101086,2025-10-20,Varanasi,Truck,37.65,5,3104.0,150.0,22842.0,5.9,Clear,1,9.0,8.78,2104.0,1,0,0,0,0,0,10,0,0,0.621,55.88,-0.22,0,10.036400003655869
SM102920,2025-04-29,Prayagraj,Pickup,37.9,5,367.0,26.0,5039.0,7.3,Clear,0,7.0,7.74,805.0,0,0,0,1,0,0,4,1,0,0.459,21.24,0.74,1,8.525161361065415
SM102638,2025-02-25,Lucknow,Mini Truck,14.1,4,1546.0,101.0,19848.0,3.1,Clear,0,6.0,4.17,855.0,0,0,0,0,0,0,2,1,0,0.773,60.64,-1.83,0,9.895908907012577
SM103130,2025-05-11,Prayagraj,Pickup,20.0,6,565.0,33.0,9111.0,3.8,Fog,0,7.0,6.0,623.0,0,0,0,0,0,0,5,6,1,0.706,31.15,-1.0,0,9.117347505127018
SM105968,2025-03-12,Gorakhpur,Mini Truck,82.8,5,553.0,32.0,9555.0,2.3,Clear,0,10.0,8.22,1762.0,0,0,0,0,0,0,3,2,0,0.276,21.28,-1.78,0,9.1649245084457
SM105640,2025-10-02,Prayagraj,Mini Truck,54.4,2,525.0,22.0,11103.0,7.4,Clear,1,7.0,7.37,1010.0,0,0,0,0,0,0,10,3,0,0.262,18.57,0.37,1,9.315060682746585
SM101279,2025-11-12,Varanasi,Truck,42.3,6,1858.0,89.0,24157.0,6.5,Clear,0,9.0,7.77,1943.0,0,0,0,0,0,0,11,2,0,0.372,45.93,-1.23,0,10.092370867165224
SM104700,2025-11-21,Lucknow,Truck,15.6,3,3337.0,332.0,34286.0,5.5,Clear,0,7.0,5.62,1574.0,0,0,0,0,0,0,11,4,0,0.667,100.9,-1.38,0,10.442521552565708
SM101429,2025-10-15,Lucknow,Mini Truck,28.1,7,990.0,75.0,7062.0,7.0,Clear,0,8.0,6.35,1017.0,0,0,0,0,0,0,10,2,0,0.495,36.19,-1.65,0,8.862625169408922
SM102777,2025-11-26,Varanasi,Truck,77.2,3,2917.0,190.0,82353.5,3.5,Clear,0,10.0,9.04,3020.0,0,0,0,0,0,0,11,2,0,0.583,39.12,-0.96,0,11.318788378921557
SM102222,2025-01-10,Lucknow,Pickup,46.3,9,307.0,13.0,2301.0,6.5,Fog,0,9.0,10.23,919.0,0,0,0,0,0,0,1,4,0,0.384,19.85,1.23,1,7.741533589281828
SM100352,2025-04-20,Lucknow,Truck,13.9,4,3849.0,440.0,82353.5,4.2,Clear,0,7.0,6.81,1955.0,0,0,0,0,0,0,4,6,1,0.77,140.65,-0.19,0,11.318788378921557
SM103719,2025-04-06,Prayagraj,Mini Truck,10.4,8,1503.0,141.0,11587.0,7.9,Fog,0,7.0,7.93,1057.0,0,0,0,0,0,0,4,6,1,0.752,101.63,0.93,1,9.35772535888924
SM103873,2025-06-23,Prayagraj,Mini Truck,51.6,2,396.0,23.0,5865.0,5.8,Clear,0,7.0,5.63,982.0,0,0,0,0,0,0,6,0,0,0.198,19.03,-1.37,0,8.676928249537397
SM102082,2025-04-29,Prayagraj,Pickup,30.7,5,408.0,21.0,4251.0,3.5,Clear,0,7.0,4.76,737.0,0,0,0,0,0,0,4,1,0,0.51,24.01,-2.24,0,8.355144739461839
SM101405,2025-02-26,Varanasi,Mini Truck,23.5,6,1161.0,109.0,16038.0,8.0,Clear,0,7.0,5.74,959.0,0,0,0,0,0,0,2,2,0,0.58,40.81,-1.26,0,9.682778535337379
SM105275,2025-03-18,Prayagraj,Truck,5.0,7,1618.0,75.0,21346.0,5.8,Rain,0,7.0,7.41,962.0,0,0,0,0,0,0,3,1,0,0.324,192.4,0.41,1,9.9686664935611
SM101699,2025-12-17,Kanpur,Mini Truck,9.9,4,1057.0,81.0,10827.0,6.0,Clear,0,6.0,4.19,593.0,0,0,0,0,0,0,12,2,0,0.528,59.9,-1.81,0,9.289890650734192
SM101705,2025-11-10,Prayagraj,Mini Truck,26.8,7,1322.0,56.0,5998.0,5.5,Clear,0,8.0,6.09,1120.0,0,0,0,0,0,0,11,0,0,0.661,41.79,-1.91,0,8.699348067653093
SM102913,2025-03-24,Lucknow,Pickup,31.0,7,329.0,17.0,1646.0,7.4,Clear,0,8.0,7.1,710.0,0,0,0,0,0,0,3,0,0,0.411,22.9,-0.9,0,7.4067107301776405
SM104718,2025-05-27,Kanpur,Mini Truck,12.2,6,1285.0,92.0,14353.0,4.6,Clear,0,7.0,4.31,814.0,0,0,0,0,0,0,5,1,0,0.642,66.72,-2.69,0,9.571783927990017
SM101274,2025-10-06,Lucknow,Pickup,17.8,7,606.0,50.0,22944.0,5.2,Clear,0,7.0,5.52,712.0,0,0,0,0,0,0,10,0,0,0.758,40.0,-1.48,0,10.040855326828934
SM102207,2025-11-03,Gorakhpur,Pickup,50.6,2,194.0,11.0,1658.0,5.2,Clear,0,7.0,5.8,716.0,0,0,0,0,0,0,11,0,0,0.242,14.15,-1.2,0,7.413970290190444
SM100163,2025-05-29,Varanasi,Mini Truck,16.7,6,1382.0,91.0,10726.0,6.3,Clear,0,7.0,5.34,595.0,0,0,0,0,0,1,5,3,0,0.691,35.63,-1.66,0,9.280519206597429
SM102047,2025-07-13,Kanpur,Pickup,6.9,10,360.0,27.0,5988.0,4.5,Rain,0,7.0,7.04,533.0,0,0,0,0,0,0,7,6,1,0.45,77.25,0.04,1,8.697679732264463
SM104935,2025-08-05,Prayagraj,Mini Truck,44.6,2,872.0,94.0,25409.0,8.4,Rain,0,7.0,6.44,1130.0,0,0,0,0,0,0,8,1,0,0.436,25.34,-0.56,0,10.142898076314209
SM103280,2025-02-01,Kanpur,Pickup,53.5,6,219.0,13.0,1819.0,5.8,Clear,0,8.0,6.52,896.0,0,0,0,0,0,0,2,5,1,0.274,16.75,-1.48,0,7.506591780070841
SM103360,2025-12-26,Prayagraj,Mini Truck,27.3,9,1713.0,83.0,46745.0,7.7,Fog,1,9.0,9.91,1439.0,0,0,0,0,0,0,12,4,0,0.856,52.71,0.91,1,10.752483969558913
SM103688,2025-12-19,Varanasi,Pickup,66.0,4,495.0,31.0,6491.0,6.0,Fog,0,8.0,8.62,1084.0,0,0,0,0,0,0,12,4,0,0.619,16.42,0.62,1,8.778325928634482
SM105642,2025-09-04,Lucknow,Pickup,31.2,3,361.0,37.0,9242.0,7.4,Rain,0,6.0,5.51,576.0,0,0,0,0,0,0,9,3,0,0.451,18.46,-0.49,0,9.131621787264777
SM100408,2025-12-08,Prayagraj,Mini Truck,43.3,3,1752.0,77.0,11024.0,5.6,Clear,0,8.0,7.31,1369.0,0,0,0,0,0,0,12,0,0,0.876,31.62,-0.69,0,9.307920700315046
SM104238,2025-10-05,Prayagraj,Pickup,56.3,4,420.0,17.0,3014.0,6.0,Clear,0,8.0,6.7,892.0,0,0,0,0,0,0,10,6,1,0.525,15.84,-1.3,0,8.011355109161286
SM104118,2025-03-17,Lucknow,Pickup,23.0,4,688.0,29.0,82353.5,7.1,Clear,0,6.0,6.03,641.0,0,0,0,0,0,0,3,0,0,0.86,27.87,0.03,1,11.318788378921557
SM105201,2025-05-31,Gorakhpur,Truck,58.0,5,3928.0,175.0,13677.0,5.6,Clear,0,10.0,8.53,2981.0,0,0,0,0,0,0,5,5,1,0.786,51.4,-1.47,0,9.523543981658042
SM100641,2025-12-01,Lucknow,Pickup,8.6,7,634.0,31.0,5681.0,7.7,Clear,0,7.0,6.17,601.0,0,0,0,0,0,0,12,0,0,0.792,69.88,-0.83,0,8.645058562414134
SM104821,2025-09-06,Varanasi,Pickup,45.2,6,586.0,42.0,4901.0,4.7,Rain,0,8.0,8.89,924.0,0,0,0,1,0,0,9,5,1,0.732,20.44,0.89,1,8.497398564088058
SM101343,2025-07-29,Lucknow,Mini Truck,30.2,10,1009.0,69.0,8510.0,6.9,Rain,0,9.0,8.37,1233.0,0,0,0,0,0,0,7,1,0,0.504,40.83,-0.63,0,9.049114723476961
SM104480,2025-06-20,Prayagraj,Truck,38.8,5,2812.0,247.0,28624.0,4.4,Clear,0,9.0,7.94,2031.0,0,0,0,0,0,0,6,4,0,0.562,52.35,-1.06,0,10.262035740856541
SM100888,2025-01-06,Gorakhpur,Pickup,43.5,5,488.0,38.0,3580.0,6.6,Fog,0,8.0,8.06,873.0,0,0,0,0,0,0,1,0,0,0.61,20.07,0.06,1,8.183397369998433
SM101557,2025-10-10,Kanpur,Mini Truck,28.6,3,883.0,37.0,6311.0,6.1,Clear,0,6.0,5.17,922.0,0,0,0,0,0,0,10,4,0,0.442,32.24,-0.83,0,8.750207862525711
SM101085,2025-11-03,Gorakhpur,Pickup,48.9,9,205.0,8.0,1945.0,7.6,Clear,0,9.0,8.01,973.0,0,0,0,0,0,0,11,0,0,0.256,19.9,-0.99,0,7.57353126274595
SM103927,2025-02-26,Gorakhpur,Pickup,34.3,5,530.0,58.0,7325.0,5.4,Clear,0,7.0,6.59,763.0,0,0,0,0,0,0,2,2,0,0.662,22.24,-0.41,0,8.89918494333876
SM100531,2025-03-02,Lucknow,Pickup,32.3,4,448.0,36.0,11355.0,4.3,Rain,0,7.0,4.88,576.0,0,0,0,0,0,0,3,6,1,0.56,17.83,-2.12,0,9.337501517592862
SM103008,2025-08-18,Kanpur,Mini Truck,35.1,9,871.0,86.0,20916.0,7.5,Clear,1,9.0,7.95,1250.0,0,0,0,0,0,1,8,0,0,0.436,35.61,-1.05,0,9.94831750445392
SM102447,2025-08-24,Prayagraj,Mini Truck,17.7,7,1235.0,61.0,30570.0,5.5,Clear,0,7.0,5.31,1006.0,0,0,0,0,0,0,8,6,1,0.618,56.84,-1.69,0,10.327807126158824
SM102767,2025-12-29,Varanasi,Mini Truck,23.4,6,1039.0,78.0,9168.0,5.0,Clear,0,7.0,5.28,827.0,0,0,0,0,0,0,12,0,0,0.52,35.34,-1.72,0,9.1235835080499
SM101671,2025-07-26,Prayagraj,Pickup,20.2,7,263.0,22.0,2280.0,3.3,Rain,0,7.0,5.73,641.0,0,0,0,0,0,0,7,5,1,0.329,31.73,-1.27,0,7.732369222284388
SM102109,2025-04-14,Kanpur,Mini Truck,22.6,12,1787.0,84.0,11324.0,1.8,Clear,0,9.0,6.03,1325.0,0,0,0,0,0,0,4,0,0,0.894,58.63,-2.97,0,9.334767950351235
SM101148,2025-09-09,Prayagraj,Mini Truck,15.1,7,1649.0,194.0,22134.0,5.1,Rain,0,7.0,6.77,1044.0,0,0,0,0,0,0,9,1,0,0.824,69.14,-0.23,0,10.004915345166241
SM103166,2025-10-01,Varanasi,Truck,22.2,6,2199.0,94.0,17256.0,5.8,Clear,0,8.0,7.14,1570.0,0,0,0,0,0,0,10,2,0,0.44,70.72,-0.86,0,9.75597313724758
SM100266,2025-06-13,Lucknow,Truck,30.7,7,3289.0,154.0,29065.0,4.0,Clear,0,9.0,7.83,2141.0,0,0,0,0,0,0,6,4,0,0.658,69.74,-1.17,0,10.277324385186116
SM103763,2025-08-21,Varanasi,Pickup,13.4,3,354.0,17.0,2763.0,4.8,Clear,0,5.0,4.16,349.0,0,0,0,0,0,0,8,3,0,0.442,26.04,-0.84,0,7.92443418488756
SM105956,2025-03-21,Varanasi,Mini Truck,48.0,4,606.0,26.0,5275.0,4.9,Clear,0,8.0,7.34,1193.0,0,0,0,0,0,0,3,4,0,0.303,24.85,-0.66,0,8.570923513837204
SM103736,2025-05-19,Lucknow,Mini Truck,31.9,6,1567.0,98.0,25398.0,5.5,Rain,0,8.0,8.2,1252.0,0,0,0,0,0,0,5,0,0,0.784,39.25,0.2,1,10.142465082152865
SM100360,2025-11-05,Prayagraj,Pickup,4.1,4,328.0,15.0,966.0,7.9,Clear,1,5.0,5.77,305.0,0,0,0,0,0,0,11,2,0,0.41,74.39,0.77,1,6.874198495453294
SM101460,2025-10-16,Prayagraj,Mini Truck,72.2,6,864.0,59.0,3590.0,6.8,Rain,0,10.0,9.22,1658.0,0,0,0,0,0,0,10,3,0,0.432,22.96,-0.78,0,8.186185994226083
SM103421,2025-10-15,Varanasi,Pickup,37.3,6,580.0,23.0,9173.0,4.5,Clear,0,8.0,6.4,847.0,0,0,0,0,0,1,10,2,0,0.725,22.71,-1.6,0,9.124128675157117
SM100952,2025-08-13,Gorakhpur,Mini Truck,86.1,4,1610.0,91.0,12304.0,6.9,Rain,0,10.0,10.27,2074.0,0,0,0,0,0,0,8,2,0,0.805,24.09,0.27,1,9.417760962825156
SM102160,2025-10-23,Gorakhpur,Pickup,19.0,4,140.0,6.0,356.0,8.1,Clear,1,6.0,5.28,506.0,0,0,0,0,0,0,10,3,0,0.175,26.63,-0.72,0,5.877735781779639
SM103968,2025-08-04,Varanasi,Pickup,46.1,8,471.0,34.0,12965.0,6.3,Rain,0,9.0,7.69,954.0,0,0,0,0,0,0,8,0,0,0.589,20.69,-1.31,0,9.470085825734941
SM101574,2025-02-24,Kanpur,Pickup,31.5,6,208.0,15.0,3624.0,9.0,Rain,0,7.0,7.57,611.0,0,0,0,0,0,0,2,0,0,0.26,19.4,0.57,1,8.195609567288775
SM105939,2025-03-08,Gorakhpur,Pickup,10.8,6,487.0,41.0,7095.0,2.5,Clear,0,6.0,4.71,468.0,0,0,0,0,0,0,3,5,1,0.609,43.33,-1.29,0,8.867286523989415
SM103337,2025-01-19,Prayagraj,Mini Truck,37.8,2,1347.0,68.0,20645.0,5.3,Fog,0,7.0,6.27,1143.0,0,0,0,0,0,0,1,6,1,0.674,30.24,-0.73,0,9.935276875025535
SM101842,2025-10-26,Lucknow,Pickup,14.7,3,653.0,54.0,6245.0,6.8,Rain,0,6.0,6.3,571.0,0,0,0,0,0,0,10,6,1,0.816,38.84,0.3,1,8.739696537843024
SM102208,2025-03-27,Lucknow,Mini Truck,21.7,6,1160.0,61.0,3432.0,6.0,Clear,0,7.0,6.82,946.0,0,0,0,0,0,0,3,3,0,0.58,43.59,-0.18,0,8.141189793457691
SM102979,2025-06-23,Varanasi,Pickup,55.5,8,532.0,34.0,6012.0,5.3,Rain,0,9.0,8.27,1091.0,0,0,0,0,0,0,6,0,0,0.665,19.66,-0.73,0,8.70167907103957
SM103436,2025-04-18,Prayagraj,Pickup,39.5,4,510.0,28.0,3447.0,8.7,Clear,0,7.0,6.19,788.0,0,0,0,0,0,0,4,4,0,0.638,19.95,-0.81,0,8.145549631783584
SM105081,2025-07-05,Varanasi,Truck,77.2,6,1373.0,121.0,16253.0,5.6,Rain,0,10.0,11.07,2619.0,0,0,0,0,0,0,7,5,1,0.275,33.92,1.07,1,9.69609431131315
SM100754,2025-07-22,Prayagraj,Truck,19.8,3,3577.0,199.0,62766.0,4.1,Clear,0,7.0,5.81,1636.0,0,0,0,0,0,0,7,1,0,0.715,82.63,-1.19,0,11.047184736637488
SM101378,2025-07-03,Gorakhpur,Pickup,28.7,9,480.0,55.0,9583.0,3.6,Clear,0,8.0,6.39,810.0,0,0,0,0,0,0,7,3,0,0.6,28.22,-1.61,0,9.16785032035523
SM100980,2025-08-04,Lucknow,Pickup,11.5,7,296.0,34.0,12566.0,5.3,Rain,0,7.0,6.11,481.0,0,0,0,0,0,0,8,0,0,0.37,41.83,-0.89,0,9.438829609615144
SM102100,2025-11-30,Varanasi,Pickup,45.2,9,215.0,11.0,1786.0,4.8,Rain,0,9.0,7.13,864.0,0,0,0,0,0,0,11,6,1,0.269,19.12,-1.87,0,7.488293515159428
SM100286,2025-02-28,Varanasi,Pickup,37.9,5,442.0,22.0,7327.0,4.2,Clear,0,9.0,7.22,973.0,1,0,0,0,0,0,2,4,0,0.552,25.67,-1.78,0,8.899457906353966
SM103533,2025-12-28,Lucknow,Mini Truck,19.7,6,1638.0,184.0,73485.0,3.5,Clear,0,7.0,4.64,1136.0,0,0,0,0,0,0,12,6,1,0.819,57.66,-2.36,0,11.204850190867559
SM103088,2025-03-26,Prayagraj,Truck,32.8,3,2672.0,188.0,82353.5,7.6,Clear,0,8.0,7.75,1882.0,1,0,0,0,0,0,3,2,0,0.534,57.38,-0.25,0,11.318788378921557
SM101154,2025-04-22,Varanasi,Mini Truck,35.849999999999994,2,1583.0,65.0,13958.0,7.5,Clear,0,7.0,6.41,1341.0,1,0,0,0,0,0,4,1,0,0.792,37.41,-0.59,0,9.543879740512757
SM101511,2025-03-25,Prayagraj,Truck,30.7,4,2181.0,166.0,64045.0,7.5,Rain,0,8.0,8.05,1629.0,0,0,0,0,0,0,3,1,0,0.436,53.06,0.05,1,11.06735685416473
SM104231,2025-12-05,Lucknow,Mini Truck,21.6,7,1080.0,82.0,28486.0,4.7,Clear,0,7.0,7.01,996.0,0,0,0,0,0,0,12,4,0,0.54,46.11,0.01,1,10.257203121842208
SM103261,2025-06-24,Lucknow,Truck,60.1,11,3910.0,186.0,31090.0,4.2,Clear,0,12.0,10.97,2966.0,0,0,0,0,0,0,6,1,0,0.782,49.35,-1.03,0,10.344673667218705
SM105733,2025-05-30,Prayagraj,Truck,38.9,1,2379.0,116.0,45832.0,6.3,Clear,0,7.0,6.9,1658.0,0,0,0,0,0,0,5,4,0,0.476,42.62,-0.1,0,10.732759634666934
SM102191,2025-05-30,Varanasi,Pickup,21.5,5,445.0,20.0,2123.0,5.9,Clear,0,6.0,4.97,642.0,0,0,0,0,0,0,5,4,0,0.556,29.86,-1.03,0,7.66105638236183
SM100211,2025-09-19,Varanasi,Truck,64.8,4,3296.0,235.0,82353.5,8.6,Clear,0,10.0,9.58,2803.0,0,0,0,0,0,0,9,4,0,0.659,43.26,-0.42,0,11.318788378921557
SM105337,2025-07-29,Lucknow,Truck,30.5,7,3776.0,161.0,32611.0,5.7,Clear,0,9.0,7.94,2142.0,0,0,0,0,0,0,7,1,0,0.755,70.23,-1.06,0,10.392435597782802
SM103164,2025-02-16,Gorakhpur,Truck,28.5,7,3944.0,158.0,39977.0,5.0,Clear,0,9.0,8.35,2305.0,0,0,0,0,0,0,2,6,1,0.789,80.88,-0.65,0,10.596084581790592
SM100274,2025-06-02,Varanasi,Mini Truck,25.4,3,532.0,23.0,2731.0,1.1,Clear,0,6.0,3.54,728.0,0,0,0,0,0,0,6,0,0,0.266,28.66,-2.46,0,7.912789220690681
SM100088,2025-10-08,Varanasi,Mini Truck,30.6,3,1262.0,139.0,32300.0,5.6,Clear,0,7.0,5.36,1060.0,0,0,0,0,0,0,10,2,0,0.631,34.64,-1.64,0,10.382853468483827
SM102798,2025-09-16,Varanasi,Pickup,63.4,4,548.0,25.0,2655.0,2.0,Rain,0,8.0,6.65,977.0,0,0,0,0,0,0,9,1,0,0.685,15.41,-1.35,0,7.884576510596324
SM102324,2025-09-30,Lucknow,Mini Truck,25.0,6,1546.0,86.0,39232.0,7.2,Rain,0,8.0,7.8,1188.0,0,0,0,0,0,0,9,1,0,0.773,47.52,-0.2,0,10.577273508367446
SM100298,2025-04-14,Prayagraj,Pickup,98.3,4,469.0,22.0,6272.0,7.3,Fog,0,10.0,12.95,1384.0,0,0,0,0,0,0,4,0,0,0.586,14.08,2.95,1,8.744009988096744
SM104663,2025-05-18,Gorakhpur,Truck,16.4,7,3057.0,130.0,19310.0,2.3,Fog,0,8.0,9.12,1562.0,0,0,0,0,0,0,5,6,1,0.611,95.24,1.12,1,9.868430160720726
SM103674,2025-08-24,Varanasi,Pickup,52.1,11,402.0,33.0,6168.0,6.8,Rain,0,10.0,9.81,1088.0,0,0,0,0,0,0,8,6,1,0.502,20.88,-0.19,0,8.72729202920964
SM105562,2025-10-15,Kanpur,Pickup,28.049999999999997,7,411.0,43.0,23085.0,7.4,Clear,0,8.0,7.22,744.0,1,0,0,0,0,0,10,2,0,0.514,26.52,-0.78,0,10.046981652174857
SM103776,2025-07-14,Prayagraj,Pickup,12.5,15,323.0,25.0,5124.0,3.1,Rain,0,9.0,8.3,767.0,0,0,0,0,0,0,7,0,0,0.404,61.36,-0.7,0,8.54188580400661
SM105096,2025-08-13,Lucknow,Pickup,6.3,3,389.0,25.0,6126.0,4.8,Rain,0,5.0,4.83,352.0,0,0,0,1,0,0,8,2,0,0.486,55.87,-0.17,0,8.720460512725655
SM100315,2025-08-29,Lucknow,Mini Truck,37.1,6,1567.0,173.0,42064.0,5.0,Rain,0,8.0,7.75,1403.0,0,0,0,0,0,0,8,4,0,0.784,37.82,-0.25,0,10.646971319984914
SM105455,2025-02-19,Lucknow,Pickup,15.9,6,338.0,14.0,5598.0,6.0,Clear,0,6.0,4.62,461.0,0,0,0,0,1,0,2,2,0,0.422,28.99,-1.38,0,8.630343289348893
SM102151,2025-04-28,Lucknow,Mini Truck,13.2,6,817.0,38.0,11414.0,5.7,Clear,0,7.0,5.55,664.0,0,0,0,0,0,0,4,0,0,0.408,50.3,-1.45,0,9.342683558963897
SM103288,2025-03-05,Prayagraj,Mini Truck,53.9,10,1122.0,78.0,25066.0,6.1,Clear,0,10.0,7.75,1920.0,0,0,0,0,0,1,3,2,0,0.561,35.62,-2.25,0,10.129307519053746
SM103117,2025-08-23,Lucknow,Mini Truck,18.2,5,854.0,37.0,9049.0,2.5,Rain,0,7.0,5.43,714.0,0,0,0,0,0,0,8,5,1,0.427,39.23,-1.57,0,9.110520036693972
SM102020,2025-04-21,Gorakhpur,Pickup,71.8,4,458.0,42.0,15223.0,5.6,Clear,0,9.0,7.02,1045.0,0,0,1,0,0,0,4,0,0,0.572,14.55,-1.98,0,9.630628408975985
SM105294,2025-12-03,Varanasi,Truck,13.9,4,1916.0,205.0,33065.0,5.5,Clear,0,7.0,5.78,1153.0,0,0,0,0,1,0,12,2,0,0.383,82.95,-1.22,0,10.40626084311129
SM102974,2025-01-07,Gorakhpur,Mini Truck,47.2,6,446.0,20.0,3224.0,5.7,Fog,0,8.0,8.4,1054.0,0,0,0,0,0,0,1,1,0,0.223,22.33,0.4,1,8.078688229229872
SM101275,2025-09-18,Lucknow,Truck,9.6,7,4175.0,178.0,35643.0,5.0,Rain,0,8.0,7.87,2055.0,0,0,0,0,0,0,9,3,0,0.835,214.06,-0.13,0,10.481336108732611
SM102413,2025-08-08,Lucknow,Mini Truck,18.6,4,1206.0,112.0,7254.0,5.4,Rain,0,6.0,6.12,891.0,0,0,0,0,0,0,8,4,0,0.603,47.9,0.12,1,8.889446165318288
SM100528,2025-12-01,Kanpur,Truck,23.2,4,3748.0,158.0,82353.5,5.9,Clear,0,8.0,6.51,2001.0,0,0,0,0,0,0,12,0,0,0.75,86.25,-1.49,0,11.318788378921557
SM104404,2025-04-06,Varanasi,Truck,60.7,5,2743.0,155.0,21288.0,7.0,Rain,0,10.0,10.12,2614.0,0,0,0,0,0,0,4,6,1,0.549,43.06,0.12,1,9.96594578637574
SM101505,2025-03-30,Prayagraj,Mini Truck,36.8,5,1209.0,69.0,14500.0,2.3,Clear,0,8.0,5.92,1302.0,0,0,0,0,0,0,3,6,1,0.604,35.38,-2.08,0,9.581972891547895
SM103598,2025-04-14,Lucknow,Mini Truck,22.2,4,1535.0,82.0,18507.0,4.8,Clear,0,7.0,4.68,791.0,0,0,0,0,0,1,4,0,0,0.768,35.63,-2.32,0,9.825958350026891
SM103681,2025-01-12,Gorakhpur,Mini Truck,69.3,6,1132.0,50.0,13461.0,4.6,Clear,0,10.0,7.17,1796.0,0,0,0,0,0,0,1,6,1,0.566,25.92,-2.83,0,9.507626180570659
SM101318,2025-06-13,Kanpur,Mini Truck,7.8,4,1194.0,103.0,12717.0,5.1,Clear,0,6.0,3.29,659.0,0,0,0,0,0,0,6,4,0,0.597,84.49,-2.71,0,9.450773591827353
SM103380,2025-10-31,Varanasi,Pickup,31.9,7,746.0,36.0,2644.0,7.7,Clear,0,8.0,6.26,965.0,0,0,0,1,0,0,10,4,0,0.932,30.25,-1.74,0,7.8804263442924
SM103034,2025-02-06,Gorakhpur,Pickup,34.9,5,536.0,57.0,13910.0,6.5,Rain,0,7.0,6.09,623.0,0,0,0,0,0,0,2,3,0,0.67,17.85,-0.91,0,9.54043517305957
SM102380,2025-03-07,Lucknow,Truck,25.3,8,3494.0,154.0,18121.0,5.6,Clear,0,9.0,7.64,2121.0,0,0,0,0,0,0,3,4,0,0.699,83.83,-1.36,0,9.804881948782006
SM104811,2025-04-01,Varanasi,Pickup,62.1,6,354.0,24.0,3013.0,4.8,Clear,0,9.0,8.07,1000.0,0,0,0,0,0,0,4,1,0,0.442,16.1,-0.93,0,8.01102337918644
SM104311,2025-11-09,Prayagraj,Pickup,36.1,7,447.0,27.0,10575.0,4.5,Clear,0,8.0,5.44,770.0,0,0,0,0,0,0,11,6,1,0.559,21.33,-2.56,0,9.266342562091468
SM102616,2025-12-29,Prayagraj,Truck,24.4,5,2756.0,246.0,68698.0,5.6,Fog,0,8.0,9.01,1629.0,0,0,0,0,0,0,12,0,0,0.551,66.76,1.01,1,11.137489922063743
SM101166,2025-01-09,Lucknow,Mini Truck,29.1,7,892.0,37.0,8665.0,6.3,Fog,0,8.0,7.78,1003.0,0,0,0,0,0,0,1,3,0,0.446,34.47,-0.22,0,9.067162602299854
SM104725,2025-06-24,Prayagraj,Truck,32.8,5,1965.0,128.0,22356.0,4.5,Clear,0,7.0,6.67,1442.0,1,0,0,0,0,0,6,1,0,0.393,43.96,-0.33,0,10.014894750110258
SM103471,2025-09-30,Varanasi,Pickup,21.8,7,249.0,12.0,1051.0,5.6,Rain,0,7.0,6.96,637.0,0,0,1,0,0,0,9,1,0,0.311,29.22,-0.04,0,6.9584483932976555
SM105149,2025-07-18,Lucknow,Truck,38.9,5,1473.0,122.0,26937.0,6.4,Rain,0,8.0,7.86,1619.0,0,0,0,0,0,0,7,4,0,0.295,41.62,-0.14,0,10.20129320815876
SM105464,2025-03-14,Varanasi,Truck,82.5,6,1466.0,123.0,16614.0,6.8,Clear,1,10.0,10.59,2714.0,0,0,0,0,0,0,3,4,0,0.293,32.9,0.59,1,9.718061180788695
SM105815,2025-01-22,Prayagraj,Pickup,37.4,5,313.0,38.0,4826.0,5.3,Fog,0,7.0,7.31,838.0,0,0,0,0,0,0,1,2,0,0.391,22.41,0.31,1,8.481980435660493
SM105310,2025-11-29,Gorakhpur,Pickup,97.3,6,314.0,39.0,11060.0,7.2,Clear,0,11.0,10.24,1413.0,0,0,0,0,0,0,11,5,1,0.392,14.52,-0.76,0,9.311180686902254
SM102871,2025-12-23,Prayagraj,Pickup,14.8,5,233.0,22.0,1388.0,5.4,Rain,0,6.0,5.15,447.0,0,0,0,0,0,0,12,1,0,0.291,30.2,-0.85,0,7.236339342754344
SM101222,2025-12-17,Prayagraj,Mini Truck,39.4,8,1452.0,63.0,15112.0,6.7,Fog,0,9.0,7.96,1457.0,0,0,0,0,0,0,12,2,0,0.726,36.98,-1.04,0,9.62331057957012
SM105206,2025-09-15,Prayagraj,Mini Truck,61.0,3,1332.0,69.0,11943.0,5.6,Rain,0,8.0,8.17,1605.0,0,0,1,0,0,0,9,0,0,0.666,26.31,0.17,1,9.387984339219026
SM104255,2025-04-30,Lucknow,Truck,32.0,4,2282.0,142.0,34374.0,8.0,Clear,0,8.0,6.52,1712.0,0,0,0,0,0,0,4,2,0,0.456,53.5,-1.48,0,10.445084834968872
SM101982,2025-01-20,Prayagraj,Mini Truck,30.9,7,1455.0,61.0,5466.0,3.1,Fog,0,8.0,8.26,1321.0,0,0,0,0,0,0,1,0,0,0.728,42.75,0.26,1,8.606485298894999
SM105210,2025-02-07,Prayagraj,Truck,46.3,2,4078.0,212.0,28550.0,6.4,Clear,1,9.0,8.8,2615.0,0,0,0,0,0,0,2,4,0,0.816,56.48,-0.2,0,10.259447240740453
SM104020,2025-02-18,Gorakhpur,Mini Truck,57.5,5,604.0,46.0,10484.0,7.0,Clear,0,8.0,6.51,1308.0,0,0,0,0,0,0,2,1,0,0.302,22.75,-1.49,0,9.25770094333602
SM100371,2025-08-30,Lucknow,Mini Truck,35.3,4,1149.0,46.0,3679.0,4.6,Rain,0,7.0,6.4,1101.0,0,0,0,0,0,0,8,5,1,0.574,31.19,-0.6,0,8.210668031162976
SM103482,2025-10-18,Kanpur,Pickup,63.0,10,322.0,28.0,4032.0,5.6,Clear,0,10.0,8.69,1081.0,0,0,1,0,0,0,10,5,1,0.402,17.16,-1.31,0,8.302265794873367
SM102131,2025-12-23,Lucknow,Mini Truck,20.6,6,1161.0,30.0,3339.0,7.2,Fog,0,7.0,8.45,823.0,0,1,0,0,0,0,12,1,0,0.58,39.95,1.45,1,8.113726085970747
SM103418,2025-02-05,Kanpur,Truck,20.1,6,2939.0,210.0,26797.0,6.5,Clear,0,8.0,7.7,1762.0,0,0,0,0,0,0,2,2,0,0.588,87.66,-0.3,0,10.196082536848554
SM103424,2025-08-11,Lucknow,Truck,33.1,7,1502.0,144.0,17412.0,5.0,Rain,0,8.0,8.95,1524.0,0,0,0,0,0,0,8,0,0,0.3,46.04,0.95,1,9.764972332679383
SM101538,2025-09-15,Lucknow,Mini Truck,45.3,7,797.0,78.0,26839.0,5.1,Rain,0,9.0,8.47,1163.0,0,0,0,1,0,0,9,0,0,0.398,25.67,-0.53,0,10.197648591085619
SM105925,2025-02-06,Prayagraj,Pickup,59.8,6,673.0,28.0,3245.0,6.8,Clear,0,9.0,8.01,1193.0,0,0,0,0,0,0,2,3,0,0.841,19.95,-0.99,0,8.085178748074537
SM102744,2025-03-14,Varanasi,Mini Truck,45.5,3,1384.0,82.0,82353.5,8.8,Clear,1,8.0,6.9,1294.0,0,0,0,0,0,0,3,4,0,0.692,28.44,-1.1,0,11.318788378921557
SM101553,2025-08-14,Varanasi,Pickup,33.0,5,644.0,63.0,17747.0,6.6,Rain,0,7.0,7.82,660.0,0,0,0,0,0,0,8,3,0,0.805,20.0,0.82,1,9.7840281124988
SM104335,2025-06-05,Gorakhpur,Truck,43.4,2,3663.0,316.0,51232.0,8.4,Clear,0,8.0,8.48,2466.0,0,0,0,0,0,0,6,3,0,0.733,56.82,0.48,1,10.84413913465654
SM102817,2025-11-13,Lucknow,Pickup,33.3,5,345.0,17.0,3151.0,4.6,Clear,0,7.0,5.71,709.0,0,0,0,0,0,0,11,3,0,0.431,21.29,-1.29,0,8.05579245097777
SM105156,2025-12-06,Kanpur,Pickup,39.7,4,727.0,32.0,6499.0,1.5,Fog,0,7.0,6.5,868.0,0,0,0,0,0,0,12,5,1,0.909,21.86,-0.5,0,8.779557455883728
SM100618,2025-01-23,Prayagraj,Truck,20.9,5,2621.0,180.0,36143.0,5.0,Rain,0,8.0,8.35,1611.0,0,0,0,0,0,0,1,3,0,0.524,77.08,0.35,1,10.495266238707785
SM102381,2025-06-13,Varanasi,Pickup,37.9,9,462.0,11.0,1817.0,7.3,Clear,0,8.0,5.68,703.0,1,1,0,0,0,0,6,4,0,0.578,18.55,-2.32,0,7.505492274737424
SM104391,2025-10-25,Lucknow,Mini Truck,24.3,8,716.0,47.0,14453.0,2.3,Clear,0,8.0,5.64,964.0,0,0,0,0,0,0,10,5,1,0.358,39.67,-2.36,0,9.578726471842927
SM104526,2025-01-07,Kanpur,Pickup,32.9,6,511.0,41.0,4107.0,6.4,Clear,0,7.0,6.42,779.0,0,0,0,0,0,0,1,1,0,0.639,23.68,-0.58,0,8.32069157104845
SM104375,2025-08-02,Lucknow,Pickup,49.4,8,474.0,29.0,6275.0,7.4,Rain,0,9.0,9.35,961.0,0,0,0,0,0,0,8,5,1,0.592,19.45,0.35,1,8.744488113852924
SM103524,2025-04-17,Prayagraj,Pickup,18.4,5,423.0,29.0,4790.0,9.2,Clear,0,6.0,4.65,543.0,0,0,0,0,0,0,4,3,0,0.529,29.51,-1.35,0,8.474494436883122
SM102629,2025-01-15,Prayagraj,Truck,49.6,8,4033.0,500.0,69405.0,3.1,Fog,0,11.0,11.57,2863.0,0,0,0,0,0,0,1,2,0,0.807,57.72,0.57,1,11.14772859808926
SM104123,2025-04-08,Kanpur,Mini Truck,43.6,7,887.0,102.0,11989.0,7.8,Clear,0,8.0,6.3,1165.0,0,0,0,0,0,0,4,1,0,0.444,26.72,-1.7,0,9.39182824802156
SM105466,2025-01-13,Prayagraj,Pickup,52.1,11,442.0,36.0,4553.0,2.8,Fog,0,10.0,10.8,1076.0,0,0,0,0,0,0,1,0,0,0.552,20.65,0.8,1,8.423761246623686
SM102766,2025-05-15,Prayagraj,Pickup,55.3,3,264.0,12.0,2102.0,2.5,Clear,0,7.0,5.05,781.0,0,0,0,0,0,0,5,3,0,0.33,14.12,-1.95,0,7.6511201757027
SM103895,2025-12-06,Lucknow,Pickup,10.6,9,372.0,21.0,919.0,4.9,Rain,0,7.0,6.75,630.0,0,0,0,0,0,0,12,5,1,0.465,59.43,-0.25,0,6.824373670043086
SM101656,2025-11-06,Gorakhpur,Mini Truck,42.1,4,830.0,36.0,3548.0,6.1,Clear,0,7.0,6.71,1161.0,0,0,0,0,0,0,11,3,0,0.415,27.58,-0.29,0,8.174421152646497
SM104818,2025-07-14,Gorakhpur,Mini Truck,39.3,7,800.0,67.0,7597.0,6.0,Rain,0,8.0,8.41,1240.0,0,0,0,0,0,0,7,0,0,0.4,31.55,0.41,1,8.935640333747571
SM100969,2025-01-14,Lucknow,Pickup,16.3,3,372.0,24.0,2868.0,5.2,Fog,1,6.0,6.83,427.0,0,0,0,0,0,0,1,1,0,0.465,26.2,0.83,1,7.9617188159813645
SM101843,2025-11-05,Prayagraj,Mini Truck,42.7,7,489.0,46.0,29275.0,7.6,Clear,1,8.0,7.58,1088.0,0,0,0,0,0,0,11,2,0,0.244,25.48,-0.42,0,10.284523346721118
SM103024,2025-05-17,Kanpur,Pickup,14.8,5,700.0,29.0,5785.0,5.2,Clear,0,6.0,5.28,500.0,0,0,0,0,0,0,5,5,1,0.875,33.78,-0.72,0,8.66319648553608
SM103151,2025-03-24,Kanpur,Pickup,17.0,5,643.0,76.0,6428.0,7.8,Clear,0,6.0,5.69,598.0,0,0,0,0,0,0,3,0,0,0.804,35.18,-0.31,0,8.768574284141687
SM103386,2025-10-10,Lucknow,Truck,25.8,9,2967.0,159.0,64945.0,5.1,Clear,0,9.0,9.25,1924.0,0,0,0,0,0,0,10,4,0,0.593,74.57,0.25,1,11.081311434367002
SM105445,2025-05-10,Lucknow,Pickup,35.9,2,315.0,15.0,2739.0,3.1,Clear,0,6.0,4.2,691.0,0,0,0,0,0,0,5,5,1,0.394,19.25,-1.8,0,7.9157131993821155
SM101211,2025-10-13,Prayagraj,Truck,13.2,6,3653.0,262.0,29588.0,6.0,Rain,0,8.0,7.54,1789.0,0,0,0,0,0,0,10,0,0,0.731,135.53,-0.46,0,10.295157949622103
SM105254,2025-05-07,Varanasi,Truck,75.2,7,2807.0,180.0,54777.0,5.9,Clear,0,11.0,10.85,3092.0,0,0,0,0,0,0,5,2,0,0.561,41.12,-0.15,0,10.911043932475511
SM101428,2025-04-08,Lucknow,Pickup,21.2,4,759.0,61.0,17737.0,9.2,Clear,0,6.0,6.84,656.0,0,0,0,0,0,0,4,1,0,0.949,30.94,0.84,1,9.783464509936397
SM105646,2025-11-17,Varanasi,Mini Truck,16.8,4,1268.0,69.0,20416.0,4.9,Rain,0,6.0,6.25,820.0,0,0,0,0,0,0,11,0,0,0.634,48.81,0.25,1,9.9241231661362
SM100426,2025-11-12,Lucknow,Truck,13.3,3,4227.0,283.0,82353.5,4.3,Clear,0,7.0,5.27,1918.0,0,0,0,0,0,0,11,2,0,0.845,144.21,-1.73,0,11.318788378921557
SM104094,2025-12-17,Varanasi,Truck,38.5,5,2840.0,249.0,82353.5,7.0,Fog,0,8.0,9.68,2109.0,0,1,0,0,0,0,12,2,0,0.568,54.78,1.68,1,11.318788378921557
SM104271,2025-07-14,Gorakhpur,Truck,43.3,7,2162.0,87.0,25731.0,3.4,Fog,0,9.0,8.63,2046.0,0,0,0,0,0,0,7,0,0,0.432,47.25,-0.37,0,10.15549063253089
SM101923,2025-06-08,Kanpur,Truck,26.2,8,2259.0,115.0,21162.0,5.6,Clear,0,9.0,6.64,1677.0,0,0,1,0,0,0,6,6,1,0.452,64.01,-2.36,0,9.960009652860453
SM104689,2025-09-22,Prayagraj,Mini Truck,19.4,8,1262.0,58.0,9901.0,4.7,Rain,0,8.0,6.09,1177.0,0,0,0,0,0,0,9,0,0,0.631,60.67,-1.91,0,9.200492035921368
SM103395,2025-10-18,Kanpur,Truck,40.8,10,1702.0,141.0,20330.0,5.4,Rain,0,10.0,10.24,1902.0,0,0,0,0,0,0,10,5,1,0.34,46.62,0.24,1,9.919902093804223
SM105773,2025-01-09,Kanpur,Mini Truck,9.1,2,721.0,31.0,8919.0,6.6,Fog,0,5.0,5.22,369.0,0,0,0,0,0,0,1,3,0,0.36,40.55,0.22,1,9.096051225574055
SM100404,2025-07-02,Kanpur,Truck,29.1,5,749.0,65.0,18666.0,6.7,Rain,0,7.0,6.57,1095.0,0,0,0,0,0,0,7,2,0,0.15,37.63,-0.43,0,9.834512538032596
SM100491,2025-11-13,Lucknow,Mini Truck,29.0,7,1759.0,116.0,34961.0,5.6,Clear,0,8.0,6.43,1033.0,0,0,1,0,0,1,11,3,0,0.88,35.62,-1.57,0,10.46201703637113
SM105594,2025-11-07,Lucknow,Pickup,37.5,3,606.0,25.0,3944.0,6.7,Clear,1,7.0,6.38,746.0,0,0,0,0,0,0,11,4,0,0.758,19.89,-0.62,0,8.280204233279974
SM103494,2025-12-05,Kanpur,Pickup,21.7,7,475.0,38.0,19597.0,6.2,Fog,0,7.0,8.36,550.0,0,0,0,0,0,0,12,4,0,0.594,25.35,1.36,1,9.883182799195763
SM100824,2025-08-16,Kanpur,Truck,15.9,7,4665.0,396.0,82353.5,7.5,Rain,1,9.0,10.45,2229.0,0,0,0,0,0,0,8,5,1,0.933,140.19,1.45,1,11.318788378921557
SM102542,2025-12-16,Varanasi,Mini Truck,20.5,6,1129.0,61.0,11837.0,5.8,Fog,0,7.0,6.42,906.0,0,0,0,0,0,0,12,1,0,0.564,44.2,-0.58,0,9.37906997525067
SM103673,2025-01-01,Prayagraj,Pickup,58.8,6,486.0,52.0,5135.0,3.1,Fog,0,9.0,8.18,1046.0,0,0,0,0,0,0,1,2,0,0.608,17.79,-0.82,0,8.544029845369797
SM105678,2025-08-12,Kanpur,Pickup,38.7,7,512.0,22.0,3520.0,6.9,Rain,0,8.0,8.49,872.0,0,0,0,0,0,0,8,1,0,0.64,22.53,0.49,1,8.166500319155052
SM103515,2025-12-21,Prayagraj,Truck,21.9,4,2082.0,90.0,8123.0,5.2,Fog,0,7.0,8.02,1331.0,0,0,0,0,0,0,12,6,1,0.416,60.78,1.02,1,9.002577922700276
SM105340,2025-04-21,Lucknow,Mini Truck,18.2,7,1497.0,79.0,9357.0,5.3,Clear,1,7.0,6.14,1093.0,0,0,0,0,0,0,4,0,0,0.748,60.05,-0.86,0,9.143986871426161
SM105938,2025-12-29,Prayagraj,Pickup,45.4,5,538.0,58.0,12962.0,5.1,Clear,0,8.0,8.18,857.0,0,0,0,1,0,0,12,0,0,0.672,18.88,0.18,1,9.469854424600042
SM101788,2025-06-22,Lucknow,Truck,11.2,7,3654.0,171.0,12879.0,4.4,Clear,0,8.0,6.99,1832.0,0,0,0,0,0,0,6,6,1,0.731,163.57,-1.01,0,9.463430999658344
SM102187,2025-04-05,Varanasi,Truck,39.1,4,2885.0,116.0,43955.0,4.6,Clear,0,8.0,6.69,2122.0,0,0,0,0,0,0,4,5,1,0.577,54.27,-1.31,0,10.690944412566814
SM102145,2025-06-12,Kanpur,Pickup,30.9,8,397.0,16.0,6756.0,2.9,Clear,0,8.0,5.39,649.0,0,0,0,0,0,0,6,3,0,0.496,21.0,-2.61,0,8.818334283552174
SM104505,2025-05-19,Kanpur,Mini Truck,23.1,4,1162.0,53.0,8384.0,8.2,Clear,0,7.0,4.85,977.0,0,0,0,0,0,0,5,0,0,0.581,42.29,-2.15,0,9.034199674257309
SM103246,2025-10-08,Gorakhpur,Mini Truck,42.6,7,1084.0,101.0,22000.0,4.5,Clear,0,9.0,6.84,1360.0,0,0,0,0,0,0,10,2,0,0.542,31.92,-2.16,0,9.99884318585288
SM101841,2025-02-05,Prayagraj,Truck,32.8,6,2725.0,211.0,71630.0,7.4,Rain,0,11.0,10.1,2881.0,1,0,0,0,0,0,2,2,0,0.545,87.84,-0.9,0,11.179283220142068
SM101209,2025-12-18,Lucknow,Pickup,14.4,10,517.0,27.0,8340.0,6.0,Clear,0,8.0,6.21,674.0,0,0,0,0,0,0,12,3,0,0.646,46.81,-1.79,0,9.028938392241612
SM100974,2025-02-23,Lucknow,Truck,14.7,4,2801.0,151.0,27733.0,4.7,Clear,0,7.0,5.28,1493.0,0,0,0,0,0,0,2,6,1,0.56,101.56,-1.72,0,10.23041437631381
SM100474,2025-08-20,Varanasi,Mini Truck,62.7,7,595.0,35.0,7138.0,6.2,Rain,0,9.0,9.0,1496.0,0,0,0,0,0,0,8,2,0,0.298,23.86,0.0,0,8.87332798950246
SM103311,2025-05-27,Kanpur,Mini Truck,39.7,4,907.0,42.0,13151.0,6.9,Clear,0,7.0,5.91,1109.0,0,0,0,0,0,0,5,1,0,0.454,27.93,-1.09,0,9.48432911729596
SM100215,2025-04-10,Kanpur,Mini Truck,27.0,8,1184.0,66.0,7772.0,4.7,Clear,0,8.0,6.28,1151.0,0,0,0,0,0,0,4,3,0,0.592,42.63,-1.72,0,8.958411469230219
SM100656,2025-10-07,Lucknow,Mini Truck,8.8,3,1674.0,83.0,11703.0,6.4,Clear,0,6.0,4.5,846.0,0,0,0,0,0,0,10,1,0,0.837,96.14,-1.5,0,9.36768594269996
SM104596,2025-11-25,Prayagraj,Pickup,37.5,4,446.0,41.0,8666.0,4.2,Clear,0,7.0,5.58,737.0,0,0,0,0,0,0,11,1,0,0.558,19.65,-1.42,0,9.067277989134345
SM103235,2025-07-28,Lucknow,Mini Truck,22.6,6,680.0,28.0,2552.0,5.1,Clear,0,7.0,5.21,811.0,0,0,0,0,0,0,7,0,0,0.34,35.88,-1.79,0,7.845024417241484
SM102519,2025-12-30,Varanasi,Pickup,133.9,3,553.0,37.0,9908.0,6.2,Clear,0,12.0,9.74,1731.0,0,0,0,0,0,0,12,1,0,0.691,12.93,-2.26,0,9.201198714058899
SM101583,2025-06-01,Gorakhpur,Pickup,68.9,5,353.0,24.0,1516.0,5.9,Clear,0,9.0,7.47,1060.0,0,0,0,0,0,0,6,6,1,0.441,15.38,-1.53,0,7.324489979348532
SM104634,2025-02-06,Lucknow,Truck,23.0,3,4178.0,460.0,78392.0,4.7,Clear,0,8.0,6.57,2188.0,0,0,0,0,0,0,2,3,0,0.836,95.13,-1.43,0,11.269489916638006
SM105372,2025-05-12,Lucknow,Pickup,15.8,3,612.0,56.0,9279.0,8.1,Clear,0,6.0,5.13,517.0,0,0,0,0,0,0,5,0,0,0.765,32.72,-0.87,0,9.135616825780247
SM101130,2025-05-29,Kanpur,Pickup,30.7,5,616.0,26.0,8142.0,6.1,Clear,0,7.0,5.5,765.0,0,0,0,0,0,0,5,3,0,0.77,24.92,-1.5,0,9.004913941467132
SM103038,2025-04-14,Lucknow,Pickup,19.2,6,609.0,30.0,13111.0,5.3,Clear,0,7.0,4.75,668.0,0,0,0,0,0,0,4,0,0,0.761,34.79,-2.25,0,9.481283120423665
SM102063,2025-09-20,Lucknow,Pickup,19.0,6,501.0,27.0,3427.0,5.2,Rain,0,7.0,6.08,616.0,0,0,0,0,0,0,9,5,1,0.626,32.42,-0.92,0,8.13973227971767
SM104592,2025-01-27,Kanpur,Truck,45.9,4,1424.0,90.0,6689.0,4.6,Clear,0,8.0,8.1,1750.0,0,0,0,0,0,0,1,0,0,0.285,38.13,0.1,1,8.808369153122275
SM104407,2025-03-09,Varanasi,Mini Truck,75.1,7,600.0,64.0,6821.0,8.1,Clear,0,10.0,8.86,1678.0,0,0,0,0,0,0,3,6,1,0.3,22.34,-1.14,0,8.82790796297859
SM100131,2025-07-22,Gorakhpur,Truck,27.9,6,3411.0,221.0,43322.0,6.2,Clear,0,9.0,8.54,2101.0,0,0,0,0,0,0,7,1,0,0.682,75.3,-0.46,0,10.676438950794674
SM104347,2025-02-25,Prayagraj,Truck,20.5,3,1621.0,66.0,8146.0,5.6,Clear,0,6.0,4.28,1264.0,0,0,1,0,0,0,2,1,0,0.324,61.66,-1.72,0,9.005405040310642
SM103566,2025-06-04,Varanasi,Pickup,120.7,6,603.0,56.0,9164.0,6.9,Clear,0,12.0,11.0,2741.0,0,0,0,0,0,1,6,2,0,0.754,22.71,-1.0,0,9.123147160273806
SM101341,2025-02-19,Lucknow,Pickup,25.9,9,688.0,73.0,9603.0,5.0,Clear,0,8.0,6.91,761.0,0,0,0,0,0,0,2,2,0,0.86,29.38,-1.09,0,9.169934957341145
SM102184,2025-08-20,Lucknow,Mini Truck,36.2,5,1188.0,114.0,12942.0,3.9,Clear,0,8.0,5.87,1153.0,0,0,0,0,0,0,8,2,0,0.594,31.85,-2.13,0,9.468310380442437
SM105243,2025-12-17,Prayagraj,Mini Truck,60.1,4,1161.0,74.0,13468.0,5.1,Fog,0,9.0,8.2,1881.0,0,1,0,0,0,0,12,2,0,0.58,31.3,-0.8,0,9.508146027598816
SM104743,2025-04-30,Gorakhpur,Mini Truck,37.1,7,1132.0,67.0,10350.0,8.1,Rain,0,8.0,7.59,1322.0,0,0,0,0,0,1,4,2,0,0.566,35.63,-0.41,0,9.24483841238375
SM100594,2025-04-28,Lucknow,Pickup,14.7,9,274.0,15.0,9715.0,10.0,Rain,1,7.0,8.37,334.0,0,0,0,0,0,1,4,0,0,0.342,22.72,1.37,1,9.181529290122063
SM105549,2025-10-03,Varanasi,Pickup,45.5,4,472.0,24.0,3957.0,5.7,Rain,0,7.0,6.29,810.0,0,0,0,0,0,0,10,4,0,0.59,17.8,-0.71,0,8.28349412616251
SM100810,2025-01-17,Varanasi,Mini Truck,27.3,7,1293.0,66.0,20268.0,5.4,Fog,1,8.0,9.34,1161.0,0,0,0,0,0,0,1,4,0,0.646,42.53,1.34,1,9.916847904237965
SM100247,2025-06-01,Kanpur,Mini Truck,27.5,4,1276.0,117.0,37566.0,6.1,Rain,0,7.0,6.65,1089.0,0,0,0,0,0,0,6,6,1,0.638,39.6,-0.35,0,10.533881284434855
SM104374,2025-04-21,Varanasi,Mini Truck,25.1,6,1540.0,96.0,9542.0,6.1,Clear,0,8.0,4.24,1080.0,0,0,0,0,0,0,4,0,0,0.77,43.03,-3.76,0,9.163563180417254
SM100029,2025-06-11,Prayagraj,Truck,38.0,3,859.0,94.0,26239.0,7.4,Fog,0,7.0,9.31,1373.0,0,0,0,0,0,0,6,2,0,0.172,36.13,2.31,1,10.175040243058024
SM101119,2025-06-30,Prayagraj,Pickup,24.3,5,575.0,62.0,15517.0,7.0,Rain,0,7.0,5.67,615.0,0,0,0,0,0,0,6,0,0,0.719,25.31,-1.33,0,9.649755919453895
SM103363,2025-10-27,Lucknow,Pickup,12.5,3,650.0,50.0,26443.0,7.6,Rain,0,6.0,5.87,461.0,0,0,0,0,0,0,10,0,0,0.812,36.88,-0.13,0,10.182784568453469
SM104842,2025-02-05,Lucknow,Pickup,34.9,5,695.0,31.0,6392.0,7.2,Clear,0,7.0,6.45,782.0,0,0,0,0,0,0,2,2,0,0.869,22.41,-0.55,0,8.762958920766726
SM102792,2025-09-21,Lucknow,Pickup,31.5,6,407.0,28.0,4911.0,6.5,Clear,0,7.0,5.82,695.0,0,0,0,0,0,0,9,6,1,0.509,22.06,-1.18,0,8.499436469826978
SM104243,2025-01-12,Kanpur,Mini Truck,12.1,6,843.0,88.0,36071.0,3.0,Fog,0,7.0,5.98,749.0,0,0,0,1,0,0,1,6,1,0.422,61.9,-1.02,0,10.49327222010092
SM104755,2025-08-08,Gorakhpur,Truck,54.1,4,4096.0,184.0,82353.5,4.7,Clear,0,10.0,9.45,2900.0,0,0,0,0,0,0,8,4,0,0.819,53.6,-0.55,0,11.318788378921557
SM105240,2025-05-09,Lucknow,Truck,43.0,6,1391.0,95.0,22892.0,6.9,Clear,0,8.0,8.24,1780.0,0,0,0,1,0,0,5,4,0,0.278,41.4,0.24,1,10.038586465957742
SM101974,2025-07-24,Varanasi,Pickup,32.6,8,272.0,12.0,1766.0,4.7,Clear,0,8.0,6.68,779.0,0,0,0,0,0,0,7,3,0,0.34,23.9,-1.32,0,7.4770384723196965
SM104666,2025-04-23,Kanpur,Mini Truck,27.05,5,960.0,50.0,9396.0,3.2,Clear,0,7.0,4.7,882.0,1,0,0,0,0,0,4,2,0,0.48,32.61,-2.3,0,9.148145768383065
SM100633,2025-05-19,Prayagraj,Mini Truck,19.8,4,1452.0,73.0,21051.0,6.3,Clear,0,7.0,6.03,995.0,0,0,0,0,0,0,5,0,0,0.726,50.25,-0.97,0,9.954750846473669
SM100046,2025-06-12,Prayagraj,Mini Truck,34.2,6,1588.0,152.0,33502.0,7.3,Clear,0,8.0,6.9,1326.0,0,0,0,0,0,0,6,3,0,0.794,38.77,-1.1,0,10.419390266042402
SM105478,2025-02-04,Prayagraj,Mini Truck,21.0,7,581.0,30.0,11343.0,4.6,Clear,0,7.0,5.8,826.0,0,0,0,0,0,0,2,1,0,0.29,39.33,-1.2,0,9.336444248771908
SM104745,2025-04-22,Varanasi,Pickup,25.1,11,209.0,8.0,2723.0,7.5,Clear,0,8.0,7.02,695.0,0,0,0,0,0,0,4,1,0,0.261,27.69,-0.98,0,7.909856667269403
SM105267,2025-08-19,Lucknow,Truck,25.4,6,2316.0,99.0,20121.0,5.6,Rain,0,8.0,6.68,1571.0,0,0,1,0,0,0,8,1,0,0.463,61.85,-1.32,0,9.909569022851995
SM100868,2025-06-12,Varanasi,Pickup,62.6,2,696.0,39.0,6402.0,5.8,Clear,0,8.0,5.73,931.0,0,0,0,0,0,0,6,3,0,0.87,14.87,-2.27,0,8.764521909518802
SM104986,2025-12-19,Gorakhpur,Truck,52.0,5,2512.0,107.0,9430.0,4.3,Clear,0,9.0,8.19,2303.0,0,0,0,0,0,0,12,4,0,0.502,44.29,-0.81,0,9.151757414543885
SM101320,2025-02-11,Kanpur,Mini Truck,36.2,5,1065.0,76.0,24141.0,4.3,Clear,0,8.0,5.86,1177.0,0,0,0,0,0,0,2,1,0,0.532,32.51,-2.14,0,10.091708341261072
SM105386,2025-03-27,Gorakhpur,Truck,51.3,8,2605.0,112.0,37278.0,8.2,Clear,0,10.0,9.05,2353.0,0,0,0,1,0,0,3,3,0,0.521,45.87,-0.95,0,10.526185444405423
SM104923,2025-09-05,Varanasi,Mini Truck,27.9,5,1389.0,57.0,8532.0,8.9,Rain,1,7.0,7.97,1099.0,0,0,0,0,0,0,9,4,0,0.694,39.39,0.97,1,9.051696278536586
SM101543,2025-07-27,Prayagraj,Pickup,10.9,7,610.0,61.0,40269.0,4.0,Clear,0,7.0,6.26,512.0,0,0,0,0,0,0,7,6,1,0.762,46.97,-0.74,0,10.6033620538455
SM105346,2025-07-01,Varanasi,Mini Truck,63.9,7,1605.0,140.0,13674.5,7.1,Clear,0,10.0,8.58,1733.0,0,0,0,0,1,0,7,1,0,0.802,27.12,-1.42,0,9.523361189693068
SM104129,2025-06-04,Prayagraj,Mini Truck,28.0,4,1281.0,135.0,45075.0,5.0,Clear,0,7.0,5.3,1061.0,0,0,0,0,0,0,6,2,0,0.64,37.89,-1.7,0,10.71610523307224
SM103559,2025-06-20,Lucknow,Truck,9.4,7,2829.0,154.0,65053.0,6.9,Clear,0,8.0,5.98,1505.0,0,0,0,0,0,0,6,4,0,0.566,160.11,-2.02,0,11.082972973210794
SM104217,2025-05-05,Varanasi,Pickup,27.9,6,331.0,37.0,7165.0,8.2,Clear,0,7.0,6.45,577.0,0,0,0,0,0,0,5,0,0,0.414,20.68,-0.55,0,8.8771028978649
SM102503,2025-02-09,Varanasi,Pickup,47.0,8,535.0,23.0,9675.0,6.4,Rain,0,9.0,9.01,956.0,0,0,0,0,0,0,2,6,1,0.669,20.34,0.01,1,9.177403871729918
SM103567,2025-02-26,Prayagraj,Truck,41.6,9,1266.0,68.0,4704.0,6.9,Clear,0,9.0,8.41,1824.0,0,0,0,0,0,0,2,2,0,0.253,43.85,-0.59,0,8.45638105201948
SM104693,2025-11-11,Lucknow,Pickup,57.1,4,524.0,32.0,12206.0,5.9,Clear,0,8.0,5.91,891.0,0,0,0,0,0,0,11,1,0,0.655,15.6,-2.09,0,9.4097648366698
SM103058,2025-05-23,Kanpur,Mini Truck,41.2,5,1161.0,34.0,4283.0,6.8,Clear,0,8.0,5.8,966.0,0,1,0,0,0,0,5,4,0,0.58,23.45,-2.2,0,8.36264243156764
SM100860,2025-12-20,Prayagraj,Pickup,32.8,7,675.0,54.0,15818.0,2.1,Clear,0,7.0,3.96,524.0,1,0,0,0,0,0,12,5,1,0.844,15.98,-3.04,0,9.66896702819858
SM104105,2025-06-15,Lucknow,Mini Truck,37.0,9,1305.0,152.0,51625.0,4.2,Clear,0,9.0,7.54,1264.0,0,0,0,0,0,0,6,6,1,0.652,34.16,-1.46,0,10.851780700535777
SM102138,2025-07-16,Lucknow,Pickup,16.4,7,343.0,16.0,1678.0,5.0,Rain,0,7.0,7.09,596.0,0,0,0,0,0,0,7,2,0,0.429,36.34,0.09,1,7.425953657077541
SM101984,2025-08-21,Prayagraj,Mini Truck,52.4,3,1395.0,58.0,7662.0,6.7,Rain,0,8.0,7.88,1434.0,0,0,0,0,0,0,8,3,0,0.698,27.37,-0.12,0,8.944158830970403
SM104885,2025-03-15,Prayagraj,Pickup,22.4,4,286.0,15.0,4817.0,5.1,Clear,0,6.0,4.25,414.0,0,0,0,0,0,0,3,5,1,0.358,18.48,-1.75,0,8.480114183174816
SM102310,2025-04-13,Prayagraj,Pickup,34.5,11,502.0,34.0,4548.0,5.4,Clear,0,9.0,8.07,1022.0,0,0,0,0,0,0,4,6,1,0.628,29.62,-0.93,0,8.422662707570003
SM102759,2025-06-06,Lucknow,Mini Truck,16.4,7,1731.0,89.0,14375.0,8.4,Rain,0,8.0,8.39,1037.0,0,0,0,0,0,0,6,4,0,0.866,63.23,0.39,1,9.573315428463395
SM102531,2025-10-22,Kanpur,Mini Truck,19.4,7,575.0,28.0,4149.0,5.6,Clear,1,7.0,6.24,712.0,0,0,0,0,0,0,10,2,0,0.288,36.7,-0.76,0,8.330863613224745
SM100848,2025-10-27,Lucknow,Mini Truck,31.8,7,1317.0,67.0,24652.0,7.9,Clear,0,8.0,8.33,1206.0,0,0,0,0,0,0,10,0,0,0.658,37.92,0.33,1,10.112653875919479
SM101243,2025-06-28,Prayagraj,Mini Truck,6.8,13,1114.0,125.0,13721.0,8.0,Clear,0,9.0,8.49,945.0,0,0,0,1,0,0,6,5,1,0.557,138.97,-0.51,0,9.526755663250837
SM104713,2025-06-28,Lucknow,Pickup,10.3,10,571.0,24.0,5090.0,3.5,Clear,0,8.0,5.52,680.0,0,0,0,0,0,0,6,5,1,0.714,66.02,-2.48,0,8.535229553902337
SM104174,2025-05-27,Prayagraj,Pickup,31.9,11,602.0,47.0,10332.0,8.4,Clear,0,9.0,7.29,972.0,0,0,0,0,0,0,5,1,0,0.752,30.47,-1.71,0,9.243097936214355
SM104270,2025-10-19,Kanpur,Pickup,59.6,8,245.0,28.0,3351.0,2.5,Clear,0,9.0,5.36,1003.0,0,0,0,0,0,0,10,6,1,0.306,16.83,-3.64,0,8.117312461601975
SM103045,2025-11-19,Prayagraj,Mini Truck,31.5,10,770.0,80.0,10421.0,5.1,Rain,0,9.0,9.17,1157.0,0,0,0,0,0,0,11,2,0,0.385,36.73,0.17,1,9.25167423546916
SM101180,2025-08-10,Kanpur,Pickup,29.0,6,599.0,62.0,6831.0,6.6,Rain,0,7.0,7.96,719.0,0,0,0,0,0,0,8,6,1,0.749,24.79,0.96,1,8.829372735468406
SM103460,2025-06-01,Lucknow,Mini Truck,31.0,4,1064.0,82.0,40412.0,3.4,Fog,0,7.0,6.63,958.0,0,0,0,0,0,0,6,6,1,0.532,30.9,-0.37,0,10.606906794366678
SM104330,2025-03-09,Lucknow,Truck,21.2,4,1532.0,69.0,8603.0,7.1,Rain,0,7.0,7.02,1134.0,0,0,0,0,0,0,3,6,1,0.306,53.49,0.02,1,9.05998249038762
SM102371,2025-10-28,Gorakhpur,Pickup,44.3,3,354.0,18.0,4179.0,6.4,Clear,0,7.0,5.22,868.0,0,0,0,0,0,0,10,1,0,0.442,19.59,-1.78,0,8.338066525518801
SM100002,2025-08-27,Lucknow,Truck,28.0,3,1417.0,149.0,24082.0,5.4,Clear,0,7.0,5.35,1335.0,0,0,0,0,0,0,8,2,0,0.283,47.68,-1.65,0,10.089261476380335
SM105958,2025-08-12,Lucknow,Mini Truck,13.3,7,509.0,30.0,6993.0,3.3,Clear,0,7.0,5.89,603.0,0,0,0,0,0,0,8,1,0,0.254,45.34,-1.11,0,8.852807917623322
SM101755,2025-04-27,Varanasi,Pickup,80.8,2,418.0,21.0,5299.0,3.8,Clear,0,8.0,6.73,1201.0,0,0,0,0,0,0,4,6,1,0.522,14.86,-1.27,0,8.575462099540212
SM104011,2025-11-20,Gorakhpur,Truck,65.2,9,1508.0,130.0,14703.0,5.3,Rain,0,10.0,10.17,2509.0,0,0,0,0,0,0,11,3,0,0.302,38.48,0.17,1,9.595874844595468
SM101048,2025-09-01,Prayagraj,Mini Truck,18.5,4,1196.0,116.0,29945.0,6.0,Clear,0,6.0,4.95,863.0,0,0,0,0,0,0,9,0,0,0.598,46.65,-1.05,0,10.307151038697665
SM101418,2025-11-11,Lucknow,Mini Truck,14.6,9,550.0,34.0,2650.0,6.6,Clear,1,7.0,6.74,613.0,0,0,0,0,0,0,11,1,0,0.275,41.99,-0.26,0,7.8826922062890254
SM104491,2025-03-13,Gorakhpur,Truck,25.3,5,2825.0,120.0,24737.0,9.5,Fog,0,8.0,10.0,1726.0,0,0,0,0,0,0,3,3,0,0.565,68.22,2.0,1,10.116095801934955
SM105778,2025-09-16,Kanpur,Truck,29.1,10,2794.0,121.0,26670.0,6.2,Rain,0,10.0,8.16,1928.0,0,0,0,0,0,0,9,1,0,0.559,66.25,-1.84,0,10.191332111786215
SM100862,2025-02-13,Varanasi,Truck,18.4,4,3959.0,443.0,82353.5,5.0,Clear,0,8.0,8.01,1905.0,0,0,0,0,0,0,2,3,0,0.792,103.53,0.01,1,11.318788378921557
SM103863,2025-08-11,Prayagraj,Pickup,69.3,5,559.0,40.0,4079.0,5.4,Rain,0,9.0,8.17,1236.0,0,0,0,0,0,0,8,0,0,0.699,17.84,-0.83,0,8.313852267398207
SM105904,2025-03-10,Gorakhpur,Mini Truck,38.6,5,660.0,34.0,6172.0,6.6,Clear,0,7.0,6.59,991.0,0,0,0,0,0,0,3,0,0,0.33,25.67,-0.41,0,8.727940222393896
SM105871,2025-06-22,Kanpur,Mini Truck,26.4,7,881.0,52.0,7215.0,6.8,Rain,0,8.0,7.13,940.0,0,0,0,0,0,1,6,6,1,0.44,35.61,-0.87,0,8.88405606174246
SM102551,2025-04-28,Lucknow,Truck,24.2,3,1739.0,89.0,13699.0,3.1,Clear,0,7.0,5.23,1309.0,0,0,0,0,0,0,4,0,0,0.348,54.09,-1.77,0,9.525151111816216
SM102431,2025-07-10,Prayagraj,Truck,34.5,3,2465.0,134.0,49607.0,8.4,Clear,0,8.0,6.87,2097.0,0,0,0,0,0,1,7,3,0,0.493,60.78,-1.13,0,10.811907390029713
SM103797,2025-01-24,Lucknow,Mini Truck,17.2,6,808.0,34.0,4462.0,6.7,Clear,0,7.0,4.65,785.0,0,0,0,0,0,0,1,4,0,0.404,45.64,-2.35,0,8.40357646462927
SM100310,2025-09-01,Gorakhpur,Mini Truck,26.8,5,1285.0,71.0,11228.0,4.9,Rain,0,7.0,6.97,1074.0,0,0,0,0,0,0,9,0,0,0.642,40.07,-0.03,0,9.326254996572539
SM101618,2025-02-14,Prayagraj,Truck,31.6,7,1321.0,81.0,17722.0,5.2,Clear,1,8.0,7.45,1450.0,0,0,0,0,0,0,2,4,0,0.264,45.89,-0.55,0,9.782618510055139
SM101092,2025-11-04,Kanpur,Truck,5.6,2,3070.0,163.0,30142.0,4.6,Clear,0,6.0,4.63,1317.0,0,0,0,0,0,0,11,1,0,0.614,235.18,-1.37,0,10.313708002728152
SM101940,2025-03-02,Kanpur,Pickup,28.6,7,357.0,21.0,2562.0,3.8,Clear,0,7.0,5.86,621.0,0,0,0,0,0,0,3,6,1,0.446,21.71,-1.14,0,7.848933726364071
SM103825,2025-11-26,Varanasi,Pickup,24.5,10,657.0,42.0,6050.0,4.6,Clear,0,8.0,5.86,773.0,0,0,0,0,0,0,11,2,0,0.821,31.55,-2.14,0,8.707978826622321
SM101229,2025-04-16,Lucknow,Mini Truck,26.5,7,1494.0,102.0,5400.0,5.8,Clear,0,8.0,8.08,1125.0,0,0,0,0,0,0,4,2,0,0.747,42.45,0.08,1,8.594339400592892
SM105776,2025-05-26,Prayagraj,Mini Truck,20.5,6,1243.0,123.0,25174.0,4.8,Clear,0,7.0,6.36,908.0,0,0,0,0,0,0,5,0,0,0.622,44.29,-0.64,0,10.133606717586764
SM101733,2025-11-12,Lucknow,Mini Truck,33.5,1,907.0,99.0,7115.0,5.5,Clear,0,6.0,4.05,1011.0,0,0,0,0,0,0,11,2,0,0.454,30.18,-1.95,0,8.870101048785726
SM104759,2025-09-11,Varanasi,Mini Truck,32.1,7,1790.0,157.0,54829.0,4.8,Clear,0,8.0,6.57,1379.0,0,0,0,0,0,0,9,3,0,0.895,42.96,-1.43,0,10.911992768398093
SM103750,2025-08-01,Lucknow,Mini Truck,30.6,4,1161.0,31.0,4374.0,3.7,Rain,0,7.0,5.25,856.0,0,1,0,0,0,0,8,4,0,0.58,27.97,-1.75,0,8.383661798791715
SM103063,2025-02-16,Prayagraj,Mini Truck,20.4,9,570.0,30.0,12667.0,5.0,Clear,0,8.0,5.38,949.0,0,0,0,0,0,0,2,6,1,0.285,46.52,-2.62,0,9.44683440765853
SM102622,2025-02-07,Varanasi,Truck,61.2,6,1660.0,126.0,14856.0,5.0,Fog,0,9.0,10.48,2271.0,0,0,0,0,0,0,2,4,0,0.332,37.11,1.48,1,9.606226413637353
SM101393,2025-09-28,Varanasi,Pickup,18.4,6,364.0,18.0,2119.0,4.0,Rain,0,7.0,5.57,633.0,0,0,0,0,0,0,9,6,1,0.455,34.4,-1.43,0,7.659171367666058
SM104838,2025-11-07,Kanpur,Pickup,36.0,5,647.0,27.0,5816.0,4.7,Clear,0,7.0,4.26,740.0,0,0,0,0,0,0,11,4,0,0.809,20.56,-2.74,0,8.668539943910762
SM104562,2025-01-08,Lucknow,Truck,33.1,2,2487.0,176.0,25958.0,5.5,Clear,0,7.0,6.0,1749.0,0,0,0,0,0,0,1,2,0,0.497,52.84,-1.0,0,10.164273649274849
SM104349,2025-05-09,Lucknow,Pickup,25.2,4,353.0,29.0,6416.0,9.4,Clear,0,8.0,8.08,990.0,1,0,0,0,0,0,5,4,0,0.441,39.29,0.08,1,8.766705997750515
SM105579,2025-05-21,Lucknow,Pickup,42.5,5,77.0,5.0,329.0,5.2,Clear,0,7.0,4.54,660.0,0,0,0,0,0,0,5,2,0,0.096,15.53,-2.46,0,5.799092654460526
SM102834,2025-05-22,Varanasi,Pickup,24.2,10,115.0,9.0,2368.0,5.5,Clear,0,8.0,6.86,652.0,0,0,0,0,0,0,5,3,0,0.144,26.94,-1.14,0,7.7702232041587855
SM102405,2025-10-30,Kanpur,Truck,30.1,7,3319.0,184.0,25172.0,5.1,Clear,1,9.0,9.19,2166.0,0,0,0,0,0,0,10,3,0,0.664,71.96,0.19,1,10.13352727053818
SM103009,2025-10-24,Kanpur,Truck,20.7,5,2840.0,103.0,21451.0,5.9,Clear,0,7.0,5.81,1341.0,0,1,0,0,0,0,10,4,0,0.568,64.78,-1.19,0,9.973573160102816
SM104122,2025-12-26,Gorakhpur,Truck,33.5,6,1256.0,85.0,40079.0,4.5,Fog,0,8.0,8.44,1582.0,0,0,0,0,0,0,12,4,0,0.251,47.22,0.44,1,10.598632735758747
SM100762,2025-12-13,Lucknow,Pickup,14.4,5,683.0,48.0,30143.0,5.6,Fog,0,6.0,6.07,494.0,0,0,1,0,0,0,12,5,1,0.854,34.31,0.07,1,10.31374117737609
SM103890,2025-07-27,Varanasi,Mini Truck,31.3,6,1161.0,47.0,10490.0,5.1,Rain,0,8.0,6.78,1003.0,0,1,0,0,0,0,7,6,1,0.58,32.04,-1.22,0,9.258273025731485
SM105365,2025-02-26,Gorakhpur,Mini Truck,65.9,8,1231.0,64.0,5532.0,5.0,Clear,0,10.0,7.06,1759.0,0,0,0,0,0,0,2,2,0,0.616,26.69,-2.94,0,8.618485442898109
SM100966,2025-08-08,Prayagraj,Mini Truck,18.4,9,1462.0,80.0,10984.0,6.1,Clear,0,8.0,7.73,1077.0,0,0,0,0,0,0,8,4,0,0.731,58.53,-0.27,0,9.30428598481871
SM103314,2025-05-28,Varanasi,Truck,25.5,6,3306.0,247.0,45931.0,4.4,Clear,0,8.0,7.73,1996.0,0,0,0,0,0,0,5,2,0,0.661,78.27,-0.27,0,10.73491732089608
SM103441,2025-01-09,Gorakhpur,Truck,72.9,7,2840.0,191.0,82353.5,4.6,Fog,0,10.0,11.39,2485.0,0,1,0,0,0,0,1,3,0,0.568,34.09,1.39,1,11.318788378921557
SM100682,2025-12-17,Prayagraj,Pickup,51.2,6,703.0,46.0,11099.0,4.2,Clear,0,8.0,7.56,1020.0,0,0,0,1,0,0,12,2,0,0.879,19.92,-0.44,0,9.314700387300425
SM104959,2025-12-11,Gorakhpur,Mini Truck,6.5,3,1132.0,63.0,3980.0,9.4,Clear,0,5.0,4.51,592.0,0,0,0,0,0,0,12,3,0,0.566,91.08,-0.49,0,8.289288323000317
SM102546,2025-10-18,Gorakhpur,Pickup,57.6,11,236.0,14.0,1875.0,8.3,Clear,0,10.0,7.68,1132.0,0,0,0,0,0,0,10,5,1,0.295,19.65,-2.32,0,7.53689712956617
SM100991,2025-07-20,Prayagraj,Pickup,37.2,7,84.0,5.0,742.0,2.6,Rain,0,8.0,6.73,761.0,0,0,0,0,0,0,7,6,1,0.105,20.46,-1.27,0,6.610696044717759
SM100914,2025-08-05,Prayagraj,Mini Truck,31.3,6,1786.0,78.0,19418.0,6.4,Rain,0,10.0,8.24,1909.0,1,0,0,0,0,0,8,1,0,0.893,60.99,-1.76,0,9.874007247213619
SM105078,2025-10-22,Gorakhpur,Truck,29.2,4,1828.0,100.0,3693.0,4.5,Clear,1,7.0,7.82,1654.0,0,0,0,0,0,0,10,2,0,0.366,56.64,0.82,1,8.214465160759186
SM105117,2025-06-19,Prayagraj,Mini Truck,36.9,8,891.0,65.0,12593.0,5.8,Clear,0,8.0,7.62,1192.0,0,0,0,0,0,0,6,3,0,0.446,32.3,-0.38,0,9.440975789048688
SM100185,2025-06-12,Lucknow,Pickup,47.0,7,406.0,26.0,4629.0,4.2,Clear,0,8.0,6.85,904.0,0,0,0,1,0,0,6,3,0,0.507,19.23,-1.15,0,8.440312147080279
SM100922,2025-06-12,Prayagraj,Pickup,27.5,5,462.0,15.0,3438.0,9.4,Clear,0,7.0,5.6,694.0,0,1,0,0,0,0,6,3,0,0.578,25.24,-1.4,0,8.142936010432265
SM105399,2025-11-14,Kanpur,Truck,49.6,10,3313.0,163.0,28825.0,5.5,Rain,0,11.0,10.1,2732.0,0,0,0,0,0,0,11,4,0,0.663,55.08,-0.9,0,10.269033036643048
SM104170,2025-05-17,Prayagraj,Pickup,54.7,9,666.0,45.0,6462.0,5.9,Clear,0,10.0,7.38,1172.0,0,0,0,0,0,0,5,5,1,0.832,21.43,-2.62,0,8.773848885262895
SM103556,2025-09-15,Kanpur,Pickup,13.7,6,402.0,27.0,3732.0,7.3,Rain,0,6.0,7.16,492.0,0,0,0,0,0,0,9,0,0,0.502,35.91,1.16,1,8.224967478914584
SM105841,2025-12-31,Lucknow,Mini Truck,26.8,5,1213.0,56.0,10180.0,3.9,Rain,0,7.0,6.78,943.0,0,0,0,0,0,0,12,2,0,0.606,35.19,-0.22,0,9.228278517107196
SM101619,2025-12-28,Prayagraj,Pickup,27.8,6,286.0,27.0,2910.0,3.5,Clear,0,7.0,4.19,529.0,0,0,0,0,0,0,12,6,1,0.358,19.03,-2.81,0,7.976251943745623
SM101830,2025-05-10,Varanasi,Mini Truck,17.8,11,817.0,43.0,12385.0,4.1,Clear,0,8.0,7.0,925.0,0,0,0,0,0,0,5,5,1,0.408,51.97,-1.0,0,9.424322081498007
SM102484,2025-05-06,Gorakhpur,Pickup,49.8,6,407.0,27.0,3134.0,5.4,Clear,0,8.0,6.57,903.0,0,0,0,0,0,0,5,1,0,0.509,18.13,-1.43,0,8.050384453067021
SM103148,2025-12-28,Gorakhpur,Mini Truck,46.2,5,820.0,43.0,10709.0,4.9,Clear,0,10.0,5.84,1766.0,1,0,0,0,0,0,12,6,1,0.41,38.23,-4.16,0,9.278933163441794
SM100740,2025-10-26,Lucknow,Mini Truck,20.3,7,980.0,87.0,43809.0,4.6,Clear,0,7.0,5.34,899.0,0,0,0,0,0,0,10,6,1,0.49,44.29,-1.66,0,10.687617380807945
SM105382,2025-05-22,Lucknow,Truck,14.1,5,2069.0,169.0,26063.0,5.4,Clear,0,7.0,5.91,1202.0,0,0,0,0,0,0,5,3,0,0.414,85.25,-1.09,0,10.168310330841827
SM100971,2025-06-02,Lucknow,Pickup,13.4,6,98.0,7.0,1393.0,3.4,Clear,0,6.0,5.03,386.0,0,0,0,0,0,0,6,0,0,0.122,28.81,-0.97,0,7.2399325913204695
SM102564,2025-06-10,Gorakhpur,Truck,72.8,7,2624.0,128.0,50188.0,4.6,Clear,0,11.0,8.63,2900.0,0,0,0,0,0,0,6,1,0,0.525,39.84,-2.37,0,10.82355115816278
SM104915,2025-02-06,Gorakhpur,Mini Truck,45.3,6,1021.0,69.0,5995.0,7.2,Clear,0,8.0,7.05,1269.0,0,0,0,0,0,0,2,3,0,0.51,28.01,-0.95,0,8.698847859222488
SM103962,2025-08-28,Varanasi,Mini Truck,35.849999999999994,7,1140.0,68.0,14827.0,7.0,Clear,0,8.0,6.42,1253.0,1,0,0,0,0,0,8,3,0,0.57,34.95,-1.58,0,9.604272564270623
SM101116,2025-12-30,Varanasi,Pickup,64.0,5,115.0,5.0,1351.0,7.4,Clear,0,8.0,6.23,891.0,0,0,0,0,0,0,12,1,0,0.144,13.92,-1.77,0,7.20934025660291
SM100156,2025-02-16,Lucknow,Truck,16.8,7,3962.0,476.0,75887.0,6.9,Clear,0,9.0,8.24,1995.0,0,0,0,0,0,0,2,6,1,0.792,118.75,-0.76,0,11.237013848117362
SM102467,2025-09-06,Lucknow,Pickup,25.3,4,381.0,17.0,1916.0,6.6,Clear,0,6.0,4.79,562.0,0,0,0,0,0,0,9,5,1,0.476,22.21,-1.21,0,7.558516743045645
SM103860,2025-07-18,Lucknow,Pickup,25.2,7,383.0,19.0,3296.0,6.5,Rain,0,8.0,8.42,806.0,1,0,0,0,0,0,7,4,0,0.479,31.98,0.42,1,8.10076824307173
SM100831,2025-03-29,Varanasi,Pickup,32.2,5,506.0,29.0,5868.0,6.3,Clear,0,7.0,5.54,756.0,0,0,0,0,0,0,3,5,1,0.632,23.48,-1.46,0,8.677439540558334
SM100835,2025-10-11,Prayagraj,Mini Truck,51.4,8,1603.0,78.0,13087.0,5.4,Rain,0,10.0,8.04,1610.0,0,0,0,0,0,0,10,5,1,0.802,31.32,-1.96,0,9.479451058842528
SM102825,2025-11-04,Lucknow,Mini Truck,24.9,6,702.0,28.0,4654.0,6.0,Clear,0,7.0,6.07,811.0,0,0,0,0,0,0,11,1,0,0.351,32.57,-0.93,0,8.445697189711167
SM100502,2025-12-18,Lucknow,Mini Truck,25.9,4,574.0,31.0,2603.0,3.9,Clear,0,6.0,4.29,671.0,0,0,0,0,0,0,12,3,0,0.287,25.91,-1.71,0,7.86480400332846
SM100989,2025-10-15,Gorakhpur,Truck,36.6,6,2019.0,210.0,25019.0,6.0,Clear,0,8.0,6.86,1667.0,0,0,0,0,0,0,10,2,0,0.404,45.55,-1.14,0,10.127430784020902
SM103937,2025-06-22,Varanasi,Pickup,75.5,4,561.0,38.0,6946.0,5.9,Clear,0,9.0,7.29,1137.0,0,0,0,0,0,0,6,6,1,0.701,15.06,-1.71,0,8.846065190692881
SM100923,2025-02-22,Gorakhpur,Pickup,48.1,5,564.0,25.0,1656.0,4.5,Clear,0,8.0,6.82,928.0,0,0,0,0,0,0,2,5,1,0.705,19.29,-1.18,0,7.4127640174265625
SM102044,2025-04-12,Lucknow,Truck,36.6,2,1638.0,80.0,19519.0,1.8,Clear,0,7.0,4.44,1506.0,0,0,0,0,0,0,4,5,1,0.328,41.15,-2.56,0,9.879194859967084
SM101980,2025-08-29,Gorakhpur,Pickup,49.3,9,329.0,14.0,1429.0,5.9,Rain,0,9.0,9.05,973.0,0,0,0,0,0,0,8,4,0,0.411,19.74,0.05,1,7.265429723253953
SM100249,2025-01-16,Prayagraj,Mini Truck,11.4,4,1051.0,104.0,33792.0,7.3,Fog,0,6.0,6.58,634.0,0,0,0,0,0,0,1,3,0,0.526,55.61,0.58,1,10.428008959431105
SM103911,2025-12-21,Varanasi,Truck,32.0,5,3557.0,224.0,64162.0,4.7,Clear,0,9.0,8.09,2135.0,0,0,0,1,0,0,12,6,1,0.711,66.72,-0.91,0,11.069181999552008
SM102683,2025-10-24,Varanasi,Mini Truck,48.7,4,620.0,26.0,2250.0,5.6,Clear,1,8.0,8.35,1171.0,0,0,1,0,0,0,10,4,0,0.31,24.05,0.35,1,7.719129840906732
SM101346,2025-11-09,Kanpur,Mini Truck,21.4,7,1163.0,52.0,9649.0,6.6,Rain,0,7.0,8.24,953.0,0,0,0,0,0,0,11,6,1,0.582,44.53,1.24,1,9.174713194333032
SM105583,2025-01-28,Lucknow,Mini Truck,30.4,8,1176.0,107.0,9104.0,7.5,Rain,0,8.0,8.62,1188.0,0,0,0,0,0,0,1,1,0,0.588,39.08,0.62,1,9.116578992161708
SM105224,2025-07-12,Lucknow,Truck,24.9,7,2140.0,144.0,22833.0,5.3,Clear,0,8.0,6.72,1644.0,0,0,0,0,0,0,7,5,1,0.428,66.02,-1.28,0,10.036005932236273
SM103653,2025-07-08,Varanasi,Pickup,42.2,4,399.0,35.0,6250.0,6.4,Clear,0,7.0,5.88,734.0,0,0,0,0,0,0,7,1,0,0.499,17.39,-1.12,0,8.740496729931813
SM100355,2025-12-29,Prayagraj,Pickup,49.0,11,279.0,13.0,1162.0,4.3,Fog,0,10.0,9.78,1087.0,0,0,0,0,0,0,12,0,0,0.349,22.18,-0.22,0,7.0587581525186645
SM100744,2025-10-18,Lucknow,Mini Truck,22.6,5,923.0,68.0,8483.0,5.0,Clear,0,7.0,5.38,863.0,0,0,0,0,0,0,10,5,1,0.462,38.19,-1.62,0,9.045937315684574
SM100844,2025-01-02,Gorakhpur,Pickup,44.8,6,516.0,21.0,9066.0,5.1,Clear,0,8.0,5.59,934.0,0,0,0,0,0,0,1,3,0,0.645,20.85,-2.41,0,9.112396727646056
SM100723,2025-02-13,Prayagraj,Pickup,55.2,7,417.0,37.0,20108.0,7.3,Clear,0,9.0,9.05,967.0,0,0,0,0,0,0,2,3,0,0.521,17.52,0.05,1,9.908922755026067
SM101976,2025-12-07,Prayagraj,Mini Truck,18.7,4,1395.0,137.0,45814.0,5.2,Clear,0,7.0,4.41,926.0,0,0,0,0,0,0,12,6,1,0.698,49.52,-2.59,0,10.732366827399314
SM102955,2025-12-30,Varanasi,Mini Truck,37.7,4,1129.0,130.0,27408.0,6.9,Rain,0,7.0,7.52,1062.0,0,0,0,0,0,0,12,1,0,0.564,28.17,0.52,1,10.218626705595922
SM104340,2025-01-19,Varanasi,Pickup,18.4,5,411.0,26.0,8192.0,7.7,Fog,0,6.0,7.39,483.0,0,0,0,0,0,0,1,6,1,0.514,26.25,1.39,1,9.011035410141815
SM102214,2025-02-12,Prayagraj,Mini Truck,14.7,5,1547.0,163.0,82353.5,6.2,Clear,0,7.0,5.11,967.0,0,0,0,0,0,0,2,2,0,0.774,65.78,-1.89,0,11.318788378921557
SM105829,2025-06-16,Gorakhpur,Pickup,25.6,5,645.0,42.0,7741.0,6.5,Clear,0,7.0,5.04,577.0,0,0,0,0,0,0,6,0,0,0.806,22.54,-1.96,0,8.954415331137593
SM103648,2025-12-31,Gorakhpur,Truck,35.5,8,1082.0,68.0,18073.0,6.3,Fog,0,8.0,8.62,1434.0,0,0,0,0,0,0,12,2,0,0.216,40.39,0.62,1,9.8022297204619
SM103870,2025-01-17,Varanasi,Pickup,21.1,5,487.0,45.0,13479.0,3.8,Fog,0,6.0,5.34,610.0,0,0,0,0,0,0,1,4,0,0.609,28.91,-0.66,0,9.508962384466297
SM104488,2025-08-31,Lucknow,Mini Truck,26.0,3,635.0,34.0,2905.0,4.4,Clear,0,7.0,5.07,1110.0,1,0,0,0,0,0,8,6,1,0.318,42.69,-1.93,0,7.974532844130228
SM103292,2025-03-28,Gorakhpur,Pickup,113.2,7,535.0,23.0,4124.0,5.7,Fog,1,12.0,12.89,1626.0,0,0,0,0,0,0,3,4,0,0.669,14.36,0.89,1,8.324821298768782
SM105142,2025-08-29,Prayagraj,Truck,18.3,6,1658.0,86.0,15544.0,9.2,Rain,0,7.0,8.85,1288.0,0,0,0,0,0,0,8,4,0,0.332,70.38,1.85,1,9.651494322492853
SM101258,2025-07-17,Gorakhpur,Truck,30.5,6,2480.0,118.0,31723.0,4.2,Rain,0,8.0,9.02,1867.0,0,0,0,0,0,0,7,3,0,0.496,61.21,1.02,1,10.36482877120321
SM102988,2025-11-26,Gorakhpur,Pickup,94.7,8,550.0,62.0,9392.0,7.5,Clear,0,11.0,10.63,2150.0,0,0,0,0,0,1,11,2,0,0.688,22.7,-0.37,0,9.147720009994515
SM100085,2025-09-13,Prayagraj,Truck,27.9,4,3235.0,151.0,18849.0,7.4,Clear,1,8.0,9.02,1848.0,0,0,0,0,0,0,9,5,1,0.647,66.24,1.02,1,9.844268192876157
SM100746,2025-07-14,Lucknow,Pickup,18.6,9,191.0,23.0,2443.0,4.9,Rain,0,8.0,6.76,459.0,0,0,0,0,0,0,7,0,0,0.239,24.68,-1.24,0,7.8013913202914855
SM101867,2025-10-05,Lucknow,Pickup,24.9,5,444.0,25.0,7586.0,3.3,Clear,0,7.0,6.4,609.0,0,0,0,0,0,0,10,6,1,0.555,24.46,-0.6,0,8.934191535338075
SM101315,2025-04-20,Varanasi,Mini Truck,13.0,2,1133.0,98.0,15234.0,3.0,Clear,0,5.0,3.84,624.0,0,0,0,0,0,0,4,6,1,0.566,48.0,-1.16,0,9.63135069141981
SM103898,2025-04-21,Varanasi,Pickup,50.2,7,283.0,14.0,3114.0,4.6,Clear,0,8.0,6.82,932.0,0,0,0,0,0,0,4,0,0,0.354,18.57,-1.18,0,8.043984431221553
SM105008,2025-09-19,Kanpur,Mini Truck,13.4,7,929.0,53.0,12468.0,8.3,Clear,0,7.0,6.06,806.0,0,0,0,0,0,0,9,4,0,0.464,60.15,-0.94,0,9.431000842996585
SM100962,2025-11-03,Varanasi,Mini Truck,40.2,7,1495.0,85.0,21884.0,3.6,Clear,0,9.0,6.59,1436.0,0,0,0,0,0,0,11,0,0,0.748,35.72,-2.41,0,9.993556749624995
SM104650,2025-05-26,Kanpur,Mini Truck,25.9,9,1007.0,100.0,15463.0,5.3,Clear,0,8.0,7.03,1028.0,0,0,0,0,0,0,5,0,0,0.503,39.69,-0.97,0,9.646270020888167
SM100265,2025-08-01,Lucknow,Truck,55.4,6,4234.0,190.0,24775.0,4.7,Clear,0,10.0,9.12,3021.0,0,0,0,0,0,0,8,4,0,0.847,54.53,-0.88,0,10.117630721653038
SM102428,2025-10-03,Gorakhpur,Mini Truck,21.9,6,1208.0,85.0,17244.0,5.3,Clear,0,7.0,5.7,806.0,0,0,0,0,0,0,10,4,0,0.604,36.8,-1.3,0,9.755277525370941
SM104116,2025-01-07,Prayagraj,Pickup,54.7,4,391.0,19.0,6002.0,7.0,Fog,0,8.0,7.46,868.0,0,0,0,0,0,0,1,1,0,0.489,15.87,-0.54,0,8.700014623251842
SM103086,2025-03-08,Prayagraj,Pickup,37.3,6,412.0,20.0,2944.0,6.1,Clear,0,8.0,6.06,793.0,0,0,0,0,0,0,3,5,1,0.515,21.26,-1.94,0,7.987864096085687
SM103139,2025-06-30,Prayagraj,Mini Truck,16.6,7,991.0,42.0,5803.0,4.2,Clear,0,7.0,6.23,873.0,0,0,0,0,0,0,6,0,0,0.496,52.59,-0.77,0,8.666302614004078
SM102069,2025-06-03,Prayagraj,Mini Truck,42.2,6,657.0,64.0,10479.0,4.0,Clear,0,8.0,6.08,1105.0,0,0,0,0,0,0,6,1,0,0.328,26.18,-1.92,0,9.257223957875032
SM104202,2025-05-06,Lucknow,Pickup,67.8,6,239.0,18.0,1533.0,3.4,Clear,0,9.0,6.88,1049.0,0,0,0,0,0,0,5,1,0,0.299,15.47,-2.12,0,7.335633981927201
SM104533,2025-10-02,Lucknow,Truck,13.6,1,3049.0,173.0,40922.0,6.3,Clear,1,6.0,5.64,1479.0,0,0,0,0,0,0,10,3,0,0.61,108.75,-0.36,0,10.61944753116123
SM101800,2025-01-21,Prayagraj,Mini Truck,22.0,6,896.0,43.0,18308.0,5.9,Clear,0,7.0,5.68,857.0,0,0,0,0,0,0,1,1,0,0.448,38.95,-1.32,0,9.815148021212604
SM102235,2025-10-16,Varanasi,Truck,55.4,10,3557.0,158.0,33208.0,6.0,Rain,0,11.0,11.99,2997.0,0,0,0,0,0,0,10,3,0,0.711,54.1,0.99,1,10.41057620250521
SM103543,2025-10-10,Prayagraj,Pickup,44.2,7,445.0,30.0,4077.0,7.6,Clear,0,8.0,8.14,972.0,0,0,0,1,0,0,10,4,0,0.556,21.99,0.14,1,8.3133619511344
SM103062,2025-05-20,Lucknow,Pickup,30.4,1,563.0,26.0,4258.0,7.8,Clear,0,6.0,5.24,629.0,0,0,0,0,0,0,5,1,0,0.704,20.69,-0.76,0,8.356789669923213
SM102212,2025-08-09,Gorakhpur,Truck,50.4,3,2698.0,143.0,34121.0,5.0,Rain,1,8.0,9.9,2207.0,0,0,0,0,0,0,8,5,1,0.54,43.79,1.9,1,10.437697616534855
SM105955,2025-09-17,Prayagraj,Pickup,46.7,4,534.0,30.0,8828.0,4.4,Clear,0,7.0,6.13,936.0,0,0,0,0,0,0,9,2,0,0.668,20.04,-0.87,0,9.085797036901582
SM104266,2025-05-09,Prayagraj,Truck,20.1,6,4397.0,254.0,82353.5,5.2,Clear,0,9.0,8.72,2272.0,0,0,0,0,0,0,5,4,0,0.879,113.03,-0.28,0,11.318788378921557
SM105756,2025-05-01,Lucknow,Pickup,34.5,7,549.0,30.0,16060.0,4.9,Clear,0,8.0,4.95,898.0,0,0,0,0,0,0,5,3,0,0.686,26.03,-3.05,0,9.684149252062896
SM101985,2025-10-17,Prayagraj,Truck,74.9,5,2589.0,234.0,39694.0,1.0,Clear,0,10.0,7.53,2865.0,0,0,0,0,0,0,10,4,0,0.518,38.25,-2.47,0,10.588980514159214
SM101371,2025-05-06,Lucknow,Mini Truck,26.0,4,1710.0,85.0,15688.0,4.8,Clear,0,7.0,5.5,1076.0,1,0,0,0,0,0,5,1,0,0.855,41.38,-1.5,0,9.660715108832955
SM102122,2025-08-01,Prayagraj,Pickup,14.1,6,642.0,35.0,9078.0,5.8,Rain,0,7.0,6.55,487.0,0,0,0,0,0,0,8,4,0,0.802,34.54,-0.45,0,9.113719333371757
SM103907,2025-12-21,Kanpur,Truck,31.6,6,3687.0,171.0,57803.0,4.0,Fog,0,9.0,9.57,2157.0,0,0,0,0,0,0,12,6,1,0.737,68.26,0.57,1,10.964813256418221
SM105867,2025-11-18,Prayagraj,Mini Truck,30.5,7,1247.0,144.0,20284.0,8.1,Clear,0,8.0,7.62,1219.0,0,0,0,1,0,0,11,1,0,0.624,39.97,-0.38,0,9.917636975640548
SM102057,2025-09-27,Varanasi,Pickup,20.9,4,443.0,18.0,2273.0,3.6,Rain,0,6.0,5.07,519.0,0,0,0,0,0,0,9,5,1,0.554,24.83,-0.93,0,7.729295674310482
SM105865,2025-07-25,Prayagraj,Pickup,37.8,10,462.0,46.0,6654.0,6.6,Clear,0,9.0,8.51,1047.0,0,1,0,0,0,0,7,4,0,0.578,27.7,-0.49,0,8.803123730829212
SM103947,2025-05-15,Varanasi,Mini Truck,31.0,9,968.0,52.0,42028.0,4.7,Clear,0,9.0,6.57,1104.0,0,0,0,0,0,1,5,3,0,0.484,35.61,-2.43,0,10.64611513518697
SM102058,2025-05-24,Varanasi,Mini Truck,46.3,7,638.0,67.0,12647.0,5.8,Clear,0,8.0,7.45,1136.0,0,0,0,0,0,0,5,5,1,0.319,24.54,-0.55,0,9.445254378889308
SM103711,2025-12-31,Kanpur,Pickup,25.7,4,423.0,30.0,4162.0,7.4,Fog,0,6.0,7.58,548.0,0,0,0,0,0,0,12,2,0,0.529,21.32,1.58,1,8.333991247194975
SM102904,2025-08-26,Prayagraj,Truck,42.6,5,1622.0,67.0,15694.0,4.7,Clear,0,8.0,6.71,1638.0,0,0,0,0,0,0,8,1,0,0.324,38.45,-1.29,0,9.661097469276054
SM104922,2025-07-22,Kanpur,Mini Truck,30.9,7,634.0,31.0,5241.0,5.9,Clear,0,8.0,6.24,888.0,0,0,0,0,0,0,7,1,0,0.317,28.74,-1.76,0,8.564458383883352
SM103838,2025-12-17,Gorakhpur,Pickup,29.9,9,699.0,40.0,3653.0,4.1,Clear,0,8.0,7.0,946.0,0,0,0,0,0,0,12,2,0,0.874,31.64,-1.0,0,8.203577736937952
SM105476,2025-04-04,Kanpur,Mini Truck,25.0,6,1117.0,103.0,13256.0,5.7,Clear,0,7.0,6.6,949.0,0,0,0,0,0,0,4,4,0,0.558,37.96,-0.4,0,9.49228099379885
SM100284,2025-06-11,Lucknow,Pickup,17.8,4,573.0,41.0,5694.0,7.5,Clear,0,6.0,5.15,629.0,0,0,0,0,0,0,6,2,0,0.716,35.34,-0.85,0,8.647343875881283
SM100095,2025-04-16,Lucknow,Pickup,32.4,6,378.0,27.0,13636.0,6.3,Clear,0,7.0,6.35,698.0,0,0,0,0,0,0,4,2,0,0.472,21.54,-0.65,0,9.520541965857834
SM105833,2025-03-31,Varanasi,Pickup,24.6,4,541.0,47.0,21619.0,7.8,Clear,1,6.0,6.71,603.0,0,0,0,0,0,0,3,0,0,0.676,24.51,0.71,1,9.9813740911932
SM102664,2025-03-20,Lucknow,Mini Truck,40.7,4,1077.0,45.0,8071.0,5.9,Clear,0,7.0,5.64,1192.0,0,0,0,0,0,0,3,3,0,0.538,29.29,-1.36,0,8.996156562033445
SM103955,2025-12-11,Prayagraj,Pickup,26.0,4,611.0,37.0,4286.0,7.3,Clear,0,6.0,5.4,692.0,0,0,0,0,0,0,12,3,0,0.764,26.62,-0.6,0,8.363342466597977
SM103442,2025-06-16,Kanpur,Truck,13.7,9,1884.0,76.0,22467.0,4.8,Clear,0,8.0,8.31,1402.0,0,0,0,0,0,0,6,0,0,0.377,102.34,0.31,1,10.019847353652324
SM105191,2025-11-30,Kanpur,Truck,22.6,3,3105.0,311.0,53281.0,5.7,Clear,0,7.0,5.85,1723.0,0,0,0,0,0,0,11,6,1,0.621,76.24,-1.15,0,10.883353842047292
SM102649,2025-05-01,Lucknow,Truck,27.0,4,4208.0,478.0,14528.0,4.9,Clear,0,8.0,7.9,2280.0,0,0,0,0,0,0,5,3,0,0.842,84.44,-0.1,0,9.583901931071338
SM102280,2025-10-06,Gorakhpur,Truck,40.3,5,1967.0,192.0,19958.0,5.6,Clear,0,8.0,7.45,1797.0,0,0,0,0,0,0,10,0,0,0.393,44.59,-0.55,0,9.901435448409996
SM102521,2025-01-17,Lucknow,Pickup,33.0,6,351.0,23.0,7818.0,4.7,Clear,0,7.0,5.83,705.0,0,0,0,0,0,0,1,4,0,0.439,21.36,-1.17,0,8.964311948124514
SM103613,2025-01-28,Lucknow,Pickup,25.6,7,225.0,16.0,2512.0,5.8,Clear,0,7.0,5.34,602.0,0,0,0,0,0,0,1,1,0,0.281,23.52,-1.66,0,7.829232537543592
SM101284,2025-05-20,Gorakhpur,Truck,42.6,6,3868.0,255.0,25277.0,6.4,Clear,0,10.0,8.38,2637.0,0,0,0,0,0,0,5,1,0,0.774,61.9,-1.62,0,10.137689731207072
SM104022,2025-07-17,Prayagraj,Truck,35.7,9,3685.0,233.0,43354.0,6.5,Rain,0,10.0,9.75,2492.0,0,0,0,0,0,0,7,3,0,0.737,69.8,-0.25,0,10.67717731581126
SM102003,2025-06-17,Lucknow,Truck,19.5,4,2529.0,156.0,48513.0,3.8,Clear,0,7.0,5.28,1495.0,0,0,0,0,0,0,6,1,0,0.506,76.67,-1.72,0,10.789607695065166
SM102153,2025-07-18,Lucknow,Mini Truck,18.4,11,1878.0,113.0,44979.0,6.2,Clear,0,9.0,6.78,1204.0,0,0,0,0,0,0,7,4,0,0.939,65.43,-2.22,0,10.713973225513307
SM103764,2025-05-31,Prayagraj,Truck,29.0,6,3392.0,197.0,43601.0,8.6,Clear,0,9.0,8.3,2057.0,0,0,0,0,0,0,5,5,1,0.678,70.93,-0.7,0,10.68285829984469
SM102239,2025-11-19,Varanasi,Pickup,37.9,6,316.0,20.0,28305.0,5.4,Clear,0,7.0,5.49,703.0,1,0,0,0,0,0,11,2,0,0.395,18.55,-1.51,0,10.250829075293785
SM103932,2025-09-14,Varanasi,Mini Truck,8.0,6,1161.0,32.0,18257.0,6.2,Rain,0,6.0,5.79,589.0,0,1,0,0,0,0,9,6,1,0.58,73.62,-0.21,0,9.812358619125026
SM105230,2025-02-19,Lucknow,Pickup,37.4,6,313.0,36.0,7806.0,3.6,Clear,0,8.0,6.86,757.0,0,0,0,0,0,0,2,2,0,0.391,20.24,-1.14,0,8.962776046120291
SM104151,2025-07-13,Kanpur,Truck,66.3,6,3998.0,320.0,82353.5,4.9,Clear,0,11.0,8.58,3277.0,0,0,0,0,0,0,7,6,1,0.8,49.43,-2.42,0,11.318788378921557
SM104578,2025-04-11,Lucknow,Pickup,31.2,7,373.0,20.0,3790.0,3.3,Rain,0,8.0,7.24,679.0,0,0,0,0,0,0,4,4,0,0.466,21.76,-0.76,0,8.240385115516334
SM100043,2025-05-10,Prayagraj,Mini Truck,35.6,6,1369.0,145.0,18140.0,3.5,Clear,0,8.0,5.93,1320.0,0,0,0,0,0,0,5,5,1,0.684,37.08,-2.07,0,9.805929848941323
SM103956,2025-07-10,Prayagraj,Truck,65.4,6,3812.0,309.0,82353.5,4.6,Clear,0,11.0,9.62,3010.0,0,0,0,0,0,0,7,3,0,0.762,46.02,-1.38,0,11.318788378921557
SM104416,2025-06-21,Lucknow,Truck,46.2,3,2268.0,256.0,37867.0,2.0,Clear,0,8.0,5.95,2069.0,0,0,0,0,0,0,6,5,1,0.454,44.78,-2.05,0,10.541861707248781
SM102802,2025-12-28,Kanpur,Pickup,20.2,8,469.0,22.0,6829.0,5.0,Clear,0,7.0,5.99,655.0,0,0,0,0,0,0,12,6,1,0.586,32.43,-1.01,0,8.829079952564836
SM103089,2025-06-20,Kanpur,Pickup,61.9,5,413.0,17.0,3838.0,5.0,Clear,0,9.0,6.71,1022.0,0,0,0,0,0,0,6,4,0,0.516,16.51,-2.29,0,8.252967195000798
SM105127,2025-07-08,Varanasi,Mini Truck,26.5,10,399.0,17.0,2595.0,6.3,Clear,0,8.0,7.09,830.0,0,0,0,0,0,0,7,1,0,0.2,31.32,-0.91,0,7.86172707782398
SM105576,2025-07-31,Lucknow,Mini Truck,51.2,2,1538.0,79.0,18238.0,8.2,Clear,0,8.0,7.61,1356.0,0,0,0,0,0,0,7,3,0,0.769,26.48,-0.39,0,9.811317437563998
SM105581,2025-11-02,Prayagraj,Mini Truck,24.6,5,1822.0,157.0,45689.0,4.7,Clear,0,7.0,6.59,1284.0,0,0,0,0,0,0,11,6,1,0.911,52.2,-0.41,0,10.729634734557317
SM104333,2025-11-23,Varanasi,Mini Truck,35.849999999999994,9,342.0,22.0,3766.0,5.8,Rain,0,10.0,10.1,1397.0,1,0,0,0,0,0,11,6,1,0.171,38.97,0.1,1,8.23403420769204
SM101809,2025-12-17,Varanasi,Pickup,52.1,5,593.0,42.0,11306.0,5.6,Fog,0,8.0,7.68,969.0,0,0,0,0,0,0,12,2,0,0.741,18.6,-0.32,0,9.333177281935246
SM101003,2025-11-20,Lucknow,Pickup,26.5,2,473.0,21.0,3157.0,2.7,Clear,0,6.0,3.69,451.0,0,0,0,0,0,0,11,3,0,0.591,17.02,-2.31,0,8.057694194815587
SM103859,2025-06-10,Lucknow,Pickup,34.2,5,304.0,33.0,7396.0,4.6,Rain,0,7.0,7.13,700.0,0,0,0,0,0,0,6,1,0,0.38,20.47,0.13,1,8.908829791587868
SM102393,2025-03-22,Prayagraj,Pickup,37.4,9,592.0,38.0,2696.0,6.0,Clear,0,9.0,7.08,946.0,0,0,0,0,0,0,3,5,1,0.74,25.29,-1.92,0,7.89989532313973
SM101076,2025-09-17,Varanasi,Pickup,89.2,4,506.0,25.0,3899.0,7.5,Rain,0,10.0,9.49,1244.0,0,0,0,0,0,0,9,2,0,0.632,13.95,-0.51,0,8.268731832117737
SM105332,2025-05-23,Lucknow,Pickup,22.5,4,121.0,7.0,804.0,8.2,Clear,0,6.0,4.61,523.0,0,0,0,0,0,0,5,4,0,0.151,23.24,-1.39,0,6.690842277418564
SM103855,2025-09-17,Prayagraj,Truck,21.0,4,3498.0,196.0,82353.5,5.9,Rain,0,8.0,8.15,1904.0,0,0,0,0,0,0,9,2,0,0.7,90.67,0.15,1,11.318788378921557
SM103412,2025-03-23,Prayagraj,Mini Truck,24.5,5,1179.0,60.0,13786.0,3.5,Clear,0,7.0,4.73,945.0,0,0,0,0,0,0,3,6,1,0.59,38.57,-2.27,0,9.531481398171628
SM105211,2025-02-22,Gorakhpur,Truck,48.5,3,2704.0,152.0,58216.0,6.0,Rain,0,8.0,7.97,2313.0,0,0,0,0,0,0,2,5,1,0.541,47.69,-0.03,0,10.971932687287666
SM100300,2025-05-13,Gorakhpur,Mini Truck,51.0,7,1270.0,68.0,20568.0,6.7,Clear,0,9.0,7.45,1523.0,0,0,0,0,0,0,5,1,0,0.635,29.86,-1.55,0,9.931540366978163
SM102898,2025-10-18,Varanasi,Truck,97.8,4,4469.0,301.0,62015.0,5.9,Clear,1,12.0,12.15,3991.0,0,0,0,0,0,0,10,5,1,0.894,40.81,0.15,1,11.035147695250439
SM102507,2025-08-15,Prayagraj,Mini Truck,22.1,12,612.0,35.0,4921.0,6.4,Rain,0,9.0,8.17,991.0,0,0,0,0,0,0,8,4,0,0.306,44.84,-0.83,0,8.501470230951002
SM100942,2025-11-30,Lucknow,Pickup,12.1,5,462.0,36.0,14269.0,4.4,Clear,0,6.0,3.95,349.0,0,1,0,0,0,0,11,6,1,0.578,28.84,-2.05,0,9.565914710470881
SM105303,2025-06-03,Prayagraj,Truck,32.8,4,2375.0,120.0,33065.0,5.2,Rain,0,8.0,6.9,1633.0,1,0,0,0,1,0,6,1,0,0.475,49.79,-1.1,0,10.40626084311129
SM102370,2025-01-17,Lucknow,Truck,28.5,3,2742.0,192.0,67927.0,6.3,Fog,0,7.0,7.71,1724.0,0,0,0,0,0,0,1,4,0,0.548,60.49,0.71,1,11.126203599679199
SM101259,2025-10-20,Lucknow,Mini Truck,44.0,5,1005.0,54.0,11170.0,4.2,Clear,1,8.0,7.34,1154.0,0,0,0,0,0,0,10,0,0,0.502,26.23,-0.66,0,9.321076413570848
SM105306,2025-05-24,Varanasi,Pickup,43.3,8,585.0,38.0,6516.0,6.1,Clear,0,9.0,6.54,1021.0,0,0,0,0,0,0,5,5,1,0.731,23.58,-2.46,0,8.78216942633238
SM102522,2025-03-18,Prayagraj,Mini Truck,44.1,4,646.0,32.0,12301.0,6.4,Clear,0,7.0,6.3,992.0,0,0,0,0,0,0,3,1,0,0.323,22.49,-0.7,0,9.417517129768314
SM104559,2025-08-25,Gorakhpur,Mini Truck,38.4,7,1034.0,59.0,10898.0,5.1,Clear,0,8.0,6.24,1185.0,0,0,0,0,0,0,8,0,0,0.517,30.86,-1.76,0,9.296426320889312
SM104101,2025-12-27,Lucknow,Pickup,22.6,3,643.0,30.0,2774.0,5.2,Fog,0,6.0,5.95,600.0,0,0,0,0,0,0,12,5,1,0.804,26.55,-0.05,0,7.928406026180535
SM100841,2025-08-28,Varanasi,Pickup,28.5,6,632.0,67.0,14045.0,3.2,Clear,0,7.0,4.28,680.0,0,0,0,0,0,0,8,3,0,0.79,23.86,-2.72,0,9.550092936718967
SM101868,2025-01-12,Prayagraj,Mini Truck,23.9,6,1168.0,57.0,21884.0,5.0,Clear,0,7.0,6.23,951.0,0,0,0,0,0,0,1,6,1,0.584,39.79,-0.77,0,9.993556749624995
SM100326,2025-03-28,Prayagraj,Truck,40.6,5,2887.0,201.0,23383.0,5.3,Fog,0,9.0,9.24,2193.0,0,0,0,0,0,0,3,4,0,0.577,54.01,0.24,1,10.059807306791082
SM102436,2025-08-22,Kanpur,Mini Truck,27.7,10,1381.0,65.0,9740.0,5.3,Clear,0,9.0,7.1,1115.0,0,0,0,0,0,0,8,4,0,0.69,40.25,-1.9,0,9.184099060770956
SM105323,2025-05-25,Gorakhpur,Mini Truck,70.0,6,510.0,31.0,11035.0,5.8,Clear,0,9.0,7.81,1460.0,0,0,0,0,0,0,5,6,1,0.255,20.86,-1.19,0,9.308917935337176
SM103208,2025-06-03,Lucknow,Pickup,14.4,6,547.0,42.0,12242.0,8.4,Rain,0,7.0,6.53,609.0,0,0,0,0,0,0,6,1,0,0.684,42.29,-0.47,0,9.412709624073916
SM105671,2025-08-23,Prayagraj,Mini Truck,31.3,5,1208.0,78.0,38132.0,5.1,Rain,0,7.0,6.63,1020.0,1,0,0,0,0,0,8,5,1,0.604,32.59,-0.37,0,10.54883532796278
SM101464,2025-11-07,Lucknow,Mini Truck,26.0,5,1315.0,90.0,19968.0,9.0,Clear,0,9.0,7.41,1398.0,1,0,0,0,0,0,11,4,0,0.658,53.77,-1.59,0,9.90193635004339
SM104988,2025-12-07,Varanasi,Mini Truck,26.3,4,1372.0,77.0,27913.0,4.6,Fog,0,7.0,6.62,1131.0,0,0,0,0,0,0,12,6,1,0.686,43.0,-0.38,0,10.23688363406859
SM103131,2025-06-18,Varanasi,Mini Truck,62.2,3,955.0,44.0,6634.0,6.1,Clear,1,8.0,7.92,1393.0,0,0,0,0,0,0,6,2,0,0.478,22.4,-0.08,0,8.800113946766308
SM102061,2025-07-25,Lucknow,Pickup,27.2,8,374.0,15.0,3843.0,6.1,Rain,0,8.0,6.33,824.0,0,0,0,1,0,0,7,4,0,0.468,30.29,-1.67,0,8.254268770090183
SM104790,2025-03-13,Varanasi,Mini Truck,53.5,6,1163.0,112.0,30879.0,5.8,Rain,0,9.0,7.06,1571.0,0,0,0,0,0,0,3,3,0,0.582,29.36,-1.94,0,10.337864004138712
SM104483,2025-01-23,Kanpur,Mini Truck,30.7,8,635.0,31.0,4464.0,6.6,Fog,1,8.0,8.15,868.0,0,0,0,0,0,0,1,3,0,0.318,28.27,0.15,1,8.4040244933106
SM102571,2025-12-07,Lucknow,Mini Truck,36.6,5,651.0,26.0,6386.0,4.8,Clear,0,7.0,5.37,873.0,0,0,0,0,0,0,12,6,1,0.326,23.85,-1.63,0,8.76201995356159
SM103103,2025-06-10,Kanpur,Truck,14.0,6,3909.0,456.0,51048.0,3.6,Clear,0,8.0,6.31,1930.0,0,0,0,0,0,0,6,1,0,0.782,137.86,-1.69,0,10.840541234762362
SM103333,2025-11-06,Prayagraj,Pickup,40.8,6,432.0,19.0,3680.0,5.1,Clear,0,8.0,6.35,855.0,0,0,0,0,0,0,11,3,0,0.54,20.96,-1.65,0,8.210939733379021
SM100603,2025-02-19,Lucknow,Mini Truck,28.1,4,755.0,47.0,9322.0,3.9,Clear,0,7.0,5.14,851.0,0,0,0,0,0,0,2,2,0,0.378,30.28,-1.86,0,9.140239744296693
SM104938,2025-04-18,Lucknow,Pickup,17.5,8,354.0,43.0,7022.0,4.6,Clear,0,7.0,5.69,580.0,0,0,0,0,0,0,4,4,0,0.442,33.14,-1.31,0,8.856945756159021
SM104418,2025-09-18,Prayagraj,Truck,37.3,6,1322.0,93.0,21742.0,5.7,Clear,0,8.0,7.96,1545.0,0,0,0,0,0,0,9,3,0,0.264,41.42,-0.04,0,9.987047145635058
SM100865,2025-09-12,Prayagraj,Mini Truck,39.2,10,1650.0,102.0,57082.0,4.8,Rain,0,10.0,7.79,1522.0,0,0,0,0,0,0,9,4,0,0.825,38.83,-2.21,0,10.952261628023255
SM101890,2025-03-09,Lucknow,Pickup,18.8,9,268.0,12.0,5042.0,5.8,Clear,0,8.0,6.95,674.0,0,0,0,0,0,0,3,6,1,0.335,35.85,-1.05,0,8.525756422076725
SM104042,2025-10-05,Lucknow,Pickup,29.1,8,536.0,33.0,3803.0,8.2,Clear,0,8.0,6.72,882.0,0,0,0,1,0,0,10,6,1,0.67,30.31,-1.28,0,8.24380842366528
SM105613,2025-05-01,Lucknow,Mini Truck,30.9,8,1224.0,54.0,3507.0,6.8,Clear,0,8.0,7.8,1160.0,0,0,0,0,0,0,5,3,0,0.612,37.54,-0.2,0,8.162801353492073
SM105537,2025-11-04,Gorakhpur,Mini Truck,26.5,3,1255.0,52.0,17657.0,4.3,Clear,0,7.0,3.69,803.0,0,0,0,0,0,0,11,1,0,0.628,30.3,-3.31,0,9.778944217461527
SM103367,2025-04-16,Lucknow,Pickup,37.4,5,455.0,22.0,4808.0,4.8,Rain,0,7.0,6.91,616.0,0,0,0,0,0,0,4,2,0,0.569,16.47,-0.09,0,8.478244441277663
SM101280,2025-09-28,Lucknow,Mini Truck,25.3,4,1462.0,106.0,30716.0,9.7,Clear,0,7.0,6.94,1043.0,0,0,0,0,0,0,9,6,1,0.731,41.23,-0.06,0,10.332571526242926
SM100830,2025-03-31,Prayagraj,Mini Truck,35.8,4,1261.0,51.0,13761.0,3.2,Clear,1,7.0,7.08,1218.0,0,0,0,0,0,0,3,0,0,0.63,34.02,0.08,1,9.529666449762425
SM103149,2025-02-09,Kanpur,Pickup,30.4,6,536.0,34.0,4510.0,4.7,Clear,0,7.0,5.5,684.0,0,0,0,0,0,0,2,6,1,0.67,22.5,-1.5,0,8.414274137408396
SM103799,2025-01-21,Lucknow,Pickup,29.3,3,456.0,22.0,1877.0,3.5,Rain,0,6.0,4.46,603.0,0,0,0,0,0,0,1,1,0,0.57,20.58,-1.54,0,7.537962659768208
SM101904,2025-05-02,Varanasi,Pickup,31.7,6,706.0,54.0,20309.0,6.9,Clear,0,7.0,5.43,647.0,0,0,0,0,0,0,5,4,0,0.882,20.41,-1.57,0,9.91886865457443
SM104551,2025-01-14,Varanasi,Truck,47.6,5,2575.0,142.0,24769.0,6.6,Clear,1,9.0,8.06,2225.0,0,0,0,0,0,0,1,1,0,0.515,46.74,-0.94,0,10.117388522483406
SM104403,2025-12-09,Prayagraj,Pickup,87.0,6,543.0,23.0,2006.0,6.0,Fog,0,10.0,8.92,1254.0,0,0,0,0,0,0,12,1,0,0.679,14.41,-1.08,0,7.604396348796338
SM102050,2025-03-04,Lucknow,Truck,25.0,7,1271.0,77.0,21931.0,7.4,Rain,0,8.0,8.41,1279.0,0,0,0,0,0,0,3,1,0,0.254,51.16,0.41,1,9.995702036523939
SM101302,2025-09-13,Gorakhpur,Truck,27.8,6,2840.0,254.0,52755.0,4.1,Clear,0,8.0,7.18,1836.0,0,1,0,0,0,0,9,5,1,0.568,66.04,-0.82,0,10.873432788945776
SM100328,2025-02-21,Prayagraj,Mini Truck,18.9,9,774.0,34.0,15667.0,4.7,Rain,0,8.0,6.82,947.0,0,0,0,0,0,0,2,4,0,0.387,50.11,-1.18,0,9.659375694785721
SM104849,2025-11-25,Varanasi,Pickup,51.9,6,490.0,35.0,10854.0,6.9,Clear,0,8.0,7.71,995.0,0,0,0,0,0,0,11,1,0,0.612,19.17,-0.29,0,9.292381082312392
SM101704,2025-12-02,Lucknow,Truck,10.5,3,2906.0,179.0,19485.0,4.2,Clear,0,7.0,5.49,1300.0,0,0,0,0,0,0,12,1,0,0.581,123.81,-1.51,0,9.877451537985287
SM102493,2025-08-11,Prayagraj,Pickup,30.9,11,299.0,21.0,2431.0,6.1,Clear,0,9.0,8.27,766.0,0,0,0,0,0,0,8,0,0,0.374,24.79,-0.73,0,7.796469243086058
SM104025,2025-02-21,Varanasi,Mini Truck,14.7,7,931.0,106.0,48873.0,3.8,Clear,0,7.0,5.35,930.0,0,0,0,0,0,0,2,4,0,0.466,63.27,-1.65,0,10.797000836720295
SM100479,2025-02-09,Varanasi,Truck,74.1,5,2894.0,146.0,22164.0,3.5,Clear,0,10.0,8.81,2926.0,0,0,0,0,0,0,2,6,1,0.579,39.49,-1.19,0,10.006269747179154
SM103629,2025-10-30,Varanasi,Truck,29.2,7,2104.0,181.0,54932.0,3.8,Clear,0,8.0,6.85,1502.0,0,0,0,0,0,0,10,3,0,0.421,51.44,-1.15,0,10.913869539809824
SM101175,2025-05-04,Varanasi,Mini Truck,31.5,6,1187.0,117.0,24650.0,4.6,Clear,0,8.0,7.12,1131.0,0,0,0,0,0,0,5,6,1,0.594,35.9,-0.88,0,10.112572746599298
SM105698,2025-09-20,Lucknow,Pickup,40.4,8,618.0,53.0,10086.0,5.7,Rain,0,8.0,6.68,943.0,0,0,0,0,0,0,9,5,1,0.772,23.34,-1.32,0,9.219002745054835
SM102957,2025-06-27,Lucknow,Pickup,27.8,3,488.0,42.0,2918.0,4.0,Clear,0,6.0,4.48,705.0,0,0,0,0,0,0,6,4,0,0.61,25.36,-1.52,0,7.978996370854115
SM104010,2025-05-09,Lucknow,Truck,30.7,5,1443.0,115.0,20505.0,5.2,Rain,0,7.0,7.19,1334.0,0,0,0,0,0,0,5,4,0,0.289,43.45,0.19,1,9.928472805230037
SM100117,2025-02-21,Varanasi,Truck,63.4,9,2257.0,123.0,13826.0,4.4,Clear,0,11.0,9.02,2624.0,0,0,0,0,0,0,2,4,0,0.451,41.39,-1.98,0,9.534378481388618
SM102862,2025-11-01,Varanasi,Mini Truck,21.9,6,1583.0,91.0,14632.0,3.4,Clear,0,7.0,5.21,1067.0,0,0,0,0,0,0,11,5,1,0.792,48.72,-1.79,0,9.591034531092426
SM100879,2025-08-18,Prayagraj,Pickup,18.1,9,384.0,34.0,6011.0,6.5,Rain,0,8.0,8.18,693.0,0,0,0,0,0,0,8,0,0,0.48,38.29,0.18,1,8.701512750872865
SM101029,2025-05-02,Gorakhpur,Mini Truck,19.5,6,916.0,37.0,4209.0,5.2,Clear,0,7.0,5.22,747.0,0,0,0,0,0,0,5,4,0,0.458,38.31,-1.78,0,8.345217926676428
SM100466,2025-03-02,Varanasi,Mini Truck,12.2,4,1225.0,58.0,11508.0,5.2,Clear,1,6.0,5.98,758.0,0,0,0,0,0,0,3,6,1,0.612,62.13,-0.02,0,9.350884616968491
SM105284,2025-12-29,Lucknow,Pickup,24.9,11,262.0,20.0,2196.0,6.9,Clear,0,8.0,8.19,713.0,0,0,0,0,0,0,12,0,0,0.328,28.63,0.19,1,7.69484807238461
SM105689,2025-03-18,Kanpur,Truck,30.9,5,2528.0,120.0,29358.0,4.9,Clear,0,8.0,6.73,1895.0,0,0,0,0,0,0,3,1,0,0.506,61.33,-1.27,0,10.287354422202895
SM103083,2025-03-29,Lucknow,Truck,20.0,3,2782.0,143.0,23401.0,6.0,Clear,0,7.0,6.28,1594.0,0,0,0,0,0,0,3,5,1,0.556,79.7,-0.72,0,10.060576767778903
SM101901,2025-07-13,Prayagraj,Pickup,38.5,7,377.0,43.0,7878.0,3.8,Rain,0,8.0,6.67,847.0,0,0,0,0,0,0,7,6,1,0.471,22.0,-1.33,0,8.971956271245688
SM101975,2025-01-19,Prayagraj,Pickup,26.8,6,264.0,22.0,3108.0,6.0,Clear,0,7.0,5.57,550.0,0,0,0,0,0,0,1,6,1,0.33,20.52,-1.43,0,8.042056410058754
SM100776,2025-06-04,Varanasi,Mini Truck,76.4,4,966.0,55.0,4477.0,5.5,Clear,0,9.0,8.55,1757.0,0,0,0,1,0,0,6,2,0,0.483,23.0,-0.45,0,8.4069317971587
SM104664,2025-04-25,Lucknow,Pickup,31.4,9,520.0,58.0,6650.0,6.5,Clear,0,8.0,6.56,846.0,0,0,0,0,0,0,4,4,0,0.65,26.94,-1.44,0,8.802522498284421
SM101786,2025-03-14,Prayagraj,Mini Truck,48.4,6,962.0,64.0,15125.0,4.1,Clear,1,8.0,7.27,1295.0,0,0,0,0,0,0,3,4,0,0.481,26.76,-0.73,0,9.624170396415975
SM105463,2025-04-20,Kanpur,Truck,14.4,9,4130.0,193.0,57796.0,8.0,Clear,0,9.0,9.05,2114.0,0,0,0,0,0,0,4,6,1,0.826,146.81,0.05,1,10.96469215019927
SM105188,2025-10-26,Varanasi,Pickup,45.6,7,462.0,15.0,3292.0,4.7,Fog,0,8.0,8.27,872.0,0,1,0,0,0,0,10,6,1,0.578,19.12,0.27,1,8.099554282376364
SM100084,2025-08-18,Kanpur,Pickup,25.0,9,496.0,53.0,7097.0,5.3,Clear,0,8.0,5.54,715.0,0,0,0,0,0,0,8,0,0,0.62,28.6,-2.46,0,8.867568333206442
SM101665,2025-05-25,Prayagraj,Truck,34.0,7,2592.0,137.0,14068.0,6.2,Clear,0,9.0,7.65,1893.0,0,0,0,0,0,0,5,6,1,0.518,55.68,-1.35,0,9.551729074377214
SM103487,2025-12-16,Varanasi,Truck,21.7,2,2018.0,82.0,18075.0,5.9,Fog,0,6.0,7.89,1357.0,0,0,0,0,0,0,12,1,0,0.404,62.53,1.89,1,9.802340370531171
SM105184,2025-10-12,Prayagraj,Pickup,75.5,4,687.0,32.0,3550.0,3.6,Rain,0,9.0,8.33,1167.0,0,0,0,0,0,0,10,6,1,0.859,15.46,-0.67,0,8.174984532943087
SM102789,2025-11-01,Prayagraj,Truck,53.1,5,1531.0,67.0,6197.0,1.0,Clear,0,9.0,5.82,1978.0,0,0,0,0,0,0,11,5,1,0.306,37.25,-3.18,0,8.731981938347694
SM104851,2025-09-22,Kanpur,Mini Truck,33.6,4,1037.0,80.0,17884.0,6.6,Rain,0,7.0,6.57,1033.0,0,0,0,0,0,0,9,0,0,0.518,30.74,-0.43,0,9.791717651693117
SM102143,2025-08-11,Gorakhpur,Mini Truck,25.2,6,566.0,43.0,9366.0,5.0,Rain,0,7.0,7.47,881.0,0,0,0,1,0,0,8,0,0,0.283,34.96,0.47,1,9.14494815320913
SM102199,2025-03-03,Varanasi,Pickup,24.8,4,682.0,63.0,3986.0,4.5,Clear,0,6.0,5.63,707.0,0,0,0,0,0,0,3,0,0,0.852,28.51,-0.37,0,8.290794347381356
SM100511,2025-09-30,Varanasi,Mini Truck,45.8,6,526.0,34.0,7005.0,4.4,Rain,0,8.0,7.55,1121.0,0,0,0,0,0,0,9,1,0,0.263,24.48,-0.45,0,8.854522203757432
SM103209,2025-03-27,Kanpur,Pickup,38.4,8,215.0,12.0,3667.0,5.8,Clear,0,8.0,6.97,851.0,0,0,0,0,0,0,3,3,0,0.269,22.16,-1.03,0,8.207401833376355
SM102220,2025-12-12,Lucknow,Pickup,20.8,12,413.0,29.0,6523.0,4.9,Rain,0,9.0,8.86,901.0,0,0,0,0,0,0,12,4,0,0.516,43.32,-0.14,0,8.783242963740905
SM105366,2025-02-01,Lucknow,Truck,37.7,8,1611.0,96.0,16574.0,4.0,Clear,0,9.0,6.42,1775.0,0,0,0,0,0,0,2,5,1,0.322,47.08,-2.58,0,9.715650815054063
SM104626,2025-01-02,Gorakhpur,Mini Truck,31.3,7,1319.0,156.0,33546.0,3.0,Clear,0,8.0,5.58,1203.0,0,0,0,0,0,0,1,3,0,0.66,38.43,-2.42,0,10.420702719623787
SM105398,2025-12-08,Gorakhpur,Pickup,18.4,5,409.0,24.0,1807.0,6.1,Fog,0,6.0,7.28,560.0,0,0,0,0,0,0,12,0,0,0.511,30.43,1.28,1,7.4999765409521215
SM104861,2025-10-30,Lucknow,Truck,41.8,6,2241.0,156.0,19658.0,6.1,Clear,0,9.0,8.47,2003.0,0,0,0,0,0,0,10,3,0,0.448,47.92,-0.53,0,9.886290527707606
SM102783,2025-11-02,Kanpur,Truck,18.6,4,2309.0,280.0,40126.0,5.1,Rain,0,7.0,7.66,1485.0,0,0,0,0,0,0,11,6,1,0.462,79.84,0.66,1,10.599804703426894
SM102002,2025-05-26,Kanpur,Truck,47.8,7,2184.0,94.0,7973.0,5.6,Clear,0,9.0,8.37,2109.0,0,0,1,0,0,0,5,0,0,0.437,44.12,-0.63,0,8.983941527941301
SM105941,2025-06-21,Lucknow,Mini Truck,39.9,9,997.0,104.0,14654.0,8.3,Rain,0,9.0,8.97,1340.0,0,0,0,0,0,0,6,5,1,0.498,33.58,-0.03,0,9.592536853144992
SM103666,2025-08-03,Kanpur,Pickup,53.2,7,501.0,44.0,4807.0,6.8,Rain,0,9.0,9.41,1006.0,0,0,0,0,0,0,8,6,1,0.626,18.91,0.41,1,8.478036476215044
SM105566,2025-03-22,Gorakhpur,Mini Truck,94.3,4,1376.0,66.0,11913.0,5.8,Clear,0,10.0,8.38,2085.0,0,0,0,0,0,0,3,5,1,0.688,22.11,-1.62,0,9.385469458188632
SM104470,2025-05-27,Lucknow,Pickup,27.0,5,483.0,20.0,6018.0,5.7,Clear,0,7.0,6.03,669.0,0,0,0,0,0,0,5,1,0,0.604,24.78,-0.97,0,8.70267641154777
SM101633,2025-11-18,Lucknow,Truck,29.3,7,3143.0,340.0,82353.5,6.0,Clear,0,9.0,7.01,1985.0,0,0,0,0,0,0,11,1,0,0.629,67.75,-1.99,0,11.318788378921557
SM105468,2025-07-21,Varanasi,Pickup,90.9,7,283.0,13.0,3540.0,4.9,Clear,0,11.0,9.09,1436.0,0,0,0,0,0,0,7,0,0,0.354,15.8,-1.91,0,8.172164452111904
SM102757,2025-08-20,Prayagraj,Truck,40.6,6,3622.0,373.0,62139.0,7.9,Rain,0,9.0,10.12,2502.0,0,0,0,0,0,0,8,2,0,0.724,61.63,1.12,1,11.037145182947038
SM102859,2025-06-12,Lucknow,Pickup,21.5,6,569.0,23.0,6265.0,6.1,Fog,0,7.0,8.03,663.0,0,0,0,0,0,0,6,3,0,0.711,30.84,1.03,1,8.742893471512136
SM101184,2025-06-03,Gorakhpur,Mini Truck,49.3,3,1235.0,114.0,19901.0,4.6,Clear,0,8.0,6.63,1316.0,0,0,0,0,0,0,6,1,0,0.618,26.69,-1.37,0,9.898575508175107
SM103122,2025-06-22,Varanasi,Mini Truck,45.3,7,1537.0,172.0,28295.0,5.0,Clear,0,9.0,6.56,1494.0,0,0,0,0,0,0,6,6,1,0.768,32.98,-2.44,0,10.250475730885316
SM103184,2025-08-18,Lucknow,Pickup,31.1,9,269.0,15.0,3424.0,5.6,Rain,0,8.0,8.29,743.0,0,0,1,0,0,0,8,0,0,0.336,23.89,0.29,1,8.138856750696325
SM102055,2025-05-14,Lucknow,Pickup,54.3,8,298.0,17.0,3209.0,7.0,Rain,0,9.0,9.52,1052.0,0,0,0,0,0,0,5,2,0,0.372,19.37,0.52,1,8.07402621612406
SM104334,2025-12-01,Prayagraj,Pickup,38.8,8,474.0,40.0,6786.0,6.0,Clear,0,8.0,6.7,794.0,0,0,0,0,0,0,12,0,0,0.592,20.46,-1.3,0,8.822764296703758
SM104083,2025-10-15,Lucknow,Truck,18.7,8,3323.0,240.0,82353.5,3.9,Clear,0,9.0,7.37,1985.0,0,0,0,0,0,0,10,2,0,0.665,106.15,-1.63,0,11.318788378921557
SM100127,2025-10-07,Lucknow,Pickup,27.0,8,331.0,15.0,2122.0,7.0,Clear,0,8.0,5.11,807.0,0,0,0,0,0,0,10,1,0,0.414,29.89,-2.89,0,7.660585461703256
SM104450,2025-11-10,Lucknow,Truck,22.0,6,3016.0,182.0,39578.0,2.9,Clear,0,8.0,6.85,1998.0,0,0,0,0,0,0,11,0,0,0.603,90.82,-1.15,0,10.586053953551886
SM100164,2025-06-02,Varanasi,Truck,45.2,9,3391.0,207.0,17962.0,5.3,Clear,0,10.0,9.55,2611.0,0,0,0,0,0,0,6,0,0,0.678,57.77,-0.45,0,9.796069365768835
SM105792,2025-05-24,Prayagraj,Mini Truck,47.4,4,729.0,30.0,5409.0,9.6,Clear,1,8.0,6.61,1191.0,0,0,0,0,0,0,5,5,1,0.364,25.13,-1.39,0,8.596004371840527
SM101510,2025-05-02,Varanasi,Mini Truck,53.6,5,1206.0,49.0,7274.0,7.3,Clear,0,8.0,8.07,1383.0,0,0,0,0,0,0,5,4,0,0.603,25.8,0.07,1,8.892199092039693
SM103199,2025-04-07,Gorakhpur,Mini Truck,68.4,7,1096.0,95.0,6778.0,6.7,Rain,0,10.0,9.81,1754.0,0,0,0,0,0,0,4,0,0,0.548,25.64,-0.19,0,8.821584877430965
SM102540,2025-04-16,Gorakhpur,Mini Truck,97.1,3,1005.0,74.0,4370.0,6.1,Clear,0,10.0,9.78,1963.0,0,0,0,0,0,0,4,2,0,0.502,20.22,-0.22,0,8.382747094863314
SM100472,2025-06-07,Varanasi,Truck,28.0,5,2376.0,96.0,48108.0,6.4,Clear,1,8.0,8.29,1667.0,0,0,0,0,0,0,6,5,1,0.475,59.54,0.29,1,10.781224548778034
SM101997,2025-12-29,Prayagraj,Pickup,35.3,4,462.0,27.0,5108.0,8.0,Fog,0,7.0,7.48,664.0,0,1,0,0,0,0,12,0,0,0.578,18.81,0.48,1,8.538758969330798
SM100018,2025-11-03,Prayagraj,Pickup,34.6,12,663.0,52.0,6082.0,6.7,Clear,0,10.0,7.96,1031.0,0,0,0,0,0,0,11,0,0,0.829,29.8,-2.04,0,8.713253274320705
SM103952,2025-09-23,Lucknow,Truck,42.8,5,1832.0,116.0,22095.0,5.3,Fog,0,8.0,7.42,1800.0,0,0,0,0,0,0,9,1,0,0.366,42.06,-0.58,0,10.003151875649074
SM102956,2025-02-06,Varanasi,Truck,43.3,6,3180.0,284.0,38282.0,6.0,Clear,0,9.0,8.3,2406.0,0,0,0,0,0,0,2,3,0,0.636,55.57,-0.7,0,10.552761212402086
SM102042,2025-09-30,Prayagraj,Pickup,33.2,7,568.0,28.0,6301.0,3.5,Rain,0,8.0,7.22,817.0,0,0,0,0,0,0,9,1,0,0.71,24.61,-0.78,0,8.74862232231722
SM105158,2025-02-20,Lucknow,Truck,27.5,4,3394.0,193.0,53986.0,7.4,Rain,1,8.0,10.77,1910.0,0,0,0,0,0,0,2,3,0,0.679,69.45,2.77,1,10.896498555822967
SM102137,2025-01-09,Lucknow,Truck,25.4,9,1507.0,92.0,45655.0,5.6,Fog,0,10.0,9.47,2240.0,1,0,1,0,0,0,1,3,0,0.301,88.19,-0.53,0,10.728890312216544
SM101025,2025-01-21,Gorakhpur,Truck,59.0,8,2416.0,132.0,22113.0,5.1,Rain,0,10.0,9.98,2585.0,0,0,0,0,0,0,1,1,0,0.483,43.81,-0.02,0,10.003966171102347
SM100097,2025-09-07,Prayagraj,Mini Truck,37.5,9,831.0,35.0,7190.0,1.7,Rain,0,9.0,7.27,1192.0,0,0,0,0,0,0,9,6,1,0.416,31.79,-1.73,0,8.880585523102495
SM105477,2025-09-15,Prayagraj,Pickup,24.1,6,423.0,41.0,3416.0,8.5,Rain,0,7.0,6.74,587.0,0,0,0,0,0,0,9,0,0,0.529,24.36,-0.26,0,8.136518252115291
SM103114,2025-05-14,Prayagraj,Mini Truck,12.4,4,772.0,72.0,13093.0,5.6,Clear,0,6.0,4.04,584.0,0,0,0,0,0,0,5,2,0,0.386,47.1,-1.96,0,9.479909389001037
SM105119,2025-01-12,Kanpur,Truck,56.0,5,2553.0,144.0,6654.0,4.8,Clear,0,9.0,7.52,2389.0,0,0,0,0,0,0,1,6,1,0.511,42.66,-1.48,0,8.803123730829212
SM102835,2025-07-18,Lucknow,Pickup,29.7,6,443.0,40.0,9568.0,8.6,Clear,0,7.0,6.66,698.0,0,0,0,0,0,0,7,4,0,0.554,23.5,-0.34,0,9.166283985779263
SM103161,2025-11-21,Varanasi,Truck,16.4,7,2078.0,121.0,79647.0,4.9,Clear,0,8.0,6.95,1353.0,0,0,0,0,0,0,11,4,0,0.416,82.5,-1.05,0,11.285372205167318
SM100449,2025-04-15,Kanpur,Pickup,48.3,8,395.0,47.0,14299.0,7.2,Clear,0,9.0,7.12,883.0,0,0,0,0,0,0,4,1,0,0.494,18.28,-1.88,0,9.568014816247999
SM100550,2025-10-21,Kanpur,Mini Truck,66.4,3,1158.0,104.0,20736.0,5.5,Clear,1,8.0,7.96,2365.0,0,0,0,0,0,1,10,1,0,0.579,35.62,-0.04,0,9.93967482329784
SM104372,2025-03-24,Varanasi,Truck,48.0,4,1861.0,86.0,16521.0,6.0,Clear,0,8.0,7.79,2031.0,0,0,0,0,0,0,3,0,0,0.372,42.31,-0.21,0,9.712448105122451
SM103744,2025-03-30,Lucknow,Mini Truck,43.0,6,1474.0,80.0,8897.0,7.3,Clear,0,8.0,6.29,1357.0,0,0,0,0,0,0,3,6,1,0.737,31.56,-1.71,0,9.093581811365986
SM100178,2025-11-25,Lucknow,Pickup,34.5,6,333.0,13.0,2011.0,2.3,Clear,0,7.0,5.45,685.0,0,0,0,0,0,0,11,1,0,0.416,19.86,-1.55,0,7.60688453121963
SM104529,2025-07-25,Lucknow,Mini Truck,23.6,7,1368.0,69.0,7828.0,4.1,Rain,0,8.0,7.53,1072.0,0,0,0,0,0,0,7,4,0,0.684,45.42,-0.47,0,8.965590066907914
SM103654,2025-09-02,Varanasi,Pickup,18.2,6,414.0,35.0,6399.0,5.5,Rain,0,7.0,6.72,530.0,0,0,0,0,0,0,9,1,0,0.518,29.12,-0.28,0,8.764053269347762
SM101340,2025-07-14,Lucknow,Pickup,12.5,12,534.0,39.0,8223.0,4.9,Rain,0,8.0,8.97,815.0,0,0,0,0,0,0,7,0,0,0.668,65.2,0.97,1,9.014811987694946
SM105944,2025-04-03,Kanpur,Pickup,35.4,5,164.0,7.0,1646.0,3.8,Clear,0,7.0,5.41,620.0,0,0,0,0,0,0,4,3,0,0.205,17.51,-1.59,0,7.4067107301776405
SM103548,2025-04-23,Kanpur,Mini Truck,71.8,6,1161.0,110.0,28675.0,5.9,Clear,0,10.0,7.97,1869.0,0,1,0,0,0,0,4,2,0,0.58,26.03,-2.03,0,10.263815814972762
SM103520,2025-10-29,Gorakhpur,Pickup,30.6,9,711.0,45.0,22834.0,6.0,Clear,0,8.0,7.32,928.0,0,0,0,0,0,0,10,2,0,0.889,30.33,-0.68,0,10.0360497256191
SM101591,2025-05-07,Prayagraj,Mini Truck,33.9,10,738.0,55.0,4306.0,7.6,Clear,0,9.0,8.41,1110.0,0,0,0,0,0,0,5,2,0,0.369,32.74,-0.59,0,8.36799688505411
SM101516,2025-06-26,Prayagraj,Pickup,12.4,8,467.0,24.0,5200.0,4.9,Clear,0,7.0,5.0,565.0,0,0,0,0,0,0,6,3,0,0.584,45.56,-2.0,0,8.556606193773073
SM100741,2025-10-06,Lucknow,Pickup,44.0,6,750.0,48.0,5949.0,6.7,Rain,0,8.0,9.12,1045.0,0,0,0,0,0,0,10,0,0,0.938,23.75,1.12,1,8.691146498539675
SM104963,2025-03-27,Varanasi,Truck,54.8,6,3119.0,166.0,56964.0,7.8,Clear,0,10.0,9.9,2692.0,0,0,0,0,0,0,3,3,0,0.624,49.12,-0.1,0,10.950192323132216
SM101769,2025-03-13,Varanasi,Mini Truck,44.4,8,1327.0,104.0,16803.0,7.3,Clear,0,9.0,7.1,1471.0,0,0,0,0,0,0,3,3,0,0.664,33.13,-1.9,0,9.729372232289272
SM105658,2025-07-10,Varanasi,Pickup,13.8,7,377.0,19.0,5494.0,6.5,Rain,0,7.0,7.57,580.0,0,0,0,0,0,0,7,3,0,0.471,42.03,0.57,1,8.611593866837723
SM100483,2025-10-18,Varanasi,Pickup,47.4,8,404.0,29.0,5675.0,2.9,Rain,0,9.0,7.91,921.0,0,0,0,0,0,0,10,5,1,0.505,19.43,-1.09,0,8.644002038279933
SM105730,2025-11-01,Lucknow,Pickup,39.2,10,380.0,26.0,2631.0,5.1,Clear,0,9.0,7.58,945.0,0,0,0,0,0,0,11,5,1,0.475,24.11,-1.42,0,7.875499292445208
SM102810,2025-07-07,Prayagraj,Mini Truck,9.7,4,1300.0,95.0,19411.0,8.5,Clear,0,6.0,6.65,795.0,0,0,0,0,0,0,7,0,0,0.65,81.96,0.65,1,9.873646710525106
SM102021,2025-08-29,Kanpur,Truck,23.2,9,1113.0,100.0,25183.0,1.0,Rain,0,8.0,7.18,1297.0,0,0,0,0,0,0,8,4,0,0.223,55.91,-0.82,0,10.13396415121713
SM101910,2025-01-28,Lucknow,Pickup,48.2,3,363.0,16.0,2909.0,3.3,Clear,0,7.0,5.85,873.0,0,0,0,0,0,0,1,1,0,0.454,18.11,-1.15,0,7.975908360165538
SM102485,2025-05-12,Gorakhpur,Truck,49.6,10,2382.0,135.0,43101.0,5.1,Clear,0,10.0,9.6,2483.0,0,0,0,0,0,0,5,0,0,0.476,50.06,-0.4,0,10.671324678727517
SM100780,2025-11-17,Lucknow,Mini Truck,16.4,7,1038.0,84.0,4726.0,7.3,Clear,0,7.0,6.65,860.0,0,0,0,0,0,0,11,0,0,0.519,52.44,-0.35,0,8.461046030793236
SM104644,2025-01-10,Varanasi,Mini Truck,35.849999999999994,10,874.0,80.0,21136.0,6.4,Clear,0,7.0,6.28,751.0,1,0,0,0,0,0,1,4,0,0.437,20.95,-0.72,0,9.958780338284837
SM100077,2025-03-24,Varanasi,Truck,81.5,7,3669.0,151.0,43326.0,5.6,Clear,0,12.0,12.55,3498.0,0,0,0,0,0,0,3,0,0,0.734,42.92,0.55,1,10.676531276241942
SM104878,2025-09-03,Gorakhpur,Mini Truck,44.3,5,747.0,32.0,3170.0,7.4,Clear,0,8.0,6.25,1164.0,0,0,0,0,0,0,9,2,0,0.374,26.28,-1.75,0,8.061802274538348
SM101889,2025-06-14,Gorakhpur,Truck,24.8,4,1034.0,61.0,14064.0,6.5,Fog,0,7.0,7.08,1111.0,0,0,0,0,0,0,6,5,1,0.207,44.8,0.08,1,9.551444720923957
SM105103,2025-07-02,Kanpur,Mini Truck,10.3,10,1002.0,78.0,16400.0,6.5,Clear,0,8.0,6.96,776.0,0,0,0,0,0,0,7,2,0,0.501,75.34,-1.04,0,9.70509758756311
SM105635,2025-08-06,Prayagraj,Mini Truck,45.1,6,1193.0,60.0,11112.0,6.3,Rain,0,8.0,7.36,1358.0,0,0,0,0,0,0,8,2,0,0.596,30.11,-0.64,0,9.315870873185647
SM100673,2025-02-04,Prayagraj,Mini Truck,30.1,2,1523.0,147.0,28674.0,7.2,Clear,0,7.0,4.81,1087.0,0,0,0,0,0,0,2,1,0,0.762,36.11,-2.19,0,10.263780941997572
SM102203,2025-05-03,Prayagraj,Pickup,29.5,9,341.0,42.0,5719.0,4.3,Clear,0,8.0,5.78,883.0,0,0,0,0,0,0,5,5,1,0.426,29.93,-2.22,0,8.651724084373843
SM100458,2025-11-03,Lucknow,Mini Truck,21.4,6,1882.0,197.0,40729.0,5.4,Rain,0,8.0,6.62,1206.0,0,0,0,0,0,0,11,0,0,0.941,56.36,-1.38,0,10.614720200642457
SM105363,2025-11-08,Prayagraj,Mini Truck,18.0,6,801.0,72.0,14706.0,5.5,Clear,0,7.0,5.28,811.0,0,0,0,0,0,0,11,5,1,0.4,45.06,-1.72,0,9.596078849900314
SM100752,2025-02-01,Prayagraj,Truck,34.1,4,2311.0,264.0,82353.5,6.3,Clear,1,8.0,8.35,1868.0,0,0,0,0,0,0,2,5,1,0.462,54.78,0.35,1,11.318788378921557
SM100121,2025-09-01,Prayagraj,Truck,60.7,6,1285.0,86.0,26678.0,4.9,Rain,0,9.0,9.07,2125.0,0,0,0,0,0,0,9,0,0,0.257,35.01,0.07,1,10.19163201806775
SM103637,2025-07-02,Varanasi,Mini Truck,62.2,7,1110.0,52.0,5831.0,7.6,Rain,0,10.0,10.11,1603.0,0,0,0,0,0,0,7,2,0,0.555,25.77,0.11,1,8.671115273688494
SM100699,2025-02-04,Prayagraj,Pickup,32.8,7,540.0,27.0,3102.0,3.6,Clear,0,8.0,5.77,726.0,1,0,0,1,0,0,2,1,0,0.675,22.13,-2.23,0,8.04012466444838
SM102924,2025-06-04,Varanasi,Mini Truck,41.6,8,1039.0,103.0,9517.0,7.2,Clear,0,9.0,7.55,1241.0,0,0,0,0,0,0,6,2,0,0.52,29.83,-1.45,0,9.160940021681055
SM105408,2025-07-24,Gorakhpur,Mini Truck,70.4,7,1772.0,92.0,18367.0,6.7,Clear,0,10.0,8.42,1940.0,0,0,0,0,0,0,7,3,0,0.886,27.56,-1.58,0,9.818365299119293
SM101492,2025-01-11,Gorakhpur,Mini Truck,80.5,4,629.0,69.0,16673.0,6.9,Clear,0,9.0,8.21,1642.0,0,0,0,0,0,0,1,5,1,0.314,20.4,-0.79,0,9.721605898970559
SM101948,2025-01-01,Varanasi,Mini Truck,74.9,8,746.0,56.0,4185.0,4.6,Rain,0,10.0,8.77,1753.0,0,0,0,0,0,0,1,2,0,0.373,23.4,-1.23,0,8.339500903005945
SM102086,2025-09-25,Kanpur,Pickup,28.3,7,220.0,12.0,2427.0,8.4,Clear,0,7.0,5.18,754.0,0,0,0,0,0,0,9,3,0,0.275,26.64,-1.82,0,7.794823152179389
SM103365,2025-10-01,Prayagraj,Mini Truck,17.9,6,902.0,74.0,10256.0,9.0,Rain,0,7.0,7.57,833.0,0,0,0,0,0,0,10,2,0,0.451,46.54,0.57,1,9.235715678307411
SM100031,2025-03-24,Lucknow,Mini Truck,12.8,7,554.0,47.0,7543.0,5.7,Clear,0,7.0,6.42,723.0,0,0,0,0,0,0,3,0,0,0.277,56.48,-0.58,0,8.928507824313293
SM102154,2025-09-15,Lucknow,Truck,18.5,7,2743.0,115.0,33179.0,5.5,Clear,0,8.0,7.56,1675.0,0,0,0,0,0,0,9,0,0,0.549,90.54,-0.44,0,10.409702563744435
SM102758,2025-05-12,Lucknow,Pickup,29.6,5,659.0,48.0,14583.0,3.1,Clear,0,7.0,4.34,776.0,0,0,0,0,0,0,5,0,0,0.824,26.22,-2.66,0,9.5876803163585
SM100069,2025-06-21,Prayagraj,Mini Truck,21.2,8,1097.0,125.0,53636.0,5.1,Clear,0,8.0,5.98,969.0,0,0,0,0,0,0,6,5,1,0.548,45.71,-2.02,0,10.88999440741993
SM101449,2025-02-07,Lucknow,Mini Truck,38.2,6,1483.0,78.0,18375.0,8.1,Clear,0,8.0,8.64,1383.0,0,0,0,0,0,0,2,4,0,0.742,36.2,0.64,1,9.818800744368934
SM105215,2025-03-26,Lucknow,Pickup,25.2,5,540.0,45.0,9190.0,4.7,Clear,0,7.0,5.52,896.0,1,0,0,0,0,0,3,2,0,0.675,35.56,-1.48,0,9.12598002335811
SM105922,2025-08-28,Lucknow,Pickup,11.6,7,494.0,21.0,6251.0,2.9,Rain,0,7.0,6.33,578.0,0,0,0,0,0,0,8,3,0,0.618,49.83,-0.67,0,8.740656691541368
SM103175,2025-07-23,Gorakhpur,Mini Truck,37.4,9,1477.0,138.0,16108.0,6.5,Rain,0,9.0,9.36,1424.0,0,0,0,0,0,0,7,2,0,0.738,38.07,0.36,1,9.687133400997965
SM103627,2025-03-28,Varanasi,Truck,11.3,2,3588.0,381.0,82353.5,7.2,Clear,0,7.0,6.96,1569.0,0,0,0,0,0,0,3,4,0,0.718,138.85,-0.04,0,11.318788378921557
SM103877,2025-03-31,Prayagraj,Pickup,29.2,7,409.0,37.0,5945.0,3.6,Clear,1,8.0,7.28,814.0,0,0,0,0,0,0,3,0,0,0.511,27.88,-0.72,0,8.690474003558043
SM103959,2025-03-20,Gorakhpur,Pickup,59.7,7,583.0,58.0,5262.0,5.8,Fog,0,9.0,8.41,1278.0,0,0,0,0,0,0,3,3,0,0.729,21.41,-0.59,0,8.56845648535378
SM105804,2025-04-23,Kanpur,Mini Truck,19.4,3,1169.0,88.0,24559.0,7.6,Clear,0,6.0,5.96,990.0,0,0,0,0,0,0,4,2,0,0.584,51.03,-0.04,0,10.108874382261078
SM103221,2025-04-03,Lucknow,Mini Truck,28.8,6,1526.0,61.0,24832.0,7.2,Rain,0,8.0,8.55,1151.0,0,0,0,0,0,0,4,3,0,0.763,39.97,0.55,1,10.119928692790662
SM103146,2025-08-23,Kanpur,Pickup,12.1,6,399.0,23.0,5956.0,2.9,Clear,0,6.0,5.52,480.0,0,0,0,0,0,0,8,5,1,0.499,39.67,-0.48,0,8.692322277628687
SM101531,2025-01-04,Prayagraj,Mini Truck,34.4,3,1760.0,96.0,18861.0,4.5,Clear,0,7.0,5.84,1278.0,0,0,0,0,0,0,1,5,1,0.88,37.15,-1.16,0,9.84490459510383
SM105338,2025-05-23,Prayagraj,Mini Truck,49.3,6,1016.0,109.0,39376.0,5.6,Rain,0,8.0,8.4,1268.0,0,0,1,0,0,0,5,4,0,0.508,25.72,0.4,1,10.580937168488774
SM102432,2025-03-01,Varanasi,Pickup,55.5,5,426.0,26.0,5567.0,7.0,Clear,0,8.0,6.44,831.0,0,0,0,0,0,0,3,5,1,0.532,14.97,-1.56,0,8.624791202014256
SM104361,2025-10-14,Kanpur,Pickup,26.5,6,185.0,21.0,3760.0,8.0,Clear,0,7.0,5.96,494.0,0,0,0,0,0,0,10,1,0,0.231,18.64,-1.04,0,8.232440158470336
SM103574,2025-12-14,Prayagraj,Truck,28.2,4,3691.0,175.0,31845.0,7.6,Fog,0,8.0,8.95,2070.0,0,0,0,0,0,0,12,6,1,0.738,73.4,0.95,1,10.368667064416371
SM103182,2025-09-30,Kanpur,Pickup,32.6,5,289.0,12.0,552.0,6.5,Clear,0,7.0,5.8,669.0,0,0,0,0,0,0,9,1,0,0.361,20.52,-1.2,0,6.315358001522335
SM101912,2025-01-02,Prayagraj,Mini Truck,16.6,8,1472.0,153.0,18131.0,4.3,Clear,0,8.0,5.53,991.0,0,0,0,0,0,0,1,3,0,0.736,59.7,-2.47,0,9.80543361206074
SM100504,2025-04-11,Varanasi,Truck,16.5,6,1724.0,70.0,10994.0,5.8,Clear,0,7.0,6.42,1237.0,0,0,0,0,0,0,4,4,0,0.345,74.97,-0.58,0,9.305195902988862
SM100339,2025-12-14,Varanasi,Mini Truck,20.2,8,1385.0,56.0,11738.0,5.0,Clear,0,8.0,5.35,1148.0,0,0,0,0,0,0,12,6,1,0.692,56.83,-2.65,0,9.370671910878523
SM104910,2025-12-12,Gorakhpur,Truck,19.6,2,1527.0,65.0,9488.0,5.5,Clear,0,6.0,4.81,1072.0,0,0,0,0,0,0,12,4,0,0.305,54.69,-1.19,0,9.15788851197376
SM103580,2025-11-18,Kanpur,Mini Truck,25.8,5,1246.0,147.0,32042.0,4.4,Clear,0,7.0,4.19,996.0,0,0,0,0,0,0,11,1,0,0.623,38.6,-2.81,0,10.374834029757805
SM105723,2025-07-11,Kanpur,Mini Truck,17.6,4,1063.0,96.0,14520.0,6.1,Rain,0,6.0,5.99,773.0,0,0,0,0,0,0,7,4,0,0.532,43.92,-0.01,0,9.583351156530737
SM100798,2025-04-26,Prayagraj,Pickup,11.4,5,397.0,22.0,4344.0,6.2,Clear,0,6.0,5.24,393.0,0,0,0,0,0,0,4,5,1,0.496,34.47,-0.76,0,8.376781037699493
SM105026,2025-04-03,Prayagraj,Pickup,22.8,7,563.0,29.0,5598.0,6.9,Clear,0,7.0,7.0,624.0,0,0,0,0,1,0,4,3,0,0.704,27.37,0.0,0,8.630343289348893
SM104840,2025-10-06,Kanpur,Mini Truck,26.8,5,1253.0,145.0,15042.0,6.1,Clear,0,7.0,6.39,1061.0,0,0,0,0,0,0,10,0,0,0.626,39.59,-0.61,0,9.618668045697824
SM105074,2025-02-22,Gorakhpur,Mini Truck,69.4,6,1491.0,176.0,55074.0,7.4,Clear,0,10.0,9.92,1810.0,0,0,0,1,0,0,2,5,1,0.746,26.08,-0.08,0,10.916451171670543
SM105910,2025-03-13,Prayagraj,Pickup,11.1,8,315.0,17.0,4976.0,4.2,Clear,0,7.0,5.9,460.0,0,0,0,0,0,0,3,3,0,0.394,41.44,-1.1,0,8.512582578858554
SM105880,2025-02-26,Kanpur,Truck,26.4,5,3405.0,203.0,47534.0,7.6,Clear,1,8.0,8.67,2051.0,0,0,0,1,0,0,2,2,0,0.681,77.69,0.67,1,10.769221560793131
SM100061,2025-09-29,Prayagraj,Pickup,40.3,3,579.0,34.0,6463.0,3.9,Clear,0,7.0,4.56,661.0,0,0,0,0,0,0,9,0,0,0.724,16.4,-2.44,0,8.774003600200931
SM101775,2025-02-17,Lucknow,Truck,35.4,5,926.0,39.0,4409.0,3.9,Rain,0,7.0,7.27,1332.0,0,0,0,0,0,0,2,0,0,0.185,37.63,0.27,1,8.391629968440892
SM102845,2025-06-16,Gorakhpur,Pickup,44.8,2,615.0,61.0,26469.0,4.5,Clear,0,7.0,5.08,820.0,0,0,0,0,0,0,6,0,0,0.769,18.3,-1.92,0,10.183767295221147
SM102460,2025-05-05,Varanasi,Pickup,12.9,5,530.0,28.0,8973.0,5.2,Clear,0,6.0,4.59,636.0,0,0,0,0,0,0,5,0,0,0.662,49.3,-1.41,0,9.102086786535928
SM104237,2025-02-09,Varanasi,Truck,31.0,9,2916.0,142.0,11080.0,7.1,Clear,0,9.0,9.21,2006.0,0,0,0,0,0,0,2,6,1,0.583,64.71,0.21,1,9.312987208936326
SM105894,2025-07-16,Prayagraj,Mini Truck,28.1,5,132.0,10.0,1941.0,6.6,Rain,0,7.0,6.29,721.0,0,0,0,0,0,0,7,2,0,0.066,25.66,-0.71,0,7.571473648851271
SM101567,2025-08-09,Lucknow,Mini Truck,22.6,8,983.0,51.0,8566.0,4.6,Clear,1,8.0,6.49,979.0,0,0,0,0,0,0,8,5,1,0.492,43.32,-1.51,0,9.055672891964043
SM104289,2025-04-23,Lucknow,Pickup,23.7,4,659.0,28.0,7542.0,5.3,Rain,0,6.0,7.06,653.0,0,0,0,0,0,0,4,2,0,0.824,27.55,1.06,1,8.928375259853631
SM104742,2025-06-06,Kanpur,Pickup,29.2,9,470.0,22.0,9124.0,7.5,Clear,0,8.0,6.18,894.0,0,0,0,0,0,0,6,4,0,0.588,30.62,-1.82,0,9.118773178450692
SM104456,2025-08-04,Kanpur,Pickup,23.8,7,680.0,46.0,11999.0,6.4,Rain,0,7.0,7.8,744.0,0,0,0,0,0,0,8,0,0,0.85,31.26,0.8,1,9.392661928770137
SM102848,2025-04-13,Lucknow,Mini Truck,58.4,6,1105.0,61.0,7834.0,6.5,Fog,0,9.0,8.97,1343.0,0,0,0,0,0,0,4,6,1,0.552,23.0,-0.03,0,8.966356154790121
SM101689,2025-02-04,Kanpur,Mini Truck,18.2,5,795.0,67.0,9093.0,4.4,Clear,0,7.0,4.23,738.0,0,0,0,0,0,0,2,1,0,0.398,40.55,-2.77,0,9.115370134384955
SM104153,2025-12-23,Varanasi,Truck,23.6,5,3014.0,250.0,31100.0,5.9,Fog,0,8.0,7.38,1893.0,0,0,0,0,0,0,12,1,0,0.603,80.21,-0.62,0,10.344995251991222
SM102986,2025-09-30,Lucknow,Pickup,20.5,7,471.0,31.0,11322.0,3.5,Clear,0,7.0,5.55,556.0,0,0,0,0,0,0,9,1,0,0.589,27.12,-1.45,0,9.33459133431404
SM102419,2025-06-02,Prayagraj,Mini Truck,55.9,5,776.0,37.0,6596.0,7.9,Clear,0,8.0,7.22,1339.0,0,0,0,0,0,0,6,0,0,0.388,23.95,-0.78,0,8.794370279222871
SM104454,2025-08-12,Gorakhpur,Truck,42.4,9,2764.0,154.0,31938.0,7.3,Rain,0,10.0,10.3,2232.0,0,0,0,0,0,0,8,1,0,0.553,52.64,0.3,1,10.371583112575056
SM105774,2025-06-29,Varanasi,Mini Truck,24.1,6,1683.0,122.0,28991.0,4.3,Rain,0,8.0,8.85,1204.0,0,0,0,0,0,0,6,6,1,0.842,49.96,0.85,1,10.274775208842707
SM101568,2025-11-28,Varanasi,Truck,13.8,7,2365.0,98.0,82353.5,7.0,Clear,0,8.0,6.94,1472.0,0,0,0,0,0,0,11,4,0,0.473,106.67,-1.06,0,11.318788378921557
SM103965,2025-11-07,Varanasi,Mini Truck,36.7,5,1220.0,57.0,16440.0,5.8,Clear,0,8.0,6.09,1273.0,0,0,0,0,0,0,11,4,0,0.61,34.69,-1.91,0,9.707533494010876
SM102339,2025-02-03,Lucknow,Truck,51.4,6,1985.0,111.0,22041.0,4.9,Clear,0,9.0,7.24,2112.0,0,0,0,0,0,0,2,0,0,0.397,41.09,-1.76,0,10.000705003251488
SM102094,2025-03-01,Gorakhpur,Pickup,81.8,4,559.0,29.0,7129.0,6.3,Clear,0,9.0,7.1,1244.0,0,0,0,0,0,0,3,5,1,0.699,15.21,-1.9,0,8.872066513408342
SM105019,2025-08-23,Varanasi,Truck,21.0,7,2008.0,122.0,27817.0,6.8,Rain,0,8.0,8.0,1341.0,0,0,0,0,0,0,8,5,1,0.402,63.86,0.0,0,10.233438572167076
SM102041,2025-11-22,Lucknow,Mini Truck,21.9,11,1282.0,82.0,8256.0,3.0,Clear,0,9.0,7.5,1358.0,0,0,0,0,0,0,11,5,1,0.641,62.01,-1.5,0,9.01881660441743
SM104373,2025-10-26,Kanpur,Pickup,29.7,1,369.0,39.0,12279.0,6.2,Rain,0,6.0,6.78,542.0,0,0,0,0,0,0,10,6,1,0.461,18.25,0.78,1,9.415727201701133
SM102200,2025-05-14,Lucknow,Pickup,22.8,7,340.0,22.0,7745.0,3.7,Clear,0,7.0,5.99,683.0,0,0,0,0,0,0,5,2,0,0.425,29.96,-1.01,0,8.954931860074698
SM102272,2025-04-19,Kanpur,Mini Truck,15.2,8,1459.0,83.0,32290.0,2.8,Clear,0,8.0,6.04,1047.0,0,0,0,0,0,0,4,5,1,0.73,68.88,-1.96,0,10.382543832613134
SM100381,2025-12-08,Kanpur,Pickup,25.5,7,329.0,19.0,5489.0,7.4,Fog,0,7.0,7.25,674.0,0,0,0,0,0,0,12,0,0,0.411,26.43,0.25,1,8.610683534503575
SM103864,2025-08-19,Varanasi,Pickup,56.7,4,735.0,53.0,11174.0,5.8,Rain,0,8.0,6.96,1026.0,0,0,0,0,0,0,8,1,0,0.919,18.1,-1.04,0,9.32143441948177
SM102412,2025-12-06,Prayagraj,Mini Truck,9.3,10,996.0,84.0,16825.0,6.0,Clear,0,8.0,5.92,912.0,0,0,0,0,0,0,12,5,1,0.498,98.06,-2.08,0,9.73068058811076
SM103912,2025-03-11,Varanasi,Mini Truck,25.3,5,1255.0,68.0,9230.0,5.9,Clear,0,7.0,6.53,996.0,0,0,0,0,0,0,3,1,0,0.628,39.37,-0.47,0,9.130322663990151
SM101390,2025-04-22,Lucknow,Truck,20.6,11,3959.0,168.0,25662.0,8.7,Clear,0,10.0,9.66,2262.0,0,0,0,0,0,0,4,1,0,0.792,109.81,-0.34,0,10.1528055448198
SM105120,2025-10-25,Prayagraj,Pickup,27.4,6,445.0,21.0,2413.0,3.6,Clear,0,7.0,4.46,666.0,0,0,0,0,0,0,10,5,1,0.556,24.31,-2.54,0,7.789040401657477
SM105508,2025-07-27,Gorakhpur,Mini Truck,90.8,7,899.0,97.0,22826.0,5.7,Rain,0,11.0,9.76,1964.0,0,0,0,0,0,0,7,6,1,0.45,21.63,-1.24,0,10.035699324844632
SM103914,2025-10-16,Kanpur,Pickup,15.2,3,456.0,19.0,3446.0,6.5,Clear,0,6.0,4.63,385.0,0,0,0,0,0,0,10,3,0,0.57,25.33,-1.37,0,8.145259566516865
SM101952,2025-01-27,Lucknow,Truck,16.3,5,3634.0,155.0,24815.0,5.0,Clear,0,8.0,6.62,1839.0,0,0,0,0,0,0,1,0,0,0.727,112.82,-1.38,0,10.11924388541632
SM104162,2025-07-25,Varanasi,Mini Truck,42.9,7,1450.0,149.0,19965.0,4.4,Clear,0,9.0,6.29,1408.0,0,0,0,0,0,0,7,4,0,0.725,32.82,-2.71,0,9.90178610589637
SM105151,2025-08-15,Varanasi,Mini Truck,35.849999999999994,10,873.0,42.0,16720.0,4.9,Rain,0,10.0,9.11,1555.0,1,0,0,0,0,0,8,4,0,0.436,43.38,-0.89,0,9.724420693462669
SM102915,2025-06-09,Varanasi,Mini Truck,33.2,8,1280.0,120.0,29357.0,6.6,Clear,0,8.0,7.05,1269.0,0,0,0,0,0,0,6,0,0,0.64,38.22,-0.95,0,10.287320360517178
SM102342,2025-07-19,Kanpur,Mini Truck,30.6,9,952.0,66.0,12737.0,4.3,Rain,1,8.0,9.2,1176.0,0,0,0,0,0,0,7,5,1,0.476,38.43,1.2,1,9.45234493093131
SM104209,2025-08-10,Varanasi,Pickup,6.8,7,331.0,16.0,3984.0,5.3,Rain,0,6.0,5.0,405.0,0,0,0,0,0,0,8,6,1,0.414,59.56,-1.0,0,8.290292591224315
SM100245,2025-01-31,Varanasi,Pickup,39.8,2,618.0,29.0,7574.0,7.7,Rain,0,7.0,8.0,753.0,0,0,0,0,0,0,1,4,0,0.772,18.92,1.0,1,8.93260863037757
SM101439,2025-12-15,Prayagraj,Mini Truck,22.0,5,1582.0,108.0,15234.0,3.7,Fog,0,7.0,7.21,1258.0,0,0,0,0,0,0,12,0,0,0.791,57.18,0.21,1,9.63135069141981
SM101022,2025-11-14,Prayagraj,Truck,24.7,5,2480.0,119.0,27063.0,7.5,Clear,0,8.0,7.56,1667.0,0,0,0,0,0,0,11,4,0,0.496,67.49,-0.44,0,10.205959710460544
SM103233,2025-01-02,Lucknow,Truck,19.1,6,3663.0,156.0,45408.0,5.9,Fog,0,8.0,10.09,1968.0,0,0,0,0,0,0,1,3,0,0.733,103.04,2.09,1,10.72346560226837
SM105076,2025-05-01,Lucknow,Truck,43.4,9,3772.0,290.0,42545.0,3.7,Clear,0,11.0,8.72,2600.0,0,0,0,0,0,0,5,3,0,0.754,59.91,-2.28,0,10.658341122532052
SM100411,2025-03-25,Lucknow,Mini Truck,28.9,5,1161.0,91.0,27448.0,4.1,Clear,0,7.0,5.2,1016.0,0,0,0,0,0,0,3,1,0,0.58,35.16,-1.8,0,10.220085016401597
SM102261,2025-12-31,Varanasi,Mini Truck,18.7,5,863.0,47.0,3039.0,4.7,Clear,0,7.0,5.45,752.0,0,0,0,0,0,0,12,2,0,0.432,40.21,-1.55,0,8.019612794400267
SM101062,2025-02-22,Lucknow,Mini Truck,31.0,4,1079.0,55.0,13674.5,7.0,Fog,0,7.0,7.6,1072.0,0,0,0,0,1,0,2,5,1,0.54,34.58,0.6,1,9.523361189693068
SM104212,2025-06-01,Varanasi,Mini Truck,35.849999999999994,4,1441.0,90.0,19310.0,4.7,Clear,0,7.0,5.15,1182.0,1,0,0,0,0,0,6,6,1,0.72,32.97,-1.85,0,9.868430160720726
SM105795,2025-03-16,Varanasi,Mini Truck,25.9,4,892.0,44.0,10725.0,6.9,Rain,0,7.0,7.49,836.0,0,0,0,0,0,0,3,6,1,0.446,32.28,0.49,1,9.280425979542871
SM104343,2025-04-04,Lucknow,Mini Truck,45.6,6,900.0,83.0,29261.0,4.4,Clear,0,8.0,5.75,1358.0,0,0,0,0,0,0,4,4,0,0.45,29.78,-2.25,0,10.284045024938107
SM103561,2025-03-03,Prayagraj,Mini Truck,33.2,9,1209.0,108.0,18663.0,5.0,Clear,1,9.0,8.15,1287.0,0,0,0,0,0,0,3,0,0,0.604,38.77,-0.85,0,9.834351813701266
SM100665,2025-09-11,Prayagraj,Pickup,32.8,9,560.0,31.0,4428.0,5.8,Rain,0,8.0,7.87,888.0,1,0,0,0,0,0,9,3,0,0.7,27.07,-0.13,0,8.395929103923198
SM105978,2025-03-17,Varanasi,Mini Truck,57.9,5,1364.0,82.0,28157.0,7.4,Clear,0,9.0,6.94,1606.0,0,0,0,0,0,0,3,0,0,0.682,27.74,-2.06,0,10.245586785022473
SM104188,2025-01-16,Lucknow,Mini Truck,16.0,4,1653.0,96.0,21750.0,6.9,Clear,0,7.0,5.71,570.0,0,0,0,0,0,1,1,3,0,0.826,35.62,-1.29,0,9.987415012471414
SM100944,2025-02-17,Lucknow,Truck,27.0,10,2278.0,131.0,82353.5,2.2,Clear,0,9.0,8.34,1684.0,0,0,0,0,0,0,2,0,0,0.456,62.37,-0.66,0,11.318788378921557
SM100114,2025-07-04,Prayagraj,Truck,22.0,8,1715.0,81.0,33065.0,4.1,Clear,0,8.0,6.7,1494.0,0,0,0,0,1,0,7,4,0,0.343,67.91,-1.3,0,10.40626084311129
SM103989,2025-06-23,Lucknow,Pickup,51.2,5,250.0,19.0,1992.0,5.6,Clear,0,8.0,6.94,952.0,0,0,1,0,0,0,6,0,0,0.312,18.59,-1.06,0,7.597396320212795
SM105472,2025-10-19,Prayagraj,Mini Truck,41.5,4,1161.0,78.0,20339.0,3.1,Clear,0,8.0,6.35,1260.0,0,1,0,0,0,0,10,6,1,0.58,30.36,-1.65,0,9.920344669602551
SM102302,2025-07-28,Kanpur,Pickup,15.2,6,538.0,45.0,7432.0,2.4,Rain,0,7.0,5.44,630.0,0,0,0,0,0,0,7,0,0,0.672,41.45,-1.56,0,8.913684824725294
SM102477,2025-03-06,Prayagraj,Truck,38.5,12,2577.0,138.0,13872.0,4.0,Clear,0,11.0,9.44,2270.0,0,0,0,0,0,0,3,3,0,0.515,58.96,-1.56,0,9.537699784080726
SM103250,2025-05-04,Kanpur,Truck,30.9,8,4113.0,172.0,41499.0,4.3,Clear,0,10.0,9.25,2442.0,0,0,0,0,0,0,5,6,1,0.823,79.03,-0.75,0,10.63344870621879
SM100118,2025-03-31,Lucknow,Pickup,33.4,4,260.0,12.0,1498.0,5.6,Rain,1,7.0,7.44,541.0,0,0,1,0,0,0,3,0,0,0.325,16.2,0.44,1,7.312553498102598
SM102180,2025-09-13,Varanasi,Pickup,54.2,11,269.0,14.0,2444.0,7.1,Rain,0,10.0,10.66,1023.0,0,0,0,0,0,0,9,5,1,0.336,18.87,0.66,1,7.801800401908973
SM100162,2025-05-30,Lucknow,Truck,40.3,9,1332.0,80.0,22819.0,6.4,Clear,0,9.0,8.45,1737.0,0,0,0,0,0,0,5,4,0,0.266,43.1,-0.55,0,10.035392623416067
SM100263,2025-12-04,Prayagraj,Pickup,9.5,4,590.0,31.0,5598.0,6.6,Clear,0,6.0,4.4,446.0,0,0,0,0,1,0,12,3,0,0.738,46.95,-1.6,0,8.630343289348893
SM105409,2025-09-16,Varanasi,Pickup,36.5,5,621.0,77.0,18680.0,2.6,Clear,0,7.0,4.99,861.0,0,0,0,0,0,0,9,1,0,0.776,23.59,-2.01,0,9.835262243540562
SM104342,2025-06-20,Kanpur,Truck,62.7,3,2266.0,162.0,25256.0,7.2,Clear,0,9.0,7.48,2255.0,0,0,0,0,0,0,6,4,0,0.453,35.96,-1.52,0,10.136858624005773
SM100775,2025-12-14,Prayagraj,Truck,47.1,7,2889.0,294.0,37697.0,6.9,Rain,0,10.0,10.7,2441.0,0,0,0,0,0,0,12,6,1,0.578,51.83,0.7,1,10.537362321631003
SM104871,2025-12-16,Lucknow,Mini Truck,6.0,6,1569.0,69.0,12401.0,5.5,Clear,1,7.0,6.33,870.0,0,0,0,0,0,0,12,1,0,0.784,145.0,-0.67,0,9.425613028909824
SM104648,2025-04-17,Prayagraj,Mini Truck,16.6,9,748.0,81.0,28033.0,8.0,Rain,0,8.0,8.13,750.0,0,0,0,0,0,0,4,3,0,0.374,45.18,0.13,1,10.241173338223003
SM105209,2025-01-12,Gorakhpur,Mini Truck,51.2,5,754.0,33.0,4718.0,6.2,Clear,0,8.0,6.06,1296.0,0,0,0,0,0,0,1,6,1,0.377,25.31,-1.94,0,8.459352191726387
SM105544,2025-03-21,Prayagraj,Truck,7.7,4,1057.0,51.0,27424.0,6.3,Clear,0,6.0,5.09,752.0,0,0,0,0,0,0,3,4,0,0.211,97.66,-0.91,0,10.219210285143431
SM104676,2025-07-22,Lucknow,Pickup,34.1,6,500.0,25.0,9970.0,7.3,Clear,0,7.0,5.26,691.0,0,0,0,0,0,0,7,1,0,0.625,20.26,-1.74,0,9.207436158828793
SM104940,2025-09-23,Lucknow,Mini Truck,25.1,9,1138.0,56.0,20281.0,4.5,Clear,0,8.0,5.66,1071.0,0,0,0,0,0,0,9,1,0,0.569,42.67,-2.34,0,9.917489072171941
SM104473,2025-02-19,Prayagraj,Truck,29.7,10,1858.0,98.0,14409.0,6.5,Fog,0,9.0,10.27,1659.0,0,0,0,0,0,0,2,2,0,0.372,55.86,1.27,1,9.575677688993569
SM100651,2025-08-27,Lucknow,Pickup,19.5,6,458.0,20.0,2396.0,6.5,Rain,0,7.0,5.06,564.0,0,0,0,0,0,0,8,2,0,0.572,28.92,-1.94,0,7.781973234434385
SM103723,2025-12-29,Lucknow,Mini Truck,26.8,9,1437.0,153.0,20440.0,6.3,Fog,0,9.0,9.63,1367.0,0,0,0,0,0,0,12,0,0,0.718,51.01,0.63,1,9.925297966799977
SM105514,2025-07-05,Prayagraj,Truck,35.2,3,3401.0,216.0,36927.0,3.8,Rain,0,8.0,7.79,2168.0,0,0,0,0,0,0,7,5,1,0.68,61.59,-0.21,0,10.516725349867771
SM101170,2025-08-18,Gorakhpur,Truck,41.9,3,1458.0,76.0,18110.0,6.1,Rain,0,7.0,7.32,1431.0,0,0,0,0,0,0,8,0,0,0.292,34.15,0.32,1,9.804274767464536
SM105627,2025-01-15,Gorakhpur,Truck,27.5,3,2281.0,224.0,38378.0,7.1,Rain,0,7.0,8.34,1555.0,0,0,0,0,0,0,1,2,0,0.456,56.55,1.34,1,10.555265713985145
SM103011,2025-07-04,Varanasi,Mini Truck,37.8,2,1756.0,72.0,21028.0,4.0,Rain,0,7.0,6.69,1355.0,0,0,0,0,0,0,7,4,0,0.878,35.85,-0.31,0,9.953657716448705
SM103874,2025-08-15,Lucknow,Mini Truck,27.1,8,1287.0,55.0,29191.0,4.8,Rain,0,8.0,8.56,1192.0,0,0,0,0,0,0,8,4,0,0.644,43.99,0.56,1,10.281649978116283
SM101368,2025-12-18,Lucknow,Pickup,24.4,4,624.0,43.0,9184.0,6.4,Clear,0,6.0,5.21,533.0,0,0,0,0,0,0,12,3,0,0.78,21.84,-0.79,0,9.125326997649227
SM100897,2025-01-20,Prayagraj,Pickup,57.9,3,201.0,14.0,2042.0,6.4,Rain,0,8.0,6.26,756.0,0,0,0,0,0,0,1,0,0,0.251,13.06,-1.74,0,7.622174594817622
SM100928,2025-06-02,Lucknow,Pickup,29.7,3,596.0,24.0,3596.0,4.2,Clear,0,6.0,4.25,725.0,0,0,0,0,0,0,6,0,0,0.745,24.41,-1.75,0,8.187855443695623
SM104772,2025-03-06,Lucknow,Pickup,25.3,4,643.0,34.0,3851.0,5.5,Clear,0,6.0,5.96,585.0,0,0,0,0,0,0,3,3,0,0.804,23.12,-0.04,0,8.256347772918016
SM100014,2025-09-19,Lucknow,Pickup,23.4,5,367.0,16.0,5536.0,7.8,Clear,0,7.0,4.37,537.0,0,0,0,0,0,0,9,4,0,0.459,22.95,-2.63,0,8.619208116822968
SM102548,2025-06-21,Varanasi,Mini Truck,47.0,7,1306.0,119.0,12617.0,5.5,Clear,1,9.0,9.72,1458.0,0,0,0,0,0,0,6,5,1,0.653,31.02,0.72,1,9.442879644930755
SM100967,2025-04-26,Lucknow,Pickup,37.8,5,448.0,54.0,7952.0,1.7,Clear,0,7.0,4.39,777.0,0,0,0,0,0,0,4,5,1,0.56,20.56,-2.61,0,8.981304494957135
SM101106,2025-03-31,Varanasi,Truck,51.1,9,3976.0,436.0,82353.5,4.8,Clear,1,11.0,10.82,2954.0,0,0,0,0,0,0,3,0,0,0.795,57.81,-0.18,0,11.318788378921557
SM105606,2025-06-14,Lucknow,Truck,25.4,4,3086.0,127.0,24537.0,3.6,Clear,0,8.0,5.23,1738.0,1,0,0,0,0,0,6,5,1,0.617,68.43,-2.77,0,10.107978215351128
SM104336,2025-10-04,Varanasi,Mini Truck,15.7,4,1418.0,104.0,62163.0,5.0,Clear,0,6.0,5.43,856.0,0,0,0,0,0,0,10,5,1,0.709,54.52,-0.57,0,11.037531333035503
SM101254,2025-08-26,Kanpur,Truck,10.1,4,2894.0,295.0,75246.0,6.5,Clear,0,7.0,6.8,1338.0,0,0,0,0,0,0,8,1,0,0.579,132.48,-0.2,0,11.228531314706773
SM102648,2025-12-08,Prayagraj,Truck,31.4,4,1681.0,103.0,82353.5,6.7,Clear,0,7.0,6.7,1505.0,0,0,0,0,0,0,12,0,0,0.336,47.93,-0.3,0,11.318788378921557
SM102923,2025-07-17,Prayagraj,Truck,45.3,3,2176.0,215.0,28793.0,5.0,Rain,0,8.0,7.16,1948.0,0,0,0,0,0,0,7,3,0,0.435,43.0,-0.84,0,10.2679223110863
SM104780,2025-11-07,Kanpur,Pickup,52.9,6,363.0,19.0,2416.0,3.1,Clear,0,8.0,6.02,938.0,0,0,0,0,0,0,11,4,0,0.454,17.73,-1.98,0,7.790282380703483
SM104264,2025-08-07,Varanasi,Pickup,80.6,6,643.0,38.0,13579.0,4.3,Rain,1,10.0,9.9,1187.0,0,0,0,0,0,0,8,3,0,0.804,14.73,-0.1,0,9.516353401112687
SM101639,2025-04-10,Lucknow,Mini Truck,27.1,6,973.0,42.0,7688.0,7.1,Clear,0,7.0,7.27,1052.0,0,0,0,0,0,0,4,3,0,0.486,38.82,0.27,1,8.94754601503218
SM101133,2025-10-06,Prayagraj,Pickup,53.3,9,238.0,13.0,3146.0,2.7,Clear,0,9.0,7.96,1210.0,0,0,0,0,0,1,10,0,0,0.298,22.7,-1.04,0,8.054204897064407
SM105712,2025-06-19,Kanpur,Pickup,28.049999999999997,6,438.0,21.0,3876.0,5.8,Clear,0,7.0,5.52,637.0,1,0,0,0,0,0,6,3,0,0.548,22.71,-1.48,0,8.262816937670928
SM103519,2025-12-03,Prayagraj,Truck,50.3,7,2811.0,180.0,32383.0,7.1,Fog,0,10.0,11.27,2454.0,0,0,0,0,0,0,12,2,0,0.562,48.79,1.27,1,10.385419752647138
SM101878,2025-09-23,Prayagraj,Mini Truck,23.3,8,527.0,23.0,9045.0,5.3,Clear,0,8.0,5.31,886.0,0,0,0,0,0,0,9,1,0,0.264,38.03,-2.69,0,9.11007795003779
SM100271,2025-01-09,Varanasi,Mini Truck,22.3,6,1192.0,75.0,10887.0,4.2,Clear,0,7.0,6.46,962.0,0,0,0,0,0,0,1,3,0,0.596,43.14,-0.54,0,9.295416544331301
SM101473,2025-03-17,Lucknow,Pickup,29.6,9,572.0,40.0,3059.0,4.6,Clear,0,8.0,6.25,941.0,0,0,0,0,0,0,3,0,0,0.715,31.79,-1.75,0,8.026170194946426
SM105349,2025-08-01,Lucknow,Pickup,58.2,8,576.0,71.0,9430.0,4.1,Clear,0,9.0,6.18,1227.0,0,0,0,0,0,0,8,4,0,0.72,21.08,-2.82,0,9.151757414543885
SM101547,2025-11-07,Lucknow,Mini Truck,29.1,6,905.0,42.0,5554.0,6.7,Clear,0,7.0,7.25,955.0,0,0,0,0,0,0,11,4,0,0.452,32.82,0.25,1,8.62245370207373
SM104310,2025-07-09,Prayagraj,Mini Truck,27.7,7,372.0,39.0,6228.0,4.2,Rain,0,7.0,7.22,808.0,0,0,0,0,0,0,7,2,0,0.186,29.17,0.22,1,8.736971085254146
SM105692,2025-11-20,Lucknow,Mini Truck,25.9,5,974.0,57.0,13487.0,8.1,Clear,0,7.0,6.02,947.0,0,0,0,0,0,0,11,3,0,0.487,36.56,-0.98,0,9.509555680241636
SM104440,2025-04-30,Gorakhpur,Pickup,39.3,7,258.0,19.0,4027.0,5.4,Clear,0,8.0,6.25,736.0,0,0,0,0,0,0,4,2,0,0.322,18.73,-1.75,0,8.301025253838453
SM100838,2025-01-06,Kanpur,Mini Truck,26.1,4,887.0,61.0,17509.0,7.7,Clear,0,7.0,5.33,998.0,0,0,0,0,0,0,1,0,0,0.444,38.24,-1.67,0,9.770527425279898
SM102195,2025-10-25,Gorakhpur,Mini Truck,31.6,6,1119.0,52.0,10284.0,6.7,Fog,0,8.0,7.82,1209.0,0,0,0,0,0,0,10,5,1,0.56,38.26,-0.18,0,9.238441802087058
SM101835,2025-02-20,Kanpur,Mini Truck,35.1,8,839.0,36.0,5532.0,3.4,Fog,0,8.0,6.79,1250.0,0,0,0,0,0,1,2,3,0,0.42,35.61,-1.21,0,8.618485442898109
SM104891,2025-07-28,Gorakhpur,Pickup,37.6,9,429.0,20.0,5598.0,5.4,Rain,0,9.0,8.23,857.0,0,0,0,0,1,0,7,0,0,0.536,22.79,-0.77,0,8.630343289348893
SM100412,2025-04-12,Prayagraj,Mini Truck,36.5,5,859.0,53.0,5368.0,4.4,Clear,0,7.0,5.9,1081.0,0,0,0,0,0,0,4,5,1,0.43,29.62,-1.1,0,8.58839695042257
SM101712,2025-11-18,Varanasi,Mini Truck,29.0,5,471.0,30.0,5784.0,4.8,Clear,0,7.0,5.76,776.0,0,0,0,0,0,0,11,1,0,0.236,26.76,-1.24,0,8.663023639627777
SM104438,2025-05-06,Lucknow,Truck,40.9,7,3738.0,173.0,10432.0,5.3,Clear,0,10.0,9.46,2522.0,0,0,0,0,0,0,5,1,0,0.748,61.66,-0.54,0,9.25272913846797
SM105043,2025-07-25,Prayagraj,Pickup,12.7,6,315.0,33.0,4198.0,7.5,Clear,0,6.0,5.05,569.0,0,0,0,0,0,0,7,4,0,0.394,44.8,-0.95,0,8.342601680684194
SM102795,2025-12-01,Varanasi,Pickup,31.0,8,334.0,33.0,4141.0,6.5,Fog,0,8.0,8.43,739.0,0,0,0,0,0,0,12,0,0,0.418,23.84,0.43,1,8.328934041955529
SM102221,2025-02-26,Varanasi,Pickup,34.3,8,710.0,49.0,11919.0,7.3,Clear,0,8.0,6.14,915.0,0,0,0,0,0,0,2,2,0,0.888,26.68,-1.86,0,9.385972940619341
SM100377,2025-09-30,Gorakhpur,Truck,37.0,11,908.0,80.0,14010.0,4.6,Rain,0,9.0,7.76,1499.0,0,0,0,0,0,0,9,1,0,0.182,40.51,-1.24,0,9.547598014371232
SM101491,2025-06-28,Kanpur,Mini Truck,13.6,11,1522.0,185.0,82353.5,6.4,Clear,0,9.0,7.87,1136.0,0,0,0,0,0,0,6,5,1,0.761,83.53,-1.13,0,11.318788378921557
SM100738,2025-09-27,Kanpur,Pickup,34.3,6,753.0,32.0,3730.0,4.3,Clear,0,8.0,6.67,836.0,0,0,0,0,0,0,9,5,1,0.941,24.37,-1.33,0,8.224431573221159
SM103377,2025-08-01,Kanpur,Mini Truck,43.3,6,1101.0,78.0,23735.0,5.6,Clear,0,8.0,6.69,1411.0,0,0,1,0,0,0,8,4,0,0.55,32.59,-1.31,0,10.074748161970657
SM103615,2025-06-13,Lucknow,Pickup,21.8,5,454.0,20.0,4037.0,5.0,Clear,0,7.0,4.3,632.0,0,0,0,0,0,0,6,4,0,0.568,28.99,-2.7,0,8.303504798872783
SM105626,2025-06-02,Prayagraj,Pickup,40.6,8,580.0,26.0,4002.0,5.8,Fog,0,8.0,8.54,922.0,0,0,0,0,0,1,6,0,0,0.725,22.71,0.54,1,8.294799358992574
SM100052,2025-05-13,Varanasi,Pickup,52.0,5,291.0,17.0,1184.0,3.8,Clear,0,8.0,6.59,953.0,0,0,0,0,0,0,5,1,0,0.364,18.33,-1.41,0,7.077498053569231
SM104114,2025-04-17,Kanpur,Truck,23.4,4,2066.0,85.0,15619.0,4.1,Fog,0,7.0,7.68,1444.0,0,0,0,0,0,0,4,3,0,0.413,61.71,0.68,1,9.656307423393677
SM105405,2025-05-22,Kanpur,Mini Truck,72.2,6,1233.0,85.0,32201.0,5.2,Clear,0,10.0,8.22,1832.0,0,0,0,0,0,0,5,3,0,0.616,25.37,-1.78,0,10.379783841404883
SM102269,2025-12-23,Prayagraj,Truck,47.4,6,3344.0,328.0,82353.5,4.8,Fog,0,10.0,10.29,2526.0,0,0,0,0,0,0,12,1,0,0.669,53.29,0.29,1,11.318788378921557
SM105094,2025-06-12,Lucknow,Pickup,35.1,9,634.0,37.0,6733.0,7.4,Clear,0,9.0,7.53,886.0,0,0,0,0,0,0,6,3,0,0.792,25.24,-1.47,0,8.814924599721019
SM103094,2025-11-29,Gorakhpur,Pickup,17.8,3,350.0,21.0,8581.0,5.6,Clear,0,6.0,4.77,458.0,0,0,0,0,0,0,11,5,1,0.438,25.73,-1.23,0,9.05742226555147
SM101389,2025-11-28,Varanasi,Mini Truck,63.3,8,1256.0,153.0,40827.0,4.5,Rain,0,10.0,8.99,1671.0,0,0,0,0,0,0,11,4,0,0.628,26.4,-1.01,0,10.61712339952339
SM103188,2025-01-22,Varanasi,Mini Truck,35.849999999999994,3,1432.0,97.0,15368.0,4.6,Fog,0,6.0,6.58,933.0,1,0,0,0,0,0,1,2,0,0.716,26.03,0.58,1,9.640107772607312
SM103478,2025-05-30,Lucknow,Mini Truck,17.7,10,1546.0,82.0,4379.0,5.7,Rain,0,8.0,8.9,1204.0,0,0,0,0,0,0,5,4,0,0.773,68.02,0.9,1,8.384804003370492
SM103433,2025-05-03,Gorakhpur,Truck,122.0,8,3631.0,262.0,26698.0,1.7,Clear,0,14.0,12.32,4497.0,0,0,0,0,0,0,5,5,1,0.726,36.86,-1.68,0,10.192381390503432
SM104191,2025-05-06,Lucknow,Truck,34.7,7,2932.0,134.0,24912.0,5.3,Clear,0,9.0,8.04,2202.0,0,0,0,0,0,0,5,1,0,0.586,63.46,-0.96,0,10.123145034565505
SM102309,2025-07-14,Prayagraj,Truck,21.6,6,4211.0,307.0,69510.0,4.6,Clear,0,9.0,7.41,2171.0,0,0,0,0,0,0,7,0,0,0.842,100.51,-1.59,0,11.14924029241027
SM103222,2025-10-11,Varanasi,Mini Truck,38.1,8,1202.0,108.0,19439.0,4.4,Clear,0,9.0,7.79,1268.0,0,0,0,0,0,0,10,5,1,0.601,33.28,-1.21,0,9.87508807801443
SM102590,2025-01-26,Prayagraj,Mini Truck,37.3,10,1526.0,75.0,11974.0,1.2,Fog,0,9.0,7.94,1618.0,0,0,0,0,0,0,1,6,1,0.763,43.38,-1.06,0,9.390576422279116
SM101632,2025-02-03,Prayagraj,Pickup,56.2,5,532.0,23.0,10530.0,4.8,Clear,0,8.0,5.68,971.0,0,0,0,0,0,0,2,0,0,0.665,17.28,-2.32,0,9.262078567380597
SM104275,2025-10-10,Kanpur,Pickup,63.7,9,761.0,32.0,17011.0,2.9,Clear,0,10.0,7.5,1188.0,0,0,0,0,0,0,10,4,0,0.951,18.65,-2.5,0,9.741674256373525
SM103174,2025-12-30,Prayagraj,Truck,30.0,7,2950.0,123.0,14266.0,4.3,Clear,0,9.0,7.95,1972.0,0,0,0,0,0,0,12,1,0,0.59,65.73,-1.05,0,9.565704457114814
SM104812,2025-07-12,Varanasi,Truck,23.2,6,1429.0,71.0,15882.0,5.7,Clear,0,7.0,6.61,1308.0,0,0,0,0,0,0,7,5,1,0.286,56.38,-0.39,0,9.673004633835156
SM102976,2025-06-30,Kanpur,Mini Truck,30.6,2,1462.0,79.0,25744.0,6.4,Clear,0,7.0,4.65,1035.0,0,0,0,0,0,0,6,0,0,0.731,33.82,-2.35,0,10.155995712480241
SM104280,2025-06-24,Varanasi,Mini Truck,33.0,7,797.0,34.0,4112.0,6.2,Clear,0,8.0,8.11,1166.0,0,0,0,0,0,0,6,1,0,0.398,35.33,0.11,1,8.321907968230423
SM100467,2025-08-06,Prayagraj,Pickup,55.8,12,156.0,12.0,2447.0,5.5,Clear,0,10.0,9.02,1023.0,0,0,0,0,0,0,8,2,0,0.195,18.33,-0.98,0,7.803026643632217
SM105835,2025-11-08,Lucknow,Mini Truck,21.5,8,1499.0,74.0,30701.0,3.9,Clear,0,8.0,6.45,1103.0,0,0,0,0,0,0,11,5,1,0.75,51.3,-1.55,0,10.332083078033147
SM100903,2025-11-19,Varanasi,Pickup,42.7,4,268.0,17.0,4775.0,5.6,Clear,0,7.0,5.71,649.0,0,0,0,0,0,0,11,2,0,0.335,15.2,-1.29,0,8.471358655072438
SM105808,2025-06-26,Gorakhpur,Truck,100.8,6,1906.0,95.0,13719.0,5.9,Clear,0,12.0,10.24,3335.0,0,0,0,0,0,0,6,3,0,0.381,33.09,-1.76,0,9.526609901279876
SM100071,2025-03-11,Gorakhpur,Mini Truck,39.9,7,1138.0,63.0,9226.0,5.6,Rain,0,8.0,7.95,1348.0,0,0,1,0,0,0,3,1,0,0.569,33.78,-0.05,0,9.129889247578555
SM103217,2025-06-06,Varanasi,Mini Truck,35.849999999999994,8,1285.0,70.0,6678.0,4.8,Clear,0,10.0,7.87,1860.0,1,0,0,1,0,0,6,4,0,0.642,51.88,-2.13,0,8.806723554725636
SM105670,2025-05-09,Lucknow,Mini Truck,34.5,9,438.0,22.0,2607.0,6.5,Clear,0,8.0,7.71,938.0,0,0,0,0,0,0,5,4,0,0.219,27.19,-0.29,0,7.866338923046544
SM101898,2025-09-30,Gorakhpur,Truck,40.7,3,3186.0,215.0,28768.0,7.8,Clear,0,8.0,7.27,2271.0,0,0,0,0,0,0,9,1,0,0.637,55.8,-0.73,0,10.267053697512587
SM105052,2025-12-18,Gorakhpur,Mini Truck,67.8,7,1156.0,51.0,3875.0,5.6,Rain,0,10.0,9.33,1692.0,0,0,1,0,0,0,12,3,0,0.578,24.96,-0.67,0,8.262558973010657
SM103995,2025-05-03,Kanpur,Truck,43.5,7,3517.0,171.0,47639.0,4.4,Clear,0,10.0,8.6,2514.0,0,0,0,0,0,0,5,5,1,0.703,57.79,-1.4,0,10.771428023469236
SM105596,2025-07-14,Varanasi,Pickup,27.0,6,631.0,43.0,9940.0,4.4,Rain,0,7.0,5.86,640.0,0,0,0,0,0,0,7,0,0,0.789,23.7,-1.14,0,9.204422898212146
SM101207,2025-09-21,Lucknow,Mini Truck,20.4,5,954.0,46.0,9356.0,4.2,Rain,0,7.0,6.74,827.0,0,0,0,0,0,0,9,6,1,0.477,40.54,-0.26,0,9.143880005275912
SM102077,2025-06-10,Lucknow,Mini Truck,14.4,7,932.0,68.0,19023.0,7.2,Clear,0,7.0,6.27,825.0,0,0,0,0,0,0,6,1,0,0.466,57.29,-0.73,0,9.853456618930563
SM101590,2025-09-26,Lucknow,Mini Truck,34.0,9,947.0,68.0,13420.0,3.7,Clear,0,9.0,6.46,1236.0,0,0,0,0,0,0,9,4,0,0.474,36.35,-2.54,0,9.504575923397805
SM102844,2025-06-16,Prayagraj,Truck,73.3,6,3672.0,348.0,47150.0,5.0,Clear,0,11.0,8.57,3240.0,0,0,0,0,0,0,6,0,0,0.734,44.2,-2.43,0,10.76111049674444
SM105159,2025-12-05,Prayagraj,Mini Truck,24.5,8,619.0,37.0,10664.0,6.4,Rain,0,8.0,7.85,939.0,0,0,0,0,0,0,12,4,0,0.31,38.33,-0.15,0,9.274722630905451
SM102205,2025-10-19,Lucknow,Pickup,16.7,7,660.0,32.0,3761.0,2.8,Clear,0,7.0,4.69,626.0,0,0,0,0,0,0,10,6,1,0.825,37.49,-2.31,0,8.232706009860976
SM102980,2025-09-19,Prayagraj,Mini Truck,10.5,5,1061.0,120.0,52374.0,6.1,Clear,0,6.0,5.93,724.0,0,0,0,0,0,0,9,4,0,0.53,68.95,-0.07,0,10.866184657224439
SM100063,2025-12-20,Gorakhpur,Mini Truck,62.3,11,1192.0,50.0,8417.0,4.8,Fog,0,11.0,10.65,1762.0,0,0,0,0,0,0,12,5,1,0.596,28.28,-0.35,0,9.038127549330516
SM101838,2025-03-23,Lucknow,Mini Truck,26.0,3,1033.0,43.0,10253.0,8.1,Clear,1,6.0,7.81,920.0,1,0,0,0,0,0,3,6,1,0.516,35.38,1.81,1,9.235423152343646
SM104000,2025-04-26,Kanpur,Pickup,20.3,5,267.0,12.0,3529.0,3.4,Clear,0,6.0,3.81,611.0,0,0,0,0,0,0,4,5,1,0.334,30.1,-2.19,0,8.169053149927343
SM105172,2025-11-13,Varanasi,Pickup,46.2,10,655.0,52.0,17536.0,4.6,Clear,0,9.0,7.29,1086.0,0,0,0,0,0,0,11,3,0,0.819,23.51,-1.71,0,9.772068213669293
SM103036,2025-10-20,Gorakhpur,Pickup,94.1,7,462.0,25.0,3509.0,10.0,Clear,1,11.0,11.2,1362.0,0,1,0,0,0,0,10,0,0,0.578,14.47,0.2,1,8.163371316459912
SM100454,2025-08-06,Gorakhpur,Truck,92.0,4,2099.0,174.0,61638.0,7.4,Rain,0,11.0,10.93,3098.0,0,0,0,0,0,0,8,2,0,0.42,33.67,-0.07,0,11.029050066070786
SM105479,2025-07-29,Kanpur,Mini Truck,34.2,15,1427.0,105.0,17447.0,7.2,Clear,0,11.0,9.8,1667.0,0,0,0,0,0,0,7,1,0,0.714,48.74,-1.2,0,9.766980307881465
SM100402,2025-04-27,Varanasi,Mini Truck,12.7,7,1023.0,47.0,10476.0,5.1,Clear,0,7.0,5.26,799.0,0,0,0,0,0,0,4,6,1,0.511,62.91,-1.74,0,9.256937657352966
SM105085,2025-05-04,Kanpur,Truck,8.0,5,1074.0,44.0,17619.0,6.1,Clear,0,6.0,4.61,670.0,0,0,0,0,0,0,5,6,1,0.215,83.75,-1.39,0,9.77678989949017
SM105541,2025-03-01,Lucknow,Pickup,61.2,7,569.0,39.0,10042.0,3.5,Clear,0,9.0,8.61,1144.0,0,0,0,0,0,0,3,5,1,0.711,18.69,-0.39,0,9.21463115339334
SM101472,2025-06-13,Varanasi,Truck,86.8,7,3201.0,327.0,82353.5,4.4,Clear,0,12.0,9.58,3434.0,0,0,0,0,0,0,6,4,0,0.64,39.56,-2.42,0,11.318788378921557
SM100677,2025-01-31,Varanasi,Truck,26.4,3,4389.0,383.0,82353.5,8.1,Clear,0,8.0,7.51,2195.0,0,0,0,0,0,0,1,4,0,0.878,83.14,-0.49,0,11.318788378921557
SM103356,2025-01-21,Prayagraj,Truck,60.8,4,2667.0,215.0,53461.0,6.8,Fog,0,9.0,9.71,2459.0,0,0,0,0,0,0,1,1,0,0.533,40.44,0.71,1,10.886726400141653
SM101616,2025-10-17,Lucknow,Mini Truck,10.7,9,869.0,82.0,5845.0,8.7,Clear,0,7.0,6.71,816.0,0,0,0,0,0,0,10,4,0,0.434,76.26,-0.29,0,8.673512945671192
SM101251,2025-05-31,Lucknow,Mini Truck,14.7,4,1841.0,86.0,5890.0,5.8,Clear,0,7.0,4.6,919.0,0,0,0,0,0,0,5,5,1,0.92,62.52,-2.4,0,8.681181041521688
SM101983,2025-10-02,Lucknow,Truck,22.0,6,2660.0,316.0,29582.0,7.1,Rain,1,8.0,9.55,1734.0,0,0,0,0,0,0,10,3,0,0.532,78.82,1.55,1,10.294955151000439
SM103425,2025-12-24,Lucknow,Mini Truck,21.4,6,943.0,80.0,21048.0,8.5,Fog,0,7.0,7.75,876.0,0,0,0,0,0,0,12,2,0,0.472,40.93,0.75,1,9.954608332043842
SM104918,2025-11-05,Gorakhpur,Truck,45.8,3,3167.0,150.0,26697.0,5.1,Clear,1,8.0,8.73,2784.0,0,0,0,0,0,1,11,2,0,0.633,60.79,0.73,1,10.192343935215678
SM105059,2025-08-19,Gorakhpur,Mini Truck,45.8,4,1353.0,58.0,11758.0,5.4,Clear,0,8.0,6.03,1332.0,0,0,0,0,0,0,8,1,0,0.676,29.08,-1.97,0,9.372374183823416
SM103843,2025-04-20,Prayagraj,Pickup,53.7,5,315.0,13.0,1977.0,7.7,Rain,0,8.0,8.93,960.0,0,0,0,0,0,0,4,6,1,0.394,17.88,0.93,1,7.589841512182657
SM104931,2025-09-25,Varanasi,Mini Truck,67.8,6,958.0,59.0,13260.0,8.4,Rain,0,9.0,9.91,1733.0,0,0,0,0,0,0,9,3,0,0.479,25.56,0.91,1,9.4925826756776
SM101033,2025-04-25,Varanasi,Pickup,17.0,3,557.0,25.0,6062.0,6.4,Clear,0,6.0,4.19,469.0,0,0,0,1,0,0,4,4,0,0.696,27.59,-1.81,0,8.70996000607173
SM100174,2025-09-12,Varanasi,Pickup,34.7,7,435.0,17.0,1048.0,8.8,Clear,0,8.0,5.6,893.0,0,0,0,0,0,0,9,4,0,0.544,25.73,-2.4,0,6.955592608396297
SM100939,2025-07-05,Lucknow,Pickup,16.5,5,417.0,20.0,1465.0,5.8,Clear,0,6.0,6.04,466.0,0,0,0,0,0,0,7,5,1,0.521,28.24,0.04,1,7.290292882446597
SM103102,2025-01-06,Kanpur,Mini Truck,25.3,1,1161.0,65.0,8455.0,5.6,Fog,0,6.0,7.75,897.0,0,1,1,0,0,0,1,0,0,0.58,35.45,1.75,1,9.042631527550073
SM104787,2025-01-04,Kanpur,Truck,20.6,3,3110.0,168.0,20394.0,9.2,Clear,0,7.0,7.41,1709.0,0,0,0,0,0,0,1,5,1,0.622,82.96,0.41,1,9.923045051751659
SM102587,2025-04-28,Prayagraj,Mini Truck,29.1,4,1484.0,138.0,36906.0,6.4,Clear,0,7.0,6.3,1140.0,0,0,0,0,0,0,4,0,0,0.742,39.18,-0.7,0,10.516156513934508
SM100334,2025-06-17,Prayagraj,Mini Truck,35.6,3,1186.0,119.0,16820.0,6.0,Clear,0,7.0,6.07,1019.0,0,0,0,0,0,0,6,1,0,0.593,28.62,-0.93,0,9.730383384791782
SM100873,2025-02-15,Lucknow,Mini Truck,20.6,5,1855.0,230.0,47583.0,6.0,Clear,0,7.0,4.92,1175.0,0,0,0,0,0,0,2,5,1,0.928,57.04,-2.08,0,10.770251849259882
SM102853,2025-02-02,Lucknow,Mini Truck,26.3,3,1481.0,63.0,20163.0,3.2,Clear,0,7.0,5.57,979.0,0,0,0,0,0,0,2,6,1,0.74,37.22,-1.43,0,9.911654115202522
SM101486,2025-03-01,Kanpur,Mini Truck,10.1,7,471.0,26.0,5183.0,5.9,Clear,0,7.0,4.67,692.0,0,0,0,0,0,0,3,5,1,0.236,68.51,-2.33,0,8.55333223803211
SM104293,2025-02-04,Lucknow,Pickup,12.8,3,419.0,33.0,13977.0,6.9,Clear,0,5.0,4.53,558.0,0,0,0,0,0,0,2,1,0,0.524,43.59,-0.47,0,9.545239944037075
SM100296,2025-11-07,Kanpur,Mini Truck,18.7,10,1706.0,78.0,28566.0,8.3,Clear,0,9.0,8.59,1245.0,0,0,0,0,0,0,11,4,0,0.853,66.58,-0.41,0,10.260007484461118
SM105942,2025-03-14,Lucknow,Mini Truck,53.1,2,1184.0,140.0,11049.0,6.9,Clear,1,7.0,7.22,1393.0,0,0,0,0,0,0,3,4,0,0.592,26.23,0.22,1,9.3101857069459
SM105854,2025-05-31,Varanasi,Mini Truck,62.7,5,1395.0,66.0,13195.0,7.6,Clear,0,9.0,7.61,1610.0,0,0,0,0,0,0,5,5,1,0.698,25.68,-1.39,0,9.487669032348473
SM103845,2025-06-24,Lucknow,Mini Truck,22.2,2,865.0,47.0,14416.0,5.5,Clear,0,6.0,5.0,797.0,0,0,0,0,0,0,6,1,0,0.432,35.9,-1.0,0,9.576163344811905
SM104218,2025-07-12,Lucknow,Pickup,21.6,9,320.0,30.0,5922.0,4.5,Clear,0,8.0,6.97,737.0,0,0,0,0,0,0,7,5,1,0.4,34.12,-1.03,0,8.686598356276965
SM103760,2025-03-05,Lucknow,Mini Truck,13.3,10,1463.0,99.0,11718.0,3.4,Rain,0,8.0,6.4,1021.0,0,0,0,0,0,0,3,2,0,0.732,76.77,-1.6,0,9.368966735258603
SM100378,2025-05-19,Prayagraj,Mini Truck,53.7,4,1216.0,49.0,33996.0,6.8,Clear,0,8.0,6.95,1512.0,0,0,0,0,0,0,5,0,0,0.608,28.16,-1.05,0,10.434027564411219
SM103110,2025-07-16,Lucknow,Pickup,9.3,10,563.0,23.0,1441.0,4.3,Rain,0,8.0,6.69,594.0,0,0,0,0,0,0,7,2,0,0.704,63.87,-1.31,0,7.273786317844895
SM102770,2025-08-30,Kanpur,Mini Truck,65.8,7,1044.0,46.0,13674.5,4.5,Rain,0,10.0,7.64,1606.0,0,0,0,0,1,0,8,5,1,0.522,24.41,-2.36,0,9.523361189693068
SM103918,2025-01-23,Prayagraj,Truck,18.0,7,3173.0,172.0,24107.0,8.5,Rain,0,8.0,8.57,1723.0,0,0,0,0,0,0,1,3,0,0.635,95.72,0.57,1,10.090299014602934
SM104138,2025-11-18,Varanasi,Mini Truck,87.3,5,699.0,32.0,9880.0,7.1,Clear,0,10.0,9.47,1766.0,0,0,0,0,0,0,11,1,0,0.35,20.23,-0.53,0,9.198369000194964
SM102210,2025-09-13,Prayagraj,Truck,21.0,9,3022.0,173.0,24749.0,5.3,Rain,0,9.0,8.92,1906.0,0,0,0,0,0,0,9,5,1,0.604,90.76,-0.08,0,10.116580767996837
SM102172,2025-12-30,Kanpur,Pickup,30.3,7,459.0,20.0,1624.0,6.2,Clear,0,8.0,5.68,639.0,0,0,0,0,0,0,12,1,0,0.574,21.09,-2.32,0,7.393263094763838
SM102599,2025-05-23,Prayagraj,Pickup,31.3,4,666.0,62.0,32988.0,5.4,Fog,0,7.0,6.49,767.0,0,0,0,0,0,0,5,4,0,0.832,24.5,-0.51,0,10.403929451547379
SM102052,2025-05-12,Varanasi,Mini Truck,75.3,6,1161.0,48.0,4008.0,6.2,Clear,0,10.0,7.37,1628.0,0,1,0,0,0,0,5,0,0,0.58,21.62,-2.63,0,8.296297112642508
SM100915,2025-06-17,Prayagraj,Truck,22.6,5,4380.0,213.0,65248.0,5.8,Clear,0,9.0,7.37,2409.0,0,0,0,0,0,0,6,1,0,0.876,106.59,-1.63,0,11.085965999397002
SM105850,2025-03-03,Prayagraj,Mini Truck,51.5,7,660.0,69.0,12480.0,4.7,Clear,0,9.0,6.3,1430.0,0,0,0,0,0,0,3,0,0,0.33,27.77,-2.7,0,9.431962766918454
SM104707,2025-07-20,Prayagraj,Truck,32.8,5,3943.0,191.0,39299.0,7.0,Rain,0,8.0,8.62,1961.0,1,0,0,0,0,0,7,6,1,0.789,59.79,0.62,1,10.578979797857352
SM102335,2025-07-16,Kanpur,Mini Truck,20.0,4,833.0,54.0,19104.0,5.6,Clear,0,6.0,5.63,779.0,0,0,1,0,0,0,7,2,0,0.416,38.95,-0.37,0,9.857705359881
SM103820,2025-02-16,Varanasi,Mini Truck,40.6,7,1689.0,85.0,36464.0,5.6,Clear,1,9.0,9.3,1489.0,0,0,1,0,0,0,2,6,1,0.844,36.67,0.3,1,10.504108175418333
SM100956,2025-05-27,Gorakhpur,Truck,68.9,6,3624.0,285.0,33065.0,5.7,Clear,0,11.0,9.9,3075.0,0,0,0,0,1,0,5,1,0,0.725,44.63,-1.1,0,10.40626084311129
SM101887,2025-05-31,Varanasi,Mini Truck,4.2,3,1713.0,77.0,13120.0,4.8,Rain,0,6.0,5.8,150.0,0,0,0,0,0,1,5,5,1,0.856,35.71,-0.2,0,9.481969279105716
SM103717,2025-04-02,Kanpur,Truck,23.7,6,3775.0,199.0,42001.0,3.5,Clear,0,9.0,7.44,2188.0,0,0,0,0,0,0,4,2,0,0.755,92.32,-1.56,0,10.645472515179373
SM104027,2025-06-10,Lucknow,Pickup,39.5,9,327.0,14.0,2969.0,8.3,Clear,0,9.0,8.45,836.0,0,0,0,0,0,0,6,1,0,0.409,21.16,-0.55,0,7.996317231796746
SM101182,2025-09-10,Varanasi,Pickup,61.3,4,271.0,11.0,1520.0,7.4,Rain,0,8.0,8.72,919.0,0,0,0,0,0,0,9,2,0,0.339,14.99,0.72,1,7.327123292259293
SM105004,2025-10-10,Kanpur,Mini Truck,19.6,2,711.0,30.0,12916.0,4.8,Clear,0,6.0,5.17,605.0,0,0,0,0,0,0,10,4,0,0.356,30.87,-0.83,0,9.466299552232016
SM104602,2025-04-25,Prayagraj,Pickup,32.8,10,588.0,38.0,8421.0,6.0,Clear,0,9.0,7.27,851.0,1,0,0,0,0,0,4,4,0,0.735,25.95,-1.73,0,9.038602608721874
SM104452,2025-06-24,Prayagraj,Pickup,13.1,4,546.0,30.0,6374.0,4.9,Clear,0,6.0,4.21,518.0,0,0,0,0,0,0,6,1,0,0.682,39.54,-1.79,0,8.760139370026627
SM101423,2025-09-04,Lucknow,Mini Truck,24.5,4,915.0,37.0,12317.0,4.8,Rain,1,7.0,7.05,912.0,0,0,0,0,0,0,9,3,0,0.458,37.22,0.05,1,9.418816886246988
SM102400,2025-01-03,Varanasi,Pickup,26.7,5,557.0,25.0,5598.0,5.6,Fog,0,7.0,7.96,674.0,0,0,1,0,1,0,1,4,0,0.696,25.24,0.96,1,8.630343289348893
SM102892,2025-05-13,Prayagraj,Mini Truck,40.3,5,1270.0,139.0,82353.5,3.1,Clear,0,8.0,6.05,1183.0,0,0,0,0,0,0,5,1,0,0.635,29.35,-1.95,0,11.318788378921557
SM105250,2025-02-24,Prayagraj,Truck,46.3,7,2189.0,130.0,17436.0,5.6,Clear,0,9.0,6.85,1991.0,0,0,1,0,0,0,2,0,0,0.438,43.0,-2.15,0,9.766349664317493
SM103596,2025-05-04,Lucknow,Mini Truck,31.8,6,1158.0,52.0,6133.0,3.4,Clear,0,8.0,5.24,1190.0,0,0,0,0,0,0,5,6,1,0.579,37.42,-2.76,0,8.721602344674197
SM101722,2025-08-27,Lucknow,Mini Truck,25.0,9,1300.0,55.0,28063.0,7.0,Clear,0,8.0,6.88,1193.0,0,0,0,0,0,0,8,2,0,0.65,47.72,-1.12,0,10.242242895171909
SM101667,2025-09-05,Prayagraj,Truck,31.3,5,2267.0,194.0,33065.0,5.8,Clear,1,8.0,7.77,1630.0,0,0,0,0,1,0,9,4,0,0.453,52.08,-0.23,0,10.40626084311129
SM102884,2025-05-10,Prayagraj,Truck,39.2,9,1408.0,58.0,7120.0,8.2,Clear,0,9.0,8.17,1735.0,0,0,0,0,0,0,5,5,1,0.282,44.26,-0.83,0,8.870803443982124
SM102994,2025-10-09,Varanasi,Pickup,19.6,2,591.0,44.0,5956.0,3.2,Clear,0,6.0,4.46,528.0,0,0,0,0,0,0,10,3,0,0.739,26.94,-1.54,0,8.692322277628687
SM104763,2025-03-28,Prayagraj,Mini Truck,43.5,6,1510.0,152.0,15332.0,8.9,Rain,0,8.0,8.62,1372.0,0,0,0,0,0,0,3,4,0,0.755,31.54,0.62,1,9.63776264743639
SM100886,2025-01-20,Gorakhpur,Truck,45.75,4,4109.0,412.0,82353.5,3.9,Fog,0,9.0,9.52,2417.0,1,0,0,0,0,0,1,0,0,0.822,52.83,0.52,1,11.318788378921557
SM104056,2025-11-06,Kanpur,Mini Truck,19.8,9,840.0,41.0,3384.0,5.2,Fog,0,8.0,7.38,783.0,0,0,0,0,0,0,11,3,0,0.42,39.55,-0.62,0,8.127109185346375
SM105380,2025-03-02,Prayagraj,Pickup,35.2,6,545.0,32.0,27173.0,6.3,Clear,0,8.0,6.05,746.0,0,0,0,0,0,0,3,6,1,0.681,21.19,-1.95,0,10.210015912784268
SM105845,2025-02-28,Varanasi,Pickup,40.0,7,496.0,38.0,5315.0,6.2,Clear,0,8.0,6.3,1003.0,0,0,0,0,0,0,2,4,0,0.62,25.08,-1.7,0,8.578476419833136
SM100333,2025-10-30,Lucknow,Truck,54.3,10,2664.0,179.0,29958.0,4.0,Clear,0,11.0,9.61,2583.0,0,0,0,0,0,0,10,3,0,0.533,47.57,-1.39,0,10.307585059236986
SM100153,2025-04-18,Lucknow,Mini Truck,22.3,6,889.0,41.0,6008.0,5.6,Clear,0,7.0,5.68,959.0,0,0,1,0,0,0,4,4,0,0.444,43.0,-1.32,0,8.701013624333928
SM105516,2025-07-11,Gorakhpur,Pickup,90.5,5,549.0,24.0,4890.0,4.4,Clear,0,10.0,8.47,1381.0,0,0,0,0,0,0,7,4,0,0.686,15.26,-1.53,0,8.495152060539358
SM100721,2025-12-06,Prayagraj,Pickup,50.7,4,128.0,6.0,610.0,7.9,Clear,0,7.0,5.81,727.0,0,0,0,0,0,0,12,5,1,0.16,14.34,-1.19,0,6.415096959171596
SM100373,2025-05-17,Lucknow,Mini Truck,18.1,11,1413.0,64.0,13674.5,6.1,Clear,0,9.0,6.98,1136.0,0,0,0,0,1,0,5,5,1,0.706,62.76,-2.02,0,9.523361189693068
SM100312,2025-02-13,Varanasi,Mini Truck,61.0,9,1346.0,143.0,17540.0,5.7,Clear,0,10.0,7.25,1735.0,0,0,0,0,0,0,2,3,0,0.673,28.44,-2.75,0,9.77229627684378
SM101849,2025-03-02,Kanpur,Pickup,38.5,8,462.0,34.0,6667.0,9.8,Clear,0,8.0,8.0,878.0,0,1,0,0,0,0,3,6,1,0.578,22.81,0.0,0,8.805075243870684
SM101622,2025-12-04,Varanasi,Pickup,12.0,6,496.0,53.0,4113.0,7.4,Fog,0,6.0,6.44,583.0,0,0,0,0,0,0,12,3,0,0.62,48.58,0.44,1,8.322151070212902
SM100042,2025-09-13,Kanpur,Pickup,25.8,6,624.0,32.0,7439.0,3.9,Clear,0,7.0,4.93,732.0,0,0,0,0,0,0,9,5,1,0.78,28.37,-2.07,0,8.914626127827137
SM102693,2025-06-05,Kanpur,Pickup,33.4,1,554.0,31.0,6015.0,4.1,Clear,0,6.0,3.72,586.0,0,0,0,0,0,0,6,3,0,0.692,17.54,-2.28,0,8.702177865629675
SM105067,2025-01-07,Prayagraj,Mini Truck,21.2,7,1161.0,108.0,11030.0,6.6,Fog,0,8.0,8.24,1108.0,0,1,0,0,0,0,1,1,0,0.58,52.26,0.24,1,9.308464769969381
SM104618,2025-08-20,Kanpur,Truck,47.8,10,3493.0,316.0,76626.0,6.9,Clear,0,11.0,11.21,2679.0,0,0,0,0,0,0,8,2,0,0.699,56.05,0.21,1,11.24670477403981
SM100417,2025-02-14,Kanpur,Pickup,28.049999999999997,6,443.0,23.0,1912.0,3.7,Fog,0,9.0,8.79,1018.0,1,0,0,0,0,0,2,4,0,0.554,36.29,-0.21,0,7.556427969440253
SM104858,2025-04-06,Kanpur,Truck,16.3,9,2717.0,170.0,44227.0,9.1,Clear,0,9.0,8.11,1607.0,0,0,0,0,0,0,4,6,1,0.543,98.59,-0.89,0,10.697113351662292
SM104753,2025-11-15,Kanpur,Mini Truck,23.4,7,667.0,66.0,12027.0,8.7,Clear,0,7.0,6.53,895.0,0,0,0,0,0,0,11,5,1,0.334,38.25,-0.47,0,9.394992544108419
SM105994,2025-02-18,Prayagraj,Mini Truck,31.3,6,1955.0,111.0,37266.0,4.3,Clear,0,8.0,6.3,1332.0,0,0,0,0,0,0,2,1,0,0.978,42.56,-1.7,0,10.525863495538852
SM105696,2025-01-28,Lucknow,Pickup,25.2,3,487.0,21.0,3466.0,7.4,Clear,0,7.0,5.84,632.0,1,0,0,0,0,0,1,1,0,0.609,25.08,-1.16,0,8.151044945685024
SM100704,2025-02-17,Lucknow,Mini Truck,15.4,3,841.0,41.0,14538.0,3.5,Clear,0,6.0,3.09,716.0,0,0,0,0,0,0,2,0,0,0.42,46.49,-2.91,0,9.584589972931425
SM100732,2025-12-03,Varanasi,Pickup,44.5,5,395.0,16.0,4302.0,5.1,Clear,0,8.0,6.54,800.0,0,0,0,0,0,0,12,2,0,0.494,17.98,-1.46,0,8.3670677328386
SM105838,2025-04-12,Lucknow,Pickup,21.5,5,592.0,31.0,3992.0,5.9,Clear,0,7.0,4.89,569.0,0,0,0,0,0,0,4,5,1,0.74,26.47,-2.11,0,8.292298107063221
SM105912,2025-09-09,Varanasi,Truck,11.9,6,1577.0,99.0,42688.0,6.9,Rain,0,7.0,6.5,1032.0,0,0,0,0,0,0,9,1,0,0.315,86.72,-0.5,0,10.661696554788023
SM103614,2025-10-02,Gorakhpur,Pickup,36.4,2,513.0,38.0,5741.0,6.2,Clear,1,6.0,5.66,690.0,0,0,0,0,0,0,10,3,0,0.641,18.96,-0.34,0,8.655562860681009
SM101806,2025-01-04,Prayagraj,Mini Truck,42.0,8,1408.0,59.0,13438.0,6.6,Clear,0,9.0,8.01,1478.0,0,0,0,0,0,0,1,5,1,0.704,35.19,-0.99,0,9.505916206547065
SM101018,2025-01-16,Lucknow,Pickup,36.3,8,555.0,23.0,8962.0,2.3,Clear,0,8.0,6.18,870.0,0,0,0,0,0,0,1,3,0,0.694,23.97,-1.82,0,9.100860271357362
SM105565,2025-08-21,Prayagraj,Pickup,76.4,3,359.0,17.0,7497.0,6.6,Clear,0,9.0,8.1,967.0,0,0,0,0,0,0,8,3,0,0.449,12.66,-0.9,0,8.922391597295857
SM100907,2025-03-05,Gorakhpur,Pickup,45.3,3,505.0,28.0,10487.0,4.5,Clear,0,7.0,6.31,794.0,0,0,0,0,0,0,3,2,0,0.631,17.53,-0.69,0,9.257987025443535
SM101693,2025-05-25,Kanpur,Mini Truck,40.1,7,1537.0,103.0,17239.0,7.8,Clear,0,9.0,7.14,1579.0,0,0,0,0,0,0,5,6,1,0.768,39.38,-1.86,0,9.754987544217684
SM102791,2025-02-26,Varanasi,Truck,28.1,6,2844.0,128.0,22610.0,3.3,Clear,0,8.0,6.26,1995.0,0,0,0,0,0,0,2,2,0,0.569,71.0,-1.74,0,10.026191792511579
SM104368,2025-12-05,Gorakhpur,Pickup,13.8,6,398.0,20.0,2622.0,6.3,Clear,0,6.0,5.9,493.0,0,0,0,0,0,0,12,4,0,0.498,35.72,-0.1,0,7.872073979866873
SM105589,2025-11-06,Varanasi,Mini Truck,48.4,11,1723.0,81.0,22624.0,5.8,Rain,0,10.0,9.32,1654.0,0,0,0,0,0,0,11,3,0,0.862,34.17,-0.68,0,10.026810768568128
SM100519,2025-08-05,Kanpur,Mini Truck,24.8,11,1433.0,62.0,12652.0,7.2,Clear,0,9.0,7.92,1270.0,0,0,0,0,0,0,8,1,0,0.716,51.21,-1.08,0,9.445649620189263
SM100814,2025-10-11,Prayagraj,Pickup,6.5,4,273.0,24.0,5550.0,2.7,Clear,0,5.0,3.05,283.0,0,0,0,0,0,0,10,5,1,0.341,43.54,-1.95,0,8.621733370690162
SM100818,2025-08-31,Varanasi,Mini Truck,23.9,4,1628.0,144.0,47457.0,2.6,Fog,0,7.0,6.57,1080.0,0,0,0,0,0,0,8,6,1,0.814,45.19,-0.43,0,10.767600388351703
SM103449,2025-06-30,Kanpur,Truck,37.5,5,2537.0,149.0,78973.0,6.1,Clear,0,8.0,6.45,2279.0,0,0,0,0,0,1,6,0,0,0.507,60.77,-1.55,0,11.276873963355234
SM104830,2025-05-08,Gorakhpur,Pickup,95.1,6,437.0,18.0,3816.0,5.7,Clear,0,10.0,8.93,1412.0,0,0,0,0,0,0,5,3,0,0.546,14.85,-1.07,0,8.247220052745229
SM101522,2025-03-11,Kanpur,Mini Truck,34.1,4,994.0,70.0,6926.0,5.7,Clear,0,7.0,5.46,1161.0,0,0,0,0,0,0,3,1,0,0.497,34.05,-1.54,0,8.843182098022606
SM101638,2025-03-08,Lucknow,Mini Truck,27.7,5,1467.0,66.0,26982.0,4.4,Clear,0,7.0,5.91,1223.0,0,0,0,0,0,0,3,5,1,0.734,44.15,-1.09,0,10.20296231705686
SM103557,2025-05-07,Lucknow,Truck,45.8,3,906.0,101.0,34278.0,6.9,Clear,0,7.0,6.69,1536.0,0,0,0,0,0,0,5,2,0,0.181,33.54,-0.31,0,10.44228820075763
SM105751,2025-03-21,Prayagraj,Pickup,58.2,4,462.0,28.0,5237.0,4.6,Clear,0,8.0,6.88,886.0,0,1,0,0,0,0,3,4,0,0.578,15.22,-1.12,0,8.563695025067657
SM101700,2025-04-07,Gorakhpur,Mini Truck,27.7,4,1186.0,66.0,5290.0,5.6,Clear,0,7.0,5.15,940.0,0,0,1,0,0,0,4,0,0,0.593,33.94,-1.85,0,8.57376254290413
SM103526,2025-02-18,Prayagraj,Pickup,22.3,7,491.0,42.0,10249.0,4.7,Clear,0,7.0,5.63,711.0,0,0,0,0,0,0,2,1,0,0.614,31.88,-1.37,0,9.235032984566555
SM105217,2025-09-01,Varanasi,Pickup,71.5,6,503.0,29.0,7412.0,5.6,Clear,0,9.0,8.66,1174.0,0,0,1,0,0,0,9,0,0,0.629,16.42,-0.34,0,8.910990494656719
SM103734,2025-04-28,Lucknow,Pickup,24.7,6,455.0,19.0,1729.0,4.4,Clear,0,7.0,5.72,556.0,0,0,0,0,0,0,4,0,0,0.569,22.51,-1.28,0,7.455876687491824
SM103046,2025-09-23,Prayagraj,Pickup,85.4,7,376.0,19.0,6428.0,7.2,Rain,0,10.0,9.21,1326.0,0,0,0,0,0,0,9,1,0,0.47,15.53,-0.79,0,8.768574284141687
SM101883,2025-11-05,Prayagraj,Pickup,38.7,6,406.0,28.0,3681.0,4.5,Clear,1,8.0,7.8,764.0,0,0,0,0,0,0,11,2,0,0.507,19.74,-0.2,0,8.211211361793023
SM102592,2025-07-14,Varanasi,Pickup,19.0,6,466.0,19.0,5708.0,3.5,Rain,0,7.0,5.52,706.0,0,0,0,0,0,0,7,0,0,0.582,37.16,-1.48,0,8.64979915596426
SM100379,2025-04-06,Gorakhpur,Pickup,37.0,7,602.0,48.0,23664.0,7.0,Clear,0,8.0,6.41,924.0,0,0,0,0,0,0,4,6,1,0.752,24.97,-1.59,0,10.071752442340347
SM103775,2025-03-10,Prayagraj,Truck,30.6,4,2840.0,90.0,26925.0,6.2,Rain,0,7.0,7.19,1585.0,0,1,0,0,0,0,3,0,0,0.568,51.8,0.19,1,10.20084764153918
SM104003,2025-06-12,Varanasi,Mini Truck,61.3,5,1722.0,81.0,27256.0,6.5,Clear,0,9.0,7.8,1672.0,0,0,0,0,0,0,6,3,0,0.861,27.28,-1.2,0,10.213065647837128
SM102251,2025-07-21,Lucknow,Mini Truck,23.0,5,1414.0,82.0,17734.0,6.9,Rain,0,7.0,7.5,994.0,0,0,0,0,0,0,7,0,0,0.707,43.22,0.5,1,9.783295367207723
SM104439,2025-04-25,Gorakhpur,Pickup,45.0,7,277.0,13.0,3304.0,3.5,Clear,0,8.0,6.67,808.0,0,0,0,0,0,0,4,4,0,0.346,17.96,-1.33,0,8.103191752285786
SM102148,2025-11-06,Gorakhpur,Truck,42.7,8,1616.0,91.0,56332.0,7.2,Fog,0,9.0,9.67,1873.0,0,0,0,0,0,0,11,3,0,0.323,43.86,0.67,1,10.939035788059831
SM103726,2025-02-09,Lucknow,Mini Truck,14.6,5,1342.0,139.0,82353.5,2.3,Clear,0,7.0,4.52,804.0,0,0,0,0,0,0,2,6,1,0.671,55.07,-2.48,0,11.318788378921557
SM102144,2025-05-13,Prayagraj,Mini Truck,22.6,3,775.0,37.0,9227.0,5.6,Clear,0,6.0,5.56,609.0,0,0,1,0,0,0,5,1,0,0.388,26.95,-0.44,0,9.129997619293645
SM102566,2025-10-20,Varanasi,Mini Truck,50.1,4,1169.0,64.0,19575.0,5.9,Clear,1,8.0,7.48,1403.0,0,0,0,0,0,0,10,0,0,0.584,28.0,-0.52,0,9.882059605122508
SM101803,2025-04-05,Prayagraj,Pickup,32.8,7,291.0,35.0,2683.0,5.6,Clear,0,7.0,5.57,595.0,1,0,1,0,0,0,4,5,1,0.364,18.14,-1.43,0,7.895063498091573
SM105932,2025-05-04,Lucknow,Mini Truck,22.9,7,1177.0,52.0,8091.0,6.5,Clear,0,8.0,6.21,1085.0,0,0,0,1,0,0,5,6,1,0.588,47.38,-1.79,0,8.998631198287637
SM105357,2025-09-30,Lucknow,Pickup,22.3,11,462.0,33.0,2722.0,6.1,Clear,0,8.0,8.18,974.0,0,1,0,0,0,0,9,1,0,0.578,43.68,0.18,1,7.909489492673759
SM103621,2025-03-23,Lucknow,Pickup,16.2,6,410.0,19.0,3636.0,3.6,Clear,0,7.0,5.11,511.0,0,0,0,0,0,0,3,6,1,0.512,31.54,-1.89,0,8.19891444498699
SM105520,2025-06-09,Varanasi,Pickup,55.1,7,362.0,16.0,969.0,4.5,Clear,0,9.0,6.82,981.0,0,0,0,0,0,0,6,0,0,0.452,17.8,-2.18,0,6.877296071497429
SM103967,2025-03-30,Lucknow,Pickup,32.9,5,390.0,42.0,4957.0,4.1,Rain,0,7.0,5.79,675.0,0,0,0,0,0,0,3,6,1,0.488,20.52,-1.21,0,8.508757712595136
SM101594,2025-09-14,Lucknow,Mini Truck,47.4,3,1030.0,79.0,20160.0,5.7,Clear,0,7.0,6.17,1228.0,0,0,0,0,0,0,9,6,1,0.515,25.91,-0.83,0,9.911505324129712
SM104328,2025-01-18,Lucknow,Pickup,48.5,7,515.0,40.0,4247.0,3.4,Rain,0,9.0,8.68,1014.0,0,0,0,0,0,0,1,5,1,0.644,20.91,-0.32,0,8.354203562921775
SM104890,2025-11-02,Varanasi,Mini Truck,19.7,5,1078.0,59.0,12299.0,5.5,Clear,0,7.0,5.56,950.0,0,0,0,0,0,0,11,6,1,0.539,48.22,-1.44,0,9.417354541360508
SM101706,2025-12-25,Lucknow,Pickup,34.8,6,718.0,37.0,6838.0,5.9,Clear,0,8.0,6.27,826.0,0,0,0,0,0,0,12,3,0,0.898,23.74,-1.73,0,8.830396801098097
SM105006,2025-07-01,Varanasi,Mini Truck,89.4,6,1535.0,85.0,23138.0,6.6,Rain,0,11.0,9.88,2189.0,0,0,0,0,0,0,7,1,0,0.768,24.49,-1.12,0,10.049274784602108
SM103790,2025-02-10,Prayagraj,Truck,66.4,3,3593.0,198.0,32095.0,2.8,Clear,0,10.0,8.67,2967.0,0,0,0,0,0,0,2,0,0,0.719,44.68,-1.33,0,10.376486690761663
SM101820,2025-04-25,Varanasi,Truck,35.5,4,3872.0,224.0,48386.0,5.0,Fog,0,9.0,9.55,2379.0,0,0,0,0,0,0,4,4,0,0.774,67.01,0.55,1,10.786986461585292
SM102562,2025-09-01,Lucknow,Pickup,28.5,7,751.0,32.0,2833.0,6.5,Rain,0,8.0,8.47,878.0,0,0,0,0,0,0,9,0,0,0.939,30.81,0.47,1,7.949444420250626
SM102559,2025-08-04,Lucknow,Mini Truck,35.1,3,947.0,48.0,11426.0,7.9,Clear,0,7.0,6.97,1026.0,0,0,0,0,0,0,8,0,0,0.474,29.23,-0.03,0,9.343734255146714
SM104208,2025-03-24,Lucknow,Truck,45.4,8,3689.0,245.0,56807.0,4.1,Clear,0,10.0,9.48,2684.0,0,0,0,0,0,0,3,0,0,0.738,59.12,-0.52,0,10.94743243986193
SM105095,2025-03-05,Kanpur,Pickup,32.7,6,462.0,63.0,12514.0,5.7,Clear,0,7.0,6.55,731.0,0,1,0,0,0,0,3,2,0,0.578,22.35,-0.45,0,9.434683203865875
SM101582,2025-07-08,Kanpur,Pickup,30.4,8,477.0,22.0,13391.0,5.5,Rain,0,8.0,8.6,759.0,0,0,0,0,0,0,7,1,0,0.596,24.97,0.6,1,9.502412792729256
SM102547,2025-08-02,Varanasi,Mini Truck,44.8,5,1234.0,95.0,10497.0,7.1,Rain,0,8.0,7.94,1288.0,0,0,0,0,0,0,8,5,1,0.617,28.75,-0.06,0,9.258940041812245
SM100319,2025-10-08,Prayagraj,Truck,17.9,8,3552.0,303.0,45238.0,5.4,Clear,0,9.0,7.58,2052.0,0,0,0,0,0,0,10,2,0,0.71,114.64,-1.42,0,10.719714825653304
SM104321,2025-06-13,Lucknow,Truck,42.3,6,4554.0,319.0,32836.0,6.8,Clear,0,10.0,8.38,2805.0,0,0,0,0,0,0,6,4,0,0.911,66.31,-1.62,0,10.399311207383771
SM105138,2025-01-30,Kanpur,Mini Truck,53.8,3,1105.0,81.0,13846.0,5.3,Rain,0,8.0,7.28,1400.0,0,0,0,0,0,0,1,3,0,0.552,26.02,-0.72,0,9.535823881654714
SM105288,2025-04-07,Prayagraj,Pickup,47.9,5,624.0,64.0,19539.0,4.8,Clear,0,8.0,7.63,938.0,0,0,0,0,0,0,4,0,0,0.78,19.58,-0.37,0,9.880218925596774
SM103364,2025-02-28,Kanpur,Mini Truck,28.6,7,744.0,81.0,16057.0,6.4,Clear,0,8.0,5.73,894.0,0,0,0,0,0,0,2,4,0,0.372,31.26,-2.27,0,9.68396244674463
SM105545,2025-11-20,Prayagraj,Truck,27.7,10,3315.0,256.0,44221.0,6.6,Clear,0,10.0,10.3,2206.0,0,0,0,0,0,0,11,3,0,0.663,79.64,0.3,1,10.6969776817921
SM101763,2025-08-08,Prayagraj,Mini Truck,37.5,9,721.0,51.0,11373.0,6.0,Clear,0,9.0,7.44,1134.0,0,0,0,0,0,0,8,4,0,0.36,30.24,-1.56,0,9.339085327866744
SM102843,2025-06-26,Varanasi,Truck,24.1,4,2666.0,165.0,12059.0,6.0,Clear,0,7.0,6.51,1714.0,0,0,0,0,0,0,6,3,0,0.533,71.12,-0.49,0,9.397649470281177
SM104944,2025-01-14,Varanasi,Mini Truck,70.0,9,855.0,43.0,3808.0,8.8,Clear,1,10.0,11.26,1719.0,0,0,0,0,0,0,1,1,0,0.428,24.56,1.26,1,8.245121966478605
SM104717,2025-12-28,Kanpur,Pickup,54.7,4,465.0,24.0,6763.0,6.1,Fog,0,8.0,8.8,951.0,0,0,0,0,0,0,12,6,1,0.581,17.39,0.8,1,8.81936971001847
SM105777,2025-02-09,Kanpur,Mini Truck,12.9,10,853.0,41.0,7118.0,4.7,Clear,0,8.0,5.08,867.0,0,0,0,0,0,0,2,6,1,0.426,67.21,-2.92,0,8.870522545103873
SM102141,2025-11-16,Varanasi,Mini Truck,34.6,5,833.0,42.0,7776.0,1.8,Clear,0,7.0,4.69,1060.0,0,0,0,0,0,0,11,6,1,0.416,30.64,-2.31,0,8.958925938694943
SM100213,2025-06-14,Varanasi,Truck,67.3,6,3056.0,349.0,39993.0,5.3,Clear,0,10.0,8.66,2840.0,0,0,0,0,0,0,6,5,1,0.611,42.2,-1.34,0,10.596484721844948
SM104866,2025-06-20,Lucknow,Mini Truck,8.7,9,1123.0,58.0,9737.0,5.0,Fog,0,7.0,7.45,977.0,0,0,0,0,0,0,6,4,0,0.562,112.3,0.45,1,9.183791036742646
SM104433,2025-02-11,Lucknow,Mini Truck,21.6,7,1809.0,130.0,13674.5,2.1,Clear,0,8.0,4.93,1207.0,0,0,0,0,1,0,2,1,0,0.904,55.88,-3.07,0,9.523361189693068
SM103497,2025-06-23,Prayagraj,Mini Truck,43.1,2,542.0,28.0,7788.0,5.0,Clear,0,7.0,5.23,931.0,0,0,0,0,0,0,6,0,0,0.271,21.6,-1.77,0,8.960467760919949
SM100803,2025-12-02,Lucknow,Mini Truck,32.3,3,1259.0,57.0,11139.0,5.9,Clear,0,7.0,6.53,1045.0,0,0,0,0,0,0,12,1,0,0.63,32.35,-0.47,0,9.318297513481275
SM105278,2025-05-18,Gorakhpur,Mini Truck,80.7,7,1499.0,85.0,36665.0,5.2,Clear,0,11.0,9.45,2065.0,0,0,0,0,0,0,5,6,1,0.75,25.59,-1.55,0,10.50960517412297
SM105264,2025-11-01,Varanasi,Mini Truck,38.1,5,828.0,41.0,10209.0,7.2,Clear,0,8.0,6.97,1047.0,0,0,0,0,0,0,11,5,1,0.414,27.48,-1.03,0,9.231122911158712
SM104132,2025-09-24,Lucknow,Truck,30.9,5,2235.0,98.0,57450.0,5.9,Rain,0,8.0,8.6,1731.0,0,0,0,0,0,0,9,2,0,0.447,56.02,0.6,1,10.958687689565794
SM100105,2025-10-15,Varanasi,Pickup,38.7,6,462.0,16.0,3654.0,6.4,Clear,0,8.0,6.34,735.0,0,1,0,0,0,0,10,2,0,0.578,18.99,-1.66,0,8.203851372183879
SM104458,2025-02-12,Lucknow,Mini Truck,20.5,6,1148.0,61.0,11016.0,5.8,Fog,0,7.0,7.62,929.0,0,0,0,0,0,0,2,2,0,0.574,45.32,0.62,1,9.307194813340065
SM104946,2025-05-16,Gorakhpur,Pickup,57.4,5,585.0,45.0,6044.0,6.6,Clear,0,8.0,6.98,948.0,0,0,0,1,0,0,5,4,0,0.731,16.52,-1.02,0,8.706986763048892
SM103805,2025-11-06,Kanpur,Truck,30.7,7,2111.0,140.0,53796.0,4.8,Clear,0,8.0,6.63,1682.0,0,0,0,0,0,0,11,3,0,0.422,54.79,-1.37,0,10.892972982513328
SM102806,2025-04-16,Varanasi,Mini Truck,93.8,4,725.0,53.0,17889.0,4.7,Clear,0,10.0,8.31,1789.0,0,0,0,0,0,0,4,2,0,0.362,19.07,-1.69,0,9.791997176502765
SM104952,2025-10-13,Gorakhpur,Mini Truck,56.1,7,1400.0,89.0,18470.0,5.8,Clear,0,9.0,7.54,1526.0,0,0,0,0,0,0,10,0,0,0.7,27.2,-1.46,0,9.82395721357932
SM101465,2025-02-10,Lucknow,Mini Truck,36.0,5,1783.0,75.0,24762.0,8.1,Clear,0,8.0,6.56,1415.0,0,0,0,0,0,0,2,0,0,0.892,39.31,-1.44,0,10.117105882625266
SM102953,2025-06-09,Lucknow,Pickup,24.0,11,772.0,48.0,4696.0,7.0,Clear,0,9.0,8.25,984.0,0,0,0,0,0,0,6,0,0,0.965,41.0,-0.75,0,8.454679286026995
SM100565,2025-03-28,Kanpur,Pickup,42.0,7,494.0,28.0,3717.0,6.3,Clear,0,8.0,6.05,801.0,0,0,0,0,0,0,3,4,0,0.618,19.07,-1.95,0,8.220941168281389
SM104345,2025-07-03,Varanasi,Truck,31.3,7,3382.0,148.0,20242.0,5.8,Rain,0,9.0,9.31,2226.0,0,0,0,0,0,0,7,3,0,0.676,71.12,0.31,1,9.915564333761576
SM102524,2025-01-23,Prayagraj,Mini Truck,28.0,6,331.0,14.0,4262.0,4.9,Clear,0,7.0,6.49,737.0,0,0,0,0,0,0,1,3,0,0.166,26.32,-0.51,0,8.35772841676521
SM101474,2025-12-23,Prayagraj,Truck,25.0,5,2768.0,136.0,33065.0,6.2,Clear,0,8.0,6.76,1685.0,0,0,0,0,1,0,12,1,0,0.554,67.4,-1.24,0,10.40626084311129
SM103236,2025-05-13,Prayagraj,Pickup,19.6,5,414.0,43.0,8498.0,4.6,Fog,0,6.0,6.65,442.0,0,0,0,0,0,0,5,1,0,0.518,22.55,0.65,1,9.047703788498627
SM102829,2025-02-16,Kanpur,Pickup,20.0,3,489.0,49.0,12022.0,5.5,Fog,0,6.0,6.23,374.0,0,0,0,0,0,0,2,6,1,0.611,18.7,0.23,1,9.394576760974909
SM102502,2025-10-02,Lucknow,Pickup,37.6,9,552.0,30.0,7910.0,7.6,Clear,1,9.0,8.85,836.0,0,0,0,0,0,0,10,3,0,0.69,22.23,-0.15,0,8.976009475021396
SM100317,2025-09-23,Lucknow,Truck,25.5,2,2189.0,98.0,14342.0,8.0,Rain,0,7.0,9.11,1417.0,0,0,0,0,0,0,9,1,0,0.438,55.57,2.11,1,9.571017297294214
SM101200,2025-11-17,Lucknow,Truck,33.8,8,3263.0,200.0,26477.0,2.7,Clear,0,9.0,7.57,2215.0,0,0,0,0,0,0,11,0,0,0.653,65.53,-1.43,0,10.184069478497602
SM105203,2025-09-01,Varanasi,Pickup,83.2,10,291.0,15.0,2534.0,3.6,Rain,0,11.0,11.14,1428.0,0,0,0,0,0,0,9,0,0,0.364,17.16,0.14,1,7.837948916025283
SM102278,2025-05-15,Lucknow,Truck,28.0,4,3151.0,313.0,82353.5,3.5,Clear,0,8.0,6.63,1989.0,0,0,0,1,0,0,5,3,0,0.63,71.04,-1.37,0,11.318788378921557
SM100652,2025-03-15,Prayagraj,Mini Truck,32.5,2,676.0,36.0,18700.0,1.7,Clear,1,6.0,5.36,802.0,0,0,0,0,0,0,3,5,1,0.338,24.68,-0.64,0,9.83633227734872
SM100070,2025-10-18,Lucknow,Truck,11.0,7,3497.0,142.0,42303.0,3.9,Clear,0,8.0,7.07,1726.0,0,0,0,0,0,0,10,5,1,0.699,156.91,-0.93,0,10.652636923211357
SM105763,2025-02-04,Varanasi,Truck,87.1,8,2840.0,141.0,76202.0,7.2,Clear,0,12.0,12.24,3611.0,0,1,0,0,0,0,2,1,0,0.568,41.46,0.24,1,11.241156110978496
SM102658,2025-09-03,Lucknow,Mini Truck,30.6,3,1662.0,71.0,82353.5,5.8,Fog,0,7.0,8.4,1158.0,0,0,0,0,0,0,9,2,0,0.831,37.84,1.4,1,11.318788378921557
SM101174,2025-01-04,Kanpur,Truck,59.0,5,4372.0,202.0,34761.0,5.1,Fog,0,10.0,10.22,3109.0,0,0,0,0,0,0,1,5,1,0.874,52.69,0.22,1,10.456280115123425
SM101088,2025-08-26,Lucknow,Truck,54.2,9,3551.0,347.0,82353.5,4.9,Rain,0,11.0,11.39,2872.0,0,0,0,0,0,0,8,1,0,0.71,52.99,0.39,1,11.318788378921557
SM100410,2025-03-05,Varanasi,Pickup,88.0,3,596.0,27.0,6593.0,5.6,Clear,0,9.0,8.22,1252.0,0,0,1,0,0,0,3,2,0,0.745,14.23,-0.78,0,8.793915423631676
SM104064,2025-10-04,Prayagraj,Pickup,37.9,4,326.0,19.0,2675.0,3.6,Rain,0,7.0,6.2,861.0,0,0,0,0,0,1,10,5,1,0.408,22.72,-0.8,0,7.892078421248119
SM105993,2025-08-28,Prayagraj,Pickup,15.5,8,436.0,40.0,16422.0,5.3,Clear,0,7.0,5.09,532.0,0,0,0,0,0,0,8,3,0,0.545,34.32,-1.91,0,9.70643807033756
SM102386,2025-12-14,Lucknow,Truck,19.3,3,3399.0,277.0,82353.5,6.5,Rain,0,7.0,7.91,1748.0,0,0,0,0,0,0,12,6,1,0.68,90.57,0.91,1,11.318788378921557
SM105121,2025-08-14,Varanasi,Mini Truck,23.6,7,1776.0,73.0,8809.0,4.3,Rain,0,8.0,7.23,1351.0,0,0,0,0,0,0,8,3,0,0.888,57.25,-0.77,0,9.083642718930225
SM102091,2025-04-30,Kanpur,Pickup,21.6,5,283.0,12.0,3579.0,6.3,Clear,0,6.0,5.23,461.0,0,0,0,0,0,0,4,2,0,0.354,21.34,-0.77,0,8.183118079394745
SM104635,2025-10-06,Lucknow,Truck,27.0,6,2155.0,189.0,20165.0,5.2,Clear,1,8.0,7.73,1458.0,0,0,0,0,0,0,10,0,0,0.431,54.0,-0.27,0,9.91175329695316
SM100601,2025-10-12,Lucknow,Truck,24.8,4,2337.0,224.0,22268.0,4.3,Clear,0,7.0,6.21,1498.0,0,0,0,0,0,0,10,6,1,0.467,60.4,-0.79,0,10.010950855785657
SM105428,2025-01-11,Gorakhpur,Mini Truck,119.3,6,1396.0,57.0,14955.0,6.5,Clear,0,12.0,11.11,2677.0,0,0,0,0,0,0,1,5,1,0.698,22.44,-0.89,0,9.612867836097005
SM103013,2025-09-26,Varanasi,Mini Truck,58.3,9,1280.0,108.0,13647.0,5.2,Rain,0,10.0,9.01,1714.0,0,0,0,0,0,0,9,4,0,0.64,29.4,-0.99,0,9.52134826973146
SM105530,2025-08-04,Varanasi,Mini Truck,24.6,3,1126.0,114.0,15974.0,7.7,Clear,0,6.0,6.12,932.0,0,0,0,0,0,0,8,0,0,0.563,37.89,0.12,1,9.678780279245736
SM102219,2025-03-12,Lucknow,Pickup,10.0,6,532.0,51.0,6983.0,7.1,Rain,0,6.0,6.61,509.0,0,0,0,0,0,0,3,2,0,0.665,50.9,0.61,1,8.851377097519439
SM102465,2025-03-13,Kanpur,Mini Truck,9.7,4,894.0,40.0,5346.0,5.5,Clear,0,6.0,4.11,590.0,0,0,0,0,0,0,3,3,0,0.447,60.82,-1.89,0,8.584290934948731
SM100837,2025-03-14,Lucknow,Truck,36.2,4,3343.0,150.0,59229.0,4.9,Clear,1,8.0,8.13,2209.0,0,0,0,0,0,0,3,4,0,0.669,61.02,0.13,1,10.98918344927101
SM103325,2025-10-13,Lucknow,Mini Truck,7.2,6,1124.0,87.0,24131.0,6.9,Fog,0,6.0,6.81,655.0,0,0,0,0,0,0,10,0,0,0.562,90.97,0.81,1,10.091294039560653
SM100624,2025-08-09,Varanasi,Mini Truck,66.3,7,902.0,103.0,16523.0,5.9,Rain,1,10.0,10.59,1612.0,0,0,0,0,0,0,8,5,1,0.451,24.31,0.59,1,9.712569148516655
SM100806,2025-07-18,Varanasi,Pickup,31.7,7,396.0,24.0,638.0,3.7,Clear,0,8.0,5.12,638.0,0,0,0,0,0,0,7,4,0,0.495,20.13,-2.88,0,6.459904454377535
SM104978,2025-12-04,Gorakhpur,Truck,76.4,5,3679.0,356.0,50368.0,5.1,Clear,0,11.0,9.51,3314.0,0,0,0,0,0,0,12,3,0,0.736,43.38,-1.49,0,10.827131185455466
SM105580,2025-07-16,Varanasi,Pickup,59.1,8,433.0,40.0,5598.0,5.5,Rain,0,9.0,9.28,1004.0,0,0,0,0,1,0,7,2,0,0.541,16.99,0.28,1,8.630343289348893
SM100637,2025-04-19,Lucknow,Mini Truck,36.1,7,693.0,34.0,7809.0,5.9,Rain,0,8.0,7.51,1105.0,0,0,0,0,0,0,4,5,1,0.346,30.61,-0.49,0,8.963160242833732
SM100423,2025-08-01,Prayagraj,Pickup,25.7,6,275.0,12.0,2545.0,6.4,Rain,0,7.0,7.36,660.0,0,0,0,0,0,0,8,4,0,0.344,25.68,0.36,1,7.842278779117352
SM104823,2025-12-22,Lucknow,Mini Truck,22.7,5,1161.0,43.0,7323.0,3.2,Fog,0,7.0,7.0,893.0,0,1,0,0,0,0,12,0,0,0.58,39.34,0.0,0,8.898911905794401
SM101996,2025-07-21,Lucknow,Truck,36.6,5,3594.0,190.0,40679.0,9.2,Rain,0,9.0,9.86,2362.0,0,0,0,0,0,0,7,0,0,0.719,64.54,0.86,1,10.613491850162497
SM104472,2025-06-28,Prayagraj,Mini Truck,38.0,8,1161.0,56.0,23028.0,7.8,Clear,0,9.0,7.28,1187.0,0,1,0,0,0,0,6,5,1,0.58,31.24,-1.72,0,10.044509570248016
SM104620,2025-08-14,Prayagraj,Pickup,14.5,3,476.0,22.0,4598.0,7.4,Clear,0,6.0,5.31,403.0,0,0,0,0,0,0,8,3,0,0.595,27.79,-0.69,0,8.433594167539924
SM102486,2025-03-31,Gorakhpur,Truck,22.8,5,2909.0,134.0,15041.0,9.6,Rain,1,8.0,9.84,1733.0,0,0,0,0,0,0,3,0,0,0.582,76.01,1.84,1,9.618601567386348
SM100150,2025-11-09,Lucknow,Pickup,12.6,9,376.0,34.0,5667.0,6.7,Clear,0,7.0,6.76,596.0,0,0,0,0,0,0,11,6,1,0.47,47.3,-0.24,0,8.64259160081057
SM103109,2025-03-28,Varanasi,Mini Truck,29.4,6,1329.0,93.0,12764.0,4.3,Clear,0,8.0,6.05,1128.0,0,0,0,0,0,0,3,4,0,0.664,38.37,-1.95,0,9.454462329675584
SM101580,2025-04-19,Varanasi,Pickup,20.9,9,487.0,26.0,3397.0,2.6,Clear,0,8.0,5.72,718.0,0,0,0,0,0,0,4,5,1,0.609,34.35,-2.28,0,8.130942302231878
SM100626,2025-05-04,Gorakhpur,Pickup,39.3,8,444.0,32.0,3909.0,6.2,Clear,0,8.0,7.27,823.0,0,0,0,0,0,0,5,6,1,0.555,20.94,-0.73,0,8.271292652979412
SM103002,2025-12-06,Varanasi,Truck,38.9,4,4568.0,312.0,58562.0,6.2,Clear,0,9.0,8.1,2664.0,0,0,0,1,0,0,12,5,1,0.914,68.48,-0.9,0,10.977858376831204
SM104601,2025-12-13,Gorakhpur,Mini Truck,46.2,4,1295.0,94.0,21059.0,6.2,Fog,0,6.0,7.29,879.0,1,0,0,0,0,0,12,5,1,0.648,19.03,1.29,1,9.955130785687967
SM103796,2025-09-08,Kanpur,Truck,25.9,4,2463.0,116.0,8022.0,7.3,Rain,0,7.0,8.02,1654.0,0,0,0,0,0,0,9,0,0,0.493,63.86,1.02,1,8.990067695753655
SM103481,2025-03-31,Prayagraj,Mini Truck,21.4,4,1166.0,60.0,13218.0,7.1,Clear,1,7.0,6.98,870.0,0,0,0,0,0,0,3,0,0,0.583,40.65,-0.02,0,9.4894104675794
SM100143,2025-05-30,Lucknow,Truck,13.8,5,2351.0,246.0,82353.5,7.1,Clear,0,7.0,6.69,1328.0,0,0,0,0,0,0,5,4,0,0.47,96.23,-0.31,0,11.318788378921557
SM104813,2025-07-22,Lucknow,Pickup,16.7,7,542.0,35.0,10399.0,8.2,Rain,1,7.0,8.51,638.0,0,0,0,0,0,0,7,1,0,0.678,38.2,1.51,1,9.249561085129464
SM102574,2025-10-10,Prayagraj,Pickup,73.6,6,246.0,14.0,2067.0,5.6,Fog,0,9.0,9.05,1188.0,0,0,1,0,0,0,10,4,0,0.308,16.14,0.05,1,7.63433723562832
SM104662,2025-02-26,Varanasi,Pickup,39.4,7,594.0,25.0,2809.0,1.6,Clear,0,8.0,5.47,863.0,0,0,0,0,0,0,2,2,0,0.742,21.9,-2.53,0,7.940939762327791
SM104014,2025-04-14,Lucknow,Mini Truck,30.7,8,1161.0,66.0,7408.0,6.5,Clear,0,8.0,6.79,1045.0,0,1,0,0,0,0,4,0,0,0.58,34.04,-1.21,0,8.910450756416656
SM101880,2025-05-21,Lucknow,Mini Truck,42.6,6,834.0,64.0,14622.0,7.0,Clear,0,8.0,6.61,1186.0,0,0,0,0,0,0,5,2,0,0.417,27.84,-1.39,0,9.590350910611878
SM105251,2025-06-04,Lucknow,Mini Truck,11.4,9,1374.0,64.0,22634.0,6.0,Clear,0,8.0,6.6,958.0,0,0,0,0,0,0,6,2,0,0.687,84.04,-1.4,0,10.02725265987006
SM103452,2025-06-15,Prayagraj,Mini Truck,48.5,5,1559.0,72.0,37459.0,6.9,Clear,0,8.0,7.03,1513.0,0,0,0,0,0,0,6,6,1,0.78,31.2,-0.97,0,10.53102897599808
SM103605,2025-02-19,Lucknow,Mini Truck,34.7,4,1426.0,85.0,13678.0,6.2,Clear,0,7.0,5.53,1207.0,0,0,0,0,0,0,2,2,0,0.713,34.78,-1.47,0,9.523617089089445
SM103342,2025-02-06,Gorakhpur,Mini Truck,56.2,5,1429.0,173.0,56801.0,2.8,Clear,0,9.0,6.44,1544.0,0,0,0,0,0,0,2,3,0,0.714,27.47,-2.56,0,10.947326815356947
SM105527,2025-04-26,Varanasi,Mini Truck,20.7,10,913.0,67.0,11713.0,5.6,Clear,0,8.0,6.11,1036.0,0,0,1,0,0,0,4,5,1,0.456,50.05,-1.89,0,9.368539986649727
SM105866,2025-09-20,Lucknow,Mini Truck,12.8,8,1179.0,102.0,8428.0,4.0,Rain,0,7.0,6.37,1023.0,0,0,0,0,0,0,9,5,1,0.59,79.92,-0.63,0,9.039433419997483
SM102171,2025-09-29,Varanasi,Pickup,48.2,6,635.0,30.0,2466.0,4.7,Rain,0,8.0,7.84,811.0,0,0,0,0,0,0,9,0,0,0.794,16.83,-0.16,0,7.810758116529357
SM104975,2025-10-20,Gorakhpur,Pickup,48.6,6,479.0,28.0,1701.0,6.8,Clear,1,8.0,6.88,816.0,0,0,0,0,0,0,10,0,0,0.599,16.79,-1.12,0,7.43955930913332
SM105171,2025-06-12,Varanasi,Mini Truck,64.3,8,1161.0,70.0,24110.0,4.4,Clear,0,10.0,8.05,1756.0,0,1,0,0,0,0,6,3,0,0.58,27.31,-1.95,0,10.090423446880829
SM102780,2025-04-24,Gorakhpur,Pickup,67.5,6,560.0,26.0,8525.0,2.7,Clear,0,9.0,6.57,1102.0,0,0,0,0,0,0,4,3,0,0.7,16.33,-2.43,0,9.050875597325156
SM104720,2025-07-28,Lucknow,Mini Truck,35.8,3,1198.0,76.0,12337.0,6.2,Clear,0,7.0,5.53,1227.0,0,0,0,0,0,0,7,0,0,0.599,34.27,-1.47,0,9.420439209769585
SM102832,2025-04-20,Prayagraj,Truck,30.5,8,4159.0,248.0,24709.0,5.8,Rain,0,10.0,10.39,2496.0,0,0,0,0,0,0,4,6,1,0.832,81.84,0.39,1,10.114963298982655
SM105462,2025-09-16,Varanasi,Pickup,37.9,4,330.0,32.0,9078.0,5.4,Clear,0,7.0,5.93,618.0,1,0,0,0,0,0,9,1,0,0.412,16.31,-1.07,0,9.113719333371757
SM102230,2025-08-19,Kanpur,Mini Truck,39.7,6,1094.0,122.0,13705.0,9.5,Rain,0,8.0,7.77,1147.0,0,0,0,0,0,0,8,1,0,0.547,28.89,-0.23,0,9.52558897214577
SM100617,2025-04-08,Lucknow,Mini Truck,21.9,4,1282.0,80.0,21966.0,4.8,Clear,0,7.0,3.99,920.0,0,0,0,0,0,0,4,1,0,0.641,42.01,-3.01,0,9.997296606214185
SM101324,2025-11-13,Lucknow,Truck,19.4,5,1184.0,57.0,13669.0,6.2,Clear,0,7.0,6.37,1114.0,0,0,0,0,0,0,11,3,0,0.237,57.42,-0.63,0,9.522958929717996
SM100690,2025-12-30,Lucknow,Truck,24.9,4,1150.0,51.0,19302.0,6.7,Clear,0,7.0,5.67,1129.0,0,0,0,0,0,0,12,1,0,0.23,45.34,-1.33,0,9.868015803227875
SM105918,2025-09-06,Kanpur,Pickup,49.4,5,237.0,26.0,7373.0,4.4,Rain,0,8.0,6.34,824.0,0,0,0,0,0,0,9,5,1,0.296,16.68,-1.66,0,8.90571557879409
SM102288,2025-12-08,Prayagraj,Truck,15.5,7,1717.0,196.0,45616.0,4.6,Clear,0,7.0,5.55,1171.0,0,0,0,0,0,0,12,0,0,0.343,75.55,-1.45,0,10.728035733044752
SM103302,2025-08-08,Varanasi,Pickup,23.9,8,181.0,8.0,3889.0,6.2,Rain,0,7.0,7.34,593.0,0,0,0,0,0,0,8,4,0,0.226,24.81,0.34,1,8.266164436612492
SM105785,2025-08-14,Lucknow,Truck,13.3,7,4013.0,278.0,39676.0,5.6,Rain,0,9.0,9.66,1929.0,0,0,1,0,0,0,8,3,0,0.803,145.04,0.66,1,10.58852695370191
SM101350,2025-01-23,Lucknow,Mini Truck,27.3,9,859.0,71.0,23831.0,7.4,Fog,0,8.0,8.48,1091.0,0,0,0,1,0,0,1,3,0,0.43,39.96,0.48,1,10.078784494393119
SM105837,2025-01-13,Kanpur,Truck,28.1,5,1749.0,98.0,33065.0,2.7,Clear,0,7.0,5.49,1424.0,0,0,0,0,1,0,1,0,0,0.35,50.68,-1.51,0,10.40626084311129
SM102729,2025-06-18,Prayagraj,Truck,29.2,7,3909.0,468.0,28079.0,5.3,Clear,0,9.0,8.36,2142.0,0,0,0,0,0,0,6,2,0,0.782,73.36,-0.64,0,10.242812858139747
SM105782,2025-11-19,Gorakhpur,Mini Truck,68.5,7,1189.0,112.0,24750.0,7.6,Clear,0,10.0,9.06,1703.0,0,0,0,0,0,0,11,2,0,0.594,24.86,-0.94,0,10.11662117122102
SM105788,2025-07-18,Prayagraj,Mini Truck,49.3,2,350.0,23.0,22116.0,6.6,Clear,0,7.0,6.04,970.0,0,0,0,0,0,0,7,4,0,0.175,19.68,-0.96,0,10.004101822568721
SM104561,2025-06-03,Prayagraj,Mini Truck,9.9,7,1161.0,109.0,15687.0,2.0,Clear,0,7.0,5.14,917.0,0,1,0,0,0,0,6,1,0,0.58,92.63,-1.86,0,9.660651367876183
SM101187,2025-08-07,Lucknow,Mini Truck,24.0,11,1553.0,118.0,43628.0,4.6,Clear,0,9.0,6.99,1327.0,0,0,0,0,0,0,8,3,0,0.776,55.29,-2.01,0,10.68347734584582
SM101191,2025-04-12,Kanpur,Pickup,28.3,8,509.0,39.0,8774.0,3.5,Clear,0,8.0,5.46,805.0,0,0,0,0,0,0,4,5,1,0.636,28.45,-2.54,0,9.079662048334066
SM100145,2025-11-08,Varanasi,Mini Truck,24.3,12,903.0,55.0,4077.0,5.6,Clear,0,9.0,7.05,1106.0,0,0,1,0,0,0,11,5,1,0.452,45.51,-1.95,0,8.3133619511344
SM103572,2025-09-09,Varanasi,Pickup,21.2,12,573.0,26.0,7685.0,5.7,Rain,0,9.0,8.48,893.0,0,0,0,0,0,0,9,1,0,0.716,42.12,-0.52,0,8.94715577112479
SM104420,2025-09-21,Lucknow,Mini Truck,20.6,6,1248.0,65.0,11810.0,4.8,Rain,0,7.0,7.0,887.0,0,0,0,0,0,0,9,6,1,0.624,43.06,0.0,0,9.376786579611847
SM103742,2025-12-09,Lucknow,Mini Truck,22.1,7,844.0,39.0,14033.0,7.2,Clear,0,7.0,7.37,796.0,0,0,0,0,0,0,12,1,0,0.422,36.02,0.37,1,9.549238235812235
SM101762,2025-01-04,Gorakhpur,Mini Truck,74.0,8,1072.0,96.0,11642.0,4.1,Fog,0,10.0,10.53,1823.0,0,0,0,0,0,0,1,5,1,0.536,24.64,0.53,1,9.362460420037015
SM103800,2025-12-03,Prayagraj,Truck,15.9,9,2840.0,245.0,18428.0,7.1,Fog,0,9.0,9.56,1856.0,0,1,0,0,0,0,12,2,0,0.568,116.73,0.56,1,9.821680789832037
SM104802,2025-03-22,Prayagraj,Pickup,10.5,5,474.0,43.0,14303.0,5.3,Clear,0,6.0,4.21,496.0,0,0,0,0,0,0,3,5,1,0.592,47.24,-1.79,0,9.568294497413296
SM104810,2025-03-16,Lucknow,Pickup,24.0,2,203.0,10.0,1549.0,6.6,Clear,0,6.0,4.64,381.0,0,0,0,0,0,0,3,6,1,0.254,15.88,-1.36,0,7.346010209913293
SM101834,2025-05-30,Prayagraj,Pickup,63.1,4,595.0,48.0,6319.0,4.5,Clear,0,8.0,7.51,1049.0,0,0,0,0,0,0,5,4,0,0.744,16.62,-0.49,0,8.751474487140904
SM105995,2025-03-18,Gorakhpur,Mini Truck,44.6,8,1284.0,63.0,22465.0,5.2,Clear,0,9.0,6.86,1367.0,0,0,0,0,0,0,3,1,0,0.642,30.65,-2.14,0,10.019758334201514
SM101111,2025-03-26,Kanpur,Mini Truck,32.3,6,1236.0,149.0,22741.0,4.5,Clear,0,8.0,6.28,1208.0,0,0,0,0,0,0,3,2,0,0.618,37.4,-1.72,0,10.031968714184668
SM102127,2025-08-17,Lucknow,Pickup,16.7,5,392.0,42.0,6553.0,3.9,Rain,0,6.0,6.32,557.0,0,0,0,0,0,0,8,6,1,0.49,33.35,0.32,1,8.787830829258759
SM104997,2025-10-27,Prayagraj,Pickup,22.7,9,224.0,13.0,3096.0,6.4,Clear,0,8.0,6.21,702.0,0,0,0,0,0,0,10,0,0,0.28,30.93,-1.79,0,8.038189179973203
SM104783,2025-10-03,Lucknow,Pickup,29.2,9,532.0,32.0,1711.0,7.1,Rain,0,8.0,8.85,893.0,0,0,0,0,0,0,10,4,0,0.665,30.58,0.85,1,7.445417556701687
SM105726,2025-07-11,Gorakhpur,Pickup,21.4,6,611.0,72.0,13329.0,2.4,Rain,0,7.0,5.43,516.0,0,0,0,0,0,0,7,4,0,0.764,24.11,-1.57,0,9.497772413172754
SM102277,2025-01-19,Varanasi,Mini Truck,40.1,10,1720.0,114.0,23705.0,4.3,Clear,0,10.0,8.42,1661.0,0,0,0,0,0,0,1,6,1,0.86,41.42,-1.58,0,10.073483459639446
SM103795,2025-04-11,Varanasi,Pickup,62.2,8,545.0,23.0,6772.0,4.4,Rain,0,10.0,7.98,1164.0,0,0,0,0,0,0,4,4,0,0.681,18.71,-2.02,0,8.820699399214904
SM102499,2025-12-06,Lucknow,Mini Truck,25.2,4,1561.0,114.0,82353.5,6.1,Clear,0,7.0,5.91,1123.0,0,0,0,0,0,0,12,5,1,0.78,44.56,-1.09,0,11.318788378921557
SM101824,2025-10-10,Prayagraj,Pickup,38.9,4,405.0,19.0,7014.0,4.0,Clear,0,7.0,5.34,645.0,0,0,0,0,0,0,10,4,0,0.506,16.58,-1.66,0,8.855805992536562
SM102788,2025-01-02,Kanpur,Pickup,19.6,7,388.0,27.0,6693.0,4.4,Clear,0,7.0,4.49,611.0,0,0,0,0,0,0,1,3,0,0.485,31.17,-2.51,0,8.808966881771273
SM104196,2025-07-22,Lucknow,Pickup,51.4,10,317.0,13.0,4243.0,6.7,Clear,0,10.0,8.32,1016.0,0,0,0,0,0,0,7,1,0,0.396,19.77,-1.68,0,8.353261499733874
SM104386,2025-04-05,Varanasi,Mini Truck,63.9,12,822.0,44.0,6849.0,5.1,Clear,0,11.0,9.72,2276.0,0,0,0,0,0,1,4,5,1,0.411,35.62,-1.28,0,8.83200393125627
SM103827,2025-07-20,Kanpur,Mini Truck,29.3,6,446.0,26.0,2903.0,7.5,Rain,0,7.0,7.39,886.0,0,0,0,0,0,0,7,6,1,0.223,30.24,0.39,1,7.973844375944687
SM102492,2025-12-06,Lucknow,Pickup,15.2,9,499.0,24.0,8292.0,5.5,Rain,0,7.0,6.84,630.0,0,0,0,0,0,0,12,5,1,0.624,41.45,-0.16,0,9.023167064451204
SM100878,2025-07-20,Lucknow,Pickup,14.1,6,587.0,26.0,21504.0,4.0,Rain,0,7.0,6.28,633.0,0,0,0,0,0,0,7,6,1,0.734,44.89,-0.72,0,9.976040745217837
SM101455,2025-01-24,Prayagraj,Mini Truck,32.2,5,968.0,77.0,13174.0,5.4,Clear,0,7.0,6.66,1028.0,0,0,0,0,0,0,1,4,0,0.484,31.93,-0.34,0,9.486076373409563
SM100391,2025-03-07,Varanasi,Truck,37.65,5,2938.0,122.0,47244.0,5.4,Rain,0,10.0,10.33,3019.0,1,0,0,0,0,0,3,4,0,0.588,80.19,0.33,1,10.763102107216726
SM104182,2025-02-06,Varanasi,Pickup,39.3,5,510.0,26.0,9664.0,6.4,Clear,0,7.0,6.21,778.0,0,0,0,0,0,0,2,3,0,0.638,19.8,-0.79,0,9.17626639164243
SM102283,2025-10-15,Prayagraj,Truck,43.4,5,3530.0,143.0,20178.0,4.5,Fog,0,9.0,9.49,2494.0,0,0,0,0,0,0,10,2,0,0.706,57.47,0.49,1,9.912397738665884
SM102714,2025-07-04,Lucknow,Pickup,53.5,9,449.0,19.0,2311.0,3.9,Rain,0,9.0,8.06,1046.0,0,0,0,0,0,0,7,4,0,0.561,19.55,-0.94,0,7.7458682297922685
SM105371,2025-09-27,Varanasi,Pickup,37.9,7,671.0,44.0,8329.0,5.6,Rain,0,8.0,8.19,694.0,1,0,1,0,0,0,9,5,1,0.839,18.31,0.19,1,9.027618735160889
SM105619,2025-03-02,Kanpur,Mini Truck,44.1,9,811.0,39.0,6756.0,5.1,Clear,0,9.0,8.21,1290.0,0,0,0,0,0,0,3,6,1,0.406,29.25,-0.79,0,8.818334283552174
SM102958,2025-07-07,Varanasi,Pickup,20.8,8,396.0,39.0,8319.0,5.7,Clear,0,7.0,5.46,599.0,0,0,0,0,0,0,7,0,0,0.495,28.8,-1.54,0,9.026417533815254
SM100475,2025-10-14,Prayagraj,Mini Truck,34.8,6,1117.0,52.0,14215.0,4.3,Fog,0,8.0,7.83,1245.0,0,0,0,0,0,0,10,1,0,0.558,35.78,-0.17,0,9.562123369834488
SM101694,2025-02-28,Prayagraj,Truck,33.4,2,2840.0,364.0,82353.5,5.3,Clear,0,8.0,7.19,1992.0,0,1,0,0,0,0,2,4,0,0.568,59.64,-0.81,0,11.318788378921557
SM101295,2025-07-07,Prayagraj,Truck,18.3,6,3494.0,208.0,56942.0,6.8,Rain,0,8.0,7.9,1112.0,0,0,0,0,0,1,7,0,0,0.699,60.77,-0.1,0,10.949806046483104
SM102092,2025-10-21,Prayagraj,Truck,20.3,3,2287.0,176.0,32584.0,8.3,Clear,1,7.0,6.62,1471.0,0,0,0,0,0,0,10,1,0,0.457,72.46,-0.38,0,10.39160733876648
SM103050,2025-11-02,Prayagraj,Pickup,46.2,7,170.0,12.0,5849.0,5.6,Clear,0,8.0,6.61,755.0,0,0,0,0,0,0,11,6,1,0.212,16.34,-1.39,0,8.674196940225903
SM101137,2025-05-14,Kanpur,Mini Truck,26.6,4,1056.0,51.0,11223.0,4.4,Clear,0,7.0,5.23,1047.0,0,0,0,0,0,0,5,2,0,0.528,39.36,-1.77,0,9.325809621782296
SM102072,2025-05-27,Prayagraj,Pickup,44.0,9,548.0,23.0,3058.0,6.2,Clear,0,9.0,8.11,920.0,0,0,0,0,0,0,5,1,0,0.685,20.91,-0.89,0,8.025843344150903
SM105331,2025-10-22,Varanasi,Mini Truck,34.6,7,1296.0,76.0,12214.0,8.9,Clear,1,8.0,8.33,1218.0,0,0,0,0,0,0,10,2,0,0.648,35.2,0.33,1,9.41041998369184
SM100832,2025-06-15,Prayagraj,Pickup,48.8,9,172.0,10.0,5579.0,5.7,Rain,0,9.0,8.14,945.0,0,0,0,0,0,0,6,6,1,0.215,19.36,-0.86,0,8.626944055375356
SM100591,2025-11-26,Prayagraj,Pickup,29.1,6,222.0,23.0,16713.0,2.3,Clear,0,7.0,4.9,669.0,0,0,0,0,0,0,11,2,0,0.278,22.99,-2.1,0,9.724001970561382
SM104658,2025-06-03,Lucknow,Mini Truck,33.2,4,1460.0,81.0,32261.0,1.9,Clear,0,7.0,3.64,1091.0,0,0,0,0,0,0,6,1,0,0.73,32.86,-3.36,0,10.381645346037732
SM105716,2025-03-14,Lucknow,Truck,48.8,3,2865.0,342.0,49219.0,7.2,Clear,1,8.0,9.59,2285.0,0,0,0,0,0,0,3,4,0,0.573,46.82,1.59,1,10.804055323945047
SM103592,2025-12-26,Prayagraj,Pickup,16.7,8,618.0,62.0,29243.0,5.3,Clear,0,7.0,5.83,730.0,0,0,0,0,0,0,12,4,0,0.772,43.71,-1.17,0,10.283429703413207
SM105731,2025-02-15,Varanasi,Pickup,27.5,5,466.0,26.0,6002.0,3.4,Clear,0,7.0,5.92,692.0,0,0,0,0,0,0,2,5,1,0.582,25.16,-1.08,0,8.700014623251842
SM100109,2025-09-15,Gorakhpur,Mini Truck,8.3,2,1122.0,86.0,15240.0,4.6,Rain,0,5.0,4.9,573.0,0,0,0,0,0,0,9,0,0,0.561,69.04,-0.1,0,9.63174444388585
SM105256,2025-01-22,Kanpur,Mini Truck,63.8,5,593.0,30.0,2433.0,4.0,Clear,0,9.0,7.97,1436.0,0,0,0,0,0,0,1,2,0,0.296,22.51,-1.03,0,7.797291273547472
SM104318,2025-11-07,Prayagraj,Truck,102.5,5,3434.0,156.0,46256.0,3.9,Rain,0,12.0,11.5,3783.0,0,0,0,0,0,0,11,4,0,0.687,36.91,-0.5,0,10.741968082839463
SM101052,2025-07-03,Varanasi,Truck,34.7,6,3126.0,172.0,21595.0,5.5,Clear,0,9.0,7.43,2207.0,0,0,0,0,0,0,7,3,0,0.625,63.6,-1.57,0,9.980263391338177
SM101311,2025-05-08,Kanpur,Mini Truck,30.1,8,390.0,42.0,4163.0,5.0,Clear,0,8.0,5.56,933.0,0,0,0,0,0,0,5,3,0,0.195,31.0,-2.44,0,8.33423142973486
SM100668,2025-12-02,Prayagraj,Truck,43.7,6,3867.0,246.0,52624.0,5.4,Clear,0,10.0,8.95,2764.0,0,0,0,0,0,0,12,1,0,0.773,63.25,-1.05,0,10.870946570984682
SM100253,2025-05-01,Prayagraj,Truck,18.2,4,2150.0,222.0,48349.0,7.8,Clear,0,7.0,5.19,1266.0,0,0,0,0,0,0,5,3,0,0.43,69.56,-1.81,0,10.78622150088144
SM105168,2025-05-09,Lucknow,Pickup,20.2,5,402.0,38.0,7793.0,2.8,Clear,0,6.0,3.11,493.0,0,0,0,0,0,0,5,4,0,0.502,24.41,-2.89,0,8.961109485898655
SM105715,2025-06-07,Lucknow,Truck,13.6,4,2417.0,178.0,13625.0,4.7,Clear,0,7.0,4.69,1371.0,0,0,0,0,0,0,6,5,1,0.483,100.81,-2.31,0,9.519735011333614
SM105588,2025-10-22,Prayagraj,Truck,28.3,6,3914.0,436.0,82353.5,8.6,Rain,1,9.0,10.57,2175.0,0,0,0,0,0,0,10,2,0,0.783,76.86,1.57,1,11.318788378921557
SM102690,2025-09-24,Varanasi,Pickup,36.9,7,329.0,13.0,82353.5,6.6,Rain,0,8.0,7.63,661.0,0,0,0,0,0,0,9,2,0,0.411,17.91,-0.37,0,11.318788378921557
SM104641,2025-01-12,Gorakhpur,Pickup,52.0,6,486.0,23.0,5173.0,3.8,Fog,0,8.0,7.78,1074.0,0,0,0,0,0,0,1,6,1,0.608,20.65,-0.22,0,8.551401362745974
SM105045,2025-05-15,Lucknow,Mini Truck,31.4,5,770.0,88.0,24420.0,7.8,Clear,0,7.0,6.24,891.0,0,0,0,0,0,0,5,3,0,0.385,28.38,-0.76,0,10.103198696867215
SM105667,2025-10-29,Varanasi,Pickup,40.5,8,462.0,27.0,4638.0,3.6,Clear,0,8.0,6.03,845.0,0,1,0,0,0,0,10,2,0,0.578,20.86,-1.97,0,8.442254104751743
SM100843,2025-01-14,Varanasi,Truck,42.2,6,1469.0,69.0,20280.0,4.8,Fog,1,8.0,9.05,1776.0,0,0,0,0,0,0,1,1,0,0.294,42.09,1.05,1,9.917439766154132
SM104159,2025-01-12,Lucknow,Truck,31.4,10,2352.0,141.0,18574.0,4.2,Fog,0,10.0,10.41,1930.0,0,0,0,0,0,0,1,6,1,0.47,61.46,0.41,1,9.82957186958596
SM104509,2025-12-19,Varanasi,Truck,47.8,7,2130.0,104.0,10857.0,6.1,Clear,0,9.0,8.64,2062.0,0,0,0,0,0,0,12,4,0,0.426,43.14,-0.36,0,9.292657414465397
SM103374,2025-09-03,Prayagraj,Pickup,37.8,6,367.0,16.0,2511.0,7.1,Clear,1,8.0,6.93,836.0,0,0,0,0,0,0,9,2,0,0.459,22.12,-1.07,0,7.828834527588089
SM103394,2025-05-03,Varanasi,Truck,21.5,11,1054.0,91.0,9345.0,4.9,Clear,0,9.0,7.48,1344.0,0,0,0,0,0,0,5,5,1,0.211,62.51,-1.52,0,9.142703723260372
SM100884,2025-10-24,Gorakhpur,Pickup,52.5,9,225.0,19.0,3834.0,4.6,Clear,0,9.0,7.41,1124.0,0,0,0,0,0,0,10,4,0,0.281,21.41,-1.59,0,8.251924713801357
SM104547,2025-11-04,Lucknow,Truck,16.3,8,2631.0,269.0,56426.0,5.8,Clear,0,8.0,7.0,991.0,0,0,0,0,0,1,11,1,0,0.526,60.8,-1.0,0,10.940703046338914
SM105354,2025-10-14,Varanasi,Pickup,44.3,5,606.0,36.0,11716.0,5.0,Clear,0,8.0,6.21,891.0,0,0,0,0,0,0,10,1,0,0.758,20.11,-1.79,0,9.368796057668156
SM103996,2025-01-10,Kanpur,Mini Truck,60.9,6,761.0,53.0,5825.0,4.3,Fog,0,9.0,8.36,1452.0,0,0,0,0,0,0,1,4,0,0.38,23.84,-0.64,0,8.67008593751938
SM104752,2025-10-22,Gorakhpur,Pickup,60.6,2,433.0,34.0,3061.0,6.6,Clear,1,7.0,7.18,833.0,0,0,0,0,0,0,10,2,0,0.541,13.75,0.18,1,8.026823576217629
SM101879,2025-02-06,Prayagraj,Mini Truck,35.5,6,1244.0,53.0,4018.0,5.5,Clear,0,8.0,6.34,1241.0,0,0,0,0,0,0,2,3,0,0.622,34.96,-1.66,0,8.2987883944492
SM105677,2025-05-16,Varanasi,Truck,52.5,6,1494.0,62.0,9569.0,7.6,Rain,0,9.0,9.87,2017.0,0,0,0,0,0,0,5,4,0,0.299,38.42,0.87,1,9.166388484447
SM105582,2025-09-16,Varanasi,Truck,20.8,10,2666.0,214.0,70038.0,6.3,Clear,0,9.0,7.88,1785.0,0,0,0,0,0,0,9,1,0,0.533,85.82,-1.12,0,11.15680750874218
SM101485,2025-11-11,Prayagraj,Mini Truck,36.2,7,467.0,26.0,5038.0,7.0,Fog,0,8.0,8.39,984.0,0,0,0,0,0,0,11,1,0,0.234,27.18,0.39,1,8.524962928680598
SM105423,2025-04-01,Gorakhpur,Pickup,72.9,3,198.0,12.0,2102.0,7.0,Clear,0,8.0,8.13,1010.0,0,0,0,0,0,0,4,1,0,0.248,13.85,0.13,1,7.6511201757027
SM102417,2025-04-05,Gorakhpur,Mini Truck,41.4,8,902.0,69.0,5560.0,4.3,Clear,0,9.0,7.05,1295.0,0,0,0,0,0,0,4,5,1,0.451,31.28,-1.95,0,8.623533227187563
SM102737,2025-03-10,Varanasi,Truck,29.1,6,4101.0,199.0,43377.0,6.0,Clear,0,9.0,7.34,2344.0,0,0,0,0,0,0,3,0,0,0.82,80.55,-1.66,0,10.677707679122552
SM102267,2025-09-23,Kanpur,Pickup,64.3,6,628.0,44.0,6240.0,6.4,Rain,0,9.0,8.23,1063.0,0,0,0,0,0,0,9,1,0,0.785,16.53,-0.77,0,8.738895704934043
SM104173,2025-05-10,Varanasi,Pickup,34.6,5,291.0,14.0,1961.0,5.4,Clear,0,7.0,6.6,661.0,0,0,0,0,0,0,5,5,1,0.364,19.1,-0.4,0,7.581719640125308
SM103368,2025-06-04,Varanasi,Mini Truck,35.849999999999994,6,886.0,49.0,13116.0,2.8,Clear,0,9.0,5.15,1396.0,1,0,0,0,0,0,6,2,0,0.443,38.94,-3.85,0,9.481664377815145
SM102808,2025-10-16,Lucknow,Pickup,25.2,4,496.0,44.0,7671.0,5.7,Clear,0,9.0,8.57,1079.0,1,0,0,1,0,0,10,3,0,0.62,42.82,-0.43,0,8.945332616563274
SM100869,2025-01-15,Prayagraj,Mini Truck,68.5,7,1276.0,53.0,21675.0,8.7,Clear,0,10.0,7.49,1832.0,0,0,0,0,0,0,1,2,0,0.638,26.74,-2.51,0,9.983960936686005
SM102468,2025-01-10,Prayagraj,Mini Truck,36.1,6,1342.0,135.0,38470.0,5.4,Fog,0,8.0,8.44,1153.0,0,0,0,0,0,0,1,4,0,0.671,31.94,0.44,1,10.557659989689753
SM103893,2025-03-15,Lucknow,Truck,11.9,7,2840.0,221.0,75395.0,4.5,Clear,0,8.0,7.69,1576.0,0,1,0,0,0,0,3,5,1,0.568,132.44,-0.31,0,11.230509502190948
SM100450,2025-12-17,Varanasi,Pickup,60.5,6,517.0,30.0,3683.0,5.6,Fog,0,9.0,9.09,1039.0,0,0,0,0,0,0,12,2,0,0.646,17.17,0.09,1,8.211754397375197
SM105115,2025-04-06,Gorakhpur,Mini Truck,46.2,8,387.0,19.0,4187.0,7.2,Clear,0,12.0,11.71,2314.0,1,0,0,0,0,0,4,6,1,0.194,50.09,-0.29,0,8.339978571990427
SM105656,2025-10-31,Lucknow,Truck,49.3,6,3462.0,388.0,82353.5,5.2,Clear,0,10.0,8.17,2580.0,0,0,0,0,0,0,10,4,0,0.692,52.33,-1.83,0,11.318788378921557
SM101979,2025-10-17,Gorakhpur,Truck,104.6,10,3789.0,426.0,82353.5,5.8,Clear,0,14.0,13.2,4110.0,0,0,0,0,0,0,10,4,0,0.758,39.29,-0.8,0,11.318788378921557
SM100696,2025-09-21,Prayagraj,Pickup,36.9,4,390.0,30.0,4125.0,5.0,Rain,0,7.0,6.11,690.0,0,0,0,0,0,0,9,6,1,0.488,18.7,-0.89,0,8.325063693631197
SM101741,2025-09-29,Lucknow,Pickup,24.7,8,608.0,67.0,18964.0,4.7,Rain,0,8.0,6.58,846.0,0,0,0,0,0,0,9,0,0,0.76,34.25,-1.42,0,9.850350454123
SM103718,2025-09-07,Varanasi,Mini Truck,33.8,5,1161.0,88.0,22717.0,3.9,Clear,0,7.0,6.08,1012.0,0,1,0,0,0,0,9,6,1,0.58,29.94,-0.92,0,10.030912840791366
SM100811,2025-11-17,Lucknow,Truck,36.7,7,3670.0,150.0,10913.0,3.7,Clear,0,10.0,8.03,2441.0,0,0,0,0,0,0,11,0,0,0.734,66.51,-1.97,0,9.297801647746176
SM103284,2025-06-01,Kanpur,Mini Truck,12.0,6,802.0,34.0,2370.0,4.5,Clear,0,7.0,4.84,649.0,0,0,0,0,0,0,6,6,1,0.401,54.08,-2.16,0,7.771067086065406
SM102189,2025-08-02,Varanasi,Pickup,52.0,10,482.0,21.0,6624.0,5.7,Clear,0,10.0,7.64,1153.0,0,0,0,0,0,0,8,5,1,0.602,22.17,-2.36,0,8.798605650854423
SM105617,2025-03-09,Varanasi,Mini Truck,16.1,8,909.0,48.0,24541.0,2.3,Clear,0,7.0,5.23,828.0,0,0,0,0,0,0,3,6,1,0.454,51.43,-1.77,0,10.108141214536493
SM105145,2025-10-02,Varanasi,Truck,54.2,4,1717.0,141.0,37744.0,9.1,Clear,1,8.0,10.29,2044.0,0,0,0,0,0,0,10,3,0,0.343,37.71,2.29,1,10.538608295573725
SM100505,2025-06-15,Varanasi,Pickup,11.2,7,294.0,18.0,1944.0,6.1,Clear,0,7.0,5.31,479.0,0,0,0,0,0,0,6,6,1,0.368,42.77,-1.69,0,7.573017256052546
SM103303,2025-04-11,Lucknow,Truck,55.4,9,2324.0,149.0,31327.0,8.2,Clear,0,10.0,9.83,2481.0,0,0,0,0,0,0,4,4,0,0.465,44.78,-0.17,0,10.352267545330237
SM100405,2025-07-02,Kanpur,Mini Truck,39.4,7,1186.0,113.0,36907.0,6.4,Rain,0,8.0,7.85,1317.0,0,0,0,0,0,0,7,2,0,0.593,33.43,-0.15,0,10.516183608698446
SM103640,2025-09-21,Lucknow,Mini Truck,19.1,5,873.0,96.0,45051.0,4.9,Rain,0,7.0,5.91,718.0,0,0,0,0,0,0,9,6,1,0.436,37.59,-1.09,0,10.715572657167588
SM100183,2025-09-12,Lucknow,Pickup,28.5,8,415.0,23.0,4897.0,6.2,Clear,0,8.0,6.36,777.0,0,0,0,0,0,0,9,4,0,0.519,27.26,-1.64,0,8.496582237512113
SM101876,2025-03-27,Lucknow,Truck,13.5,8,1713.0,83.0,41919.0,8.3,Clear,0,8.0,7.59,1121.0,0,0,0,0,0,0,3,3,0,0.343,83.04,-0.41,0,10.643518318994923
SM105813,2025-12-20,Gorakhpur,Mini Truck,99.4,6,880.0,58.0,13674.5,3.7,Fog,0,11.0,11.03,2075.0,0,0,0,0,1,0,12,5,1,0.44,20.88,0.03,1,9.523361189693068
SM100609,2025-11-10,Lucknow,Mini Truck,39.1,7,985.0,44.0,13558.0,6.2,Clear,0,8.0,7.05,1180.0,0,0,0,0,0,0,11,0,0,0.492,30.18,-0.95,0,9.51480581246231
SM102674,2025-12-06,Prayagraj,Mini Truck,35.3,3,1071.0,55.0,10746.0,4.7,Fog,0,7.0,7.5,1018.0,0,0,0,0,0,0,12,5,1,0.536,28.84,0.5,1,9.282381924841154
SM102033,2025-09-05,Varanasi,Pickup,25.0,4,598.0,57.0,17053.0,9.3,Rain,1,6.0,8.21,611.0,0,0,0,0,0,0,9,4,0,0.748,24.44,2.21,1,9.744140059301994
SM103981,2025-02-02,Gorakhpur,Mini Truck,68.0,7,1350.0,146.0,82353.5,3.6,Clear,0,10.0,8.99,1798.0,0,0,0,0,0,0,2,6,1,0.675,26.44,-1.01,0,11.318788378921557
SM101968,2025-11-03,Lucknow,Truck,42.0,2,3953.0,267.0,30276.0,7.3,Clear,0,8.0,7.75,2434.0,0,0,0,0,0,0,11,0,0,0.791,57.95,-0.25,0,10.318143627345878
SM100020,2025-07-02,Prayagraj,Truck,11.1,5,3463.0,145.0,35906.0,6.9,Fog,0,7.0,8.66,1677.0,0,0,0,0,0,0,7,2,0,0.693,151.08,1.66,1,10.48868754154148
SM102218,2025-04-15,Prayagraj,Truck,41.7,7,3011.0,224.0,82353.5,6.5,Clear,0,9.0,9.69,2355.0,0,0,0,0,0,0,4,1,0,0.602,56.47,0.69,1,11.318788378921557
SM105521,2025-08-27,Prayagraj,Mini Truck,15.0,4,1490.0,60.0,6927.0,5.7,Rain,0,6.0,6.44,922.0,0,0,0,0,0,0,8,2,0,0.745,61.47,0.44,1,8.843326450242271
SM105686,2025-10-04,Kanpur,Pickup,37.8,6,385.0,28.0,5598.0,6.0,Clear,0,8.0,6.36,740.0,0,0,0,0,1,0,10,5,1,0.481,19.58,-1.64,0,8.630343289348893
SM102224,2025-05-27,Prayagraj,Truck,44.0,9,4019.0,309.0,82353.5,3.4,Clear,0,11.0,9.11,2723.0,0,0,0,0,0,0,5,1,0,0.804,61.89,-1.89,0,11.318788378921557
SM100327,2025-01-14,Kanpur,Truck,20.2,6,1595.0,171.0,43549.0,6.7,Clear,1,7.0,7.0,1199.0,0,0,0,0,0,0,1,1,0,0.319,59.36,0.0,0,10.68166498228065
SM103270,2025-03-02,Prayagraj,Mini Truck,28.1,6,907.0,38.0,7645.0,5.6,Clear,0,7.0,5.81,994.0,0,0,1,0,0,0,3,6,1,0.454,35.37,-1.19,0,8.941937914256359
SM102518,2025-02-22,Lucknow,Pickup,41.5,8,489.0,21.0,4521.0,4.7,Clear,0,8.0,7.43,928.0,0,0,0,0,0,0,2,5,1,0.611,22.36,-0.57,0,8.416709652837914
SM101874,2025-05-30,Prayagraj,Pickup,28.3,9,347.0,22.0,2450.0,6.1,Clear,0,8.0,6.76,768.0,0,0,0,0,0,0,5,4,0,0.434,27.14,-1.24,0,7.804251383528112
SM105984,2025-02-21,Varanasi,Pickup,53.7,7,288.0,16.0,2746.0,7.0,Clear,0,9.0,6.85,1002.0,0,0,0,0,0,0,2,4,0,0.36,18.66,-2.15,0,7.918264686095274
SM101756,2025-05-08,Prayagraj,Pickup,37.7,8,287.0,24.0,3939.0,7.4,Clear,0,8.0,7.75,946.0,0,0,0,0,0,0,5,3,0,0.359,25.09,-0.25,0,8.27893600229198
SM102178,2025-08-17,Prayagraj,Mini Truck,40.5,4,1064.0,84.0,16509.0,7.1,Rain,0,7.0,7.33,1144.0,0,0,0,0,0,0,8,6,1,0.532,28.25,0.33,1,9.711721536914174
SM104961,2025-07-04,Lucknow,Mini Truck,21.1,7,1781.0,83.0,18916.0,1.9,Rain,0,8.0,5.47,1295.0,0,0,0,0,0,0,7,4,0,0.89,61.37,-2.53,0,9.847816267665664
SM103410,2025-01-26,Lucknow,Pickup,13.4,5,593.0,37.0,7505.0,2.3,Clear,0,6.0,3.97,536.0,0,0,0,0,0,0,1,6,1,0.741,40.0,-2.03,0,8.923457979694966
SM105997,2025-12-24,Prayagraj,Mini Truck,36.0,7,874.0,94.0,21685.0,6.0,Clear,0,8.0,6.14,1207.0,0,0,0,1,0,0,12,2,0,0.437,33.53,-1.86,0,9.984422170032127
SM100489,2025-08-10,Prayagraj,Mini Truck,54.7,7,1720.0,136.0,36476.0,4.4,Clear,0,9.0,7.66,1776.0,0,0,0,0,0,0,8,6,1,0.86,32.47,-1.34,0,10.504437203964528
SM100606,2025-04-28,Lucknow,Truck,38.5,10,1650.0,70.0,34919.0,5.3,Clear,0,10.0,8.28,1925.0,0,0,0,0,0,0,4,0,0,0.33,50.0,-1.72,0,10.460815009953539
SM103212,2025-05-05,Prayagraj,Truck,46.8,5,4503.0,192.0,57166.0,1.6,Clear,0,10.0,6.99,2984.0,0,0,0,0,0,0,5,0,0,0.901,63.76,-3.01,0,10.953732087806813
SM102464,2025-06-19,Lucknow,Mini Truck,24.9,7,1161.0,60.0,11588.0,3.7,Fog,0,8.0,8.81,1142.0,0,1,0,0,0,0,6,3,0,0.58,45.86,0.81,1,9.35781165133439
SM101738,2025-01-02,Lucknow,Pickup,16.7,4,450.0,27.0,3478.0,6.2,Clear,0,6.0,5.49,490.0,0,0,0,0,0,0,1,3,0,0.562,29.34,-0.51,0,8.154500175151941
SM100152,2025-12-01,Prayagraj,Truck,23.1,8,2934.0,196.0,28746.0,7.1,Clear,0,9.0,7.08,1825.0,0,0,0,0,0,0,12,0,0,0.587,79.0,-1.92,0,10.266288692954797
SM100889,2025-04-09,Lucknow,Truck,13.0,8,2741.0,183.0,24590.0,5.1,Clear,0,8.0,6.9,1533.0,0,0,0,0,0,0,4,2,0,0.548,117.92,-1.1,0,10.11013580132114
SM103082,2025-04-12,Varanasi,Mini Truck,43.4,10,884.0,56.0,5671.0,1.7,Clear,0,9.0,7.18,1325.0,0,0,0,0,0,0,4,5,1,0.442,30.53,-1.82,0,8.643297068211963
SM100269,2025-08-04,Lucknow,Truck,19.9,2,1902.0,85.0,4948.0,7.1,Rain,0,6.0,6.12,1158.0,0,0,0,0,0,0,8,0,0,0.38,58.19,0.12,1,8.506940814951886
SM100096,2025-03-29,Lucknow,Mini Truck,6.3,12,1014.0,84.0,13078.0,6.7,Clear,0,8.0,7.14,804.0,0,0,0,0,0,0,3,5,1,0.507,127.62,-0.86,0,9.478763169489152
SM103824,2025-08-05,Varanasi,Mini Truck,51.8,4,1194.0,58.0,9589.0,5.2,Clear,0,8.0,6.34,1300.0,0,0,0,0,0,0,8,1,0,0.597,25.1,-1.66,0,9.168476167877484
SM105060,2025-07-16,Varanasi,Mini Truck,76.1,2,442.0,45.0,11247.0,7.2,Clear,0,8.0,6.47,1429.0,0,0,0,0,0,0,7,2,0,0.221,18.78,-1.53,0,9.327945614050446
SM103885,2025-06-01,Gorakhpur,Mini Truck,86.7,3,1431.0,66.0,14870.0,6.2,Clear,0,10.0,7.39,1992.0,0,0,0,0,0,0,6,6,1,0.716,22.98,-2.61,0,9.607168286688683
SM101799,2025-07-10,Kanpur,Mini Truck,16.2,2,721.0,42.0,10223.0,5.0,Fog,0,5.0,6.0,462.0,0,0,0,0,0,0,7,3,0,0.36,28.52,1.0,1,9.232493176617316
SM104967,2025-05-04,Kanpur,Mini Truck,33.6,5,860.0,51.0,14381.0,4.0,Clear,0,7.0,5.7,961.0,0,0,0,0,0,0,5,6,1,0.43,28.6,-1.3,0,9.57373270366244
SM101572,2025-09-25,Lucknow,Pickup,16.5,5,688.0,84.0,19601.0,5.2,Rain,0,6.0,5.24,622.0,0,0,0,0,0,0,9,3,0,0.86,37.7,-0.76,0,9.883386880829125
SM104628,2025-10-06,Lucknow,Truck,37.1,10,1295.0,91.0,12908.0,8.8,Clear,0,9.0,8.24,1574.0,0,0,0,0,0,0,10,0,0,0.259,42.43,-0.76,0,9.46568002150671
SM101067,2025-08-22,Varanasi,Truck,42.2,7,3116.0,335.0,82353.5,2.9,Clear,0,10.0,8.35,2307.0,0,0,0,0,0,0,8,4,0,0.623,54.67,-1.65,0,11.318788378921557
SM105195,2025-05-29,Prayagraj,Mini Truck,26.4,5,1634.0,89.0,82353.5,5.9,Clear,0,7.0,5.83,1155.0,0,0,0,0,0,0,5,3,0,0.817,43.75,-1.17,0,11.318788378921557
SM102760,2025-02-18,Lucknow,Truck,35.5,5,3386.0,207.0,19033.0,8.5,Rain,0,9.0,10.29,2210.0,0,0,0,0,0,0,2,1,0,0.677,62.25,1.29,1,9.85398213263229
SM100715,2025-10-19,Kanpur,Mini Truck,27.05,5,1353.0,166.0,57204.0,4.4,Clear,0,7.0,6.54,1086.0,1,0,0,0,0,0,10,6,1,0.676,40.15,-0.46,0,10.954396586135044
SM104059,2025-08-05,Prayagraj,Mini Truck,49.9,7,1359.0,75.0,15263.0,4.0,Clear,0,9.0,7.09,1505.0,0,0,0,0,0,0,8,1,0,0.68,30.16,-1.91,0,9.633252393688068
SM105708,2025-07-15,Lucknow,Mini Truck,16.1,8,940.0,59.0,11364.0,7.3,Rain,0,7.0,7.37,845.0,0,0,0,0,0,0,7,1,0,0.47,52.48,0.37,1,9.338293736286644
SM105634,2025-10-07,Lucknow,Mini Truck,13.2,6,1581.0,89.0,12020.0,3.9,Clear,0,7.0,5.59,1017.0,0,0,0,0,0,0,10,1,0,0.79,77.05,-1.41,0,9.394410399304254
SM104565,2025-05-04,Gorakhpur,Mini Truck,46.2,2,1152.0,99.0,31315.0,4.5,Clear,0,6.0,3.92,878.0,1,0,0,0,0,0,5,6,1,0.576,19.0,-2.08,0,10.351884428027805
SM104660,2025-10-31,Prayagraj,Pickup,32.4,10,523.0,48.0,6803.0,7.1,Clear,0,9.0,7.25,871.0,0,0,0,0,0,0,10,4,0,0.654,26.88,-1.75,0,8.825265953515752
SM101798,2025-06-24,Kanpur,Truck,39.6,7,2627.0,214.0,29594.0,7.5,Rain,0,9.0,9.9,2121.0,0,0,0,0,0,0,6,1,0,0.525,53.56,0.9,1,10.295360707124825
SM100461,2025-02-21,Kanpur,Pickup,41.4,3,205.0,9.0,3503.0,5.2,Clear,0,7.0,5.32,588.0,0,0,0,0,0,0,2,4,0,0.256,14.2,-1.68,0,8.161660452056282
SM105373,2025-03-29,Prayagraj,Pickup,42.8,5,479.0,21.0,1926.0,4.9,Clear,0,8.0,5.74,848.0,0,0,0,0,0,0,3,5,1,0.599,19.81,-2.26,0,7.563719668414366
SM102944,2025-10-28,Lucknow,Pickup,57.5,8,327.0,17.0,3563.0,5.7,Clear,0,9.0,7.95,976.0,0,0,0,0,0,0,10,1,0,0.409,16.97,-1.05,0,8.1786387885907
SM101795,2025-03-15,Lucknow,Mini Truck,35.3,7,1489.0,60.0,22427.0,5.4,Clear,0,8.0,6.28,1303.0,0,0,0,0,0,0,3,5,1,0.744,36.91,-1.72,0,10.018065457243564
SM101869,2025-10-09,Varanasi,Mini Truck,35.849999999999994,6,1760.0,187.0,34854.0,3.3,Clear,0,8.0,7.25,1277.0,1,0,0,0,0,1,10,3,0,0.88,35.62,-0.75,0,10.4589518779205
SM105489,2025-05-12,Varanasi,Mini Truck,62.1,5,1220.0,53.0,17333.0,5.2,Clear,0,9.0,6.82,1631.0,0,0,0,0,0,0,5,0,0,0.61,26.26,-2.18,0,9.76042516969429
SM101345,2025-12-31,Gorakhpur,Truck,25.2,2,3384.0,236.0,33065.0,4.1,Clear,0,7.0,5.74,1759.0,0,0,0,0,1,0,12,2,0,0.677,69.8,-1.26,0,10.40626084311129
SM104791,2025-12-28,Prayagraj,Pickup,17.9,6,535.0,51.0,12019.0,4.6,Rain,0,7.0,5.38,481.0,0,0,0,0,0,0,12,6,1,0.669,26.87,-1.62,0,9.394327208089198
SM105271,2025-06-06,Lucknow,Pickup,35.3,10,439.0,19.0,1771.0,3.7,Clear,0,9.0,7.13,801.0,0,0,0,0,0,1,6,4,0,0.549,22.69,-1.87,0,7.4798641311650265
SM105848,2025-08-09,Kanpur,Truck,37.3,6,4521.0,482.0,82353.5,5.4,Rain,1,10.0,11.24,2632.0,0,0,0,0,0,0,8,5,1,0.904,70.56,1.24,1,11.318788378921557
SM105024,2025-11-15,Lucknow,Pickup,26.9,7,414.0,18.0,2601.0,3.9,Clear,0,7.0,4.91,670.0,0,0,0,0,0,0,11,5,1,0.518,24.91,-2.09,0,7.86403565907245
SM101214,2025-01-28,Varanasi,Mini Truck,96.4,4,1672.0,76.0,6133.0,6.2,Clear,0,11.0,8.58,2274.0,0,0,0,0,0,0,1,1,0,0.836,23.59,-2.42,0,8.721602344674197
SM101372,2025-06-14,Prayagraj,Mini Truck,45.9,4,1377.0,84.0,16935.0,2.7,Clear,0,8.0,4.63,1304.0,0,0,0,0,0,0,6,5,1,0.688,28.41,-3.37,0,9.737196812814702
SM100243,2025-08-26,Prayagraj,Mini Truck,14.0,8,1585.0,69.0,7822.0,6.1,Rain,0,8.0,6.63,1000.0,0,0,0,0,0,0,8,1,0,0.792,71.43,-1.37,0,8.96482339168508
SM104039,2025-05-17,Gorakhpur,Truck,44.7,8,2769.0,257.0,47808.0,5.6,Clear,0,10.0,8.97,2266.0,0,0,1,0,0,0,5,5,1,0.554,50.69,-1.03,0,10.77496918527507
SM102799,2025-05-25,Prayagraj,Truck,50.6,9,3207.0,220.0,75918.0,5.2,Rain,0,11.0,11.03,2553.0,0,0,0,0,0,0,5,6,1,0.641,50.45,0.03,1,11.237422261437313
SM101679,2025-07-07,Kanpur,Mini Truck,21.7,3,1431.0,66.0,8486.0,6.3,Rain,0,6.0,6.25,822.0,0,0,0,0,0,0,7,0,0,0.716,37.88,0.25,1,9.046290859969677
SM103850,2025-09-25,Gorakhpur,Mini Truck,47.6,8,895.0,46.0,8000.0,5.6,Rain,0,9.0,9.19,1345.0,0,0,0,0,0,0,9,3,0,0.448,28.26,0.19,1,8.987321812850125
SM101312,2025-10-12,Lucknow,Pickup,32.4,5,461.0,26.0,8613.0,7.4,Clear,0,7.0,6.23,778.0,0,0,0,0,0,0,10,6,1,0.576,24.01,-0.77,0,9.061144065614055
SM100648,2025-12-17,Lucknow,Truck,24.7,4,3745.0,227.0,39626.0,6.5,Rain,0,8.0,9.76,1992.0,0,0,0,0,0,0,12,2,0,0.749,80.65,1.76,1,10.587265983091973
SM103238,2025-11-19,Kanpur,Mini Truck,60.6,8,1161.0,149.0,55837.0,7.4,Clear,0,10.0,8.58,1701.0,0,1,0,0,0,0,11,2,0,0.58,28.07,-1.42,0,10.930209920175912
SM102643,2025-06-20,Prayagraj,Pickup,19.8,3,323.0,14.0,6549.0,7.1,Rain,0,6.0,6.59,331.0,0,0,0,0,0,0,6,4,0,0.404,16.72,0.59,1,8.787220328629298
SM104409,2025-04-28,Lucknow,Truck,14.3,8,3153.0,184.0,46169.0,5.0,Fog,0,8.0,9.8,1693.0,0,0,0,0,0,0,4,0,0,0.631,118.39,1.8,1,10.740085515501034
SM100155,2025-08-30,Prayagraj,Truck,61.4,5,2991.0,211.0,18012.0,5.6,Rain,0,10.0,10.34,2688.0,0,0,1,0,0,0,8,5,1,0.598,43.78,0.34,1,9.798848998423558
SM103428,2025-10-12,Prayagraj,Mini Truck,21.2,13,442.0,33.0,3930.0,3.4,Clear,0,9.0,6.97,910.0,0,0,0,0,0,0,10,6,1,0.221,42.92,-2.03,0,8.27664912542186
SM103453,2025-05-08,Lucknow,Mini Truck,40.7,7,1429.0,94.0,20122.0,5.7,Clear,0,9.0,6.41,1290.0,0,0,0,0,0,0,5,3,0,0.714,31.7,-2.59,0,9.909618718466369
SM101303,2025-11-23,Prayagraj,Mini Truck,19.8,5,1118.0,106.0,50922.0,7.9,Fog,0,7.0,8.01,828.0,0,0,0,0,0,0,11,6,1,0.559,41.82,1.01,1,10.838069966882449
SM101150,2025-05-16,Lucknow,Truck,17.1,5,4312.0,236.0,20526.0,6.4,Clear,0,8.0,7.4,2131.0,0,0,0,0,0,0,5,4,0,0.862,124.62,-0.6,0,9.929496371717178
SM103047,2025-10-05,Lucknow,Pickup,26.6,8,482.0,25.0,4855.0,4.4,Clear,0,8.0,5.58,774.0,0,0,0,0,0,0,10,6,1,0.602,29.1,-2.42,0,8.487970332739334
SM105897,2025-12-16,Prayagraj,Mini Truck,15.7,5,1232.0,110.0,18035.0,5.6,Fog,0,7.0,6.76,918.0,0,0,0,0,0,0,12,1,0,0.616,58.47,-0.24,0,9.800125039540974
SM101046,2025-03-29,Lucknow,Pickup,12.9,2,368.0,19.0,1685.0,6.5,Clear,0,5.0,4.77,394.0,0,0,0,0,0,0,3,5,1,0.46,30.54,-0.23,0,7.430114138561801
SM101640,2025-09-21,Lucknow,Pickup,54.7,6,647.0,40.0,1535.0,1.8,Clear,0,9.0,6.22,1020.0,0,0,0,0,0,0,9,6,1,0.809,18.65,-2.78,0,7.336936913707618
SM101306,2025-04-03,Varanasi,Mini Truck,22.3,6,587.0,48.0,12877.0,5.3,Clear,0,7.0,5.07,808.0,0,0,0,0,0,0,4,3,0,0.294,36.23,-1.93,0,9.463275708098129
SM101927,2025-02-15,Prayagraj,Pickup,20.1,2,515.0,58.0,2350.0,4.7,Clear,0,6.0,3.18,484.0,0,0,0,0,0,0,2,5,1,0.644,24.08,-2.82,0,7.762596048540069
SM105591,2025-07-31,Lucknow,Pickup,17.2,9,323.0,17.0,3274.0,8.0,Rain,0,8.0,7.72,578.0,0,0,0,0,0,0,7,3,0,0.404,33.6,-0.28,0,8.094073148069352
SM103439,2025-10-30,Varanasi,Mini Truck,41.4,5,1012.0,100.0,22918.0,5.4,Clear,0,8.0,5.96,1145.0,0,0,0,0,0,0,10,3,0,0.506,27.66,-2.04,0,10.039721539859407
SM104121,2025-12-12,Lucknow,Pickup,9.3,5,462.0,21.0,4149.0,6.9,Rain,0,6.0,5.65,211.0,0,1,0,0,0,1,12,4,0,0.578,22.69,-0.35,0,8.330863613224745
SM102244,2025-09-17,Prayagraj,Mini Truck,48.4,6,1343.0,125.0,21487.0,6.1,Rain,0,9.0,8.58,1484.0,0,0,0,0,0,0,9,2,0,0.672,30.66,-0.42,0,9.97524991876302
SM103136,2025-07-31,Gorakhpur,Pickup,45.1,4,289.0,16.0,5736.0,5.5,Rain,0,7.0,6.61,851.0,0,0,0,0,0,0,7,3,0,0.361,18.87,-0.39,0,8.654691704601872
SM100015,2025-10-14,Varanasi,Pickup,52.9,6,543.0,24.0,4548.0,5.6,Clear,0,8.0,7.49,1006.0,0,0,1,0,0,0,10,1,0,0.679,19.02,-0.51,0,8.422662707570003
SM103538,2025-07-12,Prayagraj,Truck,39.3,7,1835.0,128.0,12656.0,1.8,Clear,0,9.0,6.43,1783.0,0,0,0,0,0,0,7,5,1,0.367,45.37,-2.57,0,9.44596570079245
SM105417,2025-03-04,Kanpur,Truck,33.4,2,2932.0,122.0,63575.0,3.3,Clear,0,7.0,5.77,1963.0,0,0,0,0,0,0,3,1,0,0.586,58.77,-1.23,0,11.059991319620016
SM104979,2025-08-11,Prayagraj,Pickup,32.8,4,228.0,13.0,2237.0,6.8,Clear,0,6.0,6.27,508.0,1,0,0,0,0,0,8,0,0,0.285,15.49,0.27,1,7.71333788887187
SM102669,2025-12-18,Kanpur,Mini Truck,27.6,4,788.0,81.0,10653.0,3.9,Rain,0,7.0,5.91,752.0,0,0,0,0,0,0,12,3,0,0.394,27.25,-1.09,0,9.273690687476945
SM101360,2025-01-31,Lucknow,Mini Truck,53.5,7,1103.0,126.0,24862.0,7.7,Fog,0,9.0,10.04,1379.0,0,0,0,0,0,0,1,4,0,0.552,25.78,1.04,1,10.121136033568359
SM101844,2025-09-29,Prayagraj,Mini Truck,18.7,5,1592.0,79.0,7784.0,7.3,Clear,0,7.0,6.61,984.0,0,0,0,0,0,0,9,0,0,0.796,52.62,-0.39,0,8.959954084268098
SM103098,2025-03-08,Varanasi,Mini Truck,19.2,9,1161.0,108.0,21083.0,5.0,Rain,0,8.0,8.29,1041.0,0,1,0,0,0,0,3,5,1,0.58,54.22,0.29,1,9.956269737975097
SM101612,2025-09-02,Varanasi,Mini Truck,21.5,5,754.0,65.0,11040.0,4.5,Rain,0,7.0,6.39,757.0,0,0,0,0,0,0,9,1,0,0.377,35.21,-0.61,0,9.309370895439137
SM100497,2025-05-17,Kanpur,Truck,30.4,7,2434.0,110.0,17597.0,6.9,Rain,0,9.0,9.31,1735.0,0,0,0,0,0,0,5,5,1,0.487,57.07,0.31,1,9.775540538205506
SM102840,2025-06-09,Prayagraj,Truck,11.2,4,3951.0,246.0,34194.0,3.8,Clear,0,7.0,6.27,1840.0,0,0,0,0,0,0,6,0,0,0.79,164.29,-0.73,0,10.439834713532196
SM104611,2025-04-29,Kanpur,Mini Truck,30.9,12,756.0,47.0,12834.0,8.7,Clear,0,9.0,8.22,1248.0,0,0,0,0,0,0,4,1,0,0.378,40.39,-0.78,0,9.45993109330524
SM103633,2025-10-05,Varanasi,Pickup,56.7,6,380.0,24.0,2713.0,5.6,Clear,0,9.0,6.94,1046.0,0,0,1,0,0,0,10,6,1,0.475,18.45,-2.06,0,7.906178840394815
SM101478,2025-03-26,Kanpur,Mini Truck,24.2,8,1161.0,46.0,4790.0,7.3,Clear,0,8.0,6.9,936.0,0,1,0,0,0,0,3,2,0,0.58,38.68,-1.1,0,8.474494436883122
SM105507,2025-01-30,Lucknow,Truck,41.2,3,2011.0,99.0,26922.0,4.4,Clear,0,8.0,5.14,1785.0,0,0,0,0,0,0,1,3,0,0.402,43.33,-2.86,0,10.200736218857122
SM101095,2025-01-30,Prayagraj,Pickup,32.0,8,452.0,27.0,7690.0,4.7,Fog,0,8.0,7.59,780.0,0,0,0,0,0,0,1,3,0,0.565,24.38,-0.41,0,8.947806093057054
SM100542,2025-03-13,Gorakhpur,Mini Truck,95.9,9,1002.0,43.0,3989.0,3.9,Clear,0,12.0,9.6,2150.0,0,0,0,0,0,0,3,3,0,0.501,22.42,-2.4,0,8.29154650988391
SM104729,2025-08-31,Lucknow,Pickup,21.2,9,596.0,33.0,5208.0,6.2,Rain,0,8.0,6.88,807.0,0,0,0,0,0,0,8,6,1,0.745,38.07,-1.12,0,8.558143177745192
SM104074,2025-04-29,Kanpur,Mini Truck,34.6,9,608.0,66.0,18421.0,3.9,Clear,0,9.0,7.87,1068.0,0,0,0,0,0,0,4,1,0,0.304,30.87,-1.13,0,9.821300881548181
SM100431,2025-09-27,Varanasi,Truck,52.0,6,2201.0,135.0,25884.0,4.6,Clear,0,9.0,7.16,2236.0,0,0,0,0,0,0,9,5,1,0.44,43.0,-1.84,0,10.161418929336001
SM100728,2025-06-28,Varanasi,Truck,35.2,5,2470.0,118.0,7703.0,6.1,Rain,1,8.0,10.42,1862.0,0,0,0,0,0,0,6,5,1,0.494,52.9,2.42,1,8.949494953477961
SM105384,2025-01-23,Lucknow,Mini Truck,16.4,7,984.0,48.0,6658.0,7.1,Clear,0,7.0,6.15,876.0,0,0,0,0,0,0,1,3,0,0.492,53.41,-0.85,0,8.803724602110622
SM104412,2025-05-02,Lucknow,Mini Truck,26.0,5,1008.0,49.0,8503.0,7.9,Clear,0,7.0,6.68,1099.0,1,0,0,0,0,0,5,4,0,0.504,42.27,-0.32,0,9.048291920021784
SM102561,2025-05-11,Prayagraj,Mini Truck,26.5,4,1129.0,71.0,37141.0,5.5,Clear,0,7.0,4.65,916.0,0,0,0,0,0,0,5,6,1,0.564,34.57,-2.35,0,10.522503683752998
SM101337,2025-04-19,Lucknow,Pickup,45.6,6,462.0,17.0,2192.0,2.6,Clear,0,8.0,4.99,873.0,0,1,0,0,0,0,4,5,1,0.578,19.14,-3.01,0,7.693025748417888
SM103606,2025-04-30,Kanpur,Pickup,26.7,8,462.0,9.0,943.0,5.9,Clear,0,8.0,7.16,671.0,0,1,0,0,0,0,4,2,0,0.578,25.13,-0.84,0,6.8501261661455
SM102877,2025-12-08,Lucknow,Truck,18.3,8,3757.0,216.0,65757.0,6.9,Clear,0,9.0,8.36,1964.0,0,0,0,0,0,0,12,0,0,0.751,107.32,-0.64,0,11.093736615642253
SM104415,2025-06-11,Kanpur,Pickup,22.8,6,658.0,27.0,8242.0,6.2,Clear,0,7.0,6.28,827.0,0,0,0,0,0,0,6,2,0,0.822,36.27,-0.72,0,9.017119634313227
SM101031,2025-03-05,Prayagraj,Truck,51.4,5,2719.0,204.0,54423.0,8.4,Clear,0,9.0,6.74,2307.0,0,0,0,0,0,0,3,2,0,0.544,44.88,-2.26,0,10.904560512024897
SM101110,2025-08-19,Prayagraj,Pickup,24.3,4,425.0,21.0,3410.0,4.9,Rain,0,6.0,5.34,610.0,0,0,0,0,0,0,8,1,0,0.531,25.1,-0.66,0,8.134760782418645
SM101888,2025-01-23,Prayagraj,Mini Truck,26.6,3,960.0,56.0,5569.0,5.3,Fog,0,6.0,6.33,948.0,0,0,0,0,0,1,1,3,0,0.48,35.64,0.33,1,8.62515033292133
SM103550,2025-06-10,Kanpur,Truck,42.9,5,2386.0,121.0,11381.0,7.2,Rain,0,9.0,9.71,2046.0,0,0,0,0,0,0,6,1,0,0.477,47.69,0.71,1,9.339788439163069
SM101527,2025-02-20,Varanasi,Truck,55.3,5,2488.0,157.0,32262.0,4.7,Clear,0,9.0,8.5,2445.0,0,0,0,0,0,0,2,3,0,0.498,44.21,-0.5,0,10.381676341775822
SM100753,2025-12-08,Kanpur,Mini Truck,22.3,8,655.0,28.0,8011.0,4.2,Rain,0,8.0,7.37,966.0,0,0,0,0,0,0,12,0,0,0.328,43.32,-0.63,0,8.988695696785708
SM103049,2025-09-16,Prayagraj,Pickup,31.1,10,508.0,56.0,10791.0,5.6,Clear,1,9.0,8.23,861.0,0,0,1,0,0,0,9,1,0,0.635,27.68,-0.77,0,9.286560397887591
SM102628,2025-08-14,Lucknow,Mini Truck,30.7,7,1036.0,62.0,22456.0,7.0,Clear,0,8.0,6.72,1119.0,0,0,0,0,0,0,8,3,0,0.518,36.45,-1.28,0,10.019357648578541
SM100562,2025-06-29,Gorakhpur,Truck,36.1,6,4089.0,214.0,34740.0,1.0,Clear,0,9.0,7.13,2516.0,0,0,0,0,0,0,6,6,1,0.818,69.7,-1.87,0,10.455675824642753
SM104764,2025-06-09,Varanasi,Pickup,48.2,9,568.0,25.0,7423.0,6.3,Rain,0,9.0,8.99,1107.0,0,0,0,0,0,0,6,0,0,0.71,22.97,-0.01,0,8.912473274466036
SM103562,2025-06-03,Lucknow,Mini Truck,19.6,6,1005.0,44.0,7583.0,5.1,Clear,0,7.0,5.66,884.0,0,0,0,0,0,0,6,1,0,0.502,45.1,-1.34,0,8.933796043934858
SM100252,2025-03-10,Lucknow,Mini Truck,34.2,4,866.0,48.0,11313.0,8.7,Clear,1,7.0,8.37,1078.0,0,0,0,0,0,0,3,0,0,0.433,31.52,1.37,1,9.333796175903101
SM102516,2025-09-10,Lucknow,Pickup,33.5,8,556.0,42.0,14828.0,5.6,Rain,0,8.0,7.99,770.0,0,0,0,0,0,0,9,2,0,0.695,22.99,-0.01,0,9.60434000197507
SM102962,2025-12-22,Prayagraj,Mini Truck,17.3,6,1206.0,86.0,11389.0,7.2,Fog,0,7.0,8.39,905.0,0,0,0,0,0,0,12,0,0,0.603,52.31,1.39,1,9.340491056441229
SM104453,2025-09-15,Varanasi,Pickup,35.6,7,366.0,24.0,5598.0,4.1,Clear,0,8.0,6.46,809.0,0,0,0,0,1,0,9,0,0,0.458,22.72,-1.54,0,8.630343289348893
SM105374,2025-09-28,Varanasi,Truck,23.6,6,1820.0,74.0,7926.0,4.7,Rain,0,8.0,8.11,1454.0,0,0,0,0,0,0,9,6,1,0.364,61.61,0.11,1,8.978029932837156
SM105396,2025-12-11,Varanasi,Pickup,39.1,6,302.0,22.0,3318.0,5.5,Fog,0,8.0,8.93,801.0,0,0,0,0,0,0,12,3,0,0.378,20.49,0.93,1,8.107418811719974
SM101202,2025-12-26,Lucknow,Pickup,3.0,4,455.0,38.0,3558.0,7.6,Clear,0,5.0,3.95,365.0,0,0,0,0,0,0,12,4,0,0.569,121.67,-1.05,0,8.177234885510194
SM103462,2025-11-13,Varanasi,Mini Truck,18.1,4,959.0,105.0,39422.0,6.4,Clear,0,6.0,4.49,690.0,0,0,0,0,0,0,11,3,0,0.48,38.12,-1.51,0,10.582104681311748
SM102797,2025-07-27,Gorakhpur,Mini Truck,36.3,5,619.0,42.0,6952.0,6.9,Clear,0,7.0,5.18,970.0,0,0,0,0,0,0,7,6,1,0.31,26.72,-1.82,0,8.846928500099018
SM104225,2025-03-06,Lucknow,Mini Truck,59.3,5,230.0,11.0,1662.0,5.5,Clear,0,8.0,6.57,1223.0,0,0,0,0,0,0,3,3,0,0.115,20.62,-1.43,0,7.416378479192928
SM100144,2025-12-29,Kanpur,Pickup,21.0,6,288.0,27.0,5598.0,6.9,Fog,0,7.0,7.74,522.0,0,0,0,0,1,0,12,0,0,0.36,24.86,0.74,1,8.630343289348893
SM105056,2025-12-12,Varanasi,Pickup,75.7,6,179.0,18.0,6259.0,6.3,Fog,0,9.0,10.64,1047.0,0,0,0,0,0,0,12,4,0,0.224,13.83,1.64,1,8.741935464094144
SM102895,2025-07-16,Kanpur,Pickup,29.7,9,430.0,23.0,9024.0,9.6,Rain,1,8.0,8.31,746.0,0,0,0,0,0,0,7,2,0,0.538,25.12,0.31,1,9.107753783201082
SM102763,2025-01-14,Gorakhpur,Pickup,43.1,10,471.0,25.0,2924.0,4.8,Fog,1,9.0,11.48,1043.0,0,0,0,0,0,0,1,1,0,0.589,24.2,2.48,1,7.981049759665957
SM105192,2025-07-01,Lucknow,Mini Truck,26.9,4,1028.0,60.0,10145.0,5.6,Rain,0,7.0,5.8,979.0,0,0,1,0,0,0,7,1,0,0.514,36.39,-1.2,0,9.224834818126634
SM103980,2025-06-14,Gorakhpur,Truck,61.1,2,2530.0,110.0,10962.0,5.2,Clear,0,9.0,6.94,2345.0,0,0,0,0,0,0,6,5,1,0.506,38.38,-2.06,0,9.30228124567454
SM100235,2025-09-20,Lucknow,Pickup,11.0,4,259.0,16.0,2654.0,5.2,Rain,0,6.0,5.24,340.0,0,0,0,0,0,0,9,5,1,0.324,30.91,-0.76,0,7.884199933676039
SM105157,2025-02-14,Lucknow,Truck,11.6,3,4161.0,263.0,37351.0,5.6,Rain,0,7.0,6.97,1859.0,0,0,0,0,0,0,2,4,0,0.832,160.26,-0.03,0,10.528141736650772
