order_id,order_date,zone,vehicle_type,distance_km,num_stops,load_kg,order_qty,order_value_inr,traffic_index,weather,is_festival,promised_hours,actual_delivery_hours,transport_cost_inr
SM105453,2025-10-14,Gorakhpur,Truck,79.6,10,1522.0,68.0,17035.0,7.8,Clear,0,12.0,12.03,2723.0
SM102347,2025-10-02,Kanpur,Mini Truck,20.4,5,1221.0,51.0,19873.0,6.3,Clear,1,7.0,6.75,924.0
SM103178,2025-03-20,Prayagraj,Pickup,19.7,3,564.0,24.0,10018.0,3.3,Clear,0,6.0,4.8,511.0
SM104591,2025-01-15,Gorakhpur,Pickup,87.8,4,424.0,20.0,1163.0,3.8,,0,9.0,8.65,1375.0
SM105073,2025-10-13,Prayagraj,Mini Truck,44.2,6,1392.0,109.0,12947.0,5.5,Clear,1,8.0,8.2,1383.0
SM100758,2025-02-16,Gorakhpur,Pickup,35.7,14,436.0,20.0,7721.0,4.0,Clear,0,10.0,7.94,1033.0
SM105422,2025-01-27,Varanasi,Mini Truck,44.6,4,1274.0,120.0,48731.0,5.8,Clear,0,8.0,5.62,1229.0
SM101457,2025-06-16,Varanasi,Pickup,42.4,3,513.0,25.0,2760.0,7.9,Rain,0,7.0,5.92,707.0
SM104958,2025-12-02,Lucknow,Mini Truck,65.2,3,898.0,95.0,32252.0,3.4,Clear,0,8.0,6.28,1481.0
SM100125,2025-07-26,Lucknow,Mini Truck,34.0,6,707.0,43.0,5994.0,3.4,Clear,0,8.0,6.14,1003.0
SM103118,2025-01-09,Kanpur,Pickup,63.3,5,446.0,38.0,3312.0,3.7,Clear,0,9.0,5.33,993.0
SM103126,2025-10-31,Lucknow,Pickup,32.0,5,582.0,45.0,13309.0,6.4,Clear,0,7.0,5.34,813.0
SM102497,2025-11-21,Prayagraj,Truck,40.8,6,1859.0,127.0,14533.0,3.8,Clear,0,8.0,7.53,
SM102490,2025-05-05,prayagraj,Mini Truck,72.1,6,1249.0,90.0,21122.0,5.3,Clear,0,10.0,9.25,1778.0
SM103277,2025-03-31,Varanasi,Mini Truck,36.5,8,977.0,53.0,16881.0,6.0,Clear,1,8.0,8.09,1209.0
SM100669,2025-02-18,Varanasi,Mini Truck,70.0,9,1020.0,90.0,11306.0,5.4,Clear,0,10.0,8.36,1856.0
SM101954,2025-12-21,Lucknow,Truck,20.0,9,1319.0,101.0,18889.0,5.7,,0,8.0,7.01,1257.0
SM105844,15/11/2025,Kanpur,Pickup,81.6,6,343.0,19.0,9433.0,5.6,Rain,0,10.0,10.86,1199.0
SM105402,2025-09-03,Varanasi,Truck,64.8,6,2639.0,164.0,53651.0,7.2,Clear,1,10.0,12.08,2741.0
SM104758,2025-06-14,Prayagraj,Truck,51.3,5,3156.0,183.0,57050.0,6.5,Clear,0,9.0,7.66,2515.0
SM100957,20/08/2025,Gorakhpur,Pickup,33.5,10,245.0,14.0,2591.0,7.4,Rain,0,9.0,8.97,738.0
SM102363,2025-02-13,Gorakhpur,Mini Truck,56.3,4,727.0,63.0,8146.0,5.1,Clear,0,8.0,7.25,1362.0
SM104426,2025-04-04,Gorakhpur,Pickup,47.5,7,562.0,33.0,9834.0,,Clear,1,8.0,8.35,882.0
SM104617,2025-08-07,Varanasi,Pickup,62.3,9,609.0,32.0,10959.0,4.7,Rain,0,10.0,8.56,1129.0
SM104090,2025-09-27,Prayagraj,Pickup,28.9,2,169.0,10.0,3573.0,5.1,Rain,0,6.0,4.97,492.0
SM104616,2025-04-17,Prayagraj,Pickup,,4,760.0,78.0,26019.0,8.1,Clear,0,7.0,5.2,848.0
SM104520,2025-12-28,Lucknow,Mini Truck,6.5,6,1499.0,171.0,34694.0,3.9,Rain,0,7.0,5.78,788.0
SM102505,2025-02-12,Prayagraj,Mini Truck,50.2,6,826.0,56.0,18010.0,4.8,Clear,0,8.0,7.89,1199.0
SM105358,2025-01-25,Gorakhpur,Pickup,21.1,7,495.0,23.0,3570.0,4.6,Fog,0,7.0,7.91,593.0
SM100285,2025-12-09,Varanasi,Mini Truck,13.8,7,1687.0,72.0,9555.0,6.2,Fog,0,7.0,8.39,1017.0
SM103350,2025-02-28,Kanpur,Pickup,12.9,8,663.0,30.0,14559.0,6.7,Clear,0,7.0,5.97,497.0
SM101660,2025-08-15,Varanasi,Pickup,28.4,3,558.0,45.0,15463.0,4.0,Rain,0,6.0,5.41,599.0
SM103032,2025-07-25,Lucknow,Mini Truck,19.1,7,939.0,55.0,12766.0,2.2,Clear,0,7.0,5.03,909.0
SM105762,2025-03-13,Lucknow,Truck,42.1,8,2535.0,106.0,23431.0,4.1,Clear,0,10.0,7.73,2285.0
SM101684,2025-05-11,gorakhpur,Pickup,50.7,4,545.0,34.0,3062.0,5.1,Clear,0,8.0,5.68,926.0
SM104184,2025-01-21,Lucknow,Mini Truck,21.6,4,960.0,43.0,4101.0,4.3,Rain,0,6.0,6.34,774.0
SM103257,2025-03-13,Lucknow,Truck,32.6,8,3332.0,276.0,78241.0,5.6,Clear,0,9.0,8.36,2147.0
SM101309,2025-11-08,Varanasi,Mini Truck,40.3,5,791.0,42.0,8548.0,4.2,Clear,0,8.0,5.32,1071.0
SM100255,22/02/2025,Kanpur,Truck,28.1,4,4279.0,201.0,39436.0,7.5,Rain,0,8.0,7.65,2389.0
SM100161,2025-08-31,Gorakhpur,Mini Truck,60.6,6,576.0,29.0,2420.0,3.7,Rain,0,9.0,7.14,1419.0
SM104111,2025-06-25,Varanasi,Truck,48.3,6,1802.0,179.0,21882.0,5.4,Clear,0,9.0,7.54,1923.0
SM101578,11/02/2025,Prayagraj,Mini Truck,43.7,5,999.0,88.0,41273.0,4.3,Clear,0,8.0,5.94,1305.0
SM105189,2025-04-18,Kanpur,Mini Truck,14.1,6,697.0,32.0,7462.0,7.5,Clear,0,7.0,5.53,722.0
SM100808,2025-05-23,Gorakhpur,Pickup,88.3,7,756.0,31.0,3770.0,4.8,,0,11.0,9.05,1540.0
SM101023,2025-11-04,Gorakhpur,Pickup,42.1,3,716.0,50.0,7361.0,3.9,Clear,0,7.0,5.39,915.0
SM102319,2025-10-10,Prayagraj,Pickup,8.7,6,543.0,24.0,9372.0,3.7,Clear,0,6.0,3.29,534.0
SM105504,2025-07-14,Varanasi,Pickup,27.8,8,533.0,37.0,10798.0,6.3,Clear,0,8.0,6.46,797.0
SM105611,31/03/2025,Kanpur,Mini Truck,31.6,7,,42.0,22389.0,3.4,Clear,1,8.0,6.75,1047.0
SM101857,2025-08-02,Varanasi,Mini Truck,32.5,5,1355.0,130.0,34636.0,5.7,Fog,0,8.0,8.7,1208.0
SM105069,2025-12-16,Gorakhpur,Truck,19.9,7,4054.0,174.0,,4.3,Clear,0,9.0,7.46,2104.0
SM100984,2025-08-03, PRAYAGRAJ ,Pickup,22.7,8,612.0,35.0,10700.0,5.2,Rain,0,8.0,6.38,735.0
SM101793,2025-04-12,Gorakhpur,Truck,39.6,4,2954.0,126.0,20263.0,5.2,Clear,0,8.0,6.87,2158.0
SM105604,2025-08-11,Varanasi,Mini Truck,14.6,4,1310.0,113.0,8741.0,4.5,Rain,0,6.0,5.49,838.0
SM104841,2025-02-15,Lucknow,Truck,39.7,5,2807.0,293.0,99592.0,1.8,Rain,0,9.0,7.46,2155.0
SM102632,2025-11-30,Prayagraj,Mini Truck,39.7,8,1444.0,102.0,12362.0,4.8,Clear,0,9.0,6.95,1508.0
SM100147,2025-03-27,Varanasi,Mini Truck,29.6,10,846.0,55.0,11011.0,6.3,Rain,0,9.0,8.21,1037.0
SM100407,2025-02-22, LUCKNOW ,Mini Truck,23.5,5,1051.0,68.0,4062.0,6.0,Clear,0,7.0,5.63,933.0
SM101676,2025-02-24,Lucknow,Truck,268.0,6,1709.0,72.0,24336.0,4.6,Clear,0,8.0,6.11,1502.0
SM101961,2025-12-27,Lucknow,Pickup,,8,660.0,79.0,19483.0,4.1,Fog,0,8.0,8.19,979.0
SM100943,2025-06-23,Varanasi,Pickup,32.1,4,305.0,29.0,7224.0,4.0,Clear,0,7.0,5.03,707.0
SM104633,2025-03-05,Varanasi,Pickup,,4,534.0,37.0,7418.0,6.9,Clear,0,6.0,4.52,690.0
SM103265,2025-08-23,Kanpur,Pickup,19.2,6,573.0,62.0,15439.0,4.3,Rain,0,7.0,5.01,720.0
SM104613,2025-07-10,Prayagraj,Mini Truck,45.1,5,884.0,74.0,6267.0,8.6,Rain,0,8.0,8.19,1134.0
SM100729,2025-08-29,Kanpur,Pickup,38.3,2,626.0,63.0,22997.0,7.5,Rain,0,6.0,5.2,631.0
SM102355,2025-05-15,Gorakhpur,Truck,41.9,6,1653.0,98.0,9185.0,5.7,Clear,0,8.0,7.2,1817.0
SM100314,2025-03-31,Allahabad,Truck,26.2,6,3570.0,156.0,29391.0,,Clear,1,9.0,7.81,2084.0
SM100301,2025-10-29,Allahabad,Pickup,18.0,6,375.0,30.0,4564.0,6.8,Clear,0,7.0,4.69,609.0
SM102550,2025-08-27,Prayagraj,Pickup,36.7,9,359.0,23.0,2575.0,6.3,Rain,0,8.0,9.2,839.0
SM105553,2025-08-25,Varanasi,Mini Truck,50.4,5,1609.0,73.0,7622.0,,Rain,0,9.0,9.27,1567.0
SM100555,2025-07-04,Kanpur,Truck,89.5,7,2525.0,118.0,12440.0,5.3,Clear,0,12.0,10.9,3221.0
SM105615,2025-09-24,Varanasi,Pickup,25.9,6,493.0,30.0,4021.0,6.5,Rain,0,7.0,7.64,702.0
SM102968,2025-09-20,Varanasi,Truck,32.8,5,2895.0,346.0,97041.0,4.6,Rain,0,8.0,9.07,1962.0
SM100368,2025-01-09,Lucknow,Truck,10.0,4,1650.0,190.0,12313.0,3.0,Clear,0,6.0,4.44,884.0
SM104436,2025-08-28,Lucknow,Pickup,35.5,5,766.0,40.0,21089.0,6.5,Clear,0,7.0,5.51,868.0
SM102093,2025-03-14,Prayagraj,Pickup,19.9,7,436.0,28.0,4365.0,4.7,Clear,1,7.0,6.2,639.0
SM105542,2025-04-20,Prayagraj,Pickup,39.9,3,478.0,21.0,6290.0,5.8,Clear,0,7.0,6.4,766.0
SM105010,2025-11-05,Gorakhpur,Truck,20.0,6,2008.0,215.0,27896.0,5.8,Clear,1,8.0,7.59,1407.0
SM104552,2025-02-06,Prayagraj,Mini Truck,10.6,8,1011.0,83.0,6373.0,6.2,Clear,0,7.0,6.01,827.0
SM104052,2025-10-07,Prayagraj,Mini Truck,43.4,2,712.0,43.0,28458.0,4.4,Clear,0,7.0,5.39,979.0
SM101967,2025-06-21,Prayagraj,Pickup,9.4,5,517.0,24.0,8834.0,5.2,Clear,0,6.0,4.78,399.0
SM100433,2025-02-17,Lucknow,Truck,38.8,4,,250.0,55389.0,10.0,Rain,0,9.0,11.27,2299.0
SM100724,2025-10-14,Kanpur,Pickup,39.7,3,664.0,44.0,5477.0,7.8,Clear,0,7.0,5.89,743.0
SM102188,2025-06-18,Gorakhpur,Pickup,22.6,7,320.0,15.0,3175.0,5.2,Clear,0,7.0,5.87,517.0
SM101038,2025-06-09,Prayagraj,Mini Truck,54.8,5,1388.0,73.0,21556.0,7.1,Clear,0,9.0,8.82,1616.0
SM102198,2025-07-28,Kanpur,Truck,28.7,4,2688.0,159.0,49039.0,7.5,Rain,0,8.0,7.71,1824.0
SM101882,2025-03-06,Varanasi,Pickup,38.5,7,603.0,37.0,3186.0,6.4,Rain,0,8.0,7.8,813.0
SM104445,2025-06-01,Varanasi,Mini Truck,38.7,4,1034.0,107.0,23831.0,2.8,Clear,0,7.0,4.9,1134.0
SM101796,2025-12-23,Lucknow,Truck,34.0,10,2881.0,194.0,,5.7,Fog,0,10.0,11.62,2086.0
SM104051,2025-05-24,lucknow,Truck,10.4,4,4185.0,363.0,43004.0,4.1,Clear,0,7.0,6.56,1914.0
SM103389,2025-09-05,Lucknow,Pickup,27.7,4,395.0,33.0,13405.0,5.8,Clear,1,6.0,5.09,598.0
SM102217,2025-12-31,lucknow,Truck,,6,3116.0,195.0,30584.0,9.4,Clear,0,8.0,6.85,1480.0
SM105598,2025-10-02,Prayagraj,Truck,58.6,8,4118.0,453.0,37318.0,8.1,Clear,1,11.0,10.81,3072.0
SM105501,24/03/2025,Kanpur,Pickup,24.7,5,376.0,27.0,6830.0,3.0,Clear,0,7.0,5.58,577.0
SM103586,15/06/2025,Lucknow,Pickup,11.3,6,556.0,44.0,6984.0,5.9,Clear,0,6.0,4.31,459.0
SM104380,2025-12-10,Prayagraj,Truck,89.3,10,,138.0,53858.0,6.5,Clear,0,13.0,11.64,3344.0
SM103568,2025-10-03,Varanasi,Pickup,36.6,9,,25.0,3924.0,4.6,Clear,0,9.0,5.66,991.0
SM103727,2025-07-12,Lucknow,Mini Truck,25.1,10,968.0,44.0,4929.0,4.5,Clear,0,9.0,7.35,1009.0
SM103577,2025-11-09,Kanpur,Truck,25.8,7,2148.0,146.0,30948.0,7.9,Clear,0,8.0,7.12,1650.0
SM100941,2025-05-28,Lucknow,Mini Truck,17.5,8,1192.0,53.0,14099.0,2.7,Clear,0,8.0,5.49,1030.0
SM105820,2025-08-12,Prayagraj,Pickup,41.4,5,,27.0,2126.0,6.5,Clear,0,8.0,5.69,727.0
SM100895,2025-08-12,Varanasi,Truck,49.0,9,2454.0,216.0,54088.0,5.3,Rain,0,10.0,9.33,2324.0
SM100927,2025-04-20,Kanpur,Mini Truck,17.0,7,1405.0,94.0,5646.0,6.7,Clear,0,7.0,6.75,932.0
SM102169,2025-12-24,Prayagraj,Truck,34.1,4,,159.0,13223.0,5.7,Clear,0,8.0,7.29,2191.0
SM103156,2025-10-09,prayagraj,Mini Truck,32.8,11,1268.0,79.0,24457.0,2.9,Clear,0,9.0,6.43,1371.0
SM103619,2025-02-01,Lucknow,Truck,9.2,2,2503.0,166.0,34376.0,3.5,Clear,0,6.0,5.38,1096.0
SM100929,2025-07-30,Gorakhpur,Truck,56.1,3,2464.0,124.0,38985.0,7.3,Clear,0,9.0,9.55,2255.0
SM103111,2025-10-06,Prayagraj,Pickup,40.1,7,331.0,16.0,7647.0,5.1,Clear,0,8.0,7.46,
SM104425,2025-11-15,Lucknow,Pickup,22.2,11,509.0,24.0,2928.0,4.1,Clear,0,8.0,5.5,665.0
SM102761,2025-06-07,gorakhpur,Truck,23.2,11,2586.0,276.0,46083.0,,Clear,0,10.0,8.46,1848.0
SM102874,2025-05-20,Lucknow,Pickup,20.8,11,687.0,55.0,43782.0,5.8,Clear,0,9.0,6.47,951.0
SM100386,2025-01-25,Varanasi,Pickup,18.0,3,309.0,13.0,3865.0,5.3,Fog,0,6.0,5.8,519.0
SM104447,2025-03-11,Prayagraj,Truck,15.2,8,3477.0,203.0,20294.0,5.6,Clear,0,9.0,7.37,1921.0
SM101235,2025-05-07,Lucknow,Mini Truck,,10,1253.0,53.0,11809.0,5.4,Clear,0,10.0,7.09,1529.0
SM100045,2025-12-21,Gorakhpur,Pickup,36.3,9,,41.0,8206.0,5.3,Clear,0,9.0,6.28,907.0
SM103042,2025-04-30,Kanpur,Truck,52.7,5,3373.0,303.0,99243.0,3.7,Clear,0,10.0,8.7,2682.0
SM102065,2025-07-05,Prayagraj,Mini Truck,28.2,4,1311.0,92.0,25569.0,3.7,Clear,0,7.0,5.11,1066.0
SM100420,2025-12-05,Kanpur,Truck,27.5,2,2023.0,84.0,23290.0,7.9,Fog,0,7.0,8.63,1394.0
SM105996,08/11/2025,Kanpur,Truck,,5,1558.0,77.0,19260.0,8.6,Clear,0,8.0,7.37,1806.0
SM103581,2025-10-07,Varanasi,Pickup,65.5,4,305.0,27.0,7093.0,7.3,Clear,0,8.0,7.13,967.0
SM104370,2025-07-23,Prayagraj,Pickup,11.7,6,523.0,21.0,4361.0,6.1,Rain,0,6.0,6.33,678.0
SM103296,2025-03-19,Kanpur,Pickup,11.7,4,522.0,60.0,20422.0,5.2,Clear,0,6.0,3.24,403.0
SM103256,2025-03-05,Varanasi,Mini Truck,13.6,8,721.0,60.0,28373.0,2.8,Clear,0,7.0,4.84,798.0
SM105234,18/05/2025,Gorakhpur,Pickup,19.0,3,144.0,7.0,374.0,3.1,Fog,0,6.0,6.38,351.0
SM104765,2025-02-24,Lucknow,Mini Truck,32.2,3,1145.0,135.0,27697.0,6.7,Rain,0,7.0,7.03,968.0
SM101833,2025-01-27,Kanpur,Truck,20.2,11,4200.0,362.0,79064.0,7.1,Clear,0,10.0,8.96,2312.0
SM103203,2025-02-21,Lucknow,Truck,29.2,1,2969.0,198.0,15961.0,5.1,Clear,0,7.0,5.43,1845.0
SM102838,2025-03-20,prayagraj,Mini Truck,30.3,6,783.0,44.0,9670.0,4.5,Clear,0,7.0,5.94,1017.0
SM100200,2025-05-14,Kanpur,Truck,7.8,9,1936.0,88.0,25511.0,,Clear,0,8.0,5.71,1136.0
SM105049,2025-11-29,Varanasi,Pickup,39.6,12,485.0,21.0,9338.0,5.2,Clear,0,10.0,7.26,879.0
SM100079,2025-09-02,Lucknow,Truck,,3,3151.0,202.0,25633.0,4.3,Rain,0,8.0,9.15,2263.0
SM101817,2025-04-03,Prayagraj,Mini Truck,34.6,4,1458.0,65.0,26281.0,7.8,Clear,0,7.0,6.23,1250.0
SM100544,2025-10-31,Prayagraj,Pickup,27.7,3,596.0,27.0,6065.0,6.9,Clear,1,6.0,6.21,584.0
SM102517,2025-07-12,Lucknow,Mini Truck,33.8,3,1206.0,90.0,19294.0,5.1,Clear,0,7.0,4.51,1086.0
SM100169,2025-01-09,Varanasi,Pickup,36.0,10,641.0,30.0,19406.0,6.9,Fog,0,9.0,9.23,928.0
SM101135,2025-01-22,Lucknow,Pickup,37.3,6,493.0,24.0,6523.0,4.3,Fog,0,8.0,7.42,872.0
SM101117,2025-08-03,Kanpur,Mini Truck,27.9,2,1166.0,60.0,21646.0,5.8,Rain,0,6.0,5.66,890.0
SM100718,2025-03-28,Gorakhpur,Pickup,22.7,5,485.0,27.0,3328.0,5.7,Clear,0,7.0,4.79,632.0
SM105643,2025-09-05,Prayagraj,Truck,53.5,6,2970.0,133.0,14537.0,7.4,Rain,1,10.0,10.38,2622.0
SM104936,2025-12-17,Lucknow,Truck,,4,3070.0,124.0,14090.0,4.5,Clear,0,8.0,6.97,1952.0
SM105766,2025-04-23,Kanpur,Truck,29.6,2,3206.0,286.0,21994.0,5.4,Rain,0,7.0,6.97,1898.0
SM103416,13/08/2025,Prayagraj,Truck,60.6,2,2570.0,158.0,18942.0,6.1,Rain,0,9.0,9.46,2400.0
SM105533,2025-06-12,Gorakhpur,Pickup,84.0,5,207.0,19.0,3610.0,6.6,Clear,0,10.0,8.91,1180.0
SM102450,2025-11-03,Lucknow,Truck,59.4 km,3,3139.0,182.0,54682.0,7.1,Clear,1,9.0,8.69,
SM100608,2025-12-19,Lucknow,Pickup,9.0,6,420.0,18.0,2691.0,6.0,Fog,0,6.0,6.74,304.0
SM103921,2025-08-13, KANPUR ,Mini Truck,27.1,7,1070.0,58.0,14263.0,4.8,Clear,0,8.0,5.69,940.0
SM103108,2025-11-25,Prayagraj,Pickup,20.0,8,655.0,62.0,6397.0,,Clear,0,7.0,7.03,671.0
SM105318,2025-10-06,Prayagraj,Pickup,14.7,4,541.0,37.0,4748.0,6.3,Clear,0,6.0,5.52,580.0
SM101937,2025-07-22,Kanpur,Pickup,14.8,4,609.0,75.0,21208.0,4.4,Rain,0,6.0,5.57,556.0
SM100997,2025-05-12,Prayagraj,Mini Truck,40.0,6,,83.0,18452.0,5.2,Clear,0,8.0,6.17,1400.0
SM100687,2025-08-05,Gorakhpur,Mini Truck,27.5,7,932.0,43.0,10034.0,8.0,Rain,0,8.0,7.18,1007.0
SM104897,2025-08-01,Lucknow,Pickup,28.2,9,347.0,15.0,2412.0,8.8,Clear,0,8.0,7.84,767.0
SM105679,2025-01-17,varanasi,Pickup,26.8,4,609.0,38.0,9778.0,7.5,Fog,1,7.0,8.37,673.0
SM103384,2025-10-19,Lucknow,Pickup,15.9,6,300.0,19.0,2620.0,5.8,Clear,0,6.0,5.0,537.0
SM104158,2025-03-14,Lucknow,Truck,54.5,12,4518.0,330.0,114151.0,8.9,Clear,1,12.0,13.28,3243.0
SM102618,2025-08-28,Varanasi,Pickup,20.5,5,588.0,68.0,19718.0,4.8,Clear,0,7.0,5.99,644.0
SM101875,2025-02-14,Varanasi,Truck,13.8,3,3951.0,286.0,48464.0,7.0,Clear,0,7.0,6.75,1818.0
SM102911,2025-02-03,Lucknow,Truck,21.1,8,3252.0,334.0,48633.0,6.8,Clear,0,9.0,7.9,1989.0
SM100354,2025-12-20,Prayagraj,Mini Truck,71.3,7,1624.0,101.0,18658.0,4.5,Clear,0,10.0,8.51,1892.0
SM101342,2025-02-13,Varanasi,Truck,12.0,5,3360.0,357.0,137090.0,4.4,Rain,0,7.0,7.41,1724.0
SM101232,2025-12-21,Kanpur,Mini Truck,13.3,10,706.0,33.0,3640.0,3.5,Clear,0,8.0,6.45,771.0
SM102573,2025-05-23, KANPUR ,Mini Truck,27.0,6,1421.0,113.0,13140.0,6.5,Clear,0,8.0,6.75,1122.0
SM100727,2025-02-02,Lucknow,Truck,5.3,6,3435.0,217.0,,4.8,Clear,0,8.0,5.78,1521.0
SM103746,2025-06-13,Varanasi,Truck,62.3,5,3683.0,179.0,95785.0,5.5,Clear,0,10.0,9.21,3037.0
SM100383,2025-03-29,Varanasi,Truck,33.3,10,2891.0,126.0,41593.0,2.5,Clear,0,10.0,7.9,2213.0
SM105270,2025-03-09,Prayagraj,Pickup,27.2,10,508.0,21.0,4719.0,4.8,Clear,0,8.0,6.4,778.0
SM101256,2025-03-23,Lucknow,Truck,18.2,6,1246.0,52.0,5843.0,,Clear,0,7.0,5.73,1032.0
SM103847,2025-05-12,Prayagraj,Pickup,21.0,3,386.0,17.0,3020.0,3.7,Clear,0,6.0,4.25,489.0
SM103670,2025-02-22,Prayagraj,Truck,23.8,7,4579.0,253.0,66257.0,4.1,Clear,0,9.0,7.8,2325.0
SM101050,2025-07-05,Gorakhpur,Pickup,16.5,4,320.0,20.0,9405.0,7.5,Clear,0,6.0,4.7,431.0
SM105536,2025-01-21,Lucknow,Truck,,4,2312.0,119.0,29654.0,3.2,Fog,0,7.0,7.65,1651.0
SM100234,2025-06-29,Lucknow,Truck,26.2,5,3093.0,203.0,15367.0,5.7,Rain,0,8.0,8.64,1974.0
SM105534,2025-02-02,Kanpur,Mini Truck,38.4,8,580.0,48.0,10967.0,3.4,Clear,0,8.0,6.62,1128.0
SM104354,2025-06-26,Prayagraj,Mini Truck,31.6,5,1027.0,61.0,12155.0,6.9,Rain,0,7.0,8.05,1093.0
SM100444,2025-07-05,Kanpur,Mini Truck,52.2,5,698.0,87.0,15711.0,7.2,Rain,0,8.0,8.3,1279.0
SM100899,2025-08-13,Lucknow,Pickup,21.5,3,680.0,68.0,15103.0,6.0,Rain,0,6.0,5.83,557.0
SM105812,2025-04-20,Varanasi,Truck,24.1,8,2949.0,183.0,52604.0,4.3,Clear,0,9.0,7.46,1987.0
SM101356,2025-05-06,Gorakhpur,Pickup,72.2,6,399.0,36.0,2740.0,7.7,Clear,0,9.0,8.09,1198.0
SM104737,2025-05-14,Prayagraj,Mini Truck,31.3,7,1307.0,147.0,29373.0,7.5,Clear,0,8.0,7.32,1286.0
SM105054,2025-01-19,Gorakhpur,Mini Truck,71.9,5,559.0,26.0,7457.0,4.6,Fog,0,9.0,8.83,1542.0
SM101424,2025-04-04,Varanasi,Mini Truck,66.0,3,942.0,42.0,4730.0,2.5,Clear,0,8.0,6.17,1501.0
SM101909,2025-12-10,Lucknow,Pickup,66.0,4,324.0,30.0,6150.0,5.5,Fog,0,8.0,8.63,1065.0
SM104479,2025-07-16,gorakhpur,Pickup,78.8,4,424.0,19.0,9829.0,2.9,Clear,0,9.0,7.45,1158.0
SM101017,2025-06-30,Prayagraj,Pickup,76.3,8,624.0,53.0,16725.0,7.5,Clear,0,10.0,9.08,1285.0
SM102226,2025-11-17,Lucknow,Truck,53.2 km,4,1698.0,84.0,15890.0,5.7,Clear,0,8.0,8.29,2026.0
SM101056,14/06/2025,Prayagraj,Truck,20.2,6,3525.0,260.0,42091.0,5.0,Rain,0,8.0,8.88,1877.0
SM105325,2025-05-24,Lucknow,Truck,19.7,2,2725.0,172.0,70024.0,5.1,Rain,0,7.0,6.64,1473.0
SM105707,28/04/2025,Lucknow,Mini Truck,39.2,9,871.0,51.0,8409.0,4.1,Clear,0,9.0,6.7,1206.0
SM101922,2025-10-29,Lucknow,Pickup,17.3,4,292.0,19.0,7952.0,3.7,Clear,0,6.0,4.38,352.0
SM103343,2025-08-14,prayagraj,Mini Truck,44.4,5,1149.0,91.0,10215.0,8.8,Clear,0,8.0,8.13,1286.0
SM103017,2025-03-20,Kanpur,Pickup,43.9,5,455.0,43.0,6398.0,2.9,Clear,0,8.0,5.74,840.0
SM105985,2025-04-23,Kanpur,Mini Truck,20.3,2,561.0,37.0,5588.0,6.9,Clear,0,6.0,4.25,522.0
SM102402,2025-09-30,Prayagraj,Mini Truck,29.2,7,1454.0,71.0,20469.0,6.7,Rain,0,8.0,6.98,1136.0
SM101155,2025-08-03,Lucknow,Mini Truck,44.5,8,1087.0,46.0,16656.0,4.9,Rain,0,9.0,8.93,1342.0
SM102909,2025-05-07,Lucknow,Mini Truck,30.2,4,864.0,37.0,3456.0,5.9,Rain,0,7.0,6.6,930.0
SM101098,16/01/2025,Varanasi,Truck,21.1,8,2720.0,128.0,44651.0,8.6,Fog,0,9.0,10.85,1787.0
SM104696,2025-01-28,Prayagraj,Truck,69.7,5,4326.0,328.0,49113.0,6.6,Clear,0,11.0,10.3,3215.0
SM100799,2025-06-11,Lucknow,Truck,27.9,6,2663.0,182.0,54474.0,7.0,Clear,0,8.0,7.33,1757.0
SM100554,2025-12-26,Prayagraj,Pickup,37.4,6,631.0,44.0,9308.0,7.0,Clear,0,8.0,5.46,830.0
SM102491,2025-04-07,Varanasi,Pickup,65.9,10,440.0,19.0,3763.0,5.6,Rain,0,10.0,10.18,1236.0
SM101681,2025-01-05,Lucknow,Pickup,16.5,6,310.0,17.0,3510.0,4.4,Clear,0,6.0,3.86,583.0
SM103769,2025-05-02,Prayagraj,Mini Truck,301.0,10,1224.0,63.0,7402.0,5.5,Clear,0,9.0,7.58,1191.0
SM102116,17/12/2025,Varanasi,Mini Truck,,8,1211.0,57.0,20177.0,,Clear,0,9.0,7.6,1506.0
SM100792,2025-09-21,Lucknow,Pickup,67.6,4,706.0,84.0,11571.0,6.3,Rain,0,9.0,7.56,1125.0
SM104579,2025-04-17,Prayagraj,Mini Truck,34.7,4,1384.0,92.0,31358.0,4.8,Clear,0,7.0,6.43,1169.0
SM100607,2025-07-07,Lucknow,Mini Truck,50.8,7,811.0,78.0,6506.0,4.9,Rain,0,9.0,7.65,1276.0
SM103993,2025-04-15,Prayagraj,Pickup,50.8,7,386.0,17.0,3793.0,9.1,Clear,0,9.0,8.08,922.0
SM104133,2025-07-03,Prayagraj,Mini Truck,,6,1186.0,73.0,13560.0,8.2,Rain,0,8.0,7.78,1419.0
SM103264,12/07/2025,Prayagraj,Truck,42.1,1,3108.0,186.0,62942.0,4.2,Rain,0,8.0,7.94,1996.0
SM104091,2025-01-16,Varanasi,Pickup,26.5 km,7,391.0,30.0,5709.0,3.4,,0,7.0,6.51,681.0
SM101719,2025-07-08,Lucknow,Truck,18.1,9,3119.0,206.0,52610.0,7.1,Clear,0,9.0,8.08,1801.0
SM101628,2025-05-22,Lucknow,Pickup,19.2,5,399.0,26.0,8633.0,5.7,Clear,0,6.0,6.4,544.0
SM102688,2025-08-21,Kanpur,Pickup,25.0,2,337.0,26.0,4813.0,4.3,Clear,0,6.0,3.25,477.0
SM104324,2025-12-21,Kanpur,Truck,22.6,8,2175.0,92.0,27377.0,4.6,Rain,0,8.0,8.22,
SM101385,2025-03-27,Gorakhpur,Truck,31.5,3,2996.0,148.0,17781.0,5.6,Clear,0,8.0,6.8,1858.0
SM100276,2025-06-20,Allahabad,Pickup,31.3,5,293.0,29.0,1959.0,8.4,Clear,0,7.0,6.39,635.0
SM101028,2025-07-26,Prayagraj,Mini Truck,20.9,6,994.0,84.0,6231.0,4.9,Rain,0,7.0,5.72,
SM103737,2025-07-12,Varanasi,Mini Truck,27.3,5,1393.0,141.0,27953.0,6.9,Clear,0,7.0,5.56,1081.0
SM105817,2025-12-03,kanpur,Mini Truck,28.8,5,1064.0,119.0,48606.0,5.3,Clear,0,7.0,5.43,980.0
SM104716,2025-11-21,Varanasi,Pickup,17.2,6,439.0,24.0,1882.0,6.2,Clear,0,7.0,4.67,474.0
SM101122,2025-04-09,Gorakhpur,Truck,63.7,8,1161.0,63.0,11730.0,8.2,Clear,0,10.0,9.14,2244.0
SM104018,2025-03-10,Lucknow,Mini Truck,35.4,11,1657.0,107.0,13448.0,2.5,Clear,0,10.0,7.5,1638.0
SM101073,2025-07-11,Lucknow,Mini Truck,10.6,6,890.0,77.0,17184.0,9.5,Clear,0,6.0,5.51,691.0
SM102991,2025-08-21,Varanasi,Mini Truck,23.4,6,1381.0,67.0,11397.0,,Rain,0,7.0,7.08,1112.0
SM100644,2025-10-09,Lucknow,Truck,27.5,6,2097.0,171.0,30621.0,4.2,Clear,0,8.0,7.7,1565.0
SM104555,2025-03-20,Gorakhpur,Pickup,29.7,6,410.0,34.0,,6.9,Rain,0,7.0,7.4,813.0
SM104223,14/07/2025,Lucknow,Pickup,6.7,5,331.0,13.0,941.0,6.0,Rain,0,6.0,5.6,412.0
SM103016,2025-07-14,Lucknow,Pickup,16.9,7,,22.0,5823.0,7.7,Fog,0,7.0,8.62,646.0
SM102037,2025-01-15,Lucknow,Truck,28.1,3,3592.0,245.0,74129.0,9.5,Fog,0,8.0,9.77,2045.0
SM100179,2025-07-02,Allahabad,Mini Truck,18.2,3,1298.0,72.0,6990.0,5.8,Clear,0,6.0,4.35,902.0
SM105232,2025-04-20,gorakhpur,Mini Truck,49.3,8,-1583.0,67.0,3852.0,4.1,Clear,0,9.0,7.88,1577.0
SM103589,2025-11-29,Prayagraj,Truck,18.7,4,693.0,50.0,40867.0,5.2,Clear,0,6.0,4.82,856.0
SM103160,2025-02-13,Varanasi,Mini Truck,81.2,5,1608.0,73.0,8129.0,6.2,Clear,0,10.0,8.93,2012.0
SM103691,2025-08-17,Lucknow,Pickup,10.7,6,653.0,60.0,17631.0,7.8,Clear,0,6.0,5.15,584.0
SM105822,2025-11-15,Varanasi,Mini Truck,70.4,6,1197.0,90.0,12001.0,2.5,Clear,0,10.0,6.98,1780.0
SM103077,2025-10-25,Prayagraj,Truck,18.3,7,2572.0,216.0,26119.0,3.2,Clear,0,8.0,6.04,1579.0
SM105169,2025-01-02,Prayagraj,Mini Truck,22.0,4,1602.0,117.0,20674.0,4.7,,0,7.0,5.98,995.0
SM100440,2025-12-22,Lucknow,Mini Truck,,2,1685.0,88.0,,6.5,,0,6.0,4.89,717.0
SM102908,2025-02-16,Prayagraj,Pickup,51.7,5,668.0,32.0,11178.0,5.6,Clear,0,8.0,6.39,968.0
SM104883,2025-02-28,Varanasi,Mini Truck,23.9,4,1248.0,71.0,16033.0,6.0,Clear,0,7.0,5.11,965.0
SM105560,23/06/2025,Prayagraj,Pickup,18.5,5,633.0,59.0,10954.0,5.3,Clear,0,6.0,5.67,560.0
SM104572,2025-06-30,Lucknow,Mini Truck,20.4,6,1386.0,68.0,11812.0,5.3,Clear,0,7.0,5.76,990.0
SM100134,2025-10-18,Kanpur,Pickup,25.8,4,343.0,14.0,3587.0,4.2,Rain,0,6.0,5.35,533.0
SM104044,2025-05-31,Gorakhpur,Mini Truck,40.1,7,754.0,86.0,22716.0,7.7,Clear,0,8.0,6.28,1188.0
SM104309,2025-08-08,Prayagraj,Mini Truck,14.2,2,1041.0,86.0,4653.0,5.5,Clear,0,5.0,3.76,594.0
SM103682,2025-03-20,Varanasi,Truck,44.8,5,,182.0,16777.0,7.0,Clear,0,9.0,7.9,2250.0
SM102067,2025-11-28,Prayagraj,Pickup,45.3,10,506.0,44.0,15115.0,6.0,,0,9.0,6.83,1100.0
SM103861,2025-08-24,Gorakhpur,Mini Truck,20.9,9,619.0,65.0,7965.0,4.1,Rain,0,8.0,7.53,892.0
SM100136,2025-08-09,Kanpur,Truck,34.1,3,2757.0,286.0,63031.0,6.0,Rain,1,8.0,7.6,
SM103140,2025-06-29,Lucknow,Mini Truck,28.5,5,1857.0,103.0,15446.0,4.2,Clear,0,8.0,5.45,1340.0
SM101966,2025-05-16,Prayagraj,Truck,20.4 km,4,1731.0,86.0,5408.0,4.0,Clear,0,7.0,5.69,1279.0
SM100870,2025-06-16,Prayagraj,Pickup,33.4,5,434.0,37.0,16814.0,6.3,Rain,0,7.0,7.17,673.0
SM100115,2025-07-27,Varanasi,Mini Truck,45.1,9,,36.0,6022.0,7.4,Clear,0,9.0,7.44,1265.0
SM105551,2025-05-10,Varanasi,Mini Truck,53.1,6,857.0,48.0,3815.0,5.8,Clear,0,9.0,6.23,1308.0
SM101999,2025-04-13,Varanasi,Pickup,27.6,7,552.0,23.0,5940.0,4.5,Clear,0,7.0,6.3,782.0
SM100248,2025-10-15,Kanpur,Truck,30.5,7,3327.0,152.0,14747.0,5.3,Clear,0,9.0,8.26,2094.0
SM100028,2025-07-19,Varanasi,Pickup,33.8,7,347.0,19.0,3116.0,8.4,Clear,0,8.0,7.09,664.0
SM103295,2025-10-18,Kanpur,Pickup,83.0,8,270.0,16.0,2474.0,7.2,Clear,0,10.0,10.08,1276.0
SM101379,2025-07-17,Lucknow,Mini Truck,27.0,8,1457.0,151.0,50943.0,5.5,Clear,0,8.0,5.78,1254.0
SM102076,2025-06-19,Prayagraj,Truck,21.7,5,1288.0,94.0,19739.0,4.3,Rain,0,7.0,6.76,1067.0
SM101139,2025-07-16,Kanpur,Mini Truck,33.8,7,641.0,27.0,8084.0,5.9,Rain,0,8.0,6.25,1133.0
SM105989,2025-07-25,Prayagraj,Pickup,21.9,2,473.0,27.0,2076.0,6.0,Clear,0,6.0,4.61,462.0
SM100611,2025-06-18,Prayagraj,Truck,19.7,7,2865.0,177.0,44190.0,3.5,Clear,0,8.0,7.43,1721.0
SM103493,2025-09-29,Lucknow,Mini Truck,39.3,2,1433.0,96.0,15871.0,8.6,Rain,0,7.0,7.31,1139.0
SM100538,2025-07-17,Lucknow,Truck,28.9,8,3146.0,154.0,29740.0,4.7,Rain,0,9.0,9.2,2078.0
SM101242,2025-12-18,Prayagraj,Mini Truck,10.8,6,1335.0,70.0,13336.0,6.3,Clear,0,7.0,5.93,817.0
SM102382,2025-12-02,Kanpur,Mini Truck,26.4,7,1177.0,95.0,23469.0,6.9,Clear,0,8.0,5.33,1186.0
SM103331,2025-11-07,Gorakhpur,Pickup,70.5,3,584.0,29.0,3315.0,4.7,Clear,0,8.0,7.17,1211.0
SM104640,2025-11-04,Lucknow,Truck,27.8,8,4367.0,179.0,84294.0,4.2,Clear,0,10.0,8.81,2510.0
SM101653,2025-08-06,Lucknow,Pickup,54.2,7,420.0,17.0,2659.0,6.9,Rain,0,9.0,7.91,997.0
SM101520,2025-11-12,Lucknow,Mini Truck,24.8,6,1294.0,66.0,6525.0,4.2,Clear,0,7.0,5.24,979.0
SM102292,2025-03-27,Kanpur,Mini Truck,13.1,6,1391.0,76.0,13977.0,,Clear,0,7.0,6.57,887.0
SM105896,2025-01-08,Lucknow,Truck,27.0,6,3442.0,138.0,25187.0,6.3,Fog,0,9.0,8.86,2058.0
SM105199,2025-12-13,Lucknow,Mini Truck,22.3,3,1373.0,116.0,27142.0,9.9,Rain,0,6.0,7.85,885.0
SM103810,2025-03-25,Lucknow,Mini Truck,52.0,6,864.0,83.0,58007.0,2.9,Clear,0,9.0,6.89,
SM103992,2025-02-21,Gorakhpur,Truck,28.1,6,4464.0,417.0,133453.0,7.0,Clear,0,9.0,9.77,2459.0
SM105051,25/02/2025,Kanpur,Mini Truck,12.6,3,1591.0,85.0,44752.0,3.8,Clear,0,6.0,3.03,890.0
SM102659,2025-02-28,Kanpur,Pickup,23.0,2,412.0,27.0,13083.0,6.2,Clear,0,6.0,3.98,446.0
SM102150,2025-04-30,Varanasi,Mini Truck,85.4,7,526.0,22.0,5537.0,5.0,Rain,0,10.0,9.92,1795.0
SM100219,2025-11-26,Allahabad,Mini Truck,24.8,8,1234.0,62.0,7130.0,5.2,Clear,0,8.0,6.42,1097.0
SM101532,2025-12-07,varanasi,Mini Truck,31.5,6,1071.0,57.0,6800.0,3.1,,0,8.0,8.17,1134.0
SM101877,2025-11-24,Varanasi,Mini Truck,31.7,4,862.0,93.0,8382.0,3.7,Rain,0,7.0,6.67,922.0
SM105783,2025-12-25,Lucknow,Pickup,19.0,7,365.0,27.0,3681.0,8.7,Clear,0,7.0,5.32,538.0
SM104839,2025-12-06,Prayagraj,Truck,39.3,8,2307.0,287.0,42343.0,4.4,Clear,0,9.0,8.49,2096.0
SM102646,2025-07-27,Varanasi,Pickup,44.2,9,419.0,25.0,16725.0,2.7,Clear,0,9.0,5.97,1057.0
SM103417,2025-11-16,Lucknow,Mini Truck,17.3,5,550.0,65.0,9254.0,5.1,Clear,0,6.0,4.4,788.0
SM104508,2025-04-07,Varanasi,Pickup,50.5,5,540.0,25.0,1567.0,4.4,Clear,0,8.0,6.35,858.0
SM102498,2025-01-12,Lucknow,Mini Truck,32.0,9,1486.0,183.0,50375.0,4.5,Fog,0,9.0,8.74,1261.0
SM103767,2025-10-01,Prayagraj,Truck,38.6,7,2034.0,208.0,123299.0,5.2,Clear,0,9.0,7.09,1933.0
SM101501,2025-04-06,Prayagraj,Mini Truck,29.0,5,1662.0,117.0,27550.0,6.6,Clear,0,7.0,6.29,1129.0
SM101499,2025-11-04, KANPUR ,Pickup,20.0,6,301.0,15.0,2850.0,1.0,Clear,0,7.0,4.56,541.0
SM103943,2025-12-20,Varanasi,Pickup,27.8 km,6,558.0,29.0,2291.0,6.9,Fog,0,7.0,8.37,753.0
SM105525,2025-02-06,Kanpur,Mini Truck,48.2,15,1066.0,92.0,36652.0,5.7,Clear,0,11.0,9.97,1696.0
SM100250,2025-03-07,Gorakhpur,Pickup,56.9,5,71.0,5.0,2016.0,7.6,Clear,0,8.0,6.94,834.0
SM100021,2025-05-16,Kanpur,Pickup,,7,396.0,28.0,4996.0,5.2,Clear,0,7.0,5.07,520.0
SM104637,2025-07-01,Gorakhpur,Truck,31.5,7,3306.0,197.0,49845.0,4.2,Clear,0,9.0,8.1,2150.0
SM101321,2025-04-11,Varanasi,Mini Truck,74.4,4,1603.0,122.0,21796.0,6.0,Clear,0,9.0,7.56,1922.0
SM103527,2025-02-02,Lucknow,Mini Truck,29.8,7,753.0,64.0,27548.0,4.5,Clear,0,8.0,6.18,1028.0
SM102523,2025-05-27,Varanasi,Pickup,24.9 km,5,329.0,14.0,4233.0,5.6,Clear,0,7.0,4.92,591.0
SM105572,2025-03-29,Kanpur,Truck,11.8,4,3325.0,306.0,23439.0,4.2,Clear,0,7.0,6.66,1520.0
SM104378,2025-03-02,Prayagraj,Truck,28.3,7,3126.0,223.0,,3.2,Fog,0,9.0,9.53,2039.0
SM104130,2025-01-04,Prayagraj,Mini Truck,37.7,7,725.0,32.0,11589.0,7.8,Fog,0,8.0,7.9,1116.0
SM104247,12/03/2025,Lucknow,Mini Truck,42.9,6,1357.0,66.0,14268.0,6.2,Clear,0,8.0,6.86,1281.0
SM105916,2025-04-29,varanasi,Pickup,30.9,7,489.0,55.0,10122.0,7.8,Clear,0,8.0,6.15,729.0
SM103878,2025-03-07,Varanasi,Mini Truck,17.5,4,825.0,51.0,5398.0,4.2,Clear,0,6.0,5.05,763.0
SM101621,2025-01-02,Gorakhpur,Pickup,44.6,5,260.0,31.0,9019.0,6.7,Fog,0,8.0,7.18,787.0
SM101718,2025-05-31,Prayagraj,Pickup,18.3,9,613.0,51.0,7987.0,6.9,Clear,0,8.0,6.07,730.0
SM100119,2025-02-11,Lucknow,Mini Truck,31.3,4,715.0,35.0,9350.0,3.2,Clear,0,7.0,5.1,930.0
SM104669,2025-06-06,Prayagraj,Mini Truck,37.4,6,1337.0,60.0,6177.0,4.6,Rain,0,8.0,7.6,1292.0
SM104136,2025-12-22,Lucknow,Mini Truck,46.8,8,1673.0,107.0,19918.0,5.1,Clear,0,9.0,8.19,1538.0
SM100044,2025-01-25,Kanpur,Pickup,21.3,5,324.0,17.0,9562.0,4.7,Clear,0,6.0,4.31,410.0
SM101299,2025-01-11,Varanasi,Pickup,73.5,6,620.0,66.0,22269.0,6.2,Fog,0,10.0,9.7,1081.0
SM100438,2025-01-30, LUCKNOW ,Truck,40.7,6,,157.0,,6.7,Fog,0,9.0,8.58,2289.0
SM100795,2025-04-18,Varanasi,Truck,14.1,4,3776.0,173.0,45097.0,5.6,Clear,0,7.0,6.66,1782.0
SM104673,2025-11-13,prayagraj,Pickup,39.4,6,,35.0,7999.0,2.9,Clear,0,8.0,6.59,955.0
SM104093,2025-06-12,Kanpur,Mini Truck,32.8,7,1700.0,77.0,38466.0,7.3,Clear,0,8.0,7.23,1340.0
SM102185,2025-04-16,Kanpur,Pickup,46.4,7,,20.0,9891.0,4.5,Clear,0,8.0,7.47,760.0
SM102949,2025-07-09,Varanasi,Pickup,23.8,7,542.0,33.0,5376.0,6.3,Clear,0,7.0,5.84,721.0
SM103849,2025-03-23,gorakhpur,Mini Truck,66.1,5,522.0,30.0,4312.0,8.6,Clear,0,9.0,7.69,1446.0
SM103057,2025-02-23,Varanasi,Mini Truck,27.0,5,,158.0,32180.0,4.0,Clear,0,7.0,4.18,1075.0
SM102126,2025-04-23,Prayagraj,Truck,19.6,3,2786.0,222.0,59573.0,6.6,Clear,0,7.0,5.68,1543.0
SM105607,2025-08-06,Kanpur,Mini Truck,42.1,7,1081.0,64.0,36010.0,2.8,Clear,0,8.0,5.96,1301.0
SM104920,2025-12-23,Varanasi,Pickup,41.5,5,669.0,43.0,11976.0,7.7,Clear,0,8.0,7.26,972.0
SM103344,2025-07-16,Prayagraj,Mini Truck,40.4,6,808.0,58.0,24938.0,8.3,,0,8.0,9.14,1200.0
SM100004,2025-06-08,Lucknow,Pickup,32.3,8,387.0,18.0,4468.0,10.0,Clear,0,8.0,8.21,864.0
SM103789,2025-04-26,Kanpur,Pickup,27.8,6,481.0,20.0,4979.0,5.5,Fog,0,7.0,7.79,647.0
SM104164,2025-09-18,Gorakhpur,Mini Truck,37.8,5,1649.0,174.0,56451.0,5.2,Rain,0,8.0,7.7,1364.0
SM100623,2025-06-02,Kanpur,Mini Truck,15.7,7,500.0,28.0,5904.0,4.1,Clear,0,7.0,6.28,623.0
SM102555,2025-02-07,Kanpur,Pickup,21.6,5,622.0,35.0,8760.0,4.9,Rain,0,7.0,6.53,584.0
SM100268,2025-08-12,Gorakhpur,Truck,30.1,8,2729.0,121.0,32161.0,4.5,Fog,0,9.0,8.49,1978.0
SM104962,2025-12-26,Varanasi,Truck,23.2,1,,128.0,23146.0,7.2,Fog,0,6.0,8.01,989.0
SM103833,29/08/2025,Gorakhpur,Pickup,67.3,5,402.0,24.0,2811.0,6.3,Rain,0,9.0,8.53,1074.0
SM103060,2025-04-01,Varanasi,Truck,10.9,3,598.0,63.0,17252.0,7.9,Clear,0,5.0,5.72,560.0
SM100126,2025-01-29,Varanasi,Mini Truck,18.7,3,895.0,49.0,9823.0,8.5,Fog,0,6.0,7.43,767.0
SM104276,2025-01-25,Prayagraj,Pickup,18.0,8,395.0,20.0,10802.0,4.2,Clear,0,7.0,5.51,752.0
SM101475,2025-04-21,Varanasi,Pickup,20.8,5,495.0,54.0,18982.0,6.5,Clear,0,6.0,5.31,550.0
SM100545,2025-01-20,Prayagraj,Mini Truck,12.0,4,890.0,58.0,11681.0,5.7,Clear,0,6.0,4.03,641.0
SM102943,2025-03-10,Kanpur,Pickup,32.5,7,146.0,12.0,3433.0,5.0,Clear,0,8.0,5.87,647.0
SM103842,2025-07-24,Kanpur,Mini Truck,33.8,9,1655.0,69.0,46275.0,5.7,Rain,0,9.0,9.48,1375.0
SM101504,2025-08-07,Lucknow,Mini Truck,28.8,9,1438.0,77.0,5831.0,5.3,Rain,0,9.0,7.96,1313.0
SM104530,2025-01-12,lucknow,Mini Truck,,9,1281.0,111.0,28858.0,5.6,Fog,0,8.0,8.78,1010.0
SM102326,2025-05-05,Varanasi,Pickup,11.4,6,206.0,17.0,3981.0,6.4,Clear,0,6.0,4.6,406.0
SM100642,2025-11-08,Kanpur,Truck,4.9,8,1342.0,69.0,10623.0,9.1,Rain,0,7.0,7.91,949.0
SM104312,2025-05-08,Prayagraj,Pickup,8.3,9,341.0,23.0,4355.0,3.1,Clear,0,7.0,5.61,395.0
SM102147,2025-12-08,Prayagraj,Pickup,19.1,6,702.0,31.0,3746.0,5.9,Clear,0,7.0,5.03,513.0
SM103961,2025-11-10,Lucknow,Mini Truck,31.2,6,1263.0,91.0,38012.0,,Clear,0,8.0,6.85,1129.0
SM103757,2025-07-19,Gorakhpur,Truck,54.5,4,4057.0,304.0,25618.0,5.6,Rain,0,10.0,9.85,2875.0
SM101165,2025-02-08, LUCKNOW ,Mini Truck,11.0,8,986.0,50.0,11912.0,4.5,Clear,0,7.0,5.15,774.0
SM104144,17/02/2025,Kanpur,Mini Truck,17.3,9,573.0,40.0,5760.0,7.0,Clear,0,8.0,5.92,729.0
SM103369,2025-02-13,Varanasi,Pickup,10.1,6,457.0,19.0,3649.0,5.6,Clear,0,6.0,5.45,400.0
SM102687,2025-07-26,Lucknow,Pickup,19.4,5,638.0,77.0,33669.0,4.4,Clear,0,6.0,6.13,712.0
SM102637,2025-09-29,Varanasi,Mini Truck,30.4,6,1624.0,166.0,31580.0,6.3,Rain,0,8.0,7.93,1286.0
SM104023,2025-04-15,Prayagraj,Truck,,10,2025.0,98.0,19274.0,5.6,Clear,0,9.0,7.84,1340.0
SM102873,2025-03-21,Lucknow,Pickup,41.4,9,626.0,70.0,18981.0,,Rain,0,9.0,8.6,997.0
SM103928,2025-08-30,Prayagraj,Pickup,27.3,5,555.0,27.0,8810.0,5.4,Clear,0,7.0,4.95,671.0
SM104065,2025-05-06,Kanpur,Truck,45.6,6,3814.0,178.0,34131.0,5.0,Clear,0,10.0,9.11,2645.0
SM104246,2025-04-10,Kanpur,Truck,20.2,9,2938.0,198.0,49830.0,7.9,Clear,0,9.0,7.3,1969.0
SM105126,2025-04-01,Prayagraj,Pickup,21.9,6,602.0,28.0,2319.0,5.4,Rain,0,7.0,6.07,658.0
SM105963,2025-04-12,Varanasi,Truck,40.8,5,2444.0,101.0,12176.0,,Clear,0,8.0,6.55,1960.0
SM104977,10/02/2025,Gorakhpur,Mini Truck,61.3,7,1329.0,131.0,17004.0,3.4,Clear,0,10.0,8.36,1703.0
SM101373,2025-06-03,Lucknow,Mini Truck,43.1,6,881.0,102.0,23657.0,5.0,Clear,0,8.0,6.06,1082.0
SM105164,2025-05-10,Prayagraj,Pickup,8.5,3,370.0,30.0,15145.0,,Rain,0,5.0,4.22,331.0
SM101470,2025-11-24,Gorakhpur,Mini Truck,49.5,7,869.0,59.0,22776.0,2.8,Clear,0,9.0,6.67,1269.0
SM105378,27/06/2025, PRAYAGRAJ ,Truck,38.9,6,2466.0,191.0,10167.0,6.7,Clear,0,9.0,7.72,1983.0
SM103587,2025-09-09,Gorakhpur,Mini Truck,,5,1602.0,121.0,55008.0,8.3,Clear,0,6.0,6.37,939.0
SM104104,2025-01-29,Lucknow,Pickup,43.3,7,251.0,23.0,3705.0,4.1,Clear,0,8.0,6.38,812.0
SM102270,2025-04-27,Gorakhpur,Mini Truck,165.7,7,911.0,68.0,23372.0,4.6,Clear,0,15.0,12.51,3333.0
SM105111,2025-09-10, LUCKNOW ,Mini Truck,31.4,7,1253.0,59.0,17119.0,4.6,Rain,0,8.0,6.47,1125.0
SM103908,2025-03-13,Gorakhpur,Pickup,42.8,5,351.0,31.0,27341.0,5.6,Clear,0,8.0,4.92,823.0
SM101540,2025-06-23,Lucknow,Pickup,17.5,6,198.0,10.0,2176.0,5.5,Clear,0,6.0,4.81,478.0
SM105016,2025-01-21,Kanpur,Mini Truck,56.1,6,1406.0,151.0,89708.0,5.8,Fog,0,9.0,9.27,1656.0
SM101319,2025-05-25,Prayagraj,Truck,33.2,3,3147.0,161.0,14237.0,4.9,Clear,0,8.0,6.54,2004.0
SM100496,2025-02-13,Varanasi,Mini Truck,39.8,5,1508.0,118.0,27422.0,6.6,Clear,0,8.0,6.35,1392.0
SM105443,2025-10-22,Prayagraj,Pickup,46.4,7,525.0,38.0,3327.0,7.1,Clear,1,8.0,9.07,989.0
SM103506,2025-11-02,Gorakhpur,Truck,85.9,9,1432.0,124.0,30608.0,,Clear,0,11.0,9.79,2668.0
SM104597,2025-01-02,Varanasi,Truck,45.6,9,1180.0,78.0,15110.0,,Fog,0,9.0,10.01,1728.0
SM101859,2025-09-26,Lucknow,Pickup,24.7,3,453.0,42.0,10176.0,3.8,Rain,0,6.0,5.35,615.0
SM104421,2025-12-31,Lucknow,Truck,30.0,7,2281.0,163.0,75006.0,6.6,Fog,0,8.0,8.53,1773.0
SM103516,2025-03-03,Kanpur,Pickup,52.7,8,356.0,25.0,3010.0,5.9,Clear,0,9.0,6.98,969.0
SM100308,2025-04-26,Varanasi,Pickup,45.2,6,275.0,18.0,7417.0,1.0,Clear,0,8.0,6.02,761.0
SM100931,2025-09-13,Varanasi,Pickup,7.8,7,610.0,44.0,19080.0,4.2,Fog,0,7.0,6.56,562.0
SM101784,2025-09-23,Gorakhpur,Mini Truck,20.7,6,1287.0,78.0,7543.0,6.2,Rain,0,7.0,6.68,
SM105113,2025-01-10,Kanpur,Pickup,37.2,6,388.0,29.0,5598.0,,Clear,0,8.0,6.08,760.0
SM102918,2025-11-07,Kanpur,Pickup,,8,604.0,34.0,5333.0,,Clear,0,8.0,7.44,830.0
SM102751,2025-01-30,Prayagraj,Pickup,56.7,8,416.0,27.0,5656.0,6.5,Clear,0,9.0,7.67,1100.0
SM102578,20/12/2025,Kanpur,Pickup,,9,205.0,22.0,5892.0,6.0,Rain,0,7.0,7.38,615.0
SM100222,2025-09-14,Kanpur,Pickup,39.1,10,537.0,23.0,6857.0,6.9,Clear,0,9.0,6.9,963.0
SM101657,2025-11-15,Lucknow,Pickup,20.8,9,539.0,28.0,11595.0,6.0,Clear,0,8.0,6.26,809.0
SM105905,2025-02-24,Lucknow,Pickup,50.2,4,417.0,39.0,5296.0,6.7,Clear,0,8.0,7.1,
SM102762,2025-05-14,Kanpur,Pickup,23.2,5,517.0,47.0,3297.0,4.8,Clear,0,7.0,5.4,
SM102815,2025-02-04,Kanpur,Mini Truck,,7,1369.0,70.0,24370.0,7.1,Fog,0,8.0,8.44,1156.0
SM102513,2025-10-03,Prayagraj,Mini Truck,20.5,2,813.0,35.0,4015.0,5.4,Clear,0,6.0,4.14,698.0
SM100233,2025-10-04,Lucknow,Pickup,17.2,6,395.0,26.0,10032.0,,,0,7.0,6.69,586.0
SM105879,2025-01-05,Prayagraj,Mini Truck,45.4,6,777.0,50.0,6912.0,3.7,Clear,0,8.0,6.12,1239.0
SM103304,2025-02-13,kanpur,Pickup,6.9,5,406.0,17.0,7331.0,4.3,Clear,0,6.0,3.39,418.0
SM105302,2025-03-06,Lucknow,Truck,,7,3668.0,208.0,,7.7,Rain,0,9.0,8.9,2251.0
SM101233,2025-10-01,Kanpur,Mini Truck,17.4,9,1177.0,131.0,71027.0,5.6,Clear,0,8.0,8.01,1016.0
SM102068,2025-05-01,Lucknow,Mini Truck,53.1,4,1250.0,128.0,16453.0,6.4,Rain,0,8.0,7.54,1512.0
SM102941,2025-12-08,Varanasi,Truck,54.7,7,3766.0,285.0,31110.0,5.3,Clear,0,10.0,9.34,2786.0
SM100714,2025-12-02,Kanpur,Pickup,29.9,7,339.0,14.0,7278.0,3.0,Clear,0,8.0,5.36,682.0
SM100503,2025-11-13,Varanasi,Mini Truck,17.6,5,1233.0,62.0,8410.0,5.8,Rain,0,7.0,7.02,981.0
SM101144,2025-05-01,Prayagraj,Pickup,3.1,9,,38.0,18857.0,5.2,Clear,0,7.0,5.78,520.0
SM102641,2025-07-01,Kanpur,Truck,,4,4423.0,225.0,50522.0,3.8,Clear,0,8.0,7.17,2116.0
SM105584,2025-06-17,Kanpur,Mini Truck,30.2,5,923.0,46.0,6248.0,6.4,Clear,0,7.0,6.25,920.0
SM100552,2025-10-30,Prayagraj,Mini Truck,23.1,9,1353.0,112.0,47264.0,8.7,Clear,1,8.0,7.74,1314.0
SM102399,2025-09-26,Lucknow,Mini Truck,7.3,3,1831.0,105.0,25524.0,4.3,Clear,0,6.0,5.27,1007.0
SM105748,2025-12-03,Kanpur,Pickup,29.7,10,223.0,14.0,1835.0,5.0,Clear,0,8.0,4.98,670.0
SM103675,2025-06-07,Lucknow,Truck,42.7,4,3388.0,326.0,88950.0,3.9,Clear,0,9.0,8.56,2339.0
SM103015,2025-06-17,Lucknow,Truck,15.1,11,2168.0,106.0,54805.0,9.2,Clear,0,9.0,9.17,1535.0
SM104843,2025-03-14,varanasi,Mini Truck,18.9,9,1325.0,124.0,12623.0,7.1,Clear,1,8.0,7.6,1145.0
SM105886,2025-12-28,Lucknow,Pickup,6.1,9,,46.0,41938.0,5.2,Clear,0,7.0,5.31,438.0
SM102534,2025-10-20,Kanpur,Pickup,,8,309.0,31.0,4781.0,6.4,Rain,1,7.0,8.41,460.0
SM102717,2025-09-09,Gorakhpur,Mini Truck,,11,1520.0,73.0,16814.0,4.1,Clear,0,12.0,10.74,2195.0
SM103300,2025-08-21,Lucknow,Truck,33.0,3,1220.0,100.0,7461.0,7.8,Rain,0,7.0,7.01,1226.0
SM101946,2025-02-27,Varanasi,Mini Truck,32.1,5,1634.0,69.0,17640.0,5.3,Clear,0,8.0,6.31,1195.0
SM104877,2025-06-09,Kanpur,Truck,19.7,7,1930.0,123.0,20907.0,6.9,Clear,0,8.0,7.66,1420.0
SM100116,2025-01-14,Lucknow,Mini Truck,66.2,5,1278.0,55.0,12622.0,7.5,Clear,1,9.0,9.78,1740.0
SM105152,2025-04-06,Varanasi,Mini Truck,17.4,7,1122.0,47.0,8849.0,2.3,Rain,0,7.0,6.47,886.0
SM101304,2025-08-11,Lucknow,Truck,20.3,6,3204.0,185.0,25192.0,7.4,Clear,0,8.0,7.9,1770.0
SM100580,2025-02-04,Kanpur,Mini Truck,3.8,6,537.0,30.0,4123.0,3.9,Rain,0,6.0,4.69,492.0
SM105375,2025-09-03,Varanasi,Pickup,91.8,5,498.0,23.0,6593.0,8.0,Rain,0,10.0,10.51,1346.0
SM104636,2025-10-28,Prayagraj,Pickup,16.2,9,608.0,38.0,9993.0,99.0,Clear,0,8.0,6.63,
SM101723,2025-09-24,Varanasi,Pickup,19.9,6,679.0,30.0,3363.0,8.4,Rain,0,7.0,7.3,614.0
SM103276,2025-01-27,lucknow,Mini Truck,32.6,9,957.0,93.0,9161.0,7.1,Fog,0,9.0,10.79,1133.0
SM104917,2025-04-10,lucknow,Truck,44.7,2,3028.0,153.0,24019.0,8.5,Clear,1,8.0,7.73,2267.0
SM100988,2025-03-31,Gorakhpur,Pickup,21.6,3,508.0,29.0,6874.0,8.1,Clear,1,6.0,6.36,595.0
SM105973,2025-01-23,Lucknow,Pickup,25.2,3,137.0,9.0,1133.0,4.6,Clear,0,6.0,2.68,416.0
SM103942,2025-12-05,Varanasi,Truck,10.3,5,3259.0,151.0,34284.0,4.6,Clear,0,7.0,6.05,1591.0
SM102934,2025-10-22,Lucknow,Pickup,41.2,9,315.0,20.0,3186.0,9.2,Clear,1,9.0,9.34,834.0
SM102635,2025-01-10,Varanasi,Mini Truck,53.3,6,1239.0,50.0,12367.0,4.2,Clear,0,9.0,7.69,1562.0
SM100712,2025-09-23,Gorakhpur,Pickup,36.7,4,347.0,17.0,9708.0,6.1,Fog,0,7.0,6.13,690.0
SM103068,2025-02-24,Prayagraj,Pickup,22.2,7,414.0,20.0,1853.0,4.7,Clear,0,7.0,6.6,722.0
SM102295,2025-10-20,varanasi,Pickup,58.1,7,369.0,38.0,5071.0,6.6,Clear,1,9.0,8.57,973.0
SM103079,2025-06-13,Kanpur,Mini Truck,18.3,5,1152.0,135.0,30573.0,4.6,Clear,0,7.0,5.62,842.0
SM105030,2025-04-26,Varanasi,Pickup,51.7,5,421.0,26.0,14622.0,2.8,Clear,0,8.0,5.74,847.0
SM100385,2025-02-14,varanasi,Truck,31.9,3,3101.0,142.0,33739.0,5.7,Clear,0,8.0,7.81,1858.0
SM101576,2025-07-20,Kanpur,Mini Truck,25.5 km,5,728.0,49.0,4157.0,4.7,Rain,0,7.0,7.29,851.0
SM105935,2025-04-14,Gorakhpur,Pickup,88.6,3,501.0,22.0,8329.0,7.4,Clear,0,9.0,7.92,1241.0
SM105225,2025-06-29,lucknow,Mini Truck,13.4,10,1433.0,108.0,58733.0,8.3,Clear,0,8.0,6.58,1143.0
SM103223,2025-10-11,lucknow,Truck,35.0,4,1274.0,66.0,15850.0,3.2,,0,7.0,6.45,1434.0
SM101437,2025-08-27,Lucknow,Mini Truck,21.2,8,,38.0,13618.0,5.2,Clear,0,7.0,5.66,673.0
SM103743,2025-06-10,Lucknow,Pickup,40.1,2,,15.0,3419.0,,Clear,0,6.0,6.19,534.0
SM100331,2025-05-16,Lucknow,Mini Truck,35.8,5,1119.0,48.0,8712.0,4.5,Clear,0,8.0,6.31,1125.0
SM101179,2025-01-10,Gorakhpur,Mini Truck,31.2,7,634.0,50.0,24359.0,5.2,Fog,0,8.0,8.93,902.0
SM105717,2025-09-30,Lucknow,Truck,51.6,6,1364.0,114.0,27187.0,5.7,Rain,0,9.0,10.35,1941.0
SM102216,2025-06-14,Prayagraj,Pickup,21.2 km,8,476.0,44.0,8973.0,5.1,Clear,0,7.0,5.43,627.0
SM105779,2025-02-16,Lucknow,Mini Truck,16.7 km,6,1040.0,112.0,36021.0,4.6,Clear,0,7.0,6.14,786.0
SM101683,2025-10-18,Kanpur,Mini Truck,7.6,5,,107.0,28037.0,6.2,Clear,0,6.0,5.89,795.0
SM103812,2025-09-04,Prayagraj,Pickup,50.1,2,578.0,24.0,5729.0,7.5,Rain,0,7.0,7.15,802.0
SM101497,2025-10-12,Prayagraj,Pickup,29.7,6,540.0,29.0,5622.0,5.1,Clear,0,7.0,6.02,659.0
SM103661,2025-06-20,Gorakhpur,Mini Truck,82.1,8,1657.0,181.0,78412.0,7.6,Clear,0,11.0,10.16,2201.0
SM104926,2025-05-26,Lucknow,Pickup,33.6,5,503.0,50.0,23737.0,3.8,Clear,0,7.0,5.46,717.0
SM102470,2025-11-22,Varanasi,Pickup,68.5,6,715.0,73.0,49189.0,4.6,Rain,0,9.0,8.2,1205.0
SM100416,2025-12-20,Varanasi,Mini Truck,40.4,6,1771.0,126.0,30030.0,6.6,Clear,0,8.0,6.95,1506.0
SM103181,2025-03-13,Varanasi,Mini Truck,6.4,2,1630.0,149.0,14404.0,5.7,Rain,0,5.0,5.53,842.0
SM100343,2025-07-07,Lucknow,Mini Truck,37.6,7,1051.0,76.0,10616.0,7.7,Rain,0,8.0,9.24,1155.0
SM103244,2025-09-24, LUCKNOW ,Pickup,46.6,11,211.0,21.0,3280.0,7.1,Rain,0,10.0,8.84,1002.0
SM103738,2025-09-01,Kanpur,Pickup,28.5,11,606.0,45.0,10369.0,7.6,Clear,0,9.0,7.83,879.0
SM103507,2025-10-24,Lucknow,Pickup,68.8,5,495.0,49.0,7150.0,5.7,Clear,0,9.0,6.74,1113.0
SM105135,06/02/2025,Prayagraj,Truck,28.4,5,2978.0,168.0,13809.0,6.1,Clear,0,8.0,8.19,1865.0
SM103251,2025-09-30,Lucknow,Truck,26.8,11,2448.0,162.0,13480.0,5.2,Rain,0,10.0,10.49,
SM102487,2025-01-21,Lucknow,Mini Truck,42.7,11,1548.0,155.0,25035.0,5.1,Clear,0,10.0,8.97,1661.0
SM102300,2025-04-08,Varanasi,Truck,97.8,12,1274.0,71.0,11058.0,4.8,Clear,0,13.0,11.26,3243.0
SM104744,2025-09-12,Kanpur,Pickup,31.1,8,461.0,38.0,8681.0,6.9,Rain,0,8.0,8.35,706.0
SM103496,2025-02-07,Prayagraj,Pickup,22.9,3,404.0,30.0,6775.0,6.9,Clear,0,6.0,5.19,565.0
SM101508,2025-11-12,Kanpur,Mini Truck,9.6 km,8,1057.0,50.0,6958.0,7.6,Clear,0,7.0,6.44,735.0
SM103753,2025-04-09,Gorakhpur,Mini Truck,62.1,3,938.0,86.0,32809.0,7.0,Clear,0,8.0,8.4,1402.0
SM103793,28/08/2025,Varanasi,Truck,31.5,12,3226.0,188.0,43605.0,7.4,Rain,0,11.0,10.91,2343.0
SM104583,2025-09-16,Kanpur,Mini Truck,17.2,6,847.0,58.0,14501.0,5.1,Clear,0,7.0,4.55,792.0
SM103626,2025-10-09,Varanasi,Truck,30.4,6,1718.0,88.0,32082.0,6.0,Fog,0,8.0,8.58,1596.0
SM100311,2025-09-03,Gorakhpur,Mini Truck,42.6,11,1250.0,60.0,9092.0,6.0,Clear,0,10.0,8.22,1494.0
SM104984,2025-03-12,Kanpur,Mini Truck,47.5,4,1037.0,109.0,823238.8963911815,4.9,Clear,0,8.0,6.16,1198.0
SM102748,2025-06-01,Gorakhpur,Pickup,20.3,8,429.0,42.0,7288.0,5.7,Clear,0,7.0,5.89,591.0
SM103121,2025-12-31,Prayagraj,Pickup,45.7,7,330.0,39.0,10408.0,4.2,Fog,0,8.0,8.27,911.0
SM105826,2025-02-25,Kanpur,Mini Truck,27.0,5,970.0,49.0,9751.0,5.2,Rain,0,7.0,6.48,967.0
SM101854,08/02/2025,Lucknow,Pickup,19.4,7,269.0,12.0,3150.0,5.4,Rain,0,7.0,7.0,542.0
SM100101,2025-03-14,Lucknow,Truck,20.1,5,3102.0,141.0,32708.0,5.0,Clear,1,8.0,7.18,1705.0
SM100141,2025-03-20,Lucknow,Pickup,32.8,7,422.0,27.0,4683.0,4.9,Clear,0,8.0,6.69,808.0
SM105483,2025-11-05,Varanasi,Truck,,4,4278.0,378.0,124075.0,6.3,Clear,1,10.0,9.73,2935.0
SM103225,2025-10-09,Lucknow,Truck,9.4 km,9,2508.0,213.0,13222.0,3.8,Clear,0,8.0,7.01,
SM100473,2025-06-20,Prayagraj,Mini Truck,49.7,6,922.0,71.0,34513.0,4.0,Clear,0,8.0,6.48,1263.0
SM103686,2025-02-08,Gorakhpur,Mini Truck,9.3,8,1001.0,72.0,8587.0,5.2,Fog,0,7.0,6.94,745.0
SM104901,2025-08-28,Varanasi,Mini Truck,17.4,7,1353.0,149.0,69511.0,6.1,Clear,0,7.0,6.47,1094.0
SM105335,2025-01-26,Varanasi,Mini Truck,34.9,4,864.0,41.0,8085.0,6.9,Rain,0,7.0,6.82,931.0
SM101081,2025-12-28,Lucknow,Mini Truck,26.7,4,1480.0,91.0,11924.0,2.6,Fog,0,7.0,5.38,1177.0
SM103922,2025-06-25,Prayagraj,Pickup,42.9,9,579.0,25.0,6175.0,4.0,Clear,0,9.0,6.36,1022.0
SM101650,2025-03-11,Kanpur,Mini Truck,6.7,8,1683.0,80.0,5169.0,5.3,Clear,0,7.0,5.86,948.0
SM103398,2025-01-03,Varanasi,Mini Truck,21.8,2,1045.0,51.0,19725.0,5.1,Fog,0,6.0,5.74,716.0
SM101238,2025-04-19,Varanasi,Mini Truck,65.4,8,1253.0,108.0,58800.0,6.6,Clear,0,10.0,7.89,1712.0
SM103279,2025-09-24,Lucknow,Mini Truck,24.3,5,1386.0,75.0,5539.0,7.9,Rain,0,7.0,7.5,1084.0
SM100634,2025-03-08,Varanasi,Truck,43.6,8,2820.0,122.0,53685.0,3.9,Clear,0,10.0,7.62,2315.0
SM105470,2025-08-05,Prayagraj,Mini Truck,29.2,13,1469.0,70.0,14022.0,7.6,Clear,0,10.0,8.68,1332.0
SM103544,2025-01-14,lucknow,Pickup,26.9,3,619.0,54.0,15389.0,5.9,Fog,1,6.0,6.92,673.0
SM101247,2025-06-19,Lucknow,Pickup,50.3,4,320.0,17.0,2155.0,6.3,Clear,0,8.0,6.48,745.0
SM102441,2025-01-01,Kanpur,Mini Truck,,10,1251.0,126.0,31380.0,4.7,Fog,0,9.0,8.88,1197.0
SM101916,2025-04-14,Kanpur,Mini Truck,94.5,8,1085.0,97.0,16191.0,10.0,Clear,0,11.0,11.82,2212.0
SM104463,2025-08-28,Gorakhpur,Pickup,24.3,5,367.0,19.0,3416.0,6.0,Clear,0,7.0,5.86,
SM104216,2025-06-28,Varanasi,Mini Truck,47.9,8,1617.0,87.0,10939.0,4.6,Clear,0,9.0,7.3,1660.0
SM104161,2025-05-24,Prayagraj,Mini Truck,49.1,8,1216.0,70.0,6730.0,7.5,Fog,0,9.0,9.85,1447.0
SM104259,2025-01-10,Lucknow,Pickup,31.0 km,2,653.0,46.0,22068.0,4.0,Fog,0,6.0,5.71,712.0
SM104807,2025-11-22,Prayagraj,Mini Truck,362.0,6,567.0,24.0,4432.0,6.3,Clear,0,8.0,7.04,994.0
SM100366,2025-06-21,Varanasi,Pickup,27.8,6,579.0,45.0,4839.0,4.4,,0,7.0,6.98,674.0
SM101768,25/01/2025,Lucknow,Mini Truck,27.6,5,819.0,56.0,29009.0,6.1,Rain,0,7.0,7.53,
SM102520,2025-06-11,Prayagraj,Pickup,7.3,7,,22.0,3387.0,5.7,Clear,0,6.0,4.92,531.0
SM101734,2025-11-11,Gorakhpur,Pickup,90.3,4,521.0,54.0,11547.0,6.6,Clear,0,10.0,8.49,1323.0
SM104736,2025-01-23,Kanpur,Mini Truck,21.2,9,1538.0,77.0,12170.0,7.2,Clear,0,8.0,8.22,1225.0
SM103227,2025-05-19,Prayagraj,Pickup,49.8,8,617.0,30.0,4326.0,5.6,Clear,0,9.0,7.22,998.0
SM101550,2025-04-13,Lucknow,Pickup,39.3,10,248.0,14.0,1869.0,7.5,Clear,1,9.0,8.4,796.0
SM105909,2025-07-09,Lucknow,Pickup,25.0,5,460.0,22.0,2840.0,5.1,Rain,0,7.0,5.38,653.0
SM104341,2025-06-02,Prayagraj,Mini Truck,34.5,6,814.0,38.0,4144.0,,Clear,0,8.0,6.98,1047.0
SM104973,2025-10-09, LUCKNOW ,Pickup,33.5,7,191.0,12.0,3258.0,5.1,Clear,0,8.0,6.93,733.0
SM101729,2025-02-08,Prayagraj,Truck,50.3,1,2630.0,177.0,30723.0,4.2,Clear,0,8.0,6.76,2249.0
SM100684,2025-03-03,Lucknow,Mini Truck,39.6,2,1038.0,69.0,13914.0,7.1,Clear,0,7.0,5.17,990.0
SM103085,2025-05-12,Kanpur,Truck,59.9,1,4287.0,193.0,19669.0,6.1,Rain,0,9.0,8.38,2969.0
SM104926,2025-05-26,Lucknow,Pickup,33.6,5,503.0,50.0,23737.0,3.8,Clear,0,7.0,5.46,717.0
SM103499,2025-06-14,Varanasi,Pickup,88.3,8,361.0,17.0,2545.0,5.6,Clear,0,11.0,7.85,1383.0
SM101404,2025-03-06,Prayagraj,Truck,42.8,4,2668.0,160.0,23164.0,6.2,Clear,0,8.0,6.38,2102.0
SM100573,2025-01-18,Prayagraj,Mini Truck,41.4,4,1053.0,130.0,50593.0,3.3,Fog,0,7.0,7.52,1139.0
SM104607,2025-06-27,Lucknow,Mini Truck,59.8,6,,76.0,11944.0,5.9,Clear,0,9.0,6.85,1303.0
SM102075,29/05/2025,Lucknow,Pickup,23.4,3,497.0,40.0,15585.0,3.8,Clear,0,6.0,3.9,508.0
SM104690,2025-01-01,Lucknow,Pickup,66.4,6,319.0,18.0,1409.0,7.0,Fog,0,9.0,8.9,1019.0
SM101156,2025-02-13,Gorakhpur,Truck,96.1,6,3690.0,168.0,41050.0,9.8,Clear,0,12.0,9.96,3800.0
SM101227,2025-12-26,Lucknow,Mini Truck,8.2,9,1533.0,114.0,23809.0,5.2,Clear,0,8.0,6.27,963.0
SM104590,2025-09-11,Prayagraj,Pickup,41.7,7,462.0,42.0,13280.0,2.2,,0,8.0,6.49,925.0
SM100662,2025-01-13,Gorakhpur,Mini Truck,32.0,8,1062.0,68.0,12475.0,5.0,Rain,0,8.0,7.74,1172.0
SM104088,25/12/2025,Lucknow,Pickup,25.7,6,258.0,14.0,1944.0,5.6,Clear,0,7.0,5.56,558.0
SM103662,2025-12-20,Lucknow,Pickup,47.9,8,632.0,31.0,8298.0,5.9,Fog,0,9.0,9.94,1028.0
SM100181,2025-02-25,Lucknow,Mini Truck,23.3,4,1291.0,70.0,9233.0,4.6,Rain,0,7.0,5.23,896.0
SM103671,2025-02-04,Prayagraj,Pickup,30.8,9,652.0,40.0,5467.0,5.0,Clear,0,8.0,6.92,915.0
SM105433,03/07/2025,Varanasi,Pickup,30.0,11,486.0,26.0,8965.0,6.6,Clear,0,9.0,7.49,832.0
SM104002,2025-01-13,varanasi,Pickup,34.8,4,415.0,28.0,6263.0,6.6,Fog,0,7.0,7.3,726.0
SM105505,2025-11-02,Lucknow,Mini Truck,19.5,7,1498.0,67.0,17346.0,6.4,Clear,0,8.0,6.39,1127.0
SM105249,2025-07-28,Lucknow,Mini Truck,30.8,3,1109.0,73.0,7151.0,,Clear,0,7.0,5.58,1060.0
SM104301,2025-08-28,Varanasi,Mini Truck,38.2,7,944.0,43.0,14190.0,6.7,Clear,0,8.0,6.89,1279.0
SM103739,2025-10-31,Prayagraj,Pickup,26.5,7,437.0,40.0,6666.0,4.9,Rain,0,7.0,6.73,688.0
SM105555,2025-07-07,Lucknow,Mini Truck,9.1,5,-1353.0,88.0,19614.0,3.8,Clear,0,6.0,3.9,750.0
SM105368,2025-08-31,Prayagraj,Truck,19.4,5,3134.0,175.0,25976.0,5.8,Rain,0,8.0,7.94,1715.0
SM100217,2025-02-05,Lucknow,Truck,16.7,3,4552.0,553.0,125967.0,4.9,Clear,0,8.0,6.87,2059.0
SM104921,2025-11-15,Prayagraj,Truck,53.3,9,1702.0,132.0,11992.0,3.6,Clear,0,10.0,7.22,2204.0
SM103332,2025-04-01,Prayagraj,Pickup,17.7,6,231.0,19.0,4138.0,6.2,Clear,0,7.0,4.92,495.0
SM104757,2025-02-18,Lucknow,Truck,18.8,3,4019.0,469.0,113437.0,4.3,Clear,0,8.0,6.6,1916.0
SM105072,2025-03-05,Lucknow,Mini Truck,24.6,5,1432.0,91.0,823238.8963911815,7.8,Clear,0,7.0,5.43,1098.0
SM102060,2025-11-23,Lucknow,Mini Truck,49.7,5,1402.0,57.0,13655.0,4.7,Clear,0,8.0,7.91,1533.0
SM103871,2025-02-07,Varanasi,Pickup,39.6,6,495.0,22.0,1123.0,5.2,Clear,0,8.0,6.3,852.0
SM103192,2025-09-02,Lucknow,Truck,43.4,10,2424.0,148.0,24440.0,5.3,Rain,0,10.0,9.67,2213.0
SM100745,2025-05-13,Varanasi,Mini Truck,30.5,4,1115.0,74.0,7387.0,5.6,Clear,0,7.0,5.87,964.0
SM102427,2025-05-21,kanpur,Mini Truck,14.5,4,444.0,26.0,2230.0,4.6,Clear,0,6.0,3.89,640.0
SM102720,2025-08-17,Kanpur,Pickup,33.7,4,459.0,26.0,6906.0,7.1,Rain,0,7.0,6.44,655.0
SM103612,2025-08-11,Prayagraj,Pickup,35.9 km,12,298.0,36.0,4706.0,6.9,Rain,0,9.0,7.79,859.0
SM102746,2025-03-23,Lucknow,Mini Truck,50.6,6,1132.0,116.0,20835.0,5.5,Clear,0,9.0,6.12,1528.0
SM105761,2025-03-01,Lucknow,Truck,25.6,6,1645.0,80.0,17587.0,3.6,Clear,0,8.0,6.71,1423.0
SM102155,2025-06-28,Lucknow,Truck,14.0,7,1927.0,108.0,22357.0,4.8,Clear,0,8.0,7.68,1254.0
SM105515,2025-09-12,Varanasi,Mini Truck,24.8,5,1269.0,89.0,14700.0,8.5,Rain,0,7.0,7.64,1025.0
SM104631,2025-04-15,Varanasi,Pickup,12.7,6,127.0,7.0,1604.0,4.6,Clear,0,6.0,4.51,507.0
SM100259,2025-08-03, LUCKNOW ,Mini Truck,22.6,4,824.0,34.0,15096.0,6.7,Rain,0,6.0,5.7,743.0
SM100871,2025-03-15,Lucknow,Pickup,44.4,3,258.0,10.0,1951.0,6.7,Clear,0,7.0,6.24,563.0
SM101198,2025-10-21,Lucknow,Mini Truck,30.3,8,-1402.0,60.0,16401.0,6.9,Clear,1,8.0,8.2,1240.0
SM102146,2025-03-06,Gorakhpur,Truck,42.4,5,1542.0,105.0,10908.0,8.7,Clear,0,8.0,8.24,1736.0
SM100092,2025-11-04,Kanpur,Truck,14.4,4,1606.0,69.0,6496.0,5.9,Fog,0,6.0,7.48,1191.0
SM104486,2025-07-18, LUCKNOW ,Pickup,53.8,5,432.0,18.0,4911.0,8.3,Clear,0,8.0,6.34,891.0
SM103894,2025-08-11,Lucknow,Pickup,15.0,4,553.0,45.0,9348.0,6.5,Rain,0,6.0,6.93,383.0
SM104517,2025-01-22,varanasi,Pickup,25.4,3,387.0,45.0,19653.0,3.6,Clear,1,6.0,5.5,545.0
SM104004,2025-10-20,Gorakhpur,Pickup,66.1,8,588.0,50.0,6517.0,6.2,Clear,1,10.0,9.37,1248.0
SM100081,2025-06-09,Lucknow,Mini Truck,39.1,8,830.0,38.0,4450.0,6.2,Clear,0,9.0,7.28,1240.0
SM100033,2025-07-22,Lucknow,Pickup,13.2,8,360.0,17.0,3618.0,5.8,Clear,0,7.0,6.02,557.0
SM102645,2025-01-02, LUCKNOW ,Pickup,17.3,5,581.0,25.0,3769.0,8.2,Rain,0,6.0,7.39,549.0
SM104371,2025-03-04,Kanpur,Mini Truck,38.4,5,1063.0,48.0,8609.0,3.4,Clear,0,8.0,6.15,1185.0
SM102856,2025-07-27,Varanasi,Pickup,71.3,4,307.0,14.0,2872.0,3.8,Rain,0,9.0,7.92,995.0
SM100072,18/06/2025,Kanpur,Truck,45.6 km,8,2705.0,226.0,59701.0,5.7,Rain,0,10.0,10.55,2245.0
SM102473,2025-03-17, LUCKNOW ,Pickup,42.7,7,317.0,35.0,4144.0,3.8,Clear,0,8.0,6.0,791.0
SM100787,2025-09-08,Lucknow,Pickup,12.5,3,334.0,36.0,7433.0,7.2,Rain,0,5.0,5.32,303.0
SM101351,2025-05-24,Lucknow,Pickup,39.9,7,628.0,41.0,4134.0,2.4,Clear,0,8.0,6.72,915.0
SM101528,2025-01-08,Lucknow,Pickup,6.0,6,234.0,12.0,2440.0,3.0,Fog,0,6.0,6.23,307.0
SM101758,2025-07-28,Lucknow,Mini Truck,59.3,8,941.0,58.0,23093.0,2.4,Clear,0,10.0,7.07,1610.0
SM102965,2025-08-05,Lucknow,Pickup,30.3,4,398.0,17.0,5043.0,,Rain,0,7.0,6.99,636.0
SM105100,2025-07-20,Lucknow,Mini Truck,30.2,4,1610.0,71.0,18354.0,4.9,Clear,0,7.0,5.79,1221.0
SM102903,2025-08-14,Kanpur,Mini Truck,26.5,7,1094.0,74.0,16306.0,6.4,Clear,0,8.0,6.29,1099.0
SM105266,2025-07-18,Gorakhpur,Mini Truck,70.8,8,913.0,37.0,5259.0,5.3,Clear,0,10.0,9.04,1854.0
SM101131,2025-09-02,Varanasi,Mini Truck,42.1,6,883.0,38.0,7271.0,5.0,Rain,0,8.0,8.25,1249.0
SM103444,2025-12-02,Lucknow,Mini Truck,20.0,7,1644.0,82.0,12115.0,6.1,Clear,0,8.0,6.83,1133.0
SM101452,2025-01-19,Varanasi,Pickup,39.6,5,311.0,21.0,,4.5,Fog,0,7.0,6.26,807.0
SM105647,2025-12-15,lucknow,Pickup,61.0,9,428.0,31.0,6990.0,5.0,Fog,0,10.0,9.76,1116.0
SM103806,2025-02-07,Varanasi,Truck,55.8,3,2699.0,203.0,21976.0,4.9,Clear,0,9.0,6.09,2474.0
SM104396,18/04/2025,Prayagraj,Truck,35.3,2,3426.0,361.0,45021.0,4.7,Rain,0,8.0,7.71,2077.0
SM101399,2025-04-20,Kanpur,Truck,30.5,9,3261.0,136.0,33804.0,6.2,,0,10.0,10.01,2257.0
SM104304,2025-09-02,Varanasi,Pickup,29.0,4,496.0,24.0,4741.0,5.6,Clear,0,7.0,4.92,668.0
SM100636,2025-03-27,Kanpur,Truck,12.0,6,1291.0,54.0,17656.0,6.9,Clear,0,7.0,6.18,962.0
SM102617,2025-01-20,Kanpur,Truck,50.5,5,,102.0,15536.0,6.4,Clear,0,9.0,7.98,2049.0
SM105789,2025-12-27,Kanpur,Mini Truck,47.0,8,620.0,25.0,6286.0,6.0,Fog,0,9.0,8.34,1229.0
SM101236,2025-01-02,Prayagraj,Pickup,,6,583.0,42.0,2771.0,6.7,Clear,0,8.0,7.21,717.0
SM105930,2025-12-05,Varanasi,Truck,56.1,7,2984.0,367.0,94799.0,5.0,Clear,0,10.0,9.0,2636.0
SM100389,2025-02-25,Lucknow,Pickup,19.8,5,344.0,16.0,4540.0,5.6,Clear,0,6.0,4.94,369.0
SM102852,2025-02-11,Lucknow,Mini Truck,36.1,4,1112.0,73.0,6627.0,5.2,Clear,0,7.0,6.12,1027.0
SM101011,2025-10-19,Lucknow,Mini Truck,,5,1450.0,66.0,14184.0,5.4,Clear,0,7.0,5.61,1184.0
SM101448,2025-09-27,Varanasi,Mini Truck,31.1,7,1590.0,103.0,25448.0,4.3,Rain,0,8.0,7.64,1329.0
SM102719,2025-03-01,Lucknow,Truck,38.4,11,2468.0,114.0,11980.0,3.8,Clear,0,10.0,8.45,2153.0
SM101331,2025-09-19,Gorakhpur,Truck,27.2,7,4094.0,255.0,87353.0,7.8,Rain,0,9.0,9.3,2339.0
SM101328,2025-09-04,kanpur,Truck,35.5,5,2749.0,235.0,48621.0,3.2,Rain,0,8.0,7.57,1934.0
SM105133,2025-01-16,Kanpur,Mini Truck,41.0,8,1392.0,88.0,15728.0,8.2,Clear,0,9.0,8.56,1477.0
SM104933,2025-10-30,Lucknow,Pickup,37.3,3,233.0,12.0,915.0,7.0,Clear,0,7.0,5.4,575.0
SM105041,2025-03-01,prayagraj,Truck,22.7,6,,219.0,79849.0,6.0,Clear,0,8.0,7.99,1896.0
SM105027,2025-02-05,Kanpur,Truck,44.7,5,3838.0,216.0,57701.0,6.4,Clear,0,9.0,7.97,2569.0
SM103502,24/04/2025,Varanasi,Pickup,15.1,6,599.0,72.0,31842.0,5.5,Clear,0,7.0,5.26,622.0
SM104512,2025-02-14,Lucknow,Pickup,29.0 km,3,228.0,26.0,9623.0,8.0,Clear,0,6.0,5.94,434.0
SM105383,2025-05-20,Prayagraj,Mini Truck,45.7,6,1644.0,94.0,20702.0,6.8,Clear,0,9.0,7.23,1601.0
SM102694,2025-12-08,Kanpur,Mini Truck,25.3,2,1079.0,48.0,5052.0,7.8,Rain,0,6.0,5.46,812.0
SM100186,2025-03-02,Kanpur,Mini Truck,23.5,8,458.0,21.0,10583.0,4.1,Clear,0,8.0,5.39,797.0
SM103232,2025-09-04,Kanpur,Mini Truck,24.2,8,1216.0,95.0,8407.0,7.5,Rain,0,8.0,7.2,1157.0
SM101748,2025-10-21,Kanpur,Pickup,28.9 km,3,480.0,20.0,6636.0,6.3,Clear,1,6.0,6.24,597.0
SM105123,2025-09-05,Lucknow,Mini Truck,27.7,4,,74.0,27830.0,7.9,Rain,1,7.0,8.58,1029.0
SM104629,2025-05-09,Kanpur,Truck,13.8,8,1598.0,159.0,55866.0,4.9,Clear,0,8.0,5.7,1230.0
SM104535,2025-07-05,Gorakhpur,Truck,35.3,4,3532.0,147.0,8940.0,8.0,Rain,0,8.0,8.43,2179.0
SM104846,2025-11-02,Prayagraj,Truck,20.2,4,4260.0,351.0,147964.0,6.4,Clear,0,8.0,8.23,2124.0
SM102159,2025-05-02,Prayagraj,Truck,35.5,7,2000.0,125.0,48820.0,4.7,Clear,0,9.0,7.97,1813.0
SM102237,2025-04-09,Lucknow,Pickup,29.8,7,559.0,24.0,4378.0,6.6,Clear,0,8.0,6.12,844.0
SM103492,2025-05-16,Kanpur,Mini Truck,24.0,5,1053.0,61.0,8129.0,5.3,Clear,0,7.0,5.93,874.0
SM104981,2025-12-17,Gorakhpur,Pickup,38.8,9,180.0,12.0,3381.0,5.9,Clear,0,9.0,7.29,918.0
SM102156,2025-06-11,Prayagraj,Mini Truck,60.0,9,1301.0,134.0,11782.0,6.2,Rain,0,10.0,10.12,1638.0
SM102560,2025-07-30, GORAKHPUR ,Pickup,91.7,3,526.0,28.0,6266.0,6.8,Clear,0,9.0,6.58,1218.0
SM100447,2025-12-15,Kanpur,Mini Truck,9.5,7,1093.0,77.0,27057.0,6.0,Clear,0,7.0,5.12,804.0
SM102889,2025-03-13,Lucknow,Mini Truck,36.4,3,831.0,76.0,22787.0,2.1,Clear,0,7.0,4.18,1102.0
SM101624,2025-07-21,Lucknow,Mini Truck,25.4,8,1541.0,65.0,17693.0,4.6,Clear,0,8.0,5.94,1206.0
SM105214,2025-10-21,Lucknow,Mini Truck,37.4,9,1014.0,65.0,11315.0,7.1,Clear,1,9.0,0.0,1267.0
SM104518,2025-09-17,Prayagraj,Pickup,35.3,5,614.0,58.0,5370.0,3.2,Rain,0,7.0,7.43,648.0
SM100325,2025-03-26,Kanpur,Mini Truck,12.9,4,1478.0,88.0,37730.0,3.7,Clear,0,6.0,5.16,919.0
SM104525,2025-06-17,Lucknow,Truck,23.1,7,2598.0,113.0,36483.0,6.6,Clear,0,8.0,8.26,1734.0
SM100605,2025-07-15,Lucknow,Mini Truck,10.6,7,1121.0,45.0,3532.0,8.5,Rain,0,7.0,7.51,706.0
SM104972,2025-11-02,Varanasi,Pickup,24.5,7,428.0,19.0,3416.0,7.8,Rain,0,7.0,8.23,688.0
SM101060,2025-10-09,Gorakhpur,Pickup,49.5,11,655.0,43.0,8775.0,6.0,Clear,0,10.0,8.3,1121.0
SM102512,2025-12-18,Prayagraj,Pickup,26.4,6,591.0,39.0,9859.0,2.1,Fog,0,7.0,6.55,715.0
SM101913,2025-10-11,Gorakhpur,Pickup,11.8,6,,26.0,4081.0,2.5,Rain,0,6.0,5.45,430.0
SM103552,2025-12-09,Kanpur,Pickup,26.2,3,289.0,19.0,9699.0,3.6,Clear,0,6.0,4.65,441.0
SM101951,2025-08-10,Kanpur,Mini Truck,25.2,9,1408.0,69.0,18316.0,5.9,Clear,0,8.0,6.49,1191.0
SM103157,2025-12-30,Lucknow,Truck,46.9 km,4,2418.0,265.0,106130.0,,Clear,0,8.0,6.32,2157.0
SM100359,2025-10-01, VARANASI ,Mini Truck,31.3,6,1238.0,140.0,32605.0,99.0,Rain,0,8.0,8.18,1113.0
SM104619,2025-11-24,Kanpur,Mini Truck,26.2,9,899.0,101.0,29016.0,3.9,Clear,0,8.0,5.96,1014.0
SM104987,2025-12-04,Gorakhpur,Mini Truck,60.4,8,1339.0,91.0,13550.0,6.2,Fog,0,10.0,9.31,1750.0
SM100486,2025-05-02, VARANASI ,Mini Truck,17.9,4,,65.0,9180.0,6.1,Clear,0,6.0,4.76,846.0
SM101416,2025-08-20,Varanasi,Mini Truck,50.8,7,792.0,35.0,10313.0,8.2,Rain,0,9.0,8.53,1297.0
SM104274,2025-01-13,Varanasi,Pickup,22.8,5,374.0,23.0,7242.0,7.5,Fog,0,7.0,6.8,499.0
SM102738,2025-06-29,Gorakhpur,Mini Truck,,3,595.0,25.0,3580.0,3.8,Clear,0,8.0,4.77,1298.0
SM100574,2025-01-03,Prayagraj,Mini Truck,14.2,9,896.0,96.0,20400.0,5.0,Fog,0,8.0,7.09,857.0
SM101272,2025-12-07,Kanpur,Mini Truck,38.9,4,1041.0,45.0,2948.0,5.3,Clear,0,7.0,5.74,1178.0
SM101016,2025-05-21,Lucknow,Pickup,20.7,4,683.0,30.0,9789.0,7.0,Clear,0,6.0,4.95,581.0
SM105901,2025-02-26,Gorakhpur,Mini Truck,31.1,3,719.0,32.0,4814.0,6.3,Rain,0,6.0,6.61,764.0
SM103759,24/07/2025, LUCKNOW ,Pickup,63.3,5,385.0,20.0,9488.0,4.9,Rain,0,9.0,7.59,1131.0
SM101217,2025-09-25,Lucknow,Mini Truck,15.2,4,1559.0,65.0,16392.0,3.9,Rain,0,6.0,6.31,905.0
SM103951,2025-03-22,Gorakhpur,Mini Truck,27.6,7,766.0,48.0,4618.0,4.3,Clear,0,8.0,5.57,1039.0
SM104017,2025-02-25,Lucknow,Truck,55.8,8,1818.0,196.0,30294.0,6.3,Clear,0,10.0,9.21,2177.0
SM100968,02/12/2025,Prayagraj,Pickup,38.4,6,462.0,25.0,8425.0,,Fog,0,8.0,9.26,864.0
SM105771,2025-03-22,Gorakhpur,Mini Truck,23.9 km,9,1555.0,73.0,22251.0,3.8,Clear,0,8.0,6.8,1186.0
SM105855,2025-08-03,Lucknow,Truck,24.7 km,3,1525.0,163.0,30082.0,6.8,Rain,0,7.0,7.58,1322.0
SM102247,2025-03-06,Lucknow,Pickup,37.1,7,580.0,34.0,9992.0,8.0,Clear,0,8.0,6.8,801.0
SM100082,2025-02-28,Varanasi,Mini Truck,13.1,2,785.0,33.0,5490.0,4.6,Clear,0,5.0,3.95,448.0
SM104106,2025-02-07,Varanasi,Mini Truck,49.8,4,1476.0,63.0,19746.0,5.0,Clear,0,8.0,6.93,1550.0
SM102015,2025-04-27,Prayagraj,Pickup,12.2,5,141.0,17.0,16333.0,5.3,Clear,0,6.0,5.12,373.0
SM105684,2025-07-18,Lucknow,Mini Truck,25.5,6,568.0,23.0,13275.0,4.5,Rain,1,7.0,7.74,857.0
SM105906,2025-06-21,Prayagraj,Pickup,12.2,9,244.0,16.0,4791.0,6.5,Clear,1,7.0,6.52,554.0
SM102708,2025-09-24,Lucknow,Truck,33.1,3,971.0,61.0,12252.0,8.8,Rain,0,7.0,7.93,1214.0
SM100196,2025-05-06,Varanasi,Pickup,75.7,2,371.0,24.0,2514.0,4.8,Clear,0,8.0,5.86,975.0
SM104260,2025-03-24,gorakhpur,Pickup,38.0,6,635.0,63.0,22428.0,5.0,Clear,0,8.0,6.0,878.0
SM102090,2025-11-20,Prayagraj,Truck,12.7,6,1771.0,132.0,33976.0,3.4,Clear,0,7.0,5.73,1142.0
SM101918,2025-06-14,Gorakhpur,Mini Truck,70.4,5,1369.0,95.0,15075.0,6.5,Clear,0,9.0,7.45,1827.0
SM102406,2025-05-16,Prayagraj,Mini Truck,9.3,4,1157.0,115.0,5897.0,7.7,Clear,0,6.0,5.51,660.0
SM104397,2025-04-05,Prayagraj,Pickup,54.8,7,679.0,28.0,10303.0,7.1,Clear,0,9.0,7.25,1054.0
SM103641,2025-12-05,Kanpur,Pickup,27.9,3,746.0,52.0,4868.0,3.2,Fog,0,6.0,5.36,784.0
SM105603,2025-06-29,Gorakhpur,Truck,50.7,5,1669.0,123.0,17334.0,5.3,Clear,0,9.0,7.71,2011.0
SM101456,2025-12-26,Lucknow,Truck,,5,2165.0,163.0,64324.0,5.0,Fog,0,7.0,240.0,1473.0
SM103469,2025-11-13,Kanpur,Mini Truck,24.2,7,1370.0,65.0,18473.0,6.8,Clear,0,8.0,7.11,1111.0
SM105289,2025-04-17,Lucknow,Mini Truck,9.3,7,954.0,38.0,16753.0,5.0,Clear,0,7.0,5.75,643.0
SM102639,2025-11-08,Varanasi,Mini Truck,12.3,5,1303.0,85.0,13396.0,3.8,,0,6.0,5.03,815.0
SM104503,2025-10-09,Prayagraj,Pickup,81.7,3,780.0,37.0,18666.0,8.7,Clear,0,9.0,8.2,1358.0
SM105178,2025-02-01,Varanasi,Truck,33.9,6,2880.0,119.0,32957.0,7.2,Clear,0,9.0,8.59,2098.0
SM104485,2025-05-15,Kanpur,Pickup,17.8,9,418.0,18.0,3896.0,6.2,Clear,0,8.0,6.22,663.0
SM103904,2025-11-15,Prayagraj,Truck,46.9,6,4288.0,211.0,74514.0,3.3,,0,10.0,7.29,2913.0
SM102823,23/12/2025,Lucknow,Mini Truck,23.7,4,770.0,86.0,16986.0,5.4,Clear,0,6.0,4.78,707.0
SM100428,2025-01-10,Gorakhpur,Truck,62.6,4,3227.0,138.0,60475.0,4.9,Clear,0,10.0,7.34,2800.0
SM100239,2025-08-17,Allahabad,Pickup,38.8,3,257.0,20.0,3366.0,6.2,Clear,0,7.0,6.44,681.0
SM102689,2025-12-25,Gorakhpur,Mini Truck,96.6,3,1516.0,159.0,49665.0,5.5,Fog,0,10.0,10.24,2150.0
SM101326,2025-09-05,Lucknow,Truck,20.5,5,3811.0,172.0,32644.0,6.2,Rain,1,8.0,10.05,1985.0
SM102377,2025-02-20,Kanpur,Truck,34.6,5,2057.0,84.0,23543.0,9.1,Clear,0,8.0,7.87,1715.0
SM104346,19/01/2025,Prayagraj,Pickup,21.7,10,359.0,44.0,5998.0,,Fog,0,8.0,7.09,631.0
SM103867,2025-10-23,Lucknow,Truck,26.6,5,2827.0,275.0,58492.0,7.8,Clear,1,8.0,9.32,1787.0
SM105787,2025-08-11, VARANASI ,Mini Truck,39.1,4,1529.0,100.0,25056.0,9.1,Rain,0,8.0,7.76,1304.0
SM103464,2025-05-12,Varanasi,Pickup,45.2,7,737.0,50.0,26803.0,,Clear,0,8.0,5.36,990.0
SM100705,2025-07-26,Lucknow,Pickup,42.2,3,539.0,31.0,4337.0,6.0,Clear,0,7.0,5.84,807.0
SM104028,2025-09-09,Varanasi,Pickup,37.9,6,457.0,19.0,2271.0,5.8,Rain,0,8.0,7.93,731.0
SM100784,2025-06-24,Varanasi,Truck,60.1,8,1341.0,96.0,15964.0,8.6,Clear,0,10.0,10.36,2176.0
SM102821,2025-10-30,Kanpur,Mini Truck,26.6,4,1129.0,139.0,8900.0,6.6,Clear,0,7.0,6.48,950.0
SM105134,2025-09-23,Lucknow,Truck,15.8,4,3964.0,178.0,59370.0,,Clear,0,8.0,7.11,1839.0
SM102730,2025-12-17,Lucknow,Pickup,53.6,6,398.0,25.0,6034.0,,Fog,0,8.0,8.45,1058.0
SM101921,2025-07-15,Lucknow,Pickup,28.0,4,377.0,26.0,1163.0,7.3,Clear,0,6.0,4.9,576.0
SM100342,2025-08-15,lucknow,Mini Truck,20.8,4,956.0,62.0,17456.0,4.1,Clear,0,6.0,4.57,825.0
SM100958,2025-12-21,Lucknow,Truck,14.3,6,2443.0,152.0,32846.0,3.2,Fog,0,7.0,8.51,1427.0
SM104970,2025-11-09,Varanasi,Pickup,45.3,6,667.0,41.0,8923.0,7.2,Clear,0,8.0,7.15,1031.0
SM103491,2025-08-20,Varanasi,Pickup,48.4,7,386.0,16.0,3565.0,6.7,Clear,0,8.0,5.28,872.0
SM104835,2025-07-12,Prayagraj,Pickup,27.2,6,687.0,57.0,8015.0,5.9,Clear,0,7.0,6.28,703.0
SM102987,2025-10-13,Prayagraj,Pickup,59.9,10,656.0,31.0,2441.0,4.0,Clear,0,10.0,7.32,1310.0
SM103306,2025-04-11,Varanasi,Pickup,34.2,5,373.0,19.0,5393.0,5.4,Clear,0,7.0,6.36,677.0
SM101564,2025-07-23,lucknow,Mini Truck,71.2,9,607.0,64.0,37393.0,5.2,Clear,0,10.0,9.03,1790.0
SM102407,2025-09-17,Lucknow,Mini Truck,,7,913.0,38.0,4992.0,7.2,Rain,0,7.0,7.95,890.0
SM103819,2025-11-22,Gorakhpur,Pickup,65.8,7,322.0,14.0,1995.0,5.5,Clear,0,9.0,8.58,1016.0
SM100582,2025-02-08,Prayagraj,Truck,20.1,6,3274.0,224.0,9217.0,5.4,Clear,0,8.0,6.93,1903.0
SM102594,2025-04-22,Varanasi,Pickup,15.5,13,742.0,46.0,12826.0,5.5,Clear,0,9.0,7.17,928.0
SM102544,2025-10-21,Varanasi,Pickup,,11,324.0,17.0,3979.0,7.1,Clear,1,9.0,9.78,775.0
SM104040,2025-04-30, VARANASI ,Mini Truck,35.0,10,1833.0,77.0,27848.0,4.6,Clear,0,9.0,6.6,1519.0
SM103831,2025-03-16,Varanasi,Pickup,53.2,7,319.0,16.0,3910.0,7.8,,0,9.0,7.69,986.0
SM102740,2025-03-09,Varanasi,Pickup,25.7,4,595.0,44.0,9076.0,4.2,Clear,0,6.0,4.3,658.0
SM100867,02/11/2025,lucknow,Truck,27.0,5,1736.0,137.0,17967.0,2.5,Clear,0,7.0,5.58,1337.0
SM101915,2025-07-08,Kanpur,Pickup,17.4,7,468.0,57.0,15928.0,,Clear,0,7.0,5.53,606.0
SM103599,2025-08-15,Prayagraj,Truck,5.7,8,3135.0,129.0,13565.0,3.5,Clear,0,8.0,6.62,1538.0
SM104267,2025-12-05,Varanasi,Mini Truck,33.6,8,591.0,27.0,9547.0,3.7,Fog,0,8.0,8.33,1069.0
SM104948,07/04/2025,Prayagraj,Pickup,48.4,2,653.0,60.0,10990.0,3.5,Clear,0,7.0,4.19,860.0
SM102032,2025-02-03,Lucknow,Pickup,16.9,6,376.0,42.0,5566.0,4.9,Clear,0,7.0,4.72,672.0
SM102790,2025-12-08,Kanpur,Pickup,54.2,8,630.0,29.0,13909.0,5.1,Fog,0,9.0,9.25,1118.0
SM105129,09/08/2025,Prayagraj,Mini Truck,17.2,5,1025.0,52.0,6035.0,4.5,Rain,1,7.0,7.65,804.0
SM104169,2025-09-04,Lucknow,Pickup,10.6,5,422.0,26.0,2199.0,9.6,Rain,0,6.0,6.55,414.0
SM105233,2025-03-14,Varanasi,Pickup,41.8,4,605.0,55.0,22154.0,5.9,Clear,1,7.0,6.77,852.0
SM102917,2025-12-12,Kanpur,Mini Truck,29.2,5,1012.0,56.0,17473.0,2.9,Fog,0,7.0,7.53,1109.0
SM101828,13/08/2025,Kanpur,Pickup,24.4,7,563.0,33.0,11338.0,2.5,Clear,0,7.0,5.57,725.0
SM105207,2025-10-03,Prayagraj,Pickup,30.4,7,611.0,29.0,9618.0,6.4,Clear,0,8.0,6.56,721.0
SM101891,2025-03-31,Prayagraj,Mini Truck,21.3,9,815.0,54.0,12108.0,5.7,Clear,1,8.0,7.49,977.0
SM103019,2025-09-29,Gorakhpur,Mini Truck,99.3,9,747.0,57.0,9082.0,4.4,Clear,0,12.0,10.28,2182.0
SM105875,2025-02-01, PRAYAGRAJ ,Truck,30.5,4,3829.0,229.0,11044.0,3.9,Clear,0,8.0,6.72,2231.0
SM101297,2025-09-05,Varanasi,Mini Truck,8.6,7,1196.0,137.0,44014.0,7.9,Rain,1,7.0,8.37,830.0
SM104566,2025-09-15,Lucknow,Mini Truck,27.0,9,1277.0,115.0,21117.0,5.2,Clear,0,8.0,7.82,1240.0
SM102575,2025-05-01,Lucknow,Pickup,33.6,5,434.0,38.0,7467.0,6.3,Clear,0,7.0,4.95,758.0
SM100694,02/02/2025,Kanpur,Truck,11.5,9,3949.0,277.0,86692.0,8.4,Clear,0,9.0,7.83,1920.0
SM103853,2025-05-09,Prayagraj,Mini Truck,17.1,7,795.0,53.0,7566.0,7.5,Clear,0,7.0,6.26,848.0
SM102472,01/06/2025,Gorakhpur,Pickup,31.6,6,357.0,25.0,1791.0,4.4,Clear,0,7.0,5.95,622.0
SM100689,2025-10-13,Prayagraj,Pickup,25.9,6,,9.0,2295.0,5.9,Clear,0,7.0,4.92,539.0
SM101881,2025-04-07,Varanasi,Mini Truck,43.4,6,1515.0,73.0,28655.0,6.1,Clear,0,8.0,7.2,1425.0
SM103297,2025-11-28,Varanasi,Truck,22.0,4,2715.0,146.0,43870.0,5.0,Rain,0,7.0,7.34,1604.0
SM102479,2025-02-19,Gorakhpur,Mini Truck,35.6,7,410.0,18.0,2139.0,6.2,Clear,0,8.0,6.38,825.0
SM102263,2025-07-08,Gorakhpur,Mini Truck,49.9,6,778.0,41.0,9507.0,7.4,Clear,0,8.0,6.8,1283.0
SM104699,2025-01-09,Varanasi,Pickup,,5,,32.0,6613.0,8.2,Clear,0,7.0,6.82,645.0
SM103392,2025-10-18,Prayagraj,Mini Truck,9.4,6,1123.0,72.0,11677.0,4.8,Rain,0,7.0,5.81,648.0
SM105800,2025-02-15,Lucknow,Pickup,29.7,4,306.0,18.0,3173.0,3.2,Clear,0,7.0,5.0,560.0
SM103189,2025-11-01,Varanasi,Mini Truck,22.2,4,952.0,86.0,13813.0,2.4,Clear,0,6.0,3.72,902.0
SM102723,2025-05-18,Gorakhpur,Pickup,,4,343.0,25.0,4462.0,6.1,,0,7.0,5.7,656.0
SM103657,2025-12-03,Gorakhpur,Mini Truck,51.2,3,1357.0,94.0,19789.0,5.7,Fog,0,8.0,7.54,
SM103590,2025-02-10,Lucknow,Mini Truck,20.4,9,778.0,50.0,10758.0,4.3,Clear,0,8.0,5.44,914.0
SM104402,26/05/2025,Prayagraj,Mini Truck,39.7,9,1284.0,108.0,39971.0,,Clear,0,9.0,7.69,1365.0
SM104615,2025-06-07,Kanpur,Truck,18.7,12,3048.0,135.0,12921.0,2.1,Clear,0,10.0,7.51,2019.0
SM101584,2025-08-21,varanasi,Mini Truck,85.8,6,1020.0,51.0,8142.0,6.7,Rain,0,10.0,10.68,
SM103798,2025-01-04,Varanasi,Pickup,16.0,6,504.0,21.0,3605.0,1.7,Clear,0,7.0,3.75,578.0
SM105136,2025-06-17,Varanasi,Truck,24.5 km,6,2113.0,109.0,24382.0,4.1,Clear,0,8.0,6.25,1532.0
SM101620,2025-04-07, LUCKNOW ,Truck,30.8,6,1021.0,48.0,5815.0,6.1,Clear,0,8.0,6.16,1297.0
SM101289,2025-08-15,Varanasi,Pickup,10.4,5,574.0,68.0,7132.0,3.6,Rain,0,6.0,5.74,597.0
SM101197,2025-12-25,Gorakhpur,Pickup,40.2,8,533.0,39.0,6077.0,5.6,Clear,0,8.0,7.64,852.0
SM101453,2025-03-31,Varanasi,Pickup,57.7,3,364.0,18.0,2751.0,10.0,Clear,1,8.0,8.35,822.0
SM101651,2025-01-07,Kanpur,Mini Truck,34.6,9,896.0,63.0,7372.0,7.8,Clear,0,9.0,6.76,1155.0
SM103768,2025-10-22,Kanpur,Pickup,41.8,5,680.0,35.0,4685.0,6.7,Clear,1,8.0,7.09,870.0
SM101422,2025-08-03,Varanasi,Mini Truck,38.0,8,992.0,96.0,18358.0,5.1,Rain,0,9.0,7.94,1338.0
SM103512,2025-02-16,Lucknow,Truck,21.3,9,3419.0,252.0,60182.0,6.3,Rain,0,9.0,9.1,2100.0
SM102398,2025-04-02,Varanasi,Mini Truck,37.2,8,1105.0,70.0,14200.0,7.7,Clear,0,9.0,7.66,1280.0
SM101749,2025-09-20,Lucknow,Pickup,48.1,5,495.0,31.0,5262.0,6.1,Clear,0,8.0,6.18,899.0
SM104499,2025-05-07,Lucknow,Mini Truck,32.8,4,1771.0,144.0,15653.0,6.1,Rain,0,7.0,7.38,1347.0
SM100820,2025-01-09,Kanpur,Mini Truck,45.4,9,806.0,33.0,5658.0,5.9,,1,9.0,9.64,1339.0
SM102881,28/03/2025,Lucknow,Pickup,14.2,10,622.0,28.0,6044.0,,Clear,0,8.0,6.86,706.0
SM105035,2025-03-24, KANPUR ,Mini Truck,22.1,2,1197.0,58.0,14739.0,3.4,Clear,0,6.0,4.21,881.0
SM104704,2025-09-26,Prayagraj,Pickup,18.9,5,,30.0,4150.0,6.7,Clear,0,6.0,5.59,
SM101990,2025-07-13,Lucknow,Truck,24.1,6,2540.0,113.0,123031.0,8.6,Clear,0,8.0,7.0,1665.0
SM102879,2025-12-23,Prayagraj,Truck,18.3,9,1402.0,154.0,64401.0,,Fog,0,8.0,9.72,1244.0
SM103821,2025-01-05,Gorakhpur,Mini Truck,63.6,5,424.0,21.0,3578.0,3.1,Clear,0,9.0,6.27,1351.0
SM100104,2025-10-18,Varanasi,Pickup,71.6,4,692.0,40.0,15512.0,9.9,Clear,1,9.0,8.59,1074.0
SM105998,2025-10-02,Gorakhpur,Truck,44.4,5,2698.0,233.0,66937.0,5.5,Clear,1,9.0,8.95,2362.0
SM104541,2025-08-18,Prayagraj,Mini Truck,24.6,3,687.0,50.0,8947.0,5.8,Clear,0,6.0,4.31,682.0
SM100763,2025-12-08,lucknow,Truck,46.4,9,3811.0,155.0,63536.0,3.6,Clear,0,11.0,8.1,2816.0
SM103745,2025-12-26,Lucknow,Truck,28.6,5,3533.0,181.0,34335.0,6.9,Fog,0,8.0,10.77,2009.0
SM101850,2025-01-30, LUCKNOW ,Mini Truck,45.6,9,1268.0,91.0,11805.0,7.0,Fog,1,9.0,10.38,1516.0
SM103622,2025-05-01, LUCKNOW ,Mini Truck,6.0,4,1572.0,65.0,823238.8963911815,3.7,Clear,0,6.0,5.5,736.0
SM102353,2025-06-19,Varanasi,Mini Truck,33.4,3,1225.0,54.0,11438.0,4.1,Clear,0,7.0,5.56,1084.0
SM104847,2025-02-05,Prayagraj,Pickup,40.4,7,514.0,22.0,9678.0,4.0,Clear,0,8.0,5.69,914.0
SM101941,2025-04-03,Lucknow,Pickup,27.4,3,390.0,18.0,3302.0,7.5,Clear,0,6.0,4.75,454.0
SM102868,2025-11-11,Lucknow,Truck,41.0,3,2763.0,191.0,38489.0,6.6,Clear,0,8.0,6.75,2113.0
SM104455,2025-01-25,Varanasi,Truck,36.6,6,2110.0,115.0,26194.0,5.3,,0,8.0,8.72,1871.0
SM100592,2025-03-29,Kanpur,Pickup,27.2,2,640.0,54.0,7650.0,3.5,Rain,0,6.0,5.12,648.0
SM104205,2025-10-22,Prayagraj,Pickup,21.5,4,595.0,36.0,7447.0,6.6,Clear,1,6.0,6.16,576.0
SM103472,2025-09-26,Gorakhpur,Truck,32.7,4,2397.0,169.0,28267.0,7.4,Rain,1,8.0,8.86,1839.0
SM104296,2025-06-12,Varanasi,Pickup,54.8,5,637.0,29.0,4516.0,5.6,Clear,0,8.0,6.94,1052.0
SM100730,2025-09-24,Gorakhpur,Pickup,39.3,8,461.0,20.0,4813.0,6.2,Rain,0,8.0,8.92,918.0
SM100206,2025-10-06, LUCKNOW ,Truck,58.2,4,3722.0,265.0,21785.0,7.7,Clear,0,10.0,10.35,2948.0
SM103381,2025-10-15,Kanpur,Mini Truck,35.5,4,1477.0,102.0,13279.0,6.3,Clear,0,7.0,6.82,1273.0
SM102857,2025-10-12,Prayagraj,Truck,37.1,5,3041.0,216.0,41177.0,3.8,Clear,0,9.0,8.07,2115.0
SM105301,2025-12-29,Prayagraj,Mini Truck,89.6,7,1880.0,118.0,26876.0,,Fog,0,11.0,11.59,2332.0
SM105312,2025-03-18,Lucknow,Truck,26.8,8,2257.0,233.0,52123.0,7.2,Clear,0,9.0,7.73,
SM105849,2025-01-22,Gorakhpur,Pickup,45.3,11,439.0,34.0,15039.0,8.1,Rain,0,10.0,9.4,1078.0
SM102820,2025-07-17,Varanasi,Mini Truck,40.2,8,1587.0,99.0,7384.0,5.1,Clear,0,9.0,7.88,1460.0
SM102420,2025-04-05,Prayagraj,Mini Truck,20.3,7,204.0,18.0,5956.0,6.6,Rain,0,7.0,6.93,677.0
SM102106,2025-10-07,Lucknow,Truck,28.4,8,3235.0,171.0,20585.0,2.8,Clear,0,9.0,7.8,2121.0
SM104993,2025-07-21,Kanpur,Pickup,6.1,7,624.0,32.0,3594.0,4.8,Rain,0,6.0,6.13,492.0
SM101837,2025-04-22,Lucknow,Pickup,12.0,6,513.0,25.0,4388.0,5.0,Clear,0,6.0,5.87,672.0
SM101123,2025-03-30,Prayagraj,Mini Truck,96.0,4,1436.0,120.0,37750.0,5.4,Rain,0,10.0,9.35,2165.0
SM102451,2025-11-21,Varanasi,Pickup,59.9,6,572.0,27.0,21397.0,6.8,Clear,0,9.0,7.32,1056.0
SM100102,2025-10-21,Gorakhpur,Mini Truck,47.8,8,1189.0,86.0,61401.0,5.5,Clear,1,9.0,7.63,1418.0
SM103321,2025-03-01,Prayagraj,Mini Truck,50.9,3,606.0,37.0,9118.0,6.1,Clear,0,7.0,5.68,1161.0
SM104709,2025-06-05,Varanasi,Mini Truck,13.8,3,1533.0,115.0,12415.0,6.7,Clear,0,6.0,5.56,795.0
SM105858,2025-05-05,Lucknow,Mini Truck,44.2,8,1550.0,88.0,13269.0,6.0,Clear,0,9.0,9.34,1528.0
SM103765,30/05/2025,Varanasi,Truck,30.4,2,2788.0,119.0,19545.0,6.5,Clear,0,7.0,6.07,1653.0
SM100589,2025-11-04,Prayagraj,Mini Truck,28.5,4,1463.0,114.0,34549.0,7.1,Clear,0,7.0,5.73,
SM104282,2025-03-03,Lucknow,Pickup,26.9,11,471.0,39.0,8936.0,7.2,Clear,0,9.0,8.31,902.0
SM101070,2025-09-04,Prayagraj,Truck,24.9,8,4081.0,263.0,126442.0,8.1,Rain,0,9.0,10.88,2258.0
SM104784,2025-11-05,Prayagraj,Truck,12.0,10,1233.0,69.0,6250.0,7.3,Clear,1,8.0,8.01,1061.0
SM100313,2025-04-13,Varanasi,Mini Truck,46.3,9,1726.0,82.0,22475.0,5.1,Clear,1,10.0,9.69,1687.0
SM103402,27/02/2025,Lucknow,Truck,35.3,10,3717.0,191.0,31549.0,6.5,Clear,0,10.0,9.67,2519.0
SM104147,2025-11-09,Kanpur,Mini Truck,8.0,4,674.0,69.0,8649.0,2.4,Clear,0,6.0,3.61,493.0
SM101773,2025-05-24, PRAYAGRAJ ,Mini Truck,55.0,9,,107.0,13940.0,5.8,Clear,0,10.0,8.94,1584.0
SM104461,2025-05-04,Varanasi,Pickup,62.9,5,443.0,21.0,2001.0,5.5,Clear,0,9.0,6.66,1007.0
SM103201,2025-11-30, PRAYAGRAJ ,Truck,42.3,7,1617.0,145.0,59797.0,3.1,Rain,0,9.0,7.71,1924.0
SM105064,2025-07-07,Gorakhpur,Pickup,61.1,8,359.0,38.0,4351.0,5.6,Rain,0,9.0,8.66,1084.0
SM103405,2025-05-09,Kanpur,Pickup,12.8,4,595.0,63.0,16864.0,6.5,Fog,0,6.0,6.3,403.0
SM101375,2025-12-17,Lucknow,Mini Truck,19.7,7,1565.0,86.0,12914.0,4.6,Clear,0,8.0,6.84,1153.0
SM101776,2025-05-02,Prayagraj,Truck,,3,1921.0,94.0,16049.0,7.7,Clear,0,7.0,5.08,1137.0
SM104399,2025-08-30,Kanpur,Mini Truck,14.0,6,1630.0,77.0,13074.0,1.8,Clear,0,7.0,5.07,889.0
SM104097,2025-02-23,Prayagraj,Truck,32.0,4,2238.0,129.0,26820.0,5.4,Clear,0,8.0,6.83,1678.0
SM104080,2025-11-26,Kanpur,Truck,243.0,5,1355.0,82.0,22788.0,2.5,Clear,0,7.0,5.37,1212.0
SM103697,2025-05-31,Lucknow,Mini Truck,5.4,7,1566.0,84.0,30245.0,2.7,Clear,0,7.0,4.21,774.0
SM102914,2025-05-29,Lucknow,Mini Truck,19.5,8,719.0,39.0,4870.0,6.5,Clear,1,7.0,7.11,963.0
SM100548,2025-07-08,Lucknow,Pickup,29.7,4,392.0,46.0,16013.0,8.9,Clear,0,7.0,6.09,600.0
SM104489,2025-05-21,Lucknow,Pickup,28.3,6,329.0,16.0,4583.0,6.5,Rain,0,7.0,7.05,627.0
SM103525,19/03/2025,Gorakhpur,Mini Truck,61.9,7,1569.0,72.0,16480.0,4.5,Clear,0,10.0,8.04,1709.0
SM101147,2025-10-08,Varanasi,Mini Truck,52.9,5,1624.0,80.0,11665.0,4.3,Clear,0,9.0,7.51,1605.0
SM104639,2025-12-02,Prayagraj,Mini Truck,26.8,5,1089.0,49.0,8883.0,4.9,Clear,0,7.0,5.12,1109.0
SM101230,2025-10-27,Gorakhpur,Pickup,62.0,5,186.0,9.0,1772.0,7.1,Rain,0,8.0,9.16,906.0
SM105597,2025-09-06,Varanasi,Pickup,34.6,9,,23.0,5690.0,4.2,Clear,0,8.0,5.48,977.0
SM103777,2025-11-07,varanasi,Mini Truck,10.7,4,1017.0,54.0,19284.0,9.6,Clear,0,6.0,5.28,718.0
SM104399,2025-08-30,Kanpur,Mini Truck,14.0,6,1630.0,77.0,13074.0,1.8,Clear,0,7.0,5.07,889.0
SM101794,24/06/2025,prayagraj,Mini Truck,35.2,6,1314.0,54.0,6976.0,6.7,Clear,0,8.0,7.13,1278.0
SM104905,2025-08-23,Lucknow,Mini Truck,21.7,7,648.0,78.0,20143.0,5.5,Clear,0,7.0,5.95,787.0
SM102640,2025-03-29,Prayagraj,Mini Truck,40.7,6,1609.0,136.0,42294.0,8.7,Rain,0,8.0,8.89,1288.0
SM103275,2025-12-04,Kanpur,Mini Truck,25.0,3,474.0,48.0,5647.0,7.1,Clear,0,6.0,4.71,648.0
SM101851,2025-04-03,Kanpur,Pickup,40.2,11,475.0,33.0,3082.0,4.5,Clear,0,9.0,7.07,920.0
SM105429,2025-11-11,Varanasi,Pickup,44.1,7,660.0,45.0,17618.0,5.5,Rain,0,8.0,7.43,1010.0
SM102567,2025-08-20,Lucknow,Pickup,46.8,6,395.0,25.0,16705.0,,Rain,0,8.0,7.21,913.0
SM101159,2025-05-05,Lucknow,Pickup,38.3,12,,17.0,1434.0,4.4,Clear,0,10.0,6.77,1040.0
SM100067,2025-05-16,Lucknow,Mini Truck,36.1,4,1199.0,54.0,15239.0,5.2,Clear,0,7.0,6.3,1202.0
SM103248,2025-02-21,Varanasi,Truck,71.8,8,2735.0,126.0,38474.0,5.9,Clear,0,11.0,9.67,2938.0
SM103351,2025-12-09,Gorakhpur,Truck,103.2,4,3474.0,387.0,214079.0,7.3,Fog,0,12.0,12.75,3884.0
SM105246,2025-08-02,Lucknow,Mini Truck,,6,872.0,36.0,9198.0,3.7,Clear,0,8.0,6.36,1203.0
SM100192,2025-08-10,Varanasi,Mini Truck,41.3,5,1116.0,88.0,13774.0,5.5,Rain,0,8.0,7.11,1129.0
SM101519,2025-06-18,Lucknow,Mini Truck,85.3,7,1562.0,102.0,38972.0,5.2,Fog,0,11.0,11.73,2086.0
SM104240,2025-05-03,Varanasi,Pickup,32.8,7,402.0,19.0,5322.0,3.8,Clear,0,8.0,6.41,773.0
SM104498,2025-03-31,Varanasi,Mini Truck,43.6,6,775.0,96.0,36242.0,4.5,Clear,1,8.0,6.88,1225.0
SM103963,2025-05-19,Prayagraj,Pickup,3.0,5,373.0,40.0,16675.0,9.7,Clear,0,6.0,4.17,316.0
SM104589,2025-04-20,Prayagraj,Truck,30.4,8,2553.0,211.0,51163.0,3.4,Clear,0,9.0,8.31,1857.0
SM105654,2025-03-31,Prayagraj,Truck,50.7,6,2401.0,116.0,12448.0,,Clear,1,9.0,8.71,2418.0
SM105000,2025-03-14,Varanasi,Pickup,73.4,4,450.0,40.0,6867.0,7.1,Fog,1,9.0,10.87,1156.0
SM103741,2025-04-21,Prayagraj,Mini Truck,28.2,9,969.0,52.0,4289.0,6.8,Clear,0,8.0,6.87,1071.0
SM105953,2025-08-27,Gorakhpur,Truck,51.6,6,4401.0,204.0,24607.0,3.5,Rain,0,10.0,9.7,2886.0
SM101573,2025-10-24,Prayagraj,Mini Truck,32.1,8,1162.0,121.0,68083.0,6.4,Clear,0,8.0,7.31,1137.0
SM101655,2025-03-26,Kanpur,Mini Truck,13.2,1,746.0,57.0,13431.0,2.7,Clear,0,5.0,3.43,522.0
SM101409,14/04/2025,Lucknow,Pickup,13.6,5,769.0,72.0,8360.0,7.0,Clear,0,6.0,3.88,547.0
SM102938,2025-11-26,Varanasi,Truck,45.6,4,1736.0,95.0,15768.0,6.5,Clear,0,8.0,8.06,1869.0
SM100695,2025-04-03,Prayagraj,Pickup,29.5,8,611.0,36.0,6691.0,5.1,Rain,0,8.0,8.72,766.0
SM105420,2025-10-20,Prayagraj,Pickup,59.1,6,385.0,19.0,2480.0,,Clear,1,9.0,8.76,919.0
SM100238,2025-04-23,Allahabad,Truck,28.1,6,3766.0,175.0,40355.0,5.8,Clear,0,9.0,7.56,2092.0
SM100304,2025-07-18,Varanasi,Mini Truck,50.7,13,1620.0,75.0,16401.0,6.5,Rain,0,11.0,10.2,1850.0
SM102864,2025-02-01,Varanasi,Truck,48.1,7,2665.0,119.0,27705.0,3.6,Clear,0,10.0,7.5,2339.0
SM100058,2025-09-29,Lucknow,Pickup,28.3,2,347.0,17.0,7826.0,6.3,Clear,0,6.0,4.48,534.0
SM101865,2025-05-28,Lucknow,Truck,26.4,7,1506.0,162.0,49505.0,7.1,Rain,0,8.0,9.22,1471.0
SM101560,2025-04-17,Gorakhpur,Mini Truck,29.5,7,498.0,41.0,7463.0,4.2,Clear,0,8.0,6.31,837.0
SM103450,2025-06-23,Prayagraj,Pickup,27.4,4,436.0,30.0,2661.0,6.0,Clear,0,6.0,5.42,624.0
SM104769,2025-01-18, VARANASI ,Pickup,27.8,1,593.0,25.0,10879.0,5.1,Fog,0,6.0,5.02,579.0
SM104612,2025-10-15,Varanasi,Truck,36.7,9,3026.0,131.0,24688.0,4.2,Fog,0,10.0,9.58,2225.0
SM104898,2025-10-04,Gorakhpur,Truck,60.4,8,2472.0,107.0,15640.0,5.7,Clear,0,10.0,8.55,2551.0
SM102940,2025-09-19,Varanasi,Mini Truck,49.4,4,1746.0,105.0,5874.0,3.4,Clear,0,8.0,6.41,1450.0
SM105849,2025-01-22,Gorakhpur,Pickup,45.3,11,439.0,34.0,15039.0,8.1,Rain,0,10.0,9.4,1078.0
SM101897,16/11/2025,Prayagraj,Mini Truck,32.3,4,1248.0,143.0,16181.0,7.0,Rain,0,7.0,6.57,1097.0
SM101403,2025-04-28,lucknow,Mini Truck,57.1,9,516.0,21.0,3044.0,7.1,Clear,0,10.0,9.16,1308.0
SM102657,2025-04-09,Kanpur,Mini Truck,32.2,5,1739.0,84.0,20089.0,4.3,Clear,0,8.0,4.93,1279.0
SM102442,2025-01-04,Kanpur,Mini Truck,22.6,11,1370.0,76.0,10016.0,5.6,Fog,0,9.0,8.86,1137.0
SM104870,2025-03-11,Lucknow,Pickup,39.7,5,329.0,16.0,8156.0,5.6,Clear,0,7.0,6.19,775.0
SM101064,2025-10-02,Lucknow,Mini Truck,12.6,5,1267.0,112.0,25844.0,7.5,Clear,1,6.0,6.65,813.0
SM105438,2025-06-04,Gorakhpur,Truck,31.8,6,3380.0,163.0,26626.0,5.9,Clear,0,9.0,7.74,2286.0
SM102916,2025-08-15,Kanpur,Mini Truck,66.2,7,818.0,86.0,22127.0,6.3,Clear,0,10.0,8.61,1585.0
SM105884,2025-02-17,Prayagraj,Mini Truck,5.4,7,1353.0,116.0,21724.0,6.1,Clear,0,7.0,6.11,769.0
SM104928,2025-03-08,Lucknow,Pickup,23.5,6,577.0,31.0,5485.0,5.3,Clear,0,7.0,5.58,
SM100783,14/02/2025,Lucknow,Mini Truck,5.7,7,1417.0,82.0,15710.0,6.2,Clear,0,7.0,5.08,836.0
SM105661,2025-03-23,Lucknow,Pickup,19.8,5,267.0,11.0,2018.0,6.8,Clear,0,6.0,3.36,564.0
SM100392,2025-05-15,Gorakhpur,Pickup,89.2,6,573.0,69.0,19053.0,7.3,Clear,0,10.0,8.98,1331.0
SM104277,2025-10-07,Varanasi,Pickup,45.7,8,521.0,49.0,9468.0,7.0,Clear,0,9.0,7.58,977.0
SM101078,2025-06-02,Lucknow,Mini Truck,30.6,4,1106.0,81.0,13610.0,6.3,Fog,0,7.0,7.06,1062.0
SM102103,2025-02-17,Varanasi,Mini Truck,14.4,6,1353.0,118.0,10006.0,4.1,Clear,0,7.0,5.21,968.0
SM102440,2025-05-13,Lucknow,Mini Truck,17.6,7,1367.0,89.0,14821.0,5.6,Clear,0,7.0,5.56,1016.0
SM103770,2025-06-04,Prayagraj,Mini Truck,25.5,7,1005.0,83.0,20925.0,7.2,Clear,0,8.0,6.68,1041.0
SM104865,2025-08-02,Prayagraj,Truck,44.4,8,3773.0,181.0,28476.0,5.7,Rain,0,10.0,10.12,2700.0
SM105071,2025-08-02,Varanasi,Pickup,29.2,3,671.0,47.0,,8.1,Rain,0,6.0,6.86,658.0
SM101831,2025-12-14,Prayagraj,Truck,70.9,5,2203.0,118.0,13465.0,3.2,Fog,0,10.0,8.81,2774.0
SM100280,2025-04-11,Varanasi,Pickup,28.9,3,471.0,42.0,11726.0,4.0,Fog,1,6.0,6.76,620.0
SM101546,2025-09-08,Gorakhpur,Mini Truck,78.3,8,1217.0,100.0,17735.0,8.7,Rain,1,11.0,11.07,1989.0
SM100557,2025-11-16,Gorakhpur,Truck,23.1,6,1334.0,137.0,18250.0,3.2,Clear,0,7.0,5.17,1268.0
SM103044,2025-03-11,Varanasi,Mini Truck,21.9,6,990.0,96.0,16128.0,5.8,Clear,0,7.0,7.6,1066.0
SM100645,2025-04-30,Kanpur,Pickup,24.5,10,114.0,5.0,1241.0,6.1,Clear,1,8.0,7.56,701.0
SM101079,2025-11-02,Prayagraj,Mini Truck,50.4,8,1260.0,62.0,13668.0,3.5,Clear,0,9.0,6.99,1602.0
SM100231,2025-11-09, LUCKNOW ,Mini Truck,12.2,8,954.0,55.0,15650.0,8.2,Clear,0,7.0,6.42,761.0
SM105729,2025-06-01,Prayagraj,Truck,35.6,11,2768.0,287.0,102191.0,6.2,Clear,0,10.0,10.12,2165.0
SM103604,2025-12-04,Kanpur,Pickup,37.4,7,635.0,30.0,2513.0,5.0,Fog,0,8.0,8.22,864.0
SM102538,2025-07-13,Prayagraj,Pickup,62.3 km,5,414.0,43.0,5870.0,7.5,Clear,0,9.0,6.15,1069.0
SM102223,2025-06-04,Lucknow,Pickup,9.5,11,557.0,31.0,8478.0,8.0,Clear,0,8.0,4.95,589.0
SM101410,2025-01-23,prayagraj,Truck,14.7,9,3500.0,140.0,55895.0,5.8,Fog,0,9.0,9.35,1907.0
SM105015,2025-12-09,Lucknow,Mini Truck,13.8,5,1157.0,72.0,7152.0,5.7,Rain,1,6.0,7.39,814.0
SM104657,29/07/2025,Kanpur,Mini Truck,30.9,9,818.0,47.0,5138.0,6.9,Rain,0,8.0,7.8,1161.0
SM102776,2025-07-10,Varanasi,Mini Truck,33.0,5,1359.0,94.0,25958.0,7.4,Clear,0,8.0,6.79,1205.0
SM102768,2025-06-24,Prayagraj,Pickup,11.2 km,5,504.0,23.0,,99.0,Clear,0,6.0,4.27,356.0
SM102939,2025-03-03,Kanpur,Mini Truck,32.0,1,748.0,83.0,56161.0,6.7,Clear,0,6.0,4.47,853.0
SM102978,2025-04-14,Lucknow,Mini Truck,18.9,5,,87.0,14478.0,3.3,Clear,0,7.0,4.83,1011.0
SM100457,2025-08-20,Gorakhpur,Mini Truck,42.7,4,1163.0,68.0,7903.0,6.3,Clear,0,8.0,5.45,1186.0
SM105791,02/02/2025,Kanpur,Mini Truck,72.1,5,659.0,69.0,15342.0,4.6,Fog,0,9.0,8.39,1631.0
SM102304,2025-12-01,Lucknow,Pickup,49.1,5,531.0,23.0,4932.0,5.2,Fog,0,8.0,8.47,993.0
SM105108,2025-04-29,Varanasi,Mini Truck,20.0,6,551.0,32.0,2479.0,4.2,Clear,0,7.0,4.94,735.0
SM101381,2025-04-14,Prayagraj,Pickup,71.3,5,584.0,35.0,7987.0,6.0,Clear,0,9.0,7.38,1170.0
SM105502,2025-01-13,Lucknow,Truck,50.0,5,3749.0,168.0,52678.0,5.2,Fog,0,10.0,8.71,2526.0
SM102257,27/08/2025,Prayagraj,Mini Truck,54.5 km,7,,53.0,23449.0,6.2,Clear,0,9.0,8.08,1358.0
SM105128,2025-09-05,Varanasi,Truck,34.8,3,3217.0,150.0,77247.0,5.4,Rain,1,8.0,8.65,1989.0
SM100846,2025-02-27,Kanpur,Pickup,29.2,3,104.0,5.0,394.0,5.0,Clear,0,6.0,4.42,426.0
SM103811,2025-06-12,Prayagraj,Mini Truck,45.7,6,990.0,84.0,13961.0,5.8,Clear,0,8.0,5.65,1243.0
SM100779,2025-11-07, GORAKHPUR ,Mini Truck,106.7,4,850.0,36.0,14411.0,6.2,Clear,0,11.0,8.02,2162.0
SM105139,30/12/2025,Prayagraj,Mini Truck,114.1,10,1107.0,96.0,26991.0,1.1,Fog,0,13.0,12.43,2654.0
SM104015,2025-02-21,Gorakhpur,Truck,49.7,6,2157.0,98.0,19444.0,,Clear,0,9.0,6.94,2106.0
SM103690,2025-05-27,Prayagraj,Pickup,24.4,5,637.0,64.0,7280.0,4.0,Clear,0,7.0,5.2,759.0
SM105490,22/06/2025,Lucknow,Pickup,15.4,5,614.0,35.0,4047.0,6.0,Clear,0,6.0,5.5,629.0
SM104299,2025-02-04, VARANASI ,Mini Truck,25.2,7,844.0,38.0,15412.0,5.3,Fog,0,8.0,7.6,957.0
SM101751,2025-11-20,Varanasi,Truck,40.9,3,1011.0,41.0,11112.0,3.7,Clear,0,7.0,6.47,1414.0
SM102233,2025-02-20,Prayagraj,Mini Truck,14.6,7,1489.0,60.0,15888.0,6.2,Clear,0,7.0,5.93,1011.0
SM100214,2025-09-26,Lucknow,Pickup,19.5,6,,25.0,,7.1,Clear,0,7.0,6.36,583.0
SM102048,02/10/2025,Lucknow,Pickup,62.5,7,594.0,60.0,8611.0,6.2,Clear,1,9.0,9.19,1020.0
SM102358,2025-08-17,Prayagraj,Truck,19.5,10,3026.0,231.0,44476.0,4.5,Rain,0,9.0,9.53,1916.0
SM101777,2025-03-01,Lucknow,Pickup,61.2,7,,58.0,8110.0,5.0,Clear,0,9.0,6.78,1282.0
SM102619,2025-12-12,lucknow,Mini Truck,33.1,4,863.0,42.0,4522.0,5.4,Clear,0,7.0,6.38,985.0
SM104909,2025-08-17,Prayagraj,Mini Truck,27.8,8,1325.0,65.0,6715.0,7.8,Clear,0,8.0,8.02,1161.0
SM102539,2025-06-30,Lucknow,Pickup,22.0,5,386.0,37.0,16079.0,4.0,Clear,0,6.0,4.13,524.0
SM104492,2025-09-12,Kanpur,Truck,19.4,6,3914.0,396.0,111256.0,5.5,Rain,0,8.0,8.94,2129.0
SM101764,2025-07-30,Prayagraj,Pickup,82.2,5,361.0,16.0,5414.0,7.5,Rain,0,9.0,9.3,1077.0
SM102088,2025-04-22,Gorakhpur,Mini Truck,33.0,6,,54.0,5527.0,3.3,Rain,0,8.0,7.13,1074.0
SM105567,2025-05-09,Prayagraj,Mini Truck,22.8,6,1142.0,100.0,36266.0,6.2,Clear,0,7.0,5.92,986.0
SM103772,2025-07-12,Prayagraj,Truck,5.1,5,4305.0,241.0,28072.0,5.2,Fog,0,8.0,7.68,1787.0
SM103720,2025-08-22,Prayagraj,Truck,21.5,8,2930.0,149.0,37850.0,4.1,Rain,0,9.0,7.52,1839.0
SM102340,2025-06-04,Prayagraj,Pickup,31.5,4,709.0,78.0,17990.0,7.0,Clear,1,7.0,6.86,718.0
SM105981,2025-10-16,Varanasi,Mini Truck,30.9,6,836.0,100.0,29613.0,4.3,,0,7.0,6.42,966.0
SM101394,2025-03-20,Prayagraj,Pickup,41.4,5,448.0,25.0,5809.0,1.9,Clear,0,7.0,5.7,765.0
SM104431,2025-02-02,Varanasi,Truck,56.9,5,2443.0,276.0,150276.0,6.1,Clear,0,9.0,9.37,2437.0
SM103872,2025-11-12,Prayagraj,Mini Truck,11.6,1,417.0,40.0,10189.0,7.9,Clear,0,5.0,3.31,397.0
SM104680,29/04/2025,Gorakhpur,Pickup,73.7,7,309.0,37.0,7779.0,6.7,Clear,0,10.0,9.48,1197.0
SM105598,2025-10-02,Prayagraj,Truck,58.6,8,4118.0,453.0,37318.0,8.1,Clear,1,11.0,10.81,3072.0
SM104292,2025-06-29,Kanpur,Truck,34.9,7,3973.0,234.0,39812.0,4.0,Clear,0,10.0,7.17,2539.0
SM105005,2025-12-13,Varanasi,Mini Truck,48.4,7,911.0,105.0,13992.0,3.3,Clear,0,9.0,5.71,1407.0
SM102784,29/11/2025,Lucknow,Pickup,24.1,5,494.0,23.0,4961.0,4.0,Clear,0,7.0,4.2,755.0
SM103991,2025-10-03, LUCKNOW ,Truck,44.6,7,2454.0,109.0,10679.0,5.9,Clear,0,9.0,8.75,2258.0
SM104227,2025-08-12,Prayagraj,Pickup,18.0,9,515.0,42.0,14807.0,2.9,Clear,0,8.0,5.48,654.0
SM104775,2025-01-17,Prayagraj,Mini Truck,33.7,6,827.0,57.0,11805.0,6.3,Rain,0,8.0,6.86,1031.0
SM101287,2025-03-27,Lucknow,Mini Truck,35.5,6,1566.0,84.0,4140.0,5.1,Clear,0,8.0,6.52,1376.0
SM101026,2025-01-29,Varanasi,Truck,28.6,5,3065.0,127.0,65444.0,7.2,Fog,0,8.0,10.22,1920.0
SM105226,2025-04-24,Varanasi,Mini Truck,62.4,4,1278.0,62.0,13712.0,3.4,Rain,0,9.0,7.78,1622.0
SM103650,2025-02-13,Varanasi,Truck,20.0,7,3511.0,199.0,55484.0,5.9,Clear,0,9.0,7.71,2048.0
SM105304,2025-03-27,Kanpur,Mini Truck,16.1 km,8,749.0,30.0,3169.0,5.7,Clear,0,7.0,5.75,735.0
SM100501,2025-08-26,Varanasi,Truck,33.0,3,2499.0,214.0,29522.0,4.2,Rain,0,7.0,7.75,1835.0
SM104803,2025-10-17,Prayagraj,Truck,17.8,3,3686.0,378.0,45246.0,8.5,Clear,0,7.0,6.83,1867.0
SM104300,2025-04-11,Prayagraj,Mini Truck,22.3,3,1024.0,95.0,20041.0,6.1,Clear,0,6.0,4.26,764.0
SM103521,2025-05-02,Prayagraj,Pickup,12.7,3,722.0,73.0,44930.0,8.0,Clear,0,6.0,5.6,500.0
SM102478,2025-01-29,Varanasi,Mini Truck,51.3,7,,52.0,3893.0,9.3,Rain,0,9.0,9.8,1514.0
SM104103,2025-01-06,Lucknow,Mini Truck,32.5,8,,67.0,13376.0,4.5,,0,8.0,8.59,1089.0
SM102039,2025-06-14,Kanpur,Pickup,29.9,3,541.0,60.0,11867.0,5.7,Clear,0,6.0,6.46,622.0
SM104038,2025-04-22,Gorakhpur,Mini Truck,80.3,4,930.0,62.0,66616.0,7.5,Clear,1,9.0,9.99,1779.0
SM102435,2025-07-25,Lucknow,Mini Truck,17.0,6,1497.0,79.0,19851.0,7.8,Clear,0,7.0,4.98,
SM102977,2025-11-24,Prayagraj,Mini Truck,26.2,9,673.0,41.0,7309.0,5.6,Clear,0,8.0,7.07,1012.0
SM100881,07/11/2025,Gorakhpur,Truck,54.9,4,3327.0,255.0,29376.0,3.9,Clear,0,9.0,8.05,2618.0
SM104315,2025-04-11,Lucknow,Truck,25.9,5,2441.0,286.0,79188.0,6.4,Fog,0,8.0,8.78,1697.0
SM101685,2025-07-09, PRAYAGRAJ ,Pickup,45.5,8,246.0,20.0,2513.0,,Rain,0,9.0,8.46,913.0
SM102236,2025-04-02,Lucknow,Pickup,33.8,10,686.0,49.0,16258.0,4.7,Fog,0,9.0,7.64,838.0
SM104140,2025-09-23,Prayagraj,Mini Truck,20.4,9,1361.0,113.0,51314.0,8.0,Rain,0,8.0,8.3,1137.0
SM100367,2025-04-26,Varanasi,Pickup,16.3,10,560.0,43.0,13784.0,6.5,Fog,0,8.0,7.99,778.0
SM102332,2025-04-08,Lucknow,Mini Truck,38.1,7,1320.0,72.0,18097.0,6.9,Clear,0,8.0,7.66,1323.0
SM103663,2025-12-18,Kanpur,Mini Truck,28.0,3,1809.0,78.0,8384.0,4.6,Fog,0,7.0,6.73,1088.0
SM101515,2025-12-06,Prayagraj,Pickup,31.3,6,615.0,33.0,6797.0,5.9,Fog,0,7.0,7.46,808.0
SM102438,2025-11-05,Gorakhpur,Pickup,66.2,7,153.0,8.0,2891.0,6.3,Clear,1,9.0,8.84,1083.0
SM104800,2025-08-12,Lucknow,Pickup,15.5,6,321.0,13.0,7604.0,4.6,Clear,0,6.0,4.57,405.0
SM100566,2025-03-25,Kanpur,Mini Truck,22.7,8,,148.0,24042.0,4.5,Clear,0,8.0,7.08,1134.0
SM101206,2025-07-08,Lucknow,Mini Truck,20.6,9,1229.0,61.0,13698.0,7.3,Clear,0,8.0,6.37,1162.0
SM105650,2025-12-06,Prayagraj,Mini Truck,27.7,3,1262.0,79.0,31003.0,6.1,Clear,0,7.0,4.24,959.0
SM104852,2025-02-08,Varanasi,Pickup,24.7,6,498.0,21.0,7735.0,1.7,Clear,0,7.0,4.15,632.0
SM101892,2025-11-17,Prayagraj,Truck,77.3,6,2974.0,120.0,48172.0,8.8,Fog,0,11.0,12.08,3059.0
SM105810,2025-09-01, KANPUR ,Pickup,250.0,8,,25.0,3264.0,5.2,Rain,0,8.0,8.02,637.0
SM102161,2025-03-31,Gorakhpur,Pickup,90.6,8,537.0,65.0,25815.0,5.1,Clear,1,11.0,9.46,1450.0
SM100507,2025-04-01,Kanpur,Pickup,42.5,3,228.0,12.0,1350.0,6.7,Clear,0,7.0,4.95,705.0
SM102313,2025-01-20,Varanasi,Pickup,26.4,8,321.0,24.0,5763.0,5.9,Clear,0,8.0,6.47,575.0
SM104053,2025-10-23,Prayagraj,Mini Truck,38.9,6,1576.0,110.0,30147.0,5.8,Clear,1,8.0,6.91,1309.0
SM101558,2025-12-30,Lucknow,Mini Truck,21.2,7,1399.0,70.0,13028.0,5.7,Fog,0,8.0,7.64,1078.0
SM100098,2025-08-21,Lucknow,Mini Truck,17.8,9,1590.0,67.0,13959.0,6.8,Rain,0,8.0,8.16,1226.0
SM101513,2025-05-01,Lucknow,Mini Truck,13.7,6,1472.0,123.0,41992.0,5.7,Clear,0,7.0,5.06,869.0
SM105876,2025-11-30,Kanpur,Pickup,59.0,4,244.0,14.0,1548.0,5.5,Clear,0,8.0,96.0,833.0
SM104393,2025-01-25,Kanpur,Mini Truck,36.3,7,633.0,39.0,6829.0,6.8,Fog,0,8.0,7.54,992.0
SM100667,2025-11-11,Lucknow,Truck,11.6,4,3695.0,273.0,83190.0,6.1,Clear,0,7.0,6.22,1652.0
SM100858,2025-09-02,Varanasi,Pickup,,6,628.0,41.0,,5.1,Rain,0,7.0,5.66,718.0
SM104329,2025-11-17,Prayagraj,Mini Truck,74.3,8,1512.0,65.0,19339.0,6.1,Rain,0,11.0,9.57,1964.0
SM103710,2025-05-12,Lucknow,Mini Truck,20.4,4,841.0,39.0,10506.0,7.1,Clear,0,6.0,5.14,762.0
SM105229,2025-04-09,Varanasi,Pickup,24.9,4,414.0,22.0,5744.0,3.1,Clear,0,6.0,4.49,600.0
SM103886,2025-01-31,Prayagraj,Mini Truck,74.7,4,1217.0,90.0,20910.0,5.4,Clear,0,9.0,9.2,1795.0
SM105218,2025-01-19,prayagraj,Mini Truck,4.3,6,1538.0,100.0,57918.0,3.7,Fog,0,7.0,6.03,946.0
SM104477,2025-05-15,Lucknow,Pickup,18.1,8,328.0,18.0,7175.0,6.7,Clear,0,7.0,6.59,592.0
SM102379,2025-08-27,Kanpur,Pickup,25.2,7,390.0,22.0,2147.0,5.3,Clear,0,7.0,6.06,773.0
SM100299,2025-01-08,Lucknow,Pickup,40.8,6,494.0,22.0,5825.0,4.8,Fog,0,8.0,6.55,905.0
SM103329,2025-12-01,Lucknow,Mini Truck,28.4,2,1577.0,111.0,13360.0,5.2,Fog,0,6.0,7.0,1065.0
SM101790,2025-08-02,Prayagraj,Truck,36.4,9,3736.0,329.0,51212.0,3.6,Clear,0,10.0,8.6,2529.0
SM102452,2025-02-04,Kanpur,Pickup,22.4,4,222.0,11.0,1371.0,6.9,Rain,0,6.0,5.78,471.0
SM101463,2025-01-19,Gorakhpur,Pickup,41.7,8,466.0,56.0,9135.0,5.9,Clear,0,8.0,8.1,915.0
SM103105,2025-04-21,Gorakhpur,Mini Truck,46.0,7,1012.0,41.0,4180.0,6.4,Clear,0,9.0,6.6,1291.0
SM105140,18/05/2025,Prayagraj,Mini Truck,40.8,5,689.0,34.0,10229.0,7.9,Clear,0,8.0,7.56,1008.0
SM103069,2025-01-26,Lucknow,Pickup,15.0,6,282.0,15.0,3448.0,4.1,Clear,0,6.0,4.29,414.0
SM103836,2025-03-13,Lucknow,Pickup,16.2,6,629.0,68.0,16149.0,4.9,Clear,0,7.0,5.73,569.0
SM104287,2025-10-22,Lucknow,Pickup,26.0,6,557.0,27.0,8151.0,7.2,Clear,1,7.0,7.07,803.0
SM101273,2025-09-04,Kanpur,Pickup,20.8,5,467.0,49.0,12786.0,4.9,Clear,0,6.0,4.64,495.0
SM105905,2025-02-24,Lucknow,Pickup,50.2,4,417.0,39.0,5296.0,6.7,Clear,0,8.0,7.1,
SM101454,2025-07-28,Varanasi,Pickup,35.8,8,,8.0,1263.0,5.5,Rain,0,8.0,6.95,784.0
SM104862,2025-11-22,Lucknow,Pickup,31.2,7,509.0,21.0,11369.0,99.0,Clear,0,8.0,6.28,865.0
SM104172,2025-07-04,Kanpur,Mini Truck,19.3,5,634.0,34.0,15692.0,4.8,Rain,1,6.0,8.14,731.0
SM105685,2025-06-09,Lucknow,Pickup,57.5,9,464.0,24.0,6381.0,6.0,Clear,0,10.0,8.03,1117.0
SM101884,14/08/2025,Kanpur,Pickup,30.2,7,549.0,50.0,20751.0,4.9,Rain,0,8.0,7.41,794.0
SM102851,2025-05-23,Kanpur,Pickup,31.2,7,560.0,28.0,6872.0,5.1,Clear,0,8.0,6.12,761.0
SM100556,2025-09-26,Prayagraj,Pickup,30.2,6,457.0,51.0,4096.0,5.6,Rain,0,7.0,6.3,855.0
SM103909,2025-11-27,Prayagraj,Truck,27.2,5,2360.0,274.0,73950.0,7.0,Clear,0,8.0,7.49,1675.0
SM102863,2025-08-12,Kanpur,Mini Truck,16.2,5,1165.0,125.0,39112.0,5.0,Rain,0,7.0,6.52,738.0
SM100993,2025-06-07,Prayagraj,Truck,30.6,8,2375.0,120.0,13041.0,5.1,Clear,0,9.0,8.07,1906.0
SM104571,2025-02-04,Gorakhpur,Pickup,95.4,2,484.0,22.0,3802.0,3.4,Clear,0,9.0,6.96,1227.0
SM103530,2025-05-19,Lucknow,Truck,15.4 km,8,2473.0,102.0,14848.0,7.0,Clear,0,8.0,7.72,1460.0
SM101034,2025-01-25,Lucknow,Truck,27.3,9,4653.0,449.0,104881.0,6.5,Fog,0,10.0,11.76,2719.0
SM104969,2025-10-25,Lucknow,Mini Truck,23.0,8,1274.0,156.0,19527.0,7.5,Clear,0,8.0,6.82,1164.0
SM104992,2025-12-28,Lucknow,Mini Truck,42.2,4,764.0,67.0,8574.0,6.8,Fog,0,7.0,8.13,1081.0
SM104331,2025-04-09,Gorakhpur,Pickup,53.0,8,512.0,37.0,5992.0,9.0,Clear,0,9.0,7.69,1051.0
SM102354,2025-04-23, GORAKHPUR ,Truck,50.9,6,3782.0,330.0,86383.0,6.9,Clear,0,10.0,9.39,2796.0
SM104668,2025-09-26,Varanasi,Truck,54.1,8,3866.0,172.0,17124.0,5.5,Rain,0,11.0,10.79,2912.0
SM103979,2025-02-24,Varanasi,Pickup,31.5,11,263.0,29.0,4656.0,5.2,Clear,0,9.0,6.62,877.0
SM102722,2025-02-11,Lucknow,Pickup,17.6,3,303.0,16.0,2353.0,7.4,Rain,0,6.0,5.61,351.0
SM100934,2025-06-11,Prayagraj,Mini Truck,40.7,7,1029.0,58.0,,99.0,Clear,0,8.0,7.53,1349.0
SM105262,2025-08-03,Kanpur,Pickup,53.5,8,452.0,47.0,50085.0,4.2,Rain,0,9.0,8.63,1050.0
SM100700,2025-07-09,Gorakhpur,Mini Truck,151.2,8,1102.0,52.0,9637.0,6.2,Rain,0,14.0,13.66,3053.0
SM104449,2025-11-24,Prayagraj,Pickup,21.8,7,314.0,16.0,2354.0,7.4,Fog,0,7.0,8.03,
SM101132,2025-10-17,Prayagraj,Mini Truck,22.9,8,1344.0,55.0,19715.0,5.2,Clear,0,8.0,6.29,1031.0
SM102588,2025-12-21,Prayagraj,Truck,48.1,5,2479.0,108.0,16973.0,4.3,Rain,0,9.0,8.0,2127.0
SM102064,2025-08-04,Gorakhpur,Pickup,58.7,10,583.0,45.0,19550.0,2.9,Rain,0,10.0,8.27,1154.0
SM102010,2025-07-01,lucknow,Pickup,27.9,5,519.0,49.0,9159.0,6.7,Rain,0,7.0,6.67,663.0
SM102139,2025-05-27,Kanpur,Pickup,17.2,3,271.0,16.0,3781.0,4.7,Fog,0,6.0,5.73,219.0
SM100850,2025-12-24,Prayagraj,Truck,41.7,8,4077.0,181.0,80707.0,4.3,Rain,0,10.0,8.15,2691.0
SM105029,2025-03-26,Varanasi,Pickup,24.8,8,641.0,38.0,7535.0,6.4,Rain,0,8.0,7.31,784.0
SM100524,27/04/2025, PRAYAGRAJ ,Mini Truck,40.8,5,1454.0,100.0,15375.0,,Rain,0,8.0,7.1,1324.0
SM104066,2025-11-08,Varanasi,Truck,46.0,2,3877.0,198.0,25171.0,4.9,Rain,0,8.0,7.64,2518.0
SM105999,2025-02-05, VARANASI ,Pickup,51.2,10,645.0,32.0,25281.0,5.0,Rain,0,10.0,9.31,1155.0
SM103655,2025-06-25,Prayagraj,Mini Truck,20.9,6,1436.0,94.0,26441.0,4.8,Clear,0,7.0,5.49,978.0
SM102990,16/06/2025,Lucknow,Mini Truck,54.8,5,1531.0,106.0,24453.0,6.5,Clear,0,9.0,8.07,1632.0
SM103375,2025-07-04,Lucknow,Mini Truck,36.1,5,1229.0,124.0,39019.0,4.1,Rain,0,8.0,6.7,1249.0
SM100005,2025-11-10,Kanpur,Mini Truck,40.1,7,1258.0,76.0,823238.8963911815,4.9,Clear,0,8.0,6.68,1197.0
SM102331,2025-11-11,Kanpur,Pickup,49.5,7,336.0,20.0,3151.0,6.9,Clear,0,8.0,7.09,914.0
SM103505,2025-11-21,Lucknow,Pickup,46.6,8,363.0,36.0,4397.0,7.3,Clear,0,9.0,7.02,894.0
SM104251,2025-05-21,Prayagraj,Mini Truck,33.6,4,1412.0,110.0,23537.0,7.9,Clear,0,7.0,5.92,1197.0
SM100616,2025-04-02,Prayagraj,Truck,56.2,6,2318.0,143.0,13424.0,7.7,Clear,0,9.0,8.15,2496.0
SM100575,2025-05-17,Prayagraj,Pickup,36.0,5,442.0,44.0,12411.0,4.2,Clear,0,7.0,5.36,659.0
SM100976,2025-02-04,Lucknow,Mini Truck,12.7,5,1333.0,84.0,15078.0,5.7,Clear,0,7.0,5.33,905.0
SM100639,2025-12-13,Varanasi,Truck,102.9,9,2738.0,152.0,69200.0,2.9,Clear,0,13.0,10.69,3727.0
SM104421,2025-12-31,Lucknow,Truck,30.0,7,2281.0,163.0,75006.0,6.6,Fog,0,8.0,8.53,1773.0
SM101662,09/03/2025,prayagraj,Pickup,32.6,3,204.0,10.0,2267.0,4.0,Clear,0,6.0,4.2,590.0
SM101840,2025-06-05,Kanpur,Truck,17.4,12,2617.0,105.0,18833.0,7.4,Clear,0,10.0,9.85,1778.0
SM104167,2025-03-08,Lucknow,Mini Truck,43.3,8,1465.0,94.0,10578.0,3.1,Clear,0,9.0,6.51,1530.0
SM101807,2025-06-25,Varanasi,Truck,44.8,2,3535.0,151.0,8547.0,8.9,Clear,0,8.0,8.58,
SM100288,2025-07-17,Lucknow,Pickup,23.2,4,93.0,5.0,992.0,5.2,Rain,0,6.0,4.83,366.0
SM100513,2025-10-26,Gorakhpur,Truck,25.6,6,2152.0,135.0,29103.0,5.9,Clear,0,8.0,7.27,1590.0
SM104888,2025-05-04,Varanasi,Mini Truck,29.9,8,1769.0,185.0,50151.0,3.5,Clear,0,9.0,5.81,1400.0
SM100987,2025-04-26,Prayagraj,Pickup,33.1,6,436.0,19.0,4033.0,7.1,Clear,0,7.0,7.08,645.0
SM100432,2025-10-29,Gorakhpur,Mini Truck,10.0,9,1438.0,76.0,16526.0,7.2,Clear,0,8.0,7.61,1046.0
SM100588,2025-11-02,Kanpur,Mini Truck,49.8,4,1424.0,74.0,19541.0,3.8,Clear,0,8.0,6.98,1438.0
SM103977,27/12/2025, LUCKNOW ,Mini Truck,44.1,9,875.0,67.0,12045.0,4.6,Clear,0,9.0,6.9,1370.0
SM102378,2025-12-27,Lucknow,Pickup,38.9,4,381.0,22.0,11725.0,6.4,Clear,0,7.0,5.28,757.0
SM102842,2025-10-06,Lucknow,Mini Truck,48.2,4,1636.0,126.0,20365.0,6.7,Rain,0,8.0,7.79,1387.0
SM100847,2025-01-19,Varanasi,Truck,70.1,10,2329.0,100.0,31855.0,6.2,Rain,0,11.0,11.55,2781.0
SM102128,2025-01-24,Gorakhpur,Pickup,45.0,7,333.0,21.0,3466.0,5.2,Clear,0,8.0,5.99,935.0
SM103988,2025-06-01,Lucknow,Pickup,,9,516.0,34.0,4323.0,3.1,Rain,0,8.0,5.39,813.0
SM100062,2025-05-14,Lucknow,Mini Truck,23.6,5,1197.0,49.0,7923.0,4.0,Rain,0,7.0,6.74,989.0
SM103539,2025-10-29,Kanpur,Truck,20.6,8,1782.0,90.0,42651.0,5.0,Clear,0,8.0,7.42,1351.0
SM103390,2025-04-03,Lucknow,Truck,23.3,5,3044.0,228.0,47133.0,4.9,Clear,1,8.0,7.27,1866.0
SM105431,2025-03-24,Lucknow,Mini Truck,32.8,7,1532.0,85.0,9879.0,5.8,Clear,1,8.0,8.85,1312.0
SM105923,2025-12-20,Prayagraj,Mini Truck,34.8,7,1152.0,92.0,8506.0,3.3,Clear,0,8.0,6.4,1230.0
SM100108,2025-06-22,lucknow,Mini Truck,32.7,3,1215.0,49.0,13560.0,7.0,Clear,0,7.0,6.06,1038.0
SM100517,2025-01-25,Lucknow,Mini Truck,20.8,6,902.0,75.0,11590.0,6.6,Clear,0,7.0,6.78,892.0
SM104281,2025-11-23,Lucknow,Mini Truck,41.3,4,1658.0,111.0,14638.0,3.6,Clear,0,8.0,4.84,1457.0
SM102019,2025-06-18,Prayagraj,Mini Truck,22.5,5,695.0,32.0,8247.0,7.9,Clear,0,7.0,6.32,828.0
SM105705,2025-10-25,Prayagraj,Mini Truck,58.9,6,1871.0,229.0,72273.0,4.6,Clear,0,9.0,7.73,1910.0
SM101377,2025-10-02,Lucknow,Pickup,48.0,3,168.0,14.0,5045.0,5.5,Clear,1,7.0,7.31,650.0
SM102275,2025-06-05,Kanpur,Mini Truck,37.0,7,800.0,37.0,3912.0,3.6,Clear,0,8.0,6.01,1065.0
SM102334,2025-07-21,Prayagraj,Mini Truck,68.1,6,1071.0,91.0,15117.0,9.5,Rain,0,9.0,11.18,1551.0
SM105887,2025-03-03, VARANASI ,Truck,43.8,5,825.0,35.0,2597.0,2.7,Clear,0,8.0,6.26,1564.0
SM105943,2025-08-26,Kanpur,Truck,19.4,7,3234.0,391.0,76952.0,3.1,Rain,0,8.0,6.63,1836.0
SM103844,2025-12-03,Varanasi,Truck,29.6,9,3181.0,190.0,41672.0,7.0,Fog,0,10.0,10.6,
SM105002,2025-08-17,Lucknow,Pickup,32.3,4,504.0,57.0,17593.0,3.1,Rain,0,7.0,5.55,648.0
SM102756,19/11/2025,Lucknow,Pickup,22.2,6,440.0,29.0,8405.0,5.1,Clear,0,7.0,5.08,589.0
SM104050,2025-04-29,Gorakhpur,Truck,,8,1727.0,111.0,20064.0,7.5,Clear,0,8.0,6.75,1220.0
SM105760,2025-02-15,Varanasi,Pickup,12.3,6,510.0,37.0,1136.0,5.3,Clear,0,6.0,4.78,576.0
SM105385,2025-11-16,Prayagraj,Mini Truck,20.1,5,983.0,84.0,46467.0,2.1,Rain,0,7.0,5.41,809.0
SM105954,2025-09-06,Prayagraj,Mini Truck,66.0,6,1126.0,47.0,14599.0,7.1,Clear,0,9.0,7.95,
SM104493,06/04/2025,Lucknow,Pickup,25.5,5,526.0,38.0,8296.0,6.0,Clear,0,7.0,4.85,662.0
SM101169,2025-12-01,Prayagraj,Truck,,5,2667.0,168.0,42183.0,5.5,Clear,0,8.0,7.82,2049.0
SM103272,2025-08-27,Varanasi,Mini Truck,27.5,4,1737.0,101.0,20754.0,5.9,Rain,0,7.0,8.01,1220.0
SM103701,2025-03-26,Varanasi,Pickup,56.5,9,463.0,21.0,4608.0,5.4,Clear,0,10.0,6.85,1117.0
SM100348,2025-03-07,Kanpur,Mini Truck,13.9,11,893.0,64.0,8392.0,5.5,,0,8.0,8.01,930.0
SM101953,2025-06-19,Gorakhpur,Truck,56.0,6,1941.0,226.0,85906.0,1.9,Clear,0,9.0,7.75,2151.0
SM101652,2025-01-19,Lucknow,Mini Truck,28.3,8,1358.0,76.0,22509.0,3.7,Clear,0,8.0,6.26,1235.0
SM104236,2025-12-11,Prayagraj,Mini Truck,36.4,4,1397.0,62.0,12529.0,,Fog,0,7.0,7.02,1235.0
SM104177,2025-09-19,Gorakhpur,Pickup,80.2,7,341.0,18.0,5362.0,4.9,Clear,0,10.0,7.65,1292.0
SM100701,2025-08-13,Lucknow,Mini Truck,32.2,6,1432.0,77.0,15003.0,7.2,Rain,0,8.0,6.73,1359.0
SM102049,2025-08-29,Gorakhpur,Pickup,112.5,6,316.0,15.0,1457.0,5.4,Rain,0,11.0,10.89,1639.0
SM101745,2025-12-24,Lucknow,Truck,23.5,5,4073.0,250.0,82403.0,4.7,Fog,0,8.0,9.4,2310.0
SM102579,2025-07-27,Kanpur,Mini Truck,40.7,6,1113.0,86.0,20579.0,1.5,Rain,0,8.0,7.14,1273.0
SM100686,2025-05-29,prayagraj,Mini Truck,10.5,6,1275.0,94.0,29549.0,6.7,Clear,0,7.0,4.76,844.0
SM102839,2025-12-21,Lucknow,Pickup,27.1,8,714.0,35.0,4166.0,6.9,Clear,0,8.0,7.7,824.0
SM101534,2025-10-26,Prayagraj,Mini Truck,19.6,3,1065.0,61.0,9056.0,4.8,Rain,0,6.0,5.58,751.0
SM104754,2025-03-19,Prayagraj,Truck,24.3,4,3590.0,303.0,91389.0,6.6,Clear,0,8.0,7.0,1919.0
SM102271,2025-04-27,kanpur,Truck,70.2,5,3998.0,209.0,18913.0,4.8,Clear,0,11.0,9.04,3286.0
SM104189,2025-11-25,Varanasi,Mini Truck,33.8,5,1273.0,118.0,29339.0,3.4,Clear,0,8.0,5.68,1205.0
SM103786,2025-03-06,Prayagraj,Pickup,33.0,5,294.0,14.0,3264.0,8.1,Clear,0,7.0,6.85,629.0
SM102463,2025-08-02,Kanpur,Pickup,44.1,5,541.0,37.0,8409.0,3.1,Rain,0,8.0,7.09,884.0
SM100643,2025-06-25,Lucknow,Truck,,10,2704.0,122.0,14359.0,6.8,Clear,0,11.0,9.81,2559.0
SM104995,2025-03-19,Prayagraj,Mini Truck,24.4 km,12,1426.0,95.0,17975.0,4.7,Clear,0,9.0,7.32,1273.0
SM103210,2025-12-17,Lucknow,Mini Truck,95.0,2,121.0,9.0,1954.0,6.2,Clear,0,5.0,3.63,279.0
SM101163,2025-07-13,Prayagraj,Pickup,19.2,5,385.0,31.0,6087.0,2.3,Rain,0,6.0,5.51,413.0
SM103680,2025-09-16,Varanasi,Mini Truck,43.1,8,1249.0,92.0,27823.0,4.3,Rain,0,9.0,7.47,1376.0
SM101019,2025-02-12,Kanpur,Pickup,19.9,6,453.0,25.0,2734.0,6.3,Clear,0,7.0,5.15,541.0
SM105501,24/03/2025,Kanpur,Pickup,24.7,5,376.0,27.0,6830.0,3.0,Clear,0,7.0,5.58,577.0
SM104735,2025-06-02,Prayagraj,Truck,76.5,2,3307.0,159.0,30397.0,7.1,Clear,1,10.0,9.16,
SM101669,2025-09-22,Lucknow,Mini Truck,12.9,11,858.0,55.0,22401.0,6.7,Rain,0,8.0,6.89,819.0
SM101847,2025-07-17,Varanasi,Truck,34.9,8,3575.0,306.0,89029.0,7.3,Rain,0,10.0,10.8,2421.0
SM104215,2025-12-29,Lucknow,Truck,10.8,1,2112.0,156.0,31110.0,8.4,Rain,0,6.0,5.91,1055.0
SM103004,2025-09-15,Lucknow,Pickup,,5,300.0,19.0,2662.0,7.7,Rain,0,6.0,6.42,414.0
SM101691,2025-11-21,Lucknow,Mini Truck,46.8,3,1019.0,44.0,6559.0,9.0,Clear,0,7.0,8.02,1322.0
SM104760,2025-12-20,Prayagraj,Mini Truck,41.5,5,571.0,37.0,6417.0,4.8,Clear,0,8.0,5.74,1083.0
SM100054,2025-07-01,Varanasi,Pickup,67.6,5,310.0,16.0,5920.0,9.4,Clear,0,9.0,8.65,915.0
SM103282,2025-12-20,Prayagraj,Mini Truck,33.4,6,1315.0,100.0,31013.0,8.9,Fog,0,8.0,7.69,1106.0
SM100094,2025-11-24,Allahabad,Pickup,8.6,10,706.0,61.0,11337.0,7.5,Clear,0,8.0,7.16,596.0
SM103678,2025-07-16,Lucknow,Truck,24.1,6,2131.0,88.0,43290.0,7.8,Clear,0,8.0,7.87,1422.0
SM102600,2025-11-12,Varanasi,Mini Truck,22.5,5,1455.0,66.0,17425.0,8.7,Rain,0,7.0,7.38,979.0
SM103644,2025-12-17,Varanasi,Mini Truck,56.4,6,1104.0,45.0,5509.0,1.2,Fog,0,9.0,8.43,1520.0
SM101933,14/12/2025,Lucknow,Mini Truck,65.8,5,1829.0,121.0,36942.0,5.5,Clear,0,9.0,7.39,
SM101271,2025-02-09,Prayagraj,Mini Truck,69.7,6,1219.0,61.0,19272.0,4.9,Rain,0,10.0,9.08,1633.0
SM103127,2025-11-28,Lucknow,Mini Truck,59.4,4,1433.0,119.0,32054.0,7.2,Clear,0,9.0,9.11,1605.0
SM101074,2025-06-20,Lucknow,Mini Truck,8.6,4,1591.0,173.0,19534.0,6.5,Clear,0,6.0,3.49,760.0
SM104951,2025-01-19,Varanasi,Mini Truck,12.8,7,1496.0,120.0,34192.0,6.1,Clear,0,7.0,6.25,1071.0
SM105759,2025-01-01, LUCKNOW ,Mini Truck,31.3,6,527.0,40.0,823238.8963911815,4.0,Fog,0,7.0,8.04,958.0
SM103243,2025-07-09,Kanpur,Mini Truck,14.0,7,727.0,39.0,15172.0,5.3,Clear,0,7.0,5.53,656.0
SM105274,2025-08-13,Lucknow,Pickup,17.6,7,411.0,19.0,5437.0,6.2,Clear,0,7.0,6.14,658.0
SM102142,2025-12-18,Prayagraj,Mini Truck,11.2,7,798.0,57.0,7264.0,6.0,Clear,0,7.0,5.74,639.0
SM101615,2025-03-05,prayagraj,Truck,34.2,5,2096.0,99.0,17252.0,6.3,Rain,0,8.0,9.63,1781.0
SM105862,2025-07-30,Kanpur,Truck,27.6,11,1950.0,119.0,33530.0,5.4,,0,9.0,7.56,1799.0
SM102781,2025-12-08,Gorakhpur,Pickup,36.3,5,323.0,13.0,1714.0,5.3,Fog,0,7.0,8.2,645.0
SM101958,2025-08-30, PRAYAGRAJ ,Pickup,,6,230.0,25.0,4994.0,5.6,Rain,0,9.0,7.51,910.0
SM104469,2025-10-01, VARANASI ,Truck,99.3,7,3055.0,153.0,22937.0,7.6,Clear,0,12.0,11.86,3760.0
SM104295,2025-12-29,Gorakhpur,Pickup,67.0,6,549.0,26.0,5818.0,4.9,Fog,0,9.0,9.18,1027.0
SM105034,2025-01-08,Lucknow,Pickup,17.7,6,272.0,13.0,1481.0,3.2,Rain,0,7.0,5.7,404.0
SM101581,2025-03-20,Kanpur,Truck,21.4,7,2654.0,113.0,11763.0,7.2,Clear,0,8.0,6.77,1700.0
SM100349,2025-03-02,Prayagraj,Mini Truck,30.9,7,1007.0,107.0,33920.0,6.5,Rain,0,8.0,7.79,1194.0
SM104160,2025-05-28,Varanasi,Mini Truck,36.5,9,1195.0,54.0,15160.0,5.4,Clear,0,9.0,8.72,1321.0
SM105022,2025-09-07,Gorakhpur,Mini Truck,34.3,11,748.0,92.0,24441.0,5.5,Clear,0,9.0,7.98,1142.0
SM102847,2025-05-22,Lucknow,Mini Truck,17.7,6,1636.0,77.0,16398.0,3.6,Clear,0,7.0,5.09,1016.0
SM100244,2025-08-18,Lucknow,Mini Truck,8.5,8,774.0,83.0,12141.0,3.8,Rain,0,7.0,6.03,633.0
SM100959,31/05/2025,Prayagraj,Pickup,53.4,5,471.0,22.0,3904.0,3.9,Clear,0,8.0,6.13,936.0
SM100434,2025-06-08,Lucknow,Mini Truck,46.1,11,532.0,51.0,14135.0,4.5,Clear,0,10.0,7.92,1279.0
SM103414,07/08/2025,Varanasi,Pickup,67.2,6,466.0,46.0,16910.0,4.4,Rain,0,9.0,8.01,1098.0
SM102721,2025-09-01,Lucknow,Truck,32.8,7,1554.0,79.0,25959.0,5.7,Rain,0,8.0,8.86,1515.0
SM101676,2025-02-24,Lucknow,Truck,268.0,6,1709.0,72.0,24336.0,4.6,Clear,0,8.0,6.11,1502.0
SM102527,13/12/2025,Lucknow,Pickup,43.7,6,549.0,67.0,9550.0,5.6,Clear,0,8.0,6.53,819.0
SM104573,2025-11-21,Prayagraj,Truck,8.9,4,3933.0,248.0,43779.0,4.4,Clear,0,7.0,6.0,1744.0
SM104827,2025-07-16,Lucknow,Mini Truck,35.5,7,845.0,80.0,11824.0,6.5,Rain,0,8.0,8.21,1081.0
SM103532,2025-01-23,Varanasi,Pickup,84.7,6,356.0,17.0,,4.3,Fog,0,10.0,10.36,1185.0
SM102912,2025-06-22,Varanasi,Mini Truck,42.3,8,526.0,29.0,3383.0,4.5,Clear,0,9.0,5.39,1104.0
SM100711,2025-07-10,Kanpur,Mini Truck,33.0,7,1240.0,119.0,14428.0,4.7,Rain,0,8.0,96.0,1159.0
SM102197,2025-11-11,Prayagraj,Pickup,52.7,5,721.0,35.0,9413.0,5.1,Clear,0,8.0,6.91,1024.0
SM102408,19/06/2025,Lucknow,Mini Truck,18.9,6,889.0,36.0,8634.0,6.4,Clear,0,7.0,5.05,919.0
SM100495,2025-05-31,Kanpur,Truck,19.2,10,2161.0,103.0,38734.0,2.4,Rain,0,9.0,7.64,1555.0
SM100600,2025-08-13,Prayagraj,Truck,22.0,5,2959.0,358.0,117409.0,1.0,Clear,0,8.0,7.39,1797.0
SM102967,2025-03-25,Prayagraj,Truck,60.3 km,5,2965.0,147.0,33159.0,,Clear,0,10.0,8.95,2738.0
SM105558,2025-07-12,Prayagraj,Pickup,38.5,4,429.0,20.0,7825.0,4.3,Rain,0,7.0,5.71,775.0
SM100840,2025-04-16,varanasi,Mini Truck,63.5,7,587.0,52.0,17605.0,5.4,Clear,0,9.0,6.88,1533.0
SM101929,2025-12-14,Prayagraj,Mini Truck,32.7,4,1300.0,88.0,11283.0,4.1,Clear,0,7.0,5.04,1183.0
SM101766,2025-07-04,Varanasi,Mini Truck,79.6,9,1231.0,64.0,19663.0,,Rain,0,11.0,10.77,2011.0
SM102414,16/05/2025,Kanpur,Pickup,17.8,5,385.0,40.0,6074.0,6.5,Clear,0,6.0,5.18,457.0
SM105616,2025-10-19,Varanasi,Mini Truck,,7,1159.0,129.0,29685.0,1.2,Clear,0,9.0,6.26,1299.0
SM100906,2025-05-31,Kanpur,Mini Truck,30.8,8,575.0,54.0,16025.0,2.7,Clear,0,8.0,4.68,876.0
SM104224,2025-10-13,Varanasi,Mini Truck,62.1,7,668.0,46.0,5825.0,4.6,Clear,0,9.0,7.46,1553.0
SM105574,2025-09-18,Gorakhpur,Mini Truck,58.5,4,688.0,30.0,7052.0,5.6,Clear,0,8.0,6.67,1277.0
SM101537,2025-02-10,Kanpur,Pickup,31.6,5,369.0,19.0,1717.0,,Fog,0,7.0,6.93,632.0
SM102927,2025-04-28,Kanpur,Pickup,14.6,7,557.0,39.0,5963.0,8.2,Rain,0,7.0,7.38,638.0
SM105694,2025-08-03,Kanpur,Mini Truck,13.8,8,1101.0,118.0,14900.0,5.1,Rain,0,7.0,6.79,955.0
SM103373,2025-07-03,Varanasi,Mini Truck,47.7,5,1242.0,56.0,12238.0,7.8,Clear,0,8.0,6.08,1342.0
SM100563,2025-03-08,Lucknow,Pickup,60.1,2,363.0,15.0,4675.0,3.5,Clear,0,7.0,5.6,803.0
SM104873,2025-08-03,lucknow,Pickup,34.5,3,579.0,33.0,3927.0,2.9,Clear,0,7.0,3.67,721.0
SM104903,2025-09-20,Varanasi,Pickup,13.6,6,663.0,34.0,7630.0,5.6,Rain,0,7.0,6.3,497.0
SM104117,2025-02-17,Varanasi,Pickup,90.6,4,638.0,28.0,9413.0,5.8,Clear,0,10.0,8.67,1482.0
SM102011,24/05/2025,Varanasi,Mini Truck,28.7,9,1148.0,52.0,15488.0,7.7,Clear,0,8.0,7.6,1168.0
SM103406,2025-05-10,Gorakhpur,Mini Truck,21.3,3,796.0,33.0,6702.0,5.1,Clear,0,6.0,3.95,656.0
SM100596,2025-07-31,Kanpur,Mini Truck,40.6,6,1352.0,56.0,10020.0,8.1,Rain,0,8.0,8.52,1317.0
SM100940,2025-09-10,Lucknow,Truck,59.1,4,3145.0,272.0,53334.0,6.4,Rain,0,9.0,10.64,2652.0
SM105947,2025-12-06,Kanpur,Pickup,29.8,3,332.0,29.0,3352.0,1.7,Fog,0,6.0,6.18,527.0
SM102418,2025-04-16,Lucknow,Truck,20.6,5,3597.0,265.0,32980.0,4.9,Clear,0,8.0,7.41,1870.0
SM104691,2025-01-25,Prayagraj,Pickup,47.2,5,525.0,30.0,4836.0,5.4,Rain,0,8.0,7.11,976.0
SM104929,2025-03-22,Varanasi,Pickup,30.2,5,448.0,27.0,10676.0,7.6,Clear,0,7.0,6.03,811.0
SM100839,2025-11-29,Prayagraj,Truck,36.2,12,1024.0,54.0,51437.0,4.4,Clear,0,10.0,7.55,1638.0
SM100344,2025-11-27,Allahabad,Truck,22.2,9,3293.0,289.0,47964.0,10.0,Clear,0,9.0,9.39,1958.0
SM105248,2025-11-25,Prayagraj,Pickup,32.2,4,649.0,47.0,11283.0,5.5,Clear,0,7.0,4.79,763.0
SM102458,2025-06-23,Lucknow,Truck,27.0,1,2593.0,233.0,93096.0,3.6,Clear,0,7.0,3.97,1655.0
SM100778,2025-04-09,Kanpur,Mini Truck,15.7,6,1208.0,99.0,19711.0,3.9,Clear,0,7.0,5.2,942.0
SM104524,2025-10-20,Lucknow,Truck,6.2,5,2507.0,197.0,20205.0,7.6,Clear,1,7.0,8.47,1155.0
SM102514,2025-02-07,Lucknow,Truck,,4,3608.0,209.0,47405.0,4.6,Clear,0,8.0,7.64,2182.0
SM105311,2025-12-05,Prayagraj,Pickup,337.0,4,496.0,26.0,5876.0,5.1,Fog,0,7.0,5.43,738.0
SM100857,2025-01-21,Prayagraj,Pickup,56.7,8,441.0,25.0,,5.8,Rain,0,9.0,8.42,1063.0
SM104157,2025-04-21,Gorakhpur,Truck,134.9,7,3845.0,201.0,13786.0,5.0,Rain,0,15.0,13.86,4845.0
SM103230,2025-11-03,Gorakhpur,Pickup,33.8,6,447.0,30.0,7317.0,7.3,Clear,0,7.0,6.08,659.0
SM103866,2025-07-10,Prayagraj,Truck,34.1,9,1964.0,130.0,14307.0,7.9,Rain,0,9.0,9.34,1733.0
SM105898,2025-08-26,Prayagraj,Pickup,32.8,5,276.0,12.0,3603.0,5.6,Rain,0,7.0,7.19,560.0
SM105497,2025-07-01,Gorakhpur,Mini Truck,36.7,6,1040.0,61.0,9056.0,7.9,Clear,0,8.0,7.46,1181.0
SM104281,2025-11-23,Lucknow,Mini Truck,41.3,4,1658.0,111.0,14638.0,3.6,Clear,0,8.0,4.84,1457.0
SM100726,2025-09-21,Gorakhpur,Mini Truck,46.4,8,1474.0,71.0,40359.0,8.5,Rain,0,9.0,9.83,1555.0
SM105269,2025-07-10,Prayagraj,Pickup,12.2,5,633.0,68.0,10818.0,5.1,Rain,0,6.0,6.03,544.0
SM105235,2025-11-11,Lucknow,Pickup,47.0,5,334.0,19.0,2892.0,5.6,Clear,0,8.0,6.03,669.0
SM105367,2025-08-01,kanpur,Truck,20.0,2,3712.0,208.0,26345.0,4.5,Rain,0,7.0,6.87,1792.0
SM105919,2025-11-30,Kanpur,Pickup,31.0,11,486.0,45.0,6311.0,4.2,Clear,0,9.0,7.02,925.0
SM101791,2025-11-18,Lucknow,Pickup,28.2,7,592.0,30.0,4486.0,2.7,Clear,0,8.0,5.11,749.0
SM100275,2025-06-26,Kanpur,Truck,25.3,3,1595.0,84.0,14325.0,6.8,Clear,0,7.0,5.43,1193.0
SM101991,2025-06-09,Kanpur,Truck,22.8,3,2379.0,103.0,18918.0,,Clear,0,7.0,5.65,1452.0
SM103071,2025-06-25,Lucknow,Pickup,20.0,9,432.0,20.0,2175.0,7.7,Clear,0,8.0,6.75,763.0
SM102596,2025-07-02,Gorakhpur,Mini Truck,45.3,8,992.0,48.0,6411.0,3.4,Clear,0,9.0,6.03,1471.0
SM104751,2025-02-24,Lucknow,Truck,13.4,6,2976.0,145.0,80056.0,5.3,Rain,0,8.0,7.16,1567.0
SM103771,2025-05-01,Varanasi,Truck,47.2,9,1872.0,146.0,38114.0,7.1,Clear,0,10.0,8.57,2096.0
SM101554,2025-06-17,Lucknow,Mini Truck,44.4,4,1370.0,81.0,11432.0,7.5,Clear,0,8.0,7.24,1277.0
SM105703,2025-06-07,Prayagraj,Truck,75.2,5,3165.0,127.0,52697.0,5.5,Clear,0,11.0,10.68,3075.0
SM101102,2025-12-02,Varanasi,Pickup,81.7,5,610.0,28.0,10222.0,7.3,Fog,0,10.0,9.51,1341.0
SM100329,2025-07-22,Lucknow,Pickup,22.0,7,459.0,42.0,11565.0,7.9,Rain,0,7.0,6.63,587.0
SM101947,2025-12-01,Kanpur,Pickup,29.9,6,533.0,23.0,3283.0,7.8,Clear,0,7.0,5.77,777.0
SM103234,2025-07-28,Prayagraj,Pickup,11.4,5,234.0,24.0,4316.0,3.6,Clear,0,6.0,3.69,224.0
SM104795,2025-03-11,Kanpur,Pickup,15.8,8,697.0,57.0,9963.0,2.4,Clear,0,7.0,5.31,761.0
SM105391,2025-03-02,Prayagraj,Pickup,14.3,3,685.0,31.0,8358.0,4.4,Clear,0,6.0,4.05,516.0
SM102661,2025-10-10,Lucknow,Pickup,9.7,8,632.0,54.0,24528.0,6.0,Rain,0,7.0,7.58,682.0
SM102253,2025-07-02,Kanpur,Mini Truck,31.8,5,1211.0,62.0,13524.0,5.5,Rain,0,7.0,6.65,1087.0
SM104067,2025-06-03,Gorakhpur,Mini Truck,36.9,6,1130.0,59.0,7398.0,5.3,Clear,0,8.0,6.68,1180.0
SM105911,2025-05-03,Prayagraj,Mini Truck,16.6,6,1553.0,149.0,36310.0,5.3,Clear,0,7.0,5.39,1003.0
SM100996,2025-07-12,Lucknow,Truck,23.0,4,3857.0,164.0,,5.1,Rain,0,8.0,8.32,2018.0
SM103468,2025-07-11,Gorakhpur,Mini Truck,30.6,3,535.0,59.0,10823.0,4.4,Clear,0,6.0,5.74,780.0
SM105037,2025-07-20,Prayagraj,Pickup,78.0,8,422.0,18.0,5365.0,5.0,Clear,0,10.0,8.8,1306.0
SM100796,2025-12-20,Varanasi,Pickup,88.3,4,452.0,40.0,5101.0,5.1,Clear,0,10.0,7.95,1202.0
SM100123,2025-06-21,Allahabad,Mini Truck,13.1,2,1849.0,99.0,16372.0,5.3,Clear,0,6.0,4.52,982.0
SM101759,2025-08-01,Gorakhpur,Pickup,70.2,2,,27.0,4533.0,3.3,Clear,0,8.0,5.44,1110.0
SM103794,2025-11-22,Varanasi,Mini Truck,17.0,7,1460.0,113.0,20274.0,6.4,Clear,0,7.0,6.42,1007.0
SM101993,2025-08-22,Prayagraj,Mini Truck,27.9,3,1194.0,132.0,16826.0,5.3,Clear,0,7.0,4.88,1028.0
SM104200,2025-09-05,Prayagraj,Mini Truck,85.3,9,1786.0,100.0,26518.0,8.1,Rain,1,12.0,11.93,2290.0
SM105426,29/10/2025,Kanpur,Pickup,12.4,7,695.0,31.0,2631.0,4.3,Clear,0,7.0,5.46,711.0
SM102327,2025-03-03,Gorakhpur,Pickup,45.3,3,411.0,20.0,3475.0,3.6,Clear,0,7.0,4.19,687.0
SM102181,2025-03-29, PRAYAGRAJ ,Pickup,33.6,4,572.0,61.0,9731.0,5.4,Rain,0,7.0,5.73,799.0
SM104625,2025-05-21,lucknow,Truck,10.7,5,2880.0,235.0,29419.0,4.3,Clear,0,7.0,96.0,1501.0
SM102274,2025-03-06,Prayagraj,Mini Truck,46.9,2,799.0,53.0,6724.0,5.7,Clear,0,7.0,4.91,1038.0
SM104249,2025-05-19,Varanasi,Mini Truck,15.5,4,,31.0,823238.8963911815,8.0,Clear,0,6.0,5.83,562.0
SM105187,2025-02-15,Prayagraj,Truck,43.8,3,3164.0,165.0,,6.4,Clear,0,8.0,6.58,2246.0
SM103938,2025-09-21,Lucknow,Truck,40.3,3,2283.0,103.0,10150.0,6.3,Clear,0,8.0,5.3,1846.0
SM105780,2025-03-12,Varanasi,Pickup,25.0,2,527.0,43.0,13404.0,6.6,Clear,0,6.0,4.81,470.0
SM101051,2025-05-14,varanasi,Pickup,70.2,2,170.0,8.0,621.0,6.8,,0,8.0,7.41,935.0
SM105348,2025-04-23,Lucknow,Pickup,27.4,4,510.0,28.0,7511.0,9.7,Clear,0,7.0,5.52,571.0
SM105652,2025-01-21,Gorakhpur,Pickup,46.7,1,537.0,26.0,3964.0,5.7,Fog,0,7.0,7.35,823.0
SM103865,2025-10-11,Prayagraj,Pickup,32.8,6,475.0,33.0,8648.0,5.7,Clear,0,7.0,6.03,798.0
SM102984,2025-09-20,Varanasi,Pickup,55.8,5,696.0,35.0,4655.0,4.9,Clear,0,8.0,6.09,1040.0
SM102343,2025-09-27,Varanasi,Truck,41.8,7,1617.0,86.0,17562.0,5.9,Rain,0,9.0,8.24,1743.0
SM104808,2025-05-23,Gorakhpur,Pickup,51.2,5,530.0,53.0,5691.0,6.4,Clear,0,8.0,7.17,935.0
SM100610,2025-11-01,Varanasi,Pickup,44.9,4,646.0,32.0,10867.0,5.5,Clear,0,7.0,6.43,789.0
SM101936,2025-05-16,Prayagraj,Pickup,24.9,5,630.0,31.0,16866.0,6.0,Clear,0,7.0,6.52,727.0
SM103571,04/11/2025,Varanasi,Pickup,45.8,6,417.0,36.0,5061.0,7.2,Clear,0,8.0,7.0,958.0
SM103670,2025-02-22,Prayagraj,Truck,23.8,7,4579.0,253.0,66257.0,4.1,Clear,0,9.0,7.8,2325.0
SM100560,2025-07-15,Varanasi,Truck,45.6,6,2880.0,341.0,23739.0,6.6,Clear,0,9.0,9.21,2330.0
SM100910,2025-10-09,Prayagraj,Pickup,27.2,3,296.0,18.0,2757.0,7.0,Clear,0,6.0,4.78,502.0
SM102653,17/05/2025,Prayagraj,Mini Truck,18.7,9,1237.0,113.0,19395.0,4.4,Clear,0,8.0,6.66,1073.0
SM100717,2025-06-29,Kanpur,Pickup,34.2,5,353.0,24.0,7326.0,5.6,Clear,0,7.0,4.84,782.0
SM103426,2025-06-25,Lucknow,Truck,18.8,7,2300.0,107.0,23959.0,3.9,Clear,0,8.0,6.37,1557.0
SM103215,2025-04-07,Lucknow,Pickup,40.6,6,607.0,40.0,3618.0,5.1,Clear,0,8.0,6.57,799.0
SM102097,2025-11-11,Varanasi,Pickup,42.8,6,476.0,39.0,38729.0,5.3,Clear,0,8.0,5.56,905.0
SM105757,2025-07-13,Lucknow,Mini Truck,23.3,7,1413.0,69.0,11576.0,4.9,Rain,0,8.0,8.33,1086.0
SM105009,2025-04-12, VARANASI ,Mini Truck,42.1,8,426.0,22.0,5805.0,6.4,Fog,0,8.0,8.56,1048.0
SM101814,2025-11-19,Prayagraj,Mini Truck,43.5,9,1266.0,143.0,57873.0,6.0,Clear,0,9.0,8.28,1460.0
SM103341,2025-04-22,Gorakhpur,Mini Truck,56.8,6,1748.0,157.0,93718.0,6.0,Clear,0,9.0,7.69,1610.0
SM103721,01/08/2025,Prayagraj,Mini Truck,33.3,2,1447.0,81.0,32795.0,6.8,Rain,0,7.0,6.18,1228.0
SM104029,2025-06-01,Gorakhpur,Mini Truck,22.5,6,957.0,117.0,34039.0,5.8,Clear,0,7.0,5.72,811.0
SM104464,2025-06-12,Gorakhpur,Truck,84.9,2,,147.0,24020.0,5.7,Rain,0,9.0,9.33,2676.0
SM101447,2025-12-17, PRAYAGRAJ ,Pickup,26.5,7,305.0,36.0,8735.0,6.2,Rain,0,7.0,6.97,710.0
SM105655,2025-03-22,Lucknow,Mini Truck,26.3,9,1683.0,136.0,35321.0,5.1,Clear,0,9.0,6.59,
SM104058,2025-03-16,varanasi,Pickup,52.7,8,459.0,52.0,14368.0,1.9,Rain,0,9.0,5.94,1104.0
SM105021,2025-06-18,Lucknow,Mini Truck,67.8,2,1169.0,49.0,5201.0,6.1,Clear,0,8.0,5.69,1664.0
SM104683,2025-01-26,Kanpur,Truck,55.1,6,3701.0,327.0,41931.0,6.5,Rain,1,10.0,11.54,2879.0
SM103388,2025-04-16,Gorakhpur,Mini Truck,77.6,6,836.0,36.0,823238.8963911815,6.2,Rain,0,10.0,9.25,1716.0
SM100100,2025-10-31, GORAKHPUR ,Pickup,68.5,4,714.0,32.0,12271.0,7.3,Clear,0,9.0,7.83,1187.0
SM102902,2025-11-12,Lucknow,Pickup,,5,306.0,27.0,11076.0,4.3,Clear,0,6.0,3.86,424.0
SM105345,2025-05-26,Prayagraj,Mini Truck,42.8,3,1031.0,52.0,,4.6,Clear,0,7.0,5.64,1193.0
SM104654,2025-02-14,Lucknow,Truck,19.3,7,3338.0,147.0,12559.0,6.8,Clear,0,8.0,7.79,
SM103974,2025-02-04,Varanasi,Pickup,98.0,5,414.0,27.0,16929.0,4.8,Clear,0,10.0,9.18,1310.0
SM101162,2025-11-06,Kanpur,Pickup,27.0,3,268.0,16.0,2931.0,4.6,Clear,0,6.0,3.86,460.0
SM103888,2025-02-20,Varanasi,Mini Truck,45.0,1,1677.0,69.0,10719.0,5.8,Clear,0,7.0,5.66,1345.0
SM103978,2025-07-17,Kanpur,Mini Truck,47.3,3,1367.0,57.0,11460.0,5.6,Rain,0,8.0,6.63,1338.0
SM104582,2025-03-02,Lucknow,Mini Truck,18.2,10,1230.0,62.0,11230.0,8.0,Rain,1,8.0,9.7,1099.0
SM103828,2025-09-06,Varanasi,Truck,79.1,11,3019.0,128.0,49273.0,5.0,Rain,0,13.0,14.04,3316.0
SM103761,2025-07-04,Varanasi,Mini Truck,59.9,6,1353.0,78.0,43335.0,6.6,Rain,0,9.0,8.63,1718.0
SM100210,2025-04-06,Allahabad,Pickup,21.6,7,519.0,27.0,3977.0,6.3,Clear,0,7.0,5.92,684.0
SM103972,2025-02-15,Lucknow,Mini Truck,,8,1458.0,116.0,27738.0,4.1,Clear,0,9.0,7.31,1474.0
SM104949,2025-05-15,Gorakhpur,Truck,26.4,4,4731.0,338.0,110556.0,6.0,Clear,0,9.0,7.8,2388.0
SM105197,2025-12-11,Lucknow,Pickup,46.3,9,400.0,20.0,5403.0,7.2,Clear,0,9.0,7.01,900.0
SM102605,2025-10-03,Varanasi,Pickup,26.8,6,757.0,34.0,5473.0,3.2,Clear,0,7.0,5.73,857.0
SM104150,2025-05-01,Varanasi,Mini Truck,27.2,7,1063.0,68.0,19177.0,4.8,Clear,0,8.0,6.59,1014.0
SM104994,23/08/2025,Lucknow,Pickup,24.0,4,-390.0,18.0,2329.0,7.2,Clear,0,6.0,5.83,480.0
SM102420,2025-04-05,Prayagraj,Mini Truck,20.3,7,204.0,18.0,5956.0,6.6,Rain,0,7.0,6.93,677.0
SM104893,2025-01-18,Lucknow,Mini Truck,,4,1048.0,63.0,20730.0,2.5,Fog,0,6.0,4.83,680.0
SM101005,2025-12-03,lucknow,Mini Truck,15.1,7,892.0,84.0,6979.0,4.5,Clear,0,7.0,5.24,841.0
SM101240,2025-07-05,Kanpur,Truck,47.7,8,3886.0,197.0,20836.0,5.5,Clear,0,10.0,8.84,2755.0
SM104796,2025-07-03,Lucknow,Mini Truck,33.8,2,1438.0,89.0,8717.0,4.4,Clear,0,7.0,4.58,1066.0
SM104595,2025-01-16,Gorakhpur,Pickup,30.3,8,520.0,42.0,9679.0,5.9,Fog,0,8.0,9.34,863.0
SM104424,2025-04-25,Kanpur,Pickup,46.4,8,345.0,29.0,5890.0,3.0,Clear,0,9.0,6.42,957.0
SM102471,2025-02-06,Lucknow,Mini Truck,19.5,8,1800.0,94.0,30032.0,3.7,Clear,0,8.0,7.63,1317.0
SM102901,2025-10-20,Lucknow,Mini Truck,17.0,6,1500.0,96.0,16786.0,6.1,Clear,1,7.0,6.57,1113.0
SM105975,2025-07-20,Lucknow,Pickup,28.3,3,193.0,24.0,1488.0,6.5,Clear,0,6.0,5.07,470.0
SM101914,2025-04-30,prayagraj,Mini Truck,50.1,7,1173.0,99.0,15493.0,4.9,Clear,0,9.0,7.86,1399.0
SM103196,2025-03-24,Kanpur,Truck,41.6,4,1029.0,45.0,14924.0,2.9,Rain,0,7.0,5.19,1487.0
SM104457,2025-01-15,Kanpur,Mini Truck,30.4,7,840.0,83.0,22611.0,5.3,Clear,0,8.0,5.74,1065.0
SM104711,2025-10-18,Kanpur,Truck,24.3,9,2696.0,115.0,16605.0,3.6,Rain,0,9.0,7.46,1839.0
SM100372,2025-05-30, KANPUR ,Truck,33.7,4,3823.0,177.0,37318.0,5.0,Clear,0,8.0,6.93,2367.0
SM104126,2025-01-17,Prayagraj,Mini Truck,27.3,13,783.0,64.0,27311.0,5.3,Rain,0,10.0,8.05,1261.0
SM103984,2025-11-10,Prayagraj,Truck,,5,1638.0,85.0,19175.0,5.4,Clear,0,7.0,6.13,1042.0
SM105486,2025-03-19,Gorakhpur,Truck,56.0,8,2539.0,104.0,53192.0,6.1,Clear,0,10.0,8.98,2494.0
SM103370,2025-12-27,Gorakhpur,Pickup,35.4,4,516.0,34.0,9695.0,6.5,Fog,0,7.0,7.55,695.0
SM104410,2025-02-14, KANPUR ,Mini Truck,63.5,11,990.0,60.0,5723.0,5.4,Clear,0,11.0,8.26,1778.0
SM105609,2025-02-13,Lucknow,Mini Truck,23.1,4,,22.0,2096.0,8.0,Clear,0,6.0,4.34,666.0
SM102193,2025-03-21,Varanasi,Mini Truck,26.1,5,1065.0,78.0,7709.0,10.0,Fog,0,7.0,8.98,
SM100834,2025-11-08,Prayagraj,Truck,39.2,4,2944.0,203.0,65871.0,3.5,Clear,0,8.0,7.27,2184.0
SM104785,2025-05-12,Gorakhpur,Pickup,51.4,1,351.0,21.0,3200.0,7.7,Clear,0,7.0,5.8,753.0
SM104476,2025-12-09,Prayagraj,Truck,45.0,6,3858.0,247.0,28983.0,5.5,Clear,0,10.0,7.93,2537.0
SM102403,2025-07-21,Lucknow,Mini Truck,29.9,7,831.0,41.0,10707.0,5.3,Clear,0,8.0,6.62,968.0
SM104124,2025-10-15,Prayagraj,Pickup,50.9,4,392.0,33.0,4988.0,3.9,Clear,0,8.0,6.31,768.0
SM105073,2025-10-13,Prayagraj,Mini Truck,44.2,6,1392.0,109.0,12947.0,5.5,Clear,1,8.0,8.2,1383.0
SM103239,2025-01-15,Varanasi,Mini Truck,15.3,6,1676.0,126.0,9209.0,6.1,Clear,0,7.0,5.59,1017.0
SM102416,2025-08-15,Lucknow,Pickup,16.5,5,391.0,19.0,7430.0,2.7,Rain,0,6.0,5.37,572.0
SM104560,2025-06-28,Gorakhpur,Pickup,39.3,8,297.0,20.0,2316.0,4.8,Clear,0,8.0,5.91,718.0
SM100205,2025-04-08,Allahabad,Pickup,18.0,9,464.0,37.0,11795.0,5.9,Clear,0,8.0,6.37,665.0
SM105498,28/12/2025,Varanasi,Mini Truck,52.1,7,1545.0,86.0,11964.0,4.2,Clear,0,9.0,6.52,1671.0
SM101006,07/11/2025,Prayagraj,Truck,53.4,3,3762.0,180.0,43356.0,6.6,Clear,0,9.0,5.84,2703.0
SM105265,2025-11-21,Gorakhpur,Mini Truck,44.0,7,787.0,40.0,2728.0,5.1,Rain,0,8.0,7.97,1197.0
SM103385,2025-04-01,Kanpur,Pickup,,5,444.0,24.0,6752.0,6.0,Clear,0,6.0,4.7,557.0
SM104538,2025-11-01,Lucknow,Pickup,13.9,3,419.0,20.0,5283.0,6.0,Clear,0,5.0,5.3,420.0
SM104507,03/08/2025,Kanpur,Mini Truck,13.6,6,1362.0,98.0,9270.0,5.8,Clear,0,7.0,5.37,719.0
SM101586,2025-10-28,prayagraj,Truck,63.7,8,3207.0,177.0,32254.0,5.2,Clear,0,11.0,8.78,2977.0
SM103353,2025-09-23,Prayagraj,Mini Truck,47.8,4,795.0,95.0,44861.0,6.8,Clear,0,8.0,5.52,1172.0
SM105557,2025-04-05,Kanpur,Pickup,27.9 km,8,311.0,13.0,2543.0,3.6,Clear,0,8.0,5.48,780.0
SM100951,22/04/2025,Gorakhpur,Mini Truck,23.5,4,1635.0,136.0,32481.0,6.0,Clear,0,7.0,5.68,1107.0
SM105907,2025-11-30, KANPUR ,Pickup,26.0,4,420.0,41.0,9906.0,7.5,Fog,0,6.0,6.67,577.0
SM105444,2025-04-02,Kanpur,Truck,38.8,15,,79.0,19881.0,6.4,Clear,0,11.0,10.61,1859.0
SM101494,2025-05-30,Lucknow,Pickup,14.6,6,384.0,18.0,6261.0,5.7,Clear,0,6.0,5.61,609.0
SM105388,2025-07-01,Prayagraj,Mini Truck,16.7,3,1202.0,55.0,7623.0,4.3,Clear,0,6.0,4.95,785.0
SM102993,2025-11-09,Gorakhpur,Mini Truck,11.6,9,1799.0,126.0,54537.0,4.3,Clear,0,8.0,5.74,1150.0
SM102304,2025-12-01,Lucknow,Pickup,49.1,5,531.0,23.0,4932.0,5.2,Fog,0,8.0,8.47,993.0
SM104556,2025-02-26,prayagraj,Pickup,63.3,8,568.0,29.0,4712.0,5.9,Clear,0,10.0,8.77,1242.0
SM101483,10/02/2025,Lucknow,Pickup,37.8,3,676.0,30.0,5785.0,,Clear,0,7.0,4.84,723.0
SM105934,2025-11-02,Kanpur,Mini Truck,21.6,2,1384.0,76.0,8868.0,4.9,Clear,0,6.0,4.97,872.0
SM103876,11/09/2025,Lucknow,Truck,49.6,5,2857.0,128.0,28442.0,5.9,Clear,0,9.0,8.85,2344.0
SM103112,2025-01-22, LUCKNOW ,Mini Truck,,5,1605.0,73.0,19406.0,10.0,Clear,0,7.0,6.57,1042.0
SM103183,2025-01-22,Varanasi,Mini Truck,52.3,8,,23.0,3931.0,5.6,Fog,0,9.0,10.06,1276.0
SM102905,2025-11-12,Gorakhpur,Pickup,28.7,10,458.0,24.0,4344.0,7.6,Clear,0,8.0,7.52,837.0
SM100057,2025-02-26,Lucknow,Truck,34.0,1,1124.0,65.0,10504.0,7.8,Clear,0,6.0,4.76,1043.0
SM101352,2025-06-30,Varanasi,Truck,44.2,8,4173.0,273.0,53104.0,3.6,Clear,0,10.0,9.33,2750.0
SM105153,12/09/2025, GORAKHPUR ,Mini Truck,30.7,2,638.0,65.0,6540.0,5.4,Rain,0,6.0,4.79,856.0
SM103382,2025-12-17,Varanasi,Mini Truck,64.6,2,605.0,43.0,7229.0,4.4,Clear,0,8.0,5.29,1369.0
SM103532,2025-01-23,Varanasi,Pickup,84.7,6,356.0,17.0,,4.3,Fog,0,10.0,10.36,1185.0
SM104364,2025-07-31, LUCKNOW ,Pickup,56.9,9,395.0,27.0,4852.0,7.4,Clear,1,10.0,9.94,1090.0
SM102040,2025-04-16,Lucknow,Truck,30.3,5,1961.0,209.0,29716.0,6.9,Clear,0,8.0,7.18,1573.0
SM104351,2025-07-26,Lucknow,Mini Truck,26.2,2,1461.0,94.0,17141.0,,Rain,0,6.0,6.85,945.0
SM105450,2025-04-03,Gorakhpur,Truck,154.9,10,2655.0,176.0,52327.0,6.7,Rain,0,16.0,15.38,5093.0
SM100646,2025-06-18,Prayagraj,Pickup,33.4,8,520.0,63.0,12428.0,4.6,Clear,0,8.0,6.6,803.0
SM102255,2025-09-08,Kanpur,Truck,30.2 km,7,1223.0,98.0,42602.0,5.5,Rain,0,8.0,8.39,1452.0
SM102582,17/04/2025,Prayagraj,Truck,30.2,4,3498.0,189.0,51824.0,5.9,Clear,0,8.0,7.79,2178.0
SM101626,2025-07-30,Kanpur,Truck,41.8,12,1825.0,106.0,19637.0,4.1,Rain,0,10.0,9.47,2161.0
SM105695,2025-01-24,Prayagraj,Truck,42.3,5,3776.0,407.0,143428.0,6.0,Fog,0,9.0,9.54,2424.0
SM102285,2025-10-31,Lucknow,Truck,26.7,8,3102.0,362.0,54803.0,5.5,Fog,0,9.0,9.4,1944.0
SM102038,2025-12-27,Gorakhpur,Pickup,76.9,3,424.0,41.0,2759.0,3.8,Clear,0,9.0,6.14,1120.0
SM104429,2025-12-03,Gorakhpur,Pickup,31.0,8,560.0,38.0,27081.0,5.9,Fog,0,8.0,8.44,825.0
SM101637,2025-08-15,Varanasi,Mini Truck,47.0,4,705.0,37.0,5928.0,6.5,Rain,0,8.0,7.82,1148.0
SM102754,2025-12-28,Lucknow,Truck,10.7,8,2058.0,90.0,14258.0,7.3,Clear,0,8.0,6.52,1290.0
SM105509,2025-11-18,Kanpur,Pickup,73.7,5,542.0,43.0,3620.0,3.4,Clear,0,9.0,7.38,1168.0
SM104941,2025-06-12,Prayagraj,Truck,56.5,5,1922.0,97.0,29310.0,3.0,Clear,0,9.0,6.6,2104.0
SM102023,2025-08-07,Varanasi,Truck,44.9,7,2324.0,113.0,18642.0,5.3,Clear,0,9.0,8.65,2011.0
SM105236,2025-07-23,Gorakhpur,Mini Truck,75.3,6,1311.0,108.0,15696.0,7.8,Clear,1,10.0,10.18,1953.0
SM103883,2025-06-16,Kanpur,Truck,14.0,8,2321.0,121.0,29573.0,4.1,Clear,0,8.0,6.9,1455.0
SM101296,2025-04-06,Prayagraj,Mini Truck,52.3,5,1442.0,76.0,14307.0,6.1,Clear,0,9.0,7.44,1535.0
SM105202,2025-11-02,Lucknow,Mini Truck,51.4,4,611.0,31.0,3323.0,6.3,Clear,0,8.0,6.41,1025.0
SM100203,2025-09-13,Varanasi,Mini Truck,77.9,8,1133.0,98.0,21141.0,4.4,Clear,0,11.0,8.48,1847.0
SM104192,2025-09-28,Varanasi,Mini Truck,355.0,5,680.0,33.0,3349.0,4.4,Rain,0,7.0,6.98,968.0
SM100518,2025-06-23,Varanasi,Pickup,55.3,4,549.0,55.0,16041.0,5.3,Clear,0,8.0,7.16,978.0
SM104365,2025-11-02,Lucknow,Pickup,8.9,8,563.0,25.0,3321.0,5.5,Clear,0,7.0,6.26,629.0
SM105839,2025-09-16,Varanasi,Mini Truck,21.7,6,1169.0,56.0,15448.0,5.8,Rain,0,7.0,6.66,950.0
SM102787,2025-01-22,Kanpur,Mini Truck,37.2,3,1638.0,89.0,14980.0,6.1,Clear,0,7.0,6.48,1325.0
SM104075,2025-01-09,Prayagraj,Truck,,7,3404.0,171.0,39036.0,4.0,Clear,0,9.0,7.92,2073.0
SM101885,2025-03-07,Kanpur,Mini Truck,27.0,6,1169.0,47.0,6944.0,6.7,,0,7.0,6.93,1029.0
SM103485,2025-01-10,Gorakhpur,Mini Truck,55.9,5,1302.0,57.0,13823.0,7.5,,0,9.0,9.45,1540.0
SM101077,02/03/2025,Varanasi,Mini Truck,99.7,4,363.0,36.0,8825.0,4.8,Clear,0,10.0,9.23,1944.0
SM102685,2025-06-25,Lucknow,Mini Truck,21.1,7,,32.0,6961.0,3.3,Clear,0,7.0,5.68,708.0
SM100877,2025-09-29,Gorakhpur,Mini Truck,78.2,8,1106.0,59.0,36504.0,8.2,Rain,0,11.0,9.64,2019.0
SM102971,2025-01-19, LUCKNOW ,Pickup,26.5,5,474.0,26.0,6450.0,5.4,Rain,0,7.0,7.15,701.0
SM102501,2025-02-06,Prayagraj,Mini Truck,27.0,4,1717.0,70.0,9079.0,3.9,Clear,0,7.0,5.59,1269.0
SM101971,2025-12-03,Lucknow,Pickup,64.6,5,632.0,52.0,11754.0,7.6,Rain,0,9.0,8.52,1126.0
SM103078,2025-03-17,Lucknow,Pickup,57.0,10,590.0,34.0,3216.0,6.6,Clear,0,10.0,7.43,1145.0
SM105569,2025-03-21,Kanpur,Mini Truck,16.1,9,891.0,40.0,16933.0,5.6,Clear,0,8.0,6.39,823.0
SM102031,2025-03-06, KANPUR ,Pickup,8.4,6,572.0,24.0,3485.0,8.6,Clear,0,6.0,5.34,522.0
SM101988,2025-03-18,Gorakhpur,Mini Truck,91.8,4,1427.0,66.0,11356.0,6.4,Clear,0,10.0,8.39,2073.0
SM102336,2025-06-15, VARANASI ,Mini Truck,45.1,4,386.0,29.0,12027.0,3.1,Rain,0,7.0,5.4,1010.0
SM103840,2025-11-15,Varanasi,Truck,62.0,6,3032.0,181.0,14496.0,3.1,Clear,0,10.0,8.73,2670.0
SM104471,2025-11-16,Kanpur,Pickup,,4,333.0,17.0,3744.0,5.8,Rain,0,6.0,5.85,571.0
SM104985,2025-01-19,Lucknow,Mini Truck,16.6,6,954.0,68.0,5657.0,9.7,,0,7.0,6.61,872.0
SM101357,2025-02-19,Prayagraj,Mini Truck,34.1,7,945.0,40.0,4537.0,6.0,Clear,0,8.0,6.53,1101.0
SM102651,2025-11-17,Prayagraj,Truck,44.8,13,1919.0,105.0,19893.0,5.3,Rain,0,11.0,11.13,2232.0
SM100016,2025-07-07,Gorakhpur,Truck,41.1,3,3889.0,173.0,41670.0,5.3,Rain,0,9.0,7.53,2451.0
SM102318,2025-11-07,Prayagraj,Mini Truck,7.1,4,733.0,51.0,8140.0,4.6,Rain,0,6.0,4.93,522.0
SM102625,31/07/2025,Varanasi,Mini Truck,53.4,5,972.0,118.0,57819.0,5.5,Rain,0,8.0,9.08,1367.0
SM102461,2025-03-20,Lucknow,Pickup,23.3 km,9,355.0,16.0,3155.0,8.0,Clear,0,8.0,6.79,685.0
SM104137,2025-04-05,Lucknow,Pickup,25.4,7,459.0,57.0,31013.0,2.8,Rain,0,7.0,6.46,708.0
SM100761,2025-07-21,Prayagraj,Pickup,27.1,4,642.0,60.0,16347.0,5.4,Clear,0,7.0,6.15,740.0
SM103953,2025-06-19,Varanasi,Truck,41.7,5,3019.0,152.0,20918.0,4.0,Clear,0,9.0,6.68,2231.0
SM101061,2025-09-08,Varanasi,Truck,10.1,6,1617.0,107.0,46485.0,6.9,Clear,0,7.0,6.32,1084.0
SM101577,2025-10-19,Lucknow,Pickup,,1,289.0,32.0,5750.0,3.3,Clear,0,5.0,3.05,369.0
SM105864,2025-11-30,lucknow,Mini Truck,65.0,4,683.0,53.0,68034.0,7.7,Clear,0,8.0,7.02,1385.0
SM105042,2025-05-26,Kanpur,Mini Truck,27.9,3,922.0,37.0,4292.0,6.2,Clear,0,6.0,4.93,949.0
SM104574,17/09/2025,Lucknow,Mini Truck,45.9,1,1355.0,119.0,42498.0,4.6,Rain,0,7.0,7.59,1151.0
SM100190,2025-09-07,Lucknow,Truck,23.8,7,2840.0,195.0,107309.0,6.2,Rain,0,8.0,8.42,1753.0
SM101998,2025-04-13,Prayagraj,Mini Truck,25.8,6,958.0,58.0,30078.0,5.3,Clear,0,7.0,6.08,
SM100462,2025-10-01,Lucknow,Mini Truck,24.5,5,969.0,46.0,3927.0,6.0,Clear,1,7.0,6.49,863.0
SM100484,2025-06-18,Varanasi,Truck,3.6,6,3121.0,131.0,23041.0,5.6,Clear,0,7.0,6.45,1417.0
SM101264,2025-03-29,varanasi,Mini Truck,58.0,1,674.0,45.0,7635.0,5.5,Clear,0,7.0,5.41,1235.0
SM103957,2025-09-25,Varanasi,Mini Truck,21.5,10,1000.0,48.0,5881.0,8.6,Clear,0,8.0,8.32,1063.0
SM101125,2025-11-04,Lucknow,Mini Truck,12.4,2,,115.0,32148.0,8.6,Clear,0,6.0,5.33,745.0
SM104494,2025-04-23,gorakhpur,Mini Truck,60.1,3,1089.0,45.0,8081.0,4.6,Clear,0,8.0,5.37,1526.0
SM101370,2025-11-18,Prayagraj,Pickup,38.5,5,525.0,35.0,12208.0,5.8,Clear,0,7.0,5.93,785.0
SM102973,2025-12-25,Gorakhpur,Pickup,62.7,7,633.0,52.0,3304.0,6.7,Fog,0,9.0,10.07,1062.0
SM102084,2025-02-17,Gorakhpur,Truck,63.4,8,2523.0,179.0,59490.0,7.6,Rain,0,11.0,11.19,2746.0
SM102692,2025-11-29,Varanasi,Mini Truck,25.5,6,1342.0,57.0,6189.0,6.0,Fog,0,7.0,7.07,1068.0
SM101743,2025-01-09,Prayagraj,Mini Truck,25.5,4,1149.0,61.0,32738.0,4.4,Fog,0,7.0,6.5,985.0
SM105377,2025-04-04,Kanpur,Truck,21.6,3,3184.0,292.0,45004.0,6.1,Clear,0,7.0,7.46,1664.0
SM103076,09/02/2025,Varanasi,Truck,62.4,12,3705.0,304.0,56288.0,99.0,Clear,0,12.0,10.7,3133.0
SM100110,2025-04-12,Allahabad,Truck,63.9,7,,155.0,30601.0,5.8,Clear,0,10.0,10.17,2761.0
SM102437,2025-09-04,Lucknow,Mini Truck,20.0,5,1181.0,95.0,15932.0,8.0,Rain,1,7.0,7.98,815.0
SM103510,2025-12-21,Kanpur,Pickup,9.9,9,400.0,30.0,14594.0,3.9,Clear,0,7.0,5.72,475.0
SM101924,2025-05-12,Prayagraj,Truck,29.9,2,3126.0,180.0,21047.0,3.3,Clear,0,7.0,6.68,1877.0
SM103787,2025-01-08,Varanasi,Mini Truck,47.0,6,967.0,72.0,11041.0,6.0,Fog,0,8.0,7.8,1387.0
SM101172,2025-05-23,Gorakhpur,Truck,18.7,5,,149.0,29069.0,4.1,Clear,0,7.0,6.12,1189.0
SM104805,2025-10-02,Varanasi,Mini Truck,22.9,10,864.0,46.0,8437.0,8.2,Clear,1,8.0,8.71,1055.0
SM103179,2025-03-03,Prayagraj,Pickup,30.9,8,329.0,25.0,4821.0,5.3,Clear,0,8.0,7.1,689.0
SM100232,2025-01-08,Allahabad,Mini Truck,46.2,5,1438.0,60.0,44023.0,2.3,Fog,0,8.0,8.39,1402.0
SM101248,2025-04-29,Lucknow,Mini Truck,37.8,5,1250.0,77.0,11658.0,4.7,Clear,0,8.0,5.92,1231.0
SM102656,2025-01-22,Gorakhpur,Truck,10.5,6,3370.0,201.0,42362.0,5.0,Clear,0,8.0,7.9,1685.0
SM101710,2025-05-06,Kanpur,Mini Truck,40.8,7,536.0,22.0,4068.0,10.0,Clear,0,8.0,8.0,1126.0
SM102459,2025-01-22,Lucknow,Pickup,45.3,7,304.0,32.0,5579.0,5.2,Clear,0,8.0,7.38,804.0
SM104872,2025-01-22,Lucknow,Pickup,4.5,6,364.0,18.0,11726.0,3.8,Clear,0,6.0,4.33,430.0
SM102430,2025-02-18,Prayagraj,Pickup,22.3,4,560.0,26.0,5856.0,6.1,Rain,0,6.0,7.17,629.0
SM104642,2025-12-14,Prayagraj,Truck,58.2,5,3064.0,381.0,179042.0,7.0,Fog,0,10.0,10.06,2660.0
SM105028,2025-09-14,Gorakhpur,Mini Truck,75.4,4,1291.0,142.0,55465.0,6.6,Rain,0,9.0,9.18,1882.0
SM103147,2025-11-02,Prayagraj,Pickup,31.6,4,247.0,18.0,1582.0,1.0,Clear,0,7.0,3.84,664.0
SM102338,2025-01-16,Kanpur,Mini Truck,33.1,7,1262.0,65.0,10007.0,8.4,Clear,0,8.0,7.32,1132.0
SM100933,2025-08-25,Lucknow,Pickup,38.5,8,206.0,15.0,3943.0,5.3,Rain,0,8.0,8.69,866.0
SM101045,2025-02-26,Lucknow,Truck,53.2,3,3364.0,136.0,14450.0,7.3,Clear,0,9.0,8.11,2589.0
SM103851,2025-01-17,Prayagraj,Truck,28.5,4,2984.0,199.0,39607.0,2.8,Fog,0,8.0,8.3,
SM100448,2025-07-10,Prayagraj,Mini Truck,8.3,5,841.0,41.0,6496.0,4.2,Clear,0,6.0,3.84,452.0
SM100453,2025-01-10,Lucknow,Pickup,56.3,4,579.0,41.0,13703.0,2.2,Fog,0,8.0,6.65,1015.0
SM101549,2025-01-02,Prayagraj,Pickup,66.4,8,659.0,28.0,5512.0,3.9,Clear,0,10.0,7.57,1240.0
SM100012,2025-09-26,Kanpur,Pickup,61.3,7,564.0,30.0,4425.0,5.2,Clear,0,9.0,7.68,1158.0
SM105488,2025-11-11,Kanpur,Mini Truck,8.1,3,792.0,92.0,6163.0,6.2,Clear,0,5.0,4.65,533.0
SM101387,2025-04-29, LUCKNOW ,Mini Truck,21.7,4,339.0,42.0,7291.0,5.3,,0,6.0,4.22,640.0
SM103987,2025-01-27,Lucknow,Pickup,31.9,3,298.0,17.0,1265.0,3.6,Fog,0,6.0,6.04,628.0
SM102262,2025-01-12,Lucknow,Pickup,24.5,7,390.0,18.0,3068.0,4.5,Rain,0,7.0,6.43,635.0
SM104060,2025-02-22,lucknow,Mini Truck,19.0,6,1063.0,70.0,9992.0,3.4,Clear,0,7.0,5.45,924.0
SM101893,2025-09-17,Lucknow,Mini Truck,43.8,6,1243.0,63.0,10884.0,5.7,Clear,0,8.0,6.34,1404.0
SM103659,2025-06-30,Prayagraj,Pickup,27.1,5,386.0,19.0,2883.0,6.8,Clear,1,7.0,6.97,675.0
SM105741,2025-08-15,Varanasi,Mini Truck,40.4,4,1159.0,57.0,18921.0,2.0,Clear,0,7.0,4.7,1148.0
SM105415,2025-03-25,Kanpur,Mini Truck,55.9,4,1119.0,47.0,13581.0,7.1,Clear,0,8.0,6.19,1430.0
SM101021,2025-01-27,Lucknow,Pickup,,6,541.0,27.0,3283.0,5.9,Fog,0,6.0,6.01,468.0
SM100836,2025-10-23,Varanasi,Truck,112.5,9,2738.0,152.0,31217.0,4.6,Clear,1,13.0,11.69,3933.0
SM101396,2025-08-15,lucknow,Pickup,,3,198.0,20.0,2539.0,5.7,Clear,0,7.0,4.03,581.0
SM105299,2025-11-05,Prayagraj,Pickup,70.1,5,699.0,61.0,7860.0,7.7,Clear,1,9.0,8.9,1232.0
SM101596,2025-08-29,Prayagraj,Mini Truck,43.0,7,742.0,36.0,9527.0,6.6,Rain,0,8.0,9.19,1190.0
SM104484,2025-06-21,Prayagraj,Pickup,43.3,4,467.0,49.0,12535.0,99.0,Clear,0,7.0,5.91,845.0
SM104119,2025-01-19,Varanasi,Pickup,23.6,6,360.0,17.0,2551.0,1.3,Clear,0,7.0,3.89,582.0
SM100791,2025-06-15,prayagraj,Pickup,13.8,5,235.0,13.0,1711.0,5.4,Clear,0,6.0,6.12,465.0
SM103841,2025-06-30,Gorakhpur,Mini Truck,124.8,10,1680.0,73.0,3930.0,5.2,Clear,0,14.0,11.93,2968.0
SM101740,2025-06-07,Lucknow,Mini Truck,30.7,7,1661.0,200.0,83617.0,6.8,Clear,0,8.0,6.28,1288.0
SM105174,2025-03-16,Lucknow,Mini Truck,12.2,4,1453.0,61.0,11020.0,5.0,Clear,0,6.0,5.62,844.0
SM101216,2025-07-05,Varanasi,Pickup,81.6,6,245.0,13.0,7118.0,,Rain,0,10.0,9.46,1179.0
SM104747,02/04/2025,Varanasi,Pickup,12.7,10,282.0,18.0,4531.0,4.8,Clear,0,8.0,6.37,545.0
SM102928,2025-03-09,Kanpur,Truck,,9,671.0,29.0,8289.0,,Clear,0,9.0,7.74,1473.0
SM105237,2025-10-28,Varanasi,Pickup,49.3,7,586.0,55.0,9708.0,4.8,Clear,0,9.0,6.66,980.0
SM100863,2025-10-09,Prayagraj,Truck,33.7,5,2492.0,100.0,11493.0,3.7,Clear,0,8.0,6.72,1857.0
SM100104,2025-10-18,Varanasi,Pickup,71.6,4,692.0,40.0,15512.0,9.9,Clear,1,9.0,8.59,1074.0
SM101344,2025-03-10,Kanpur,Mini Truck,13.3,2,1628.0,117.0,19006.0,4.4,Clear,0,6.0,4.71,939.0
SM105746,2025-06-08,Varanasi,Mini Truck,23.9,9,1113.0,77.0,21796.0,4.0,Clear,0,8.0,5.86,1109.0
SM102705,2025-04-14,Prayagraj,Pickup,26.0,8,414.0,31.0,4407.0,2.8,Clear,0,8.0,5.49,730.0
SM101268,14/12/2025,Kanpur,Pickup,10.6,5,205.0,13.0,3277.0,5.5,Clear,0,6.0,4.94,431.0
SM102265,2025-02-04,Lucknow,Mini Truck,6.6,7,1591.0,85.0,24880.0,5.0,Rain,0,7.0,6.91,982.0
SM103001,2025-09-03,Lucknow,Pickup,12.2,3,265.0,30.0,3189.0,6.4,Rain,0,5.0,4.35,287.0
SM100516,2025-11-18,Varanasi,Pickup,34.3,4,423.0,23.0,3271.0,6.8,Clear,0,7.0,5.0,730.0
SM102105,2025-04-11,Prayagraj,Pickup,18.6,6,634.0,64.0,6653.0,6.9,Clear,0,7.0,5.81,533.0
SM105552,2025-08-28,Kanpur,Mini Truck,23.5,6,502.0,27.0,6065.0,9.6,Rain,0,7.0,7.65,819.0
SM102162,2025-05-28,Lucknow,Mini Truck,16.4,6,1291.0,69.0,20041.0,3.6,Clear,0,7.0,5.88,905.0
SM105413,2025-11-22,Prayagraj,Pickup,30.0,2,583.0,37.0,7754.0,4.9,Clear,0,6.0,4.56,566.0
SM103949,2025-03-05,Gorakhpur,Mini Truck,33.6,6,935.0,77.0,10368.0,1.0,Clear,0,8.0,5.23,1062.0
SM102624,03/12/2025,Lucknow,Truck,29.3,4,1467.0,142.0,24058.0,5.0,Fog,0,7.0,6.81,1395.0
SM104786,24/07/2025,Varanasi,Pickup,50.7,6,671.0,29.0,5205.0,5.7,Clear,0,8.0,6.25,930.0
SM105587,2025-12-27,Prayagraj,Truck,71.7,6,1514.0,106.0,30468.0,4.7,Fog,0,10.0,10.86,2328.0
SM102229,2025-12-24,Lucknow,Mini Truck,10.3,4,1276.0,52.0,8335.0,5.7,Fog,0,6.0,6.39,762.0
SM102897,2025-08-17,Kanpur,Truck,29.0,8,-2720.0,160.0,13718.0,5.9,Rain,0,9.0,9.78,1928.0
SM102054,2025-09-18,Kanpur,Mini Truck,17.0,4,1689.0,117.0,15972.0,5.6,Rain,0,7.0,5.76,939.0
SM101703,2025-03-14,Prayagraj,Mini Truck,48.7,6,876.0,43.0,15974.0,5.3,Clear,1,8.0,7.08,1283.0
SM105857,2025-05-14,Gorakhpur,Pickup,23.7,8,656.0,38.0,7544.0,7.4,Clear,0,8.0,6.07,804.0
SM102351,2025-10-01,Kanpur,Mini Truck,27.0,6,1615.0,100.0,19026.0,3.1,Clear,0,8.0,5.62,1213.0
SM100159,2025-10-14,Allahabad,Truck,34.1,8,3352.0,162.0,43666.0,7.4,,0,10.0,11.65,2218.0
SM105883,2025-03-23,Lucknow,Pickup,35.4,5,475.0,21.0,3960.0,5.2,Clear,0,7.0,4.09,764.0
SM105948,2025-12-08,Prayagraj,Pickup,42.4,4,419.0,27.0,3404.0,,,0,7.0,5.73,740.0
SM105193,2025-02-02,Gorakhpur,Mini Truck,74.4,3,1087.0,47.0,5430.0,3.9,Clear,0,9.0,6.54,1690.0
SM101134,2025-08-13,Prayagraj,Truck,69.9,5,1132.0,71.0,11546.0,6.7,Rain,0,9.0,10.57,2106.0
SM101987,2025-03-19,Lucknow,Mini Truck,,6,1327.0,59.0,13085.0,5.6,Clear,0,7.0,5.74,771.0
SM103301,2025-04-08,Prayagraj,Pickup,26.6,4,714.0,47.0,5572.0,3.3,Clear,0,7.0,5.33,684.0
SM100678,2025-07-10,Lucknow,Pickup,79.2,4,653.0,32.0,3368.0,3.5,Rain,0,9.0,7.79,1238.0
SM101714,2025-08-24,Varanasi,Mini Truck,37.5,8,1184.0,85.0,28537.0,6.8,Rain,0,9.0,8.22,1396.0
SM103522,2025-10-30,Lucknow,Truck,17.7,4,2898.0,154.0,30273.0,5.6,Rain,0,7.0,8.33,1538.0
SM101246,2025-11-10,Kanpur,Pickup,20.2,4,511.0,36.0,27613.0,3.8,Clear,0,6.0,4.17,557.0
SM100165,2025-10-25,Varanasi,Truck,23.1,5,926.0,45.0,5961.0,6.2,Clear,0,7.0,5.29,1038.0
SM105924,2025-11-29,Prayagraj,Mini Truck,23.5,10,919.0,80.0,14525.0,6.3,Clear,0,8.0,6.89,1027.0
SM102925,2025-03-08,Lucknow,Truck,30.4,6,3154.0,175.0,18184.0,3.8,Clear,0,9.0,8.45,1978.0
SM100394,2025-09-20, KANPUR ,Truck,11.1,8,2904.0,308.0,73546.0,5.2,Rain,0,8.0,8.41,1602.0
SM104219,2025-03-01,Lucknow,Truck,24.8,4,2261.0,129.0,26858.0,4.9,Clear,0,7.0,6.51,1430.0
SM104369,12/07/2025,Gorakhpur,Mini Truck,34.5,3,1574.0,121.0,18300.0,4.2,Clear,0,7.0,6.11,1092.0
SM101579,2025-08-08,Lucknow,Truck,18.8,4,4158.0,250.0,46801.0,5.3,Rain,0,8.0,8.52,1971.0
SM103194,2025-09-28,Lucknow,Truck,16.9,10,2814.0,132.0,18706.0,5.5,Clear,0,9.0,8.59,1707.0
SM103172,2025-06-07,Prayagraj,Mini Truck,21.1,7,1306.0,79.0,13163.0,5.0,Rain,0,8.0,6.57,1104.0
SM102243,2025-02-10,Lucknow,Mini Truck,23.9,4,1207.0,83.0,14825.0,4.3,Clear,0,7.0,4.34,919.0
SM101642,2025-06-13,Prayagraj,Pickup,32.2,6,284.0,18.0,3207.0,4.2,Rain,0,7.0,6.05,703.0
SM100995,2025-08-17,Lucknow,Mini Truck,11.6,9,1384.0,65.0,8783.0,2.7,Clear,0,8.0,5.16,1018.0
SM102865,2025-01-13,Prayagraj,Pickup,64.2,5,565.0,47.0,8689.0,9.7,Fog,0,9.0,9.5,1044.0
SM101145,2025-06-26,Lucknow,Mini Truck,28.2,6,1316.0,140.0,117400.0,5.3,Clear,0,8.0,6.27,1185.0
SM104230,2025-01-27,Prayagraj,Pickup,67.7,7,632.0,45.0,7986.0,5.3,Clear,0,10.0,7.84,1247.0
SM101495,2025-06-07,Prayagraj,Truck,13.5,4,,91.0,65801.0,6.0,Clear,0,6.0,5.27,891.0
SM103317,2025-05-26,Varanasi,Truck,35.6,6,2730.0,115.0,23552.0,8.7,Clear,0,9.0,7.82,2048.0
SM103115,2025-07-01,Kanpur,Pickup,33.1,6,359.0,15.0,2707.0,4.7,Rain,0,7.0,7.58,786.0
SM101435,2025-02-07,Varanasi,Mini Truck,46.8,6,1291.0,101.0,29606.0,5.8,Clear,0,9.0,5.99,1359.0
SM102666,29/03/2025,Lucknow,Truck,20.5,2,2703.0,331.0,90420.0,3.3,Clear,0,7.0,5.5,1492.0
SM105411,2025-06-20,Prayagraj,Pickup,25.3,8,748.0,57.0,4599.0,5.2,Clear,0,8.0,6.79,717.0
SM104073,2025-12-10,Varanasi,Pickup,51.7,6,473.0,30.0,5294.0,,Clear,0,8.0,6.23,878.0
SM103858,2025-04-29,Lucknow,Mini Truck,23.1,9,596.0,68.0,4673.0,6.3,,0,8.0,8.53,917.0
SM102253,2025-07-02,Kanpur,Mini Truck,31.8,5,1211.0,62.0,13524.0,5.5,Rain,0,7.0,6.65,1087.0
SM101687,2025-05-29,Prayagraj,Pickup,6.9,8,505.0,58.0,7767.0,5.8,Clear,0,7.0,5.71,469.0
SM104136,2025-12-22,Lucknow,Mini Truck,46.8,8,1673.0,107.0,19918.0,5.1,Clear,0,9.0,8.19,1538.0
SM100037,2025-10-30,Lucknow,Pickup,64.1,9,240.0,18.0,5818.0,5.2,Clear,0,10.0,8.41,1222.0
SM101300,2025-10-05,Prayagraj,Pickup,40.1,2,756.0,37.0,16353.0,2.1,Clear,0,7.0,3.52,729.0
SM100885,2025-09-26,Lucknow,Mini Truck,18.8,4,403.0,34.0,12170.0,6.6,Clear,0,6.0,4.36,585.0
SM105183,2025-11-22,Lucknow,Truck,17.0 km,7,2908.0,118.0,17178.0,5.1,Clear,0,8.0,7.16,1773.0
SM101899,2025-05-04,Kanpur,Truck,28.6,7,1045.0,97.0,20323.0,6.4,Clear,0,8.0,7.15,1326.0
SM104285,2025-10-07,Gorakhpur,Pickup,55.3,5,179.0,10.0,1191.0,3.3,Clear,0,8.0,6.17,859.0
SM101750,2025-12-06,Lucknow,Truck,46.8,7,2833.0,126.0,21066.0,6.4,Rain,0,10.0,10.22,2368.0
SM105891,2025-06-02,Varanasi,Truck,41.6,10,3663.0,158.0,11161.0,7.6,Rain,0,11.0,11.42,2572.0
SM102213,2025-02-12,Gorakhpur,Truck,39.6,6,3214.0,142.0,13033.0,5.6,Clear,0,9.0,7.5,2296.0
SM101185,2025-04-23,Kanpur,Pickup,13.6,4,435.0,25.0,1926.0,6.0,Clear,0,6.0,4.55,473.0
SM103632,2025-01-14,Gorakhpur,Truck,58.2,6,2426.0,111.0,36586.0,7.0,Fog,1,10.0,11.12,2458.0
SM100322,2025-08-13,Varanasi,Mini Truck,29.6,6,1434.0,80.0,19085.0,7.3,Rain,0,8.0,6.89,1251.0
SM100011,2025-12-23,Gorakhpur,Truck,59.0,5,3380.0,407.0,104125.0,5.3,Fog,0,10.0,11.33,2749.0
SM102739,2025-05-06,Prayagraj,Truck,26.1,7,3207.0,269.0,,6.8,Clear,0,9.0,8.32,2028.0
SM100017,2025-02-16,Lucknow,Truck,37.3,8,2400.0,112.0,12295.0,4.2,Fog,0,9.0,10.16,1951.0
SM103917,2025-11-07,Varanasi,Mini Truck,,6,1068.0,93.0,8827.0,5.6,Clear,0,9.0,7.11,1546.0
SM102603,2025-07-25,Gorakhpur,Mini Truck,66.5,4,1434.0,78.0,17581.0,7.4,Rain,0,9.0,9.46,1723.0
SM105949,2025-07-04,Lucknow,Truck,6.6,6,2305.0,283.0,27684.0,5.2,Clear,0,7.0,7.39,1165.0
SM104007,2025-08-26,lucknow,Mini Truck,58.8,4,840.0,36.0,12018.0,3.1,Clear,0,8.0,6.24,1268.0
SM102089,2025-01-08,Prayagraj,Pickup,54.2,9,289.0,17.0,2242.0,5.4,Clear,0,9.0,7.42,1009.0
SM104957,2025-05-17,Lucknow,Truck,32.7,8,3907.0,218.0,53340.0,5.0,Clear,0,10.0,8.76,2524.0
SM105725,2025-04-26,Gorakhpur,Pickup,22.6,8,598.0,43.0,7029.0,3.5,Rain,0,8.0,6.39,621.0
SM102702,22/03/2025,Lucknow,Mini Truck,40.2,5,808.0,65.0,19766.0,4.9,Clear,0,8.0,4.3,1031.0
SM102289,2025-06-02,Varanasi,Truck,50.1,3,3184.0,391.0,43252.0,6.7,Clear,0,9.0,6.93,2459.0
SM101310,2025-07-11, VARANASI ,Pickup,61.4,7,361.0,25.0,2015.0,6.6,Rain,0,9.0,8.44,1009.0
SM101783,2025-12-15,Varanasi,Pickup,67.5,4,557.0,23.0,5889.0,5.4,Fog,0,9.0,8.62,1109.0
SM101228,2025-02-26,Varanasi,Truck,31.2,7,2806.0,264.0,79773.0,7.2,Rain,0,9.0,9.68,2054.0
SM100579,07/02/2025,Lucknow,Mini Truck,37.9,8,888.0,45.0,6106.0,6.0,Clear,0,8.0,6.88,
SM100019,2025-06-14,Lucknow,Mini Truck,8.4,4,1052.0,56.0,4305.0,7.7,Clear,0,6.0,5.29,672.0
SM100800,2025-01-05,Lucknow,Pickup,39.9,8,223.0,11.0,1861.0,6.1,Fog,0,8.0,8.81,805.0
SM101395,2025-08-04,Prayagraj,Truck,33.0,5,2594.0,105.0,40234.0,7.5,Rain,0,8.0,9.15,1827.0
SM102680,2025-02-12,Kanpur,Mini Truck,33.7,2,1428.0,71.0,12078.0,5.2,Rain,0,7.0,5.97,1165.0
SM102998,08/06/2025,Kanpur,Mini Truck,8.9,3,652.0,55.0,16336.0,9.5,Rain,0,5.0,7.19,548.0
SM103274,2025-03-30,Lucknow,Truck,6.0,4,2449.0,99.0,11138.0,5.2,Clear,0,6.0,4.12,1103.0
SM102043,2025-10-01,Prayagraj,Mini Truck,38.2,6,907.0,87.0,45216.0,2.8,Clear,0,8.0,6.34,1235.0
SM101735,2025-10-19,Kanpur,Mini Truck,16.9,7,1155.0,66.0,15433.0,4.2,Clear,0,7.0,5.54,924.0
SM104608,2025-11-15,Prayagraj,Mini Truck,75.9,3,579.0,25.0,2346.0,2.2,Clear,0,9.0,6.88,1527.0
SM105590,2025-01-30,Varanasi,Mini Truck,20.7,4,1063.0,49.0,6798.0,3.5,Clear,0,6.0,4.24,854.0
SM102488,11/07/2025,Prayagraj,Pickup,22.1,8,414.0,41.0,5400.0,3.0,Rain,0,7.0,7.85,671.0
SM101812,2025-09-03,Prayagraj,Pickup,24.6,1,298.0,20.0,2939.0,3.5,Rain,0,5.0,5.03,408.0
SM103242,2025-11-24, LUCKNOW ,Pickup,56.6,4,336.0,33.0,14314.0,5.5,Clear,0,8.0,7.27,856.0
SM102969,2025-08-21,Kanpur,Mini Truck,64.4,7,614.0,37.0,3779.0,7.5,Clear,0,9.0,8.25,1541.0
SM100494,2025-04-16,Lucknow,Mini Truck,22.9,8,1201.0,70.0,12039.0,7.6,Clear,0,8.0,6.42,1086.0
SM104030,2025-07-17,Lucknow,Mini Truck,54.1,5,1235.0,64.0,9875.0,5.8,Clear,0,9.0,7.34,1517.0
SM101600,2025-04-21,Varanasi,Mini Truck,37.8,7,1757.0,176.0,21111.0,3.6,Fog,0,9.0,7.62,1453.0
SM102385,2025-11-16,Kanpur,Pickup,26.3,7,393.0,30.0,,7.4,Clear,0,7.0,5.64,754.0
SM102273,2025-06-18,Kanpur,Mini Truck,40.1,4,697.0,28.0,3512.0,5.3,Clear,0,7.0,5.94,1002.0
SM104902,2025-08-15,Gorakhpur,Truck,70.3,7,2676.0,109.0,30137.0,5.0,Clear,0,11.0,10.24,2904.0
SM103620,2025-12-30,Kanpur,Truck,6.4,7,,108.0,52246.0,5.4,Rain,0,7.0,6.58,969.0
SM105449,2025-03-03,Kanpur,Mini Truck,42.7,5,1155.0,74.0,13149.0,3.0,Clear,1,8.0,6.26,1259.0
SM104165,2025-09-06,Prayagraj,Pickup,53.0,6,681.0,49.0,19634.0,8.8,Rain,0,9.0,9.11,1004.0
SM105070,2025-11-28,Prayagraj,Mini Truck,35.2,8,,93.0,22373.0,7.7,Rain,0,9.0,8.89,1461.0
SM100946,2025-12-22,Lucknow,Truck,21.0 km,4,3406.0,220.0,53390.0,4.6,Fog,0,8.0,7.97,1763.0
SM102983,2025-10-28,prayagraj,Mini Truck,41.2,5,1233.0,58.0,8306.0,3.3,Clear,0,8.0,6.08,1281.0
SM103202,2025-10-08,Varanasi,Mini Truck,22.8,3,1251.0,121.0,30366.0,4.8,Rain,0,6.0,5.4,897.0
SM103205,2025-09-05,Varanasi,Mini Truck,61.5 km,7,1540.0,67.0,15712.0,5.8,Clear,1,10.0,9.95,1701.0
SM104834,2025-12-23,Varanasi,Mini Truck,56.2,9,1523.0,79.0,14927.0,,Fog,0,10.0,9.75,1771.0
SM105798,25/07/2025,Lucknow,Truck,7.2,5,2606.0,122.0,17286.0,7.2,Fog,0,7.0,8.1,1250.0
SM103218,2025-12-26,Lucknow,Mini Truck,48.6,6,1254.0,53.0,10438.0,7.7,Fog,0,9.0,7.77,1420.0
SM103672,2025-08-03,Prayagraj,Mini Truck,8.4,6,1373.0,68.0,8241.0,5.9,Rain,0,7.0,6.48,774.0
SM101225,2025-12-20,kanpur,Truck,22.6,5,3839.0,356.0,25942.0,6.4,Fog,0,8.0,9.21,2060.0
SM100324,2025-12-22,Varanasi,Pickup,,6,,24.0,7628.0,9.7,Clear,0,7.0,6.07,443.0
SM101771,2025-05-18, PRAYAGRAJ ,Pickup,31.4,7,209.0,20.0,4476.0,4.7,,0,8.0,5.14,628.0
SM100086,2025-02-05,Lucknow,Pickup,24.6,6,534.0,40.0,6564.0,6.7,Rain,0,7.0,5.91,649.0
SM104447,2025-03-11,Prayagraj,Truck,15.2,8,3477.0,203.0,20294.0,5.6,Clear,0,9.0,7.37,1921.0
SM100090,2025-06-08,Kanpur,Mini Truck,32.4,6,749.0,32.0,3258.0,6.4,Clear,0,8.0,6.37,1013.0
SM102204,2025-06-15,Lucknow,Truck,41.7,6,2694.0,123.0,17037.0,6.4,Rain,0,9.0,8.53,2129.0
SM103466,2025-07-16,Lucknow,Pickup,31.1,8,314.0,29.0,2833.0,9.0,Clear,0,8.0,7.34,824.0
SM101753,2025-05-25,Prayagraj,Mini Truck,72.2,7,1113.0,79.0,26800.0,5.7,Fog,0,10.0,9.91,1760.0
SM103829,2025-02-24,Kanpur,Mini Truck,16.8,3,1304.0,85.0,12180.0,4.8,Clear,0,6.0,4.52,864.0
SM100480,2025-04-16,Prayagraj,Mini Truck,42.9,10,1313.0,74.0,11658.0,6.0,Clear,0,10.0,9.04,1472.0
SM104076,2025-12-24,Lucknow,Mini Truck,44.0,5,1541.0,106.0,28572.0,7.8,Rain,0,8.0,7.61,1408.0
SM100157,2025-07-23,Lucknow,Truck,16.1,3,3207.0,149.0,51012.0,4.4,Rain,0,7.0,6.77,1561.0
SM102132,2025-07-09,Lucknow,Pickup,38.9,8,386.0,21.0,3702.0,8.7,Rain,0,8.0,9.63,857.0
SM103553,2025-09-18,Lucknow,Pickup,37.7,3,348.0,32.0,1891.0,7.7,Clear,0,7.0,4.66,
SM105890,2025-09-29,Kanpur,Mini Truck,18.1,6,614.0,31.0,8158.0,6.3,Rain,0,7.0,6.27,729.0
SM104475,2025-04-27,Varanasi,Mini Truck,43.5,3,609.0,33.0,7752.0,3.6,Rain,0,7.0,7.02,
SM105238,2025-11-30,Varanasi,Truck,19.3,5,2838.0,273.0,52657.0,4.5,Clear,0,8.0,6.62,1713.0
SM103731,2025-11-10,Varanasi,Mini Truck,77.3,7,1182.0,77.0,18762.0,4.2,Clear,0,10.0,6.07,1851.0
SM101044,2025-09-16,Prayagraj,Pickup,25.7,10,267.0,23.0,4071.0,4.3,Clear,0,8.0,5.24,732.0
SM101825,2025-11-26,Prayagraj,Mini Truck,21.5,10,1470.0,105.0,13671.0,6.5,Clear,0,9.0,7.65,1179.0
SM104241,2025-04-10,Prayagraj,Pickup,53.6,6,460.0,38.0,4617.0,7.1,Clear,0,8.0,6.83,847.0
SM105639,2025-12-04,Lucknow,Truck,37.9,7,1858.0,86.0,18053.0,5.8,Fog,0,9.0,8.71,1755.0
SM102107,20/02/2025,Prayagraj,Truck,63.7,7,3324.0,144.0,61301.0,5.4,Clear,0,11.0,10.7,2912.0
SM101827,2025-12-26,prayagraj,Pickup,36.9,5,512.0,21.0,3266.0,5.7,Clear,0,7.0,6.62,725.0
SM104623,2025-01-29,Lucknow,Mini Truck,19.1,5,1333.0,54.0,8928.0,4.2,Clear,0,7.0,5.57,1083.0
SM103684,2025-12-23,Lucknow,Mini Truck,,9,685.0,82.0,36993.0,5.3,Fog,0,7.0,6.92,694.0
SM104148,2025-11-11,Kanpur,Mini Truck,27.5,6,1411.0,110.0,8974.0,4.4,Clear,0,8.0,4.61,1162.0
SM103826,2025-05-04,lucknow,Pickup,10.3,5,751.0,49.0,13150.0,7.0,Clear,1,6.0,6.44,493.0
SM100913,2025-12-24,Prayagraj,Truck,15.0,4,2622.0,138.0,38769.0,5.1,Fog,0,7.0,7.43,1423.0
SM101262,2025-06-12,Prayagraj,Mini Truck,39.4,4,1266.0,64.0,20079.0,4.8,Rain,0,7.0,7.66,1219.0
SM100769,2025-05-18,Varanasi,Mini Truck,24.0,5,,68.0,12477.0,,Clear,0,7.0,5.16,1003.0
SM100003,2025-06-10,Kanpur,Pickup,48.8,4,385.0,16.0,2666.0,5.2,Clear,0,8.0,4.8,760.0
SM100230,2025-06-19, PRAYAGRAJ ,Mini Truck,43.5 km,5,1520.0,71.0,20281.0,6.7,Clear,0,8.0,7.57,1481.0
SM101488,2025-02-10,Prayagraj,Truck,33.5,4,524.0,24.0,4494.0,7.2,Clear,0,7.0,5.43,1153.0
SM101419,2025-06-23,Prayagraj,Pickup,32.9 km,6,531.0,36.0,2712.0,4.8,Clear,0,7.0,6.27,741.0
SM103594,2025-04-01,Gorakhpur,Pickup,88.0,5,541.0,37.0,9233.0,7.3,Clear,0,10.0,7.3,1269.0
SM105446,2025-09-01,Prayagraj,Pickup,28.0,4,632.0,74.0,26929.0,5.8,Clear,0,7.0,5.86,630.0
SM102543,2025-05-19,Varanasi,Pickup,54.3,9,320.0,39.0,6248.0,,Clear,1,9.0,9.21,1095.0
SM101004,2025-02-16,Varanasi,Pickup,17.7,4,448.0,41.0,10879.0,6.3,Clear,1,6.0,6.32,497.0
SM105471,2025-06-17,Kanpur,Mini Truck,62.0,7,1218.0,103.0,23439.0,8.7,Clear,0,10.0,8.08,1612.0
SM103336,2025-07-10,Prayagraj,Pickup,17.6,4,589.0,28.0,6476.0,7.3,Rain,0,6.0,6.69,667.0
SM100965,2025-08-03,Lucknow,Pickup,33.4,6,523.0,25.0,3835.0,,Clear,0,7.0,4.63,784.0
SM105137,2025-08-28,Lucknow,Truck,38.6,5,1604.0,69.0,4368.0,6.7,Rain,0,8.0,8.38,1645.0
SM104181,2025-05-12,Prayagraj,Pickup,18.4,4,520.0,34.0,5340.0,7.3,Fog,0,6.0,6.52,561.0
SM101113,2025-04-17,Prayagraj,Mini Truck,22.7,9,965.0,88.0,16098.0,8.4,Clear,0,8.0,7.92,903.0
SM102634,2025-01-31,Lucknow,Pickup,17.6,3,451.0,56.0,10478.0,8.2,Fog,0,6.0,7.27,341.0
SM105057,2025-10-30,Prayagraj,Pickup,22.8,3,499.0,50.0,17134.0,5.8,Clear,0,6.0,4.44,474.0
SM104145,2025-04-13,Kanpur,Mini Truck,15.7,7,1297.0,69.0,12039.0,3.0,Clear,0,7.0,4.29,879.0
SM103286,2025-02-17,Prayagraj,Mini Truck,25.6,9,1156.0,53.0,7924.0,4.3,Rain,0,8.0,7.66,1080.0
SM103735,2025-03-16,Gorakhpur,Truck,22.4,2,2828.0,174.0,26851.0,2.8,Rain,0,7.0,6.65,1685.0
SM101412,2025-04-02,Kanpur,Truck,27.3,8,3339.0,204.0,55437.0,7.7,Clear,0,9.0,8.18,2220.0
SM104078,2025-04-01,Lucknow,Mini Truck,11.1,7,1349.0,150.0,28151.0,7.5,Clear,0,7.0,5.82,839.0
SM104495,2025-08-17,Kanpur,Pickup,31.7,6,518.0,31.0,4572.0,4.4,Clear,0,7.0,5.61,618.0
SM100921,28/07/2025,Kanpur,Truck,34.9,7,3431.0,196.0,63704.0,4.8,Clear,0,9.0,8.51,2182.0
SM101552,2025-07-14,Lucknow,Truck,21.6,7,2671.0,144.0,9286.0,5.5,Rain,0,8.0,8.25,1749.0
SM102779,2025-01-17,Lucknow,Mini Truck,81.2,7,1696.0,124.0,65448.0,5.7,Clear,0,11.0,9.87,2146.0
SM102608,2025-07-12,Prayagraj,Mini Truck,25.4,9,1298.0,74.0,53571.0,6.7,Clear,0,8.0,7.61,1194.0
SM100731,2025-06-02,Gorakhpur,Pickup,77.5,3,352.0,21.0,9010.0,4.9,Clear,0,9.0,7.21,1040.0
SM102506,2025-06-17,Lucknow,Pickup,60.9,8,457.0,18.0,3893.0,7.8,Clear,1,9.0,9.71,1141.0
SM100960,2025-02-26,Prayagraj,Mini Truck,7.7,3,1427.0,60.0,8102.0,5.8,Rain,0,6.0,6.57,741.0
SM104344,2025-05-17,Prayagraj,Truck,28.8,7,2133.0,230.0,36392.0,5.8,Clear,0,8.0,7.84,1694.0
SM102704,2025-01-26,Varanasi,Pickup,30.4,4,586.0,62.0,17085.0,5.6,Clear,0,7.0,5.16,684.0
SM101039,2025-10-29,Kanpur,Pickup,,5,457.0,32.0,3106.0,5.5,Clear,0,6.0,4.17,392.0
SM104739,2025-07-10,Prayagraj,Mini Truck,35.8,11,1499.0,61.0,40868.0,7.7,Rain,0,10.0,10.32,1491.0
SM105155,2025-11-10,Gorakhpur,Pickup,,8,514.0,24.0,7928.0,6.6,Clear,0,8.0,6.53,734.0
SM104143,2025-06-13,Lucknow,Mini Truck,23.7,6,1156.0,47.0,9562.0,6.0,Clear,0,7.0,6.0,931.0
SM102360,2025-08-25,Varanasi,Mini Truck,43.2,9,1353.0,130.0,17157.0,4.7,Rain,0,9.0,8.23,1533.0
SM102652,2025-12-27,Varanasi,Truck,37.5,4,2527.0,110.0,20091.0,4.9,Rain,0,8.0,8.02,2039.0
SM100393,2025-08-07,Lucknow,Mini Truck,13.7,6,1289.0,76.0,11829.0,9.0,Clear,0,7.0,5.97,828.0
SM101634,2025-06-01,Varanasi,Pickup,,6,626.0,64.0,31579.0,5.4,Clear,0,8.0,5.95,1094.0
SM104610,2025-02-03,Kanpur,Truck,77.2,4,3332.0,311.0,49710.0,7.1,Rain,0,10.0,11.43,3117.0
SM102772,2025-03-16,Lucknow,Mini Truck,14.6,12,1040.0,106.0,14152.0,,Clear,0,9.0,6.85,1058.0
SM102796,2025-11-15,Prayagraj,Truck,29.9,6,2154.0,158.0,37906.0,5.2,Clear,0,8.0,96.0,1737.0
SM100551,2025-05-24,Varanasi,Pickup,35.9,2,480.0,40.0,8043.0,6.2,Clear,0,6.0,4.86,674.0
SM104527,2025-02-03, KANPUR ,Pickup,19.0,5,338.0,23.0,4896.0,,Clear,0,6.0,4.74,495.0
SM101625,2025-12-29,Varanasi,Mini Truck,61.1,9,1122.0,121.0,15460.0,4.9,Clear,0,10.0,7.71,1662.0
SM102196,2025-04-17,Prayagraj,Pickup,46.2,11,695.0,60.0,6905.0,6.9,Clear,0,10.0,6.77,1183.0
SM104549,2025-11-14,Lucknow,Mini Truck,53.7,5,1523.0,115.0,12443.0,6.1,Clear,0,9.0,7.22,1594.0
SM101822,21/04/2025,Varanasi,Truck,72.0 km,10,2362.0,153.0,43456.0,6.9,Clear,0,12.0,10.7,2929.0
SM105928,2025-02-11,Prayagraj,Truck,27.1,7,3356.0,152.0,25569.0,6.4,Clear,0,9.0,7.53,2033.0
SM102165,2025-12-04,Kanpur,Pickup,45.4,5,491.0,29.0,3819.0,10.0,Clear,0,8.0,7.32,957.0
SM104308,2025-10-21,Lucknow,Pickup,21.9,7,629.0,27.0,7058.0,5.1,Clear,1,7.0,7.19,625.0
SM102242,15/06/2025,Prayagraj,Pickup,35.0,11,565.0,40.0,12038.0,7.6,Rain,0,9.0,8.86,1024.0
SM103137,2025-06-24,Lucknow,Pickup,22.9,4,454.0,47.0,14182.0,3.0,Clear,0,6.0,4.36,659.0
SM104599,2025-09-24,Varanasi,Mini Truck,32.5,2,1298.0,160.0,36645.0,7.8,Clear,0,7.0,4.51,1039.0
SM100703,2025-03-04,Varanasi,Pickup,26.5,9,376.0,22.0,2418.0,5.4,Clear,0,8.0,6.64,810.0
SM100823,2025-08-26,Lucknow,Truck,16.3,7,4076.0,181.0,14402.0,3.9,Rain,0,9.0,8.83,2113.0
SM102045,2025-12-29,Gorakhpur,Mini Truck,33.4,4,,129.0,11695.0,4.5,Clear,0,7.0,6.7,1104.0
SM104359,2025-12-20,Varanasi,Truck,30.1,6,2392.0,148.0,21502.0,1.7,Fog,0,8.0,7.03,1788.0
SM103021,2025-02-17,Gorakhpur,Truck,46.2,8,2583.0,143.0,14574.0,7.5,Clear,0,10.0,9.35,2259.0
SM105075,2025-05-18,Prayagraj,Truck,70.7,4,,97.0,22268.0,5.5,Clear,0,9.0,7.85,2549.0
SM103401,2025-12-02,Lucknow,Truck,,6,2787.0,239.0,101758.0,4.8,Clear,0,8.0,6.77,1804.0
SM102606,2025-07-14,Lucknow,Mini Truck,,4,1269.0,57.0,10353.0,6.6,Rain,0,6.0,5.08,560.0
SM102036,2025-08-02,Gorakhpur,Mini Truck,24.0,5,1184.0,76.0,13335.0,6.5,Clear,0,7.0,5.91,1030.0
SM100901,2025-01-16,Kanpur,Pickup,50.4,9,639.0,28.0,14085.0,4.4,Fog,0,9.0,9.13,1085.0
SM101666,2025-10-02,Kanpur,Pickup,36.3,7,408.0,17.0,3639.0,4.6,Clear,1,8.0,6.97,775.0
SM104899,2025-08-02,Prayagraj,Mini Truck,41.1,3,1161.0,93.0,27186.0,6.6,Rain,0,7.0,7.46,1097.0
SM101335,2025-12-31,Lucknow,Pickup,64.8,5,708.0,83.0,7299.0,4.2,Rain,0,9.0,7.51,1146.0
SM103053,2025-05-11,Lucknow,Truck,41.6,5,2219.0,208.0,24915.0,4.7,Clear,0,8.0,7.0,1946.0
SM101561,2025-04-03,Lucknow,Pickup,19.5,5,519.0,40.0,6205.0,7.7,Clear,1,6.0,6.28,
SM104338,2025-09-28, LUCKNOW ,Mini Truck,30.3,7,,68.0,8499.0,4.7,Clear,0,8.0,5.59,1253.0
SM103135,2025-01-06,Lucknow,Pickup,28.6,3,533.0,49.0,7938.0,,Fog,0,6.0,7.51,675.0
SM100194,2025-12-17,Varanasi,Mini Truck,59.5,7,1148.0,73.0,22748.0,5.6,Rain,0,9.0,9.11,1691.0
SM103155,2025-11-06,Lucknow,Mini Truck,27.0,10,1644.0,80.0,19975.0,7.9,Clear,0,9.0,6.66,1275.0
SM103422,2025-08-08,Varanasi,Mini Truck,,5,1255.0,58.0,6527.0,7.3,Clear,0,7.0,5.76,805.0
SM101406,2025-05-07,Gorakhpur,Mini Truck,243.7,7,1745.0,150.0,40969.0,6.3,Clear,0,19.0,16.6,4711.0
SM103816,2025-06-14,Varanasi,Pickup,35.3,4,481.0,20.0,14911.0,2.2,Clear,0,7.0,3.37,685.0
SM100659,16/04/2025,Lucknow,Pickup,34.7,6,524.0,47.0,11569.0,7.7,Clear,0,8.0,6.37,803.0
SM103846,2025-10-09,Lucknow,Mini Truck,28.1,6,811.0,44.0,23552.0,3.5,Clear,0,7.0,5.5,1009.0
SM104974,2025-10-20,Kanpur,Truck,19.9,5,595.0,61.0,46152.0,6.5,Clear,1,6.0,6.76,768.0
SM102921,2025-10-09,Lucknow,Pickup,25.5,10,306.0,13.0,3766.0,5.0,Clear,0,8.0,5.98,711.0
SM100994,2025-07-13,Lucknow,Mini Truck,40.3,6,670.0,34.0,11109.0,7.0,Rain,0,8.0,7.78,1105.0
SM102827,2025-12-11,lucknow,Mini Truck,27.5,7,1209.0,102.0,23877.0,7.8,Fog,0,8.0,8.83,1077.0
SM103176,2025-08-13,Varanasi,Pickup,48.3,5,609.0,53.0,23138.0,3.2,Rain,0,8.0,6.4,912.0
SM104152,29/11/2025,Gorakhpur,Truck,62.2,4,4110.0,232.0,54114.0,3.8,Rain,0,10.0,9.22,3051.0
SM103985,2025-05-05,Varanasi,Truck,51.2,5,2573.0,184.0,74002.0,3.5,Clear,0,9.0,8.03,2360.0
SM105638,2025-02-09,Varanasi,Mini Truck,19.9,9,728.0,40.0,9754.0,8.9,Clear,0,8.0,6.75,873.0
SM102320,2025-02-06,lucknow,Truck,8.5,8,2771.0,118.0,22790.0,4.3,Clear,0,8.0,6.48,1361.0
SM101126,2025-11-08,Prayagraj,Pickup,31.2,9,510.0,30.0,4877.0,5.9,Clear,0,8.0,5.73,789.0
SM104797,15/02/2025,Kanpur,Mini Truck,36.3,4,75.0,6.0,1085.0,3.8,Rain,0,7.0,5.2,745.0
SM104168,2025-07-05,Varanasi,Mini Truck,39.4,4,984.0,42.0,10763.0,7.2,Rain,0,7.0,8.26,1290.0
SM101020,2025-01-21,Lucknow,Truck,18.6,6,3637.0,289.0,163725.0,3.9,Clear,0,8.0,7.02,1926.0
SM100218,2025-06-13,Allahabad,Pickup,19.7,7,296.0,15.0,3050.0,6.2,Clear,0,7.0,3.51,653.0
SM102961,2025-06-03,Lucknow,Mini Truck,27.6,6,1252.0,56.0,3074.0,5.1,Clear,0,8.0,5.13,1130.0
SM101413,2025-10-17,Lucknow,Mini Truck,17.7,4,887.0,61.0,9231.0,6.1,Rain,0,6.0,5.37,707.0
SM102774,2025-07-18,Lucknow,Mini Truck,25.8,8,1362.0,92.0,22340.0,2.9,Clear,0,8.0,6.34,1189.0
SM100771,2025-12-27,Gorakhpur,Mini Truck,41.6,9,807.0,36.0,5770.0,6.7,Fog,0,9.0,8.26,1137.0
SM104649,06/04/2025,Varanasi,Mini Truck,30.5,6,1041.0,61.0,10873.0,5.7,,0,8.0,5.79,1179.0
SM100013,2025-10-05,Varanasi,Truck,35.0,8,2462.0,110.0,7869.0,7.0,Rain,0,9.0,9.62,1854.0
SM102706,2025-09-15,Gorakhpur,Mini Truck,26.1,5,1071.0,83.0,25486.0,2.6,Clear,0,7.0,4.72,909.0
SM104685,2025-09-23,Kanpur,Mini Truck,52.4,2,894.0,39.0,5178.0,4.5,Rain,0,7.0,7.2,1205.0
SM101160,2025-08-01,varanasi,Mini Truck,34.4,3,1586.0,73.0,26581.0,5.3,Rain,0,7.0,6.46,1196.0
SM104894,2025-06-25,Prayagraj,Truck,31.2,5,3171.0,173.0,27740.0,5.9,Clear,0,8.0,7.7,1995.0
SM105900,2025-12-06,Lucknow,Truck,17.8,8,2077.0,240.0,130219.0,7.5,Clear,0,8.0,8.07,1517.0
SM103891,2025-12-04,Prayagraj,Pickup,19.3,4,549.0,52.0,5366.0,4.3,Clear,0,6.0,5.37,513.0
SM100133,2025-07-24,Lucknow,Truck,62.5,9,2953.0,187.0,43388.0,10.0,Clear,0,11.0,10.91,2953.0
SM102555,2025-02-07,Kanpur,Pickup,21.6,5,622.0,35.0,8760.0,4.9,Rain,0,7.0,6.53,584.0
SM102890,24/02/2025,Gorakhpur,Mini Truck,36.8,5,1537.0,168.0,129722.0,3.0,Clear,1,8.0,6.91,1306.0
SM100827,2025-11-24,Prayagraj,Truck,27.9,6,3347.0,318.0,135366.0,6.7,Fog,0,9.0,9.94,2014.0
SM105623,2025-11-15,Varanasi,Mini Truck,53.3,3,865.0,67.0,7934.0,6.5,Clear,0,8.0,6.38,1163.0
SM104113,2025-12-23,Varanasi,Mini Truck,86.9,5,1239.0,76.0,13782.0,8.9,Rain,0,10.0,9.25,2022.0
SM104904,2025-03-11,Gorakhpur,Pickup,42.6,5,384.0,16.0,5071.0,5.1,Clear,0,8.0,6.24,708.0
SM104955,2025-03-12,Varanasi,Mini Truck,62.3,3,1730.0,98.0,20603.0,5.4,Clear,0,9.0,6.56,1709.0
SM103100,2025-05-14,Varanasi,Pickup,20.8,5,539.0,24.0,2949.0,7.8,Clear,0,7.0,5.53,614.0
SM105279,2025-03-14,Prayagraj,Mini Truck,39.0,4,1180.0,57.0,29669.0,6.7,Rain,1,7.0,8.53,1074.0
SM103628,2025-11-05,Lucknow,Truck,11.9,6,1355.0,57.0,23697.0,7.4,Rain,1,7.0,7.75,946.0
SM101298,2025-07-13,varanasi,Truck,57.1,6,3184.0,160.0,823238.8963911815,5.9,Clear,0,10.0,8.44,2703.0
SM102252,2025-03-30,Lucknow,Pickup,11.1,5,473.0,24.0,2610.0,4.7,Clear,0,6.0,5.83,451.0
SM104185,2025-07-28,Prayagraj,Pickup,14.3,3,529.0,23.0,5667.0,6.7,Rain,0,6.0,5.48,461.0
SM105653,2025-06-19,lucknow,Truck,25.0,3,3615.0,146.0,30764.0,1.8,Clear,0,8.0,4.6,1916.0
SM105513,2025-11-14, GORAKHPUR ,Pickup,29.4,8,301.0,24.0,3384.0,4.4,Clear,0,8.0,6.89,627.0
SM104261,2025-03-15,kanpur,Truck,48.5,5,2973.0,175.0,72828.0,5.7,,0,9.0,8.7,2327.0
SM104108,2025-07-07,Prayagraj,Mini Truck,56.5,7,794.0,32.0,5760.0,5.4,Rain,0,9.0,8.91,1303.0
SM105586,2025-03-23,Lucknow,Mini Truck,33.2,3,364.0,33.0,5389.0,4.0,Rain,0,6.0,5.47,709.0
SM105957,2025-09-19,Varanasi,Mini Truck,29.5,8,1321.0,109.0,21787.0,7.4,Clear,0,8.0,7.72,1277.0
SM101094,2025-04-30,Lucknow,Mini Truck,42.3,10,1525.0,89.0,18711.0,7.6,Clear,0,10.0,8.81,1687.0
SM105755,2025-05-27,Lucknow,Mini Truck,42.6,12,894.0,84.0,22815.0,5.9,Clear,0,10.0,7.77,1343.0
SM105860,07/07/2025,Lucknow,Pickup,21.4,9,367.0,24.0,2524.0,4.9,Clear,0,8.0,5.88,629.0
SM101967,2025-06-21,Prayagraj,Pickup,9.4,5,517.0,24.0,8834.0,5.2,Clear,0,6.0,4.78,399.0
SM100622,2025-03-02,Prayagraj,Pickup,17.0,6,200.0,13.0,2823.0,3.5,Clear,0,6.0,4.09,440.0
SM104035,2025-01-12,Varanasi,Mini Truck,31.7,5,1204.0,57.0,6627.0,5.5,Clear,0,7.0,5.86,1088.0
SM105321,2025-11-03,Varanasi,Mini Truck,34.1,5,774.0,46.0,5792.0,6.5,Clear,0,7.0,6.03,1003.0
SM104577,2025-03-14,Lucknow,Pickup,12.7,7,655.0,60.0,23709.0,5.7,Clear,1,7.0,6.08,529.0
SM104911,2025-07-16,lucknow,Truck,35.6,3,3264.0,238.0,42543.0,6.8,Clear,0,8.0,7.63,2047.0
SM100804,2025-09-27,Lucknow,Truck,26.6,4,2746.0,216.0,80774.0,7.1,Clear,0,8.0,7.4,1732.0
SM101030,2025-06-27,Prayagraj,Mini Truck,34.6,6,1337.0,59.0,,6.1,Clear,0,8.0,5.79,1145.0
SM100587,2025-02-06,Prayagraj,Mini Truck,26.0,7,1831.0,222.0,29678.0,8.6,Clear,0,8.0,7.78,
SM104733,2025-04-07,Lucknow,Mini Truck,48.3,10,998.0,53.0,12130.0,,Clear,0,10.0,7.96,1462.0
SM102294,2025-09-18,Kanpur,Pickup,17.6,10,359.0,20.0,3238.0,3.3,Rain,0,8.0,7.14,751.0
SM103198,2025-12-24,Prayagraj,Pickup,29.5,9,259.0,20.0,2370.0,5.8,Fog,0,8.0,8.31,718.0
SM105819,2025-07-27,Gorakhpur,Truck,23.7,5,3574.0,208.0,50623.0,4.5,Rain,0,8.0,8.32,
SM105448,2025-06-06, LUCKNOW ,Mini Truck,12.4,8,1586.0,100.0,15675.0,6.8,Clear,0,8.0,6.46,1106.0
SM100593,2025-12-24,Lucknow,Pickup,12.0,5,363.0,25.0,2605.0,6.2,Fog,0,6.0,6.29,416.0
SM105313,2025-05-24,prayagraj,Pickup,17.5,5,416.0,22.0,8937.0,7.6,Clear,0,6.0,5.46,451.0
SM103486,2025-05-05,Lucknow,Pickup,32.3,7,632.0,27.0,3980.0,7.0,Clear,0,8.0,7.52,836.0
SM104302,2025-02-18,Kanpur,Mini Truck,17.0,8,1648.0,112.0,17137.0,6.2,Clear,0,8.0,5.88,1205.0
SM102098,2025-10-02,Kanpur,Pickup,30.8,7,350.0,15.0,1959.0,6.8,Clear,1,8.0,7.3,739.0
SM103766,2025-09-05,Kanpur,Mini Truck,11.5,8,1117.0,50.0,15386.0,8.2,Clear,1,7.0,7.07,830.0
SM101963,2025-10-26,Lucknow,Truck,26.0,6,2388.0,106.0,50445.0,7.9,Rain,0,8.0,8.61,1692.0
SM102804,2025-03-04,Prayagraj,Truck,40.9,4,2789.0,247.0,96924.0,3.4,Clear,0,8.0,7.78,1988.0
SM100756,2025-09-27,Lucknow,Mini Truck,11.4,6,677.0,70.0,15820.0,4.6,Clear,0,6.0,4.59,658.0
SM105360,2025-08-27,Lucknow,Pickup,5.1,12,408.0,26.0,4930.0,5.2,Rain,0,8.0,7.16,655.0
SM100757,2025-05-20,Lucknow,Mini Truck,21.2,6,1655.0,138.0,10968.0,4.1,Clear,0,7.0,6.2,1042.0
SM103725,2025-12-28,Prayagraj,Pickup,41.8,5,248.0,23.0,1638.0,5.8,Clear,0,7.0,7.06,736.0
SM105273,2025-06-19,Kanpur,Mini Truck,70.1,5,965.0,45.0,9102.0,4.4,Clear,0,9.0,7.44,1686.0
SM100599,2025-08-23,Prayagraj,Pickup,23.3,5,492.0,58.0,10306.0,7.3,Rain,0,7.0,7.22,539.0
SM101384,2025-05-22,Kanpur,Truck,36.0,5,3697.0,368.0,69448.0,5.0,Clear,0,9.0,7.69,2361.0
SM100443,2025-06-28,prayagraj,Mini Truck,44.6 km,6,1320.0,116.0,24389.0,6.5,Clear,0,8.0,7.42,1362.0
SM104109,2025-04-29,Lucknow,Mini Truck,16.9,10,789.0,35.0,4655.0,1.0,Clear,0,8.0,96.0,1002.0
SM100358,2025-02-03,Varanasi,Pickup,19.9,4,677.0,33.0,,3.6,Clear,0,6.0,4.76,659.0
SM105339,2025-06-20,Kanpur,Mini Truck,44.3,5,909.0,91.0,12884.0,5.1,Clear,0,8.0,7.78,1121.0
SM103906,19/09/2025,Kanpur,Truck,4.9,5,1713.0,74.0,11089.0,6.2,Rain,0,6.0,7.24,885.0
SM104183,2025-11-08,Prayagraj,Pickup,63.8,4,416.0,51.0,10169.0,5.2,Clear,0,8.0,6.33,1072.0
SM100998,2025-12-18,Prayagraj,Truck,11.5,8,2327.0,143.0,17371.0,2.6,Fog,0,8.0,8.5,1411.0
SM105524,2025-08-12,Lucknow,Pickup,21.5,11,443.0,29.0,823238.8963911815,5.8,Clear,1,8.0,7.96,696.0
SM105162,2025-04-15,Lucknow,Pickup,45.0,6,438.0,49.0,6313.0,5.6,Clear,0,8.0,6.69,846.0
SM102305,2025-02-05,Varanasi,Pickup,22.8,5,566.0,69.0,10178.0,,Fog,0,7.0,6.8,633.0
SM102805,20/12/2025,Kanpur,Pickup,,5,418.0,19.0,7108.0,5.8,Fog,0,6.0,6.79,508.0
SM105487,2025-10-07,Lucknow,Pickup,7.3,5,493.0,20.0,3994.0,5.3,Clear,0,6.0,4.32,554.0
SM103985,2025-05-05,Varanasi,Truck,51.2,5,2573.0,184.0,74002.0,3.5,Clear,0,9.0,8.03,2360.0
SM102394,22/06/2025,prayagraj,Pickup,22.5,3,291.0,15.0,3558.0,5.2,Clear,0,6.0,4.78,369.0
SM100661,2025-09-26,Gorakhpur,Mini Truck,31.8,3,862.0,44.0,12379.0,6.4,Rain,0,7.0,6.79,863.0
SM103983,04/09/2025,Kanpur,Mini Truck,33.5,6,1464.0,80.0,11186.0,7.7,Rain,0,8.0,7.69,1181.0
SM104686,2025-12-13,Prayagraj,Mini Truck,29.6,3,910.0,55.0,12270.0,7.9,Clear,0,6.0,5.6,880.0
SM105950,2025-05-27,Prayagraj,Pickup,,5,-334.0,24.0,11110.0,4.9,Clear,0,7.0,5.74,621.0
SM100191,2025-08-19,lucknow,Pickup,19.4,7,522.0,26.0,8440.0,8.9,Clear,0,7.0,6.62,563.0
SM100893,2025-12-24,Varanasi,Mini Truck,66.9,5,947.0,50.0,3088.0,7.7,Fog,0,9.0,8.87,1588.0
SM105277,2025-10-28,Kanpur,Pickup,32.0,6,528.0,28.0,5119.0,,Rain,1,7.0,9.53,645.0
SM102801,2025-06-12,varanasi,Pickup,24.5,6,518.0,23.0,2373.0,4.9,Clear,0,7.0,5.43,750.0
SM105543,2025-10-19,Gorakhpur,Pickup,81.5,5,520.0,45.0,5339.0,4.4,Rain,0,10.0,8.79,1369.0
SM104319,2025-01-16,Prayagraj,Mini Truck,13.8,7,1240.0,101.0,16537.0,4.7,Fog,0,7.0,6.48,939.0
SM100321,2025-02-09,Allahabad,Mini Truck,20.1,4,912.0,72.0,13615.0,3.3,Clear,0,6.0,4.66,715.0
SM101055,2025-12-30,Kanpur,Mini Truck,23.9,8,798.0,79.0,37635.0,5.7,Rain,0,8.0,7.61,1028.0
SM100197,2025-02-13,Lucknow,Mini Truck,15.5,3,1475.0,165.0,44911.0,6.8,Clear,0,6.0,3.87,927.0
SM105688,2025-10-04,Lucknow,Mini Truck,10.6,8,1377.0,60.0,16147.0,4.1,Clear,0,7.0,6.21,978.0
SM105260,2025-12-29,Prayagraj,Pickup,33.5,6,678.0,41.0,8776.0,8.8,Clear,0,8.0,6.51,869.0
SM103448,2025-08-09,Varanasi,Truck,34.9,7,3929.0,206.0,64577.0,7.8,Clear,1,10.0,10.49,2441.0
SM101907,2025-02-28,Lucknow,Mini Truck,49.0,3,610.0,73.0,30887.0,5.5,Clear,0,7.0,5.11,1171.0
SM100256,2025-09-05,Lucknow,Mini Truck,23.7,4,1242.0,56.0,7105.0,2.8,Rain,1,7.0,6.53,995.0
SM103190,2025-01-02,Kanpur,Mini Truck,33.9,7,650.0,26.0,6527.0,5.7,Clear,0,8.0,5.28,899.0
SM105333,2025-11-23,Varanasi,Pickup,15.9,3,566.0,37.0,2212.0,5.1,Clear,0,6.0,4.2,497.0
SM103307,2025-02-19,Kanpur,Mini Truck,17.8,6,328.0,34.0,7144.0,5.3,Clear,0,7.0,5.34,582.0
SM103081,2025-10-27,Lucknow,Pickup,40.9,4,483.0,30.0,9397.0,6.2,Rain,0,7.0,7.25,776.0
SM105465,2025-07-22,Prayagraj,Truck,19.4,7,2514.0,174.0,27266.0,7.7,Clear,0,8.0,8.33,1531.0
SM105093,2025-12-21,Gorakhpur,Pickup,42.4,7,597.0,36.0,14209.0,4.7,Clear,0,8.0,6.02,902.0
SM103528,2025-03-10,prayagraj,Pickup,17.2,5,422.0,18.0,,8.2,Clear,0,6.0,5.11,569.0
SM100246,2025-10-04,Allahabad,Mini Truck,17.2,10,921.0,70.0,13989.0,6.9,Clear,0,8.0,7.18,967.0
SM101832,2025-08-03,Varanasi,Mini Truck,25.2,4,814.0,48.0,9299.0,4.9,Rain,0,7.0,6.62,883.0
SM101213,2025-11-13,Lucknow,Pickup,29.9,6,307.0,12.0,5596.0,5.6,Clear,0,7.0,5.18,627.0
SM104514,2025-11-29,Varanasi,Pickup,12.4,8,375.0,23.0,7563.0,,Clear,0,7.0,5.08,546.0
SM103804,2025-01-09,Gorakhpur,Pickup,56.6,4,573.0,31.0,6143.0,7.7,Clear,0,8.0,6.82,964.0
SM105931,2025-07-18,Prayagraj,Mini Truck,42.6,6,1662.0,82.0,16411.0,6.5,Clear,0,8.0,7.01,1495.0
SM101037,2025-01-06,Kanpur,Pickup,29.5,6,518.0,48.0,5179.0,5.8,Fog,0,7.0,7.01,724.0
SM100471,2025-10-21,Prayagraj,Truck,12.7,9,3082.0,146.0,37547.0,5.8,Rain,1,9.0,9.15,1715.0
SM101926,2025-05-12,Lucknow,Pickup,21.2,6,529.0,23.0,4788.0,,Clear,0,7.0,5.65,592.0
SM100759,2025-09-24,Lucknow,Pickup,11.0,5,476.0,19.0,3321.0,6.7,Clear,0,6.0,4.24,572.0
SM104694,2025-09-16,Lucknow,Pickup,36.4,8,583.0,33.0,5336.0,8.0,Rain,0,8.0,8.5,932.0
SM101042,2025-06-01,Lucknow,Truck,11.8,4,1314.0,56.0,24701.0,7.8,Clear,0,6.0,6.46,903.0
SM104021,2025-01-18,Gorakhpur,Truck,19.3,4,3613.0,438.0,115583.0,6.5,Clear,0,8.0,6.66,1867.0
SM102718,2025-07-31,Lucknow,Mini Truck,26.1,4,799.0,72.0,16460.0,7.9,Rain,0,7.0,6.48,801.0
SM103536,2025-01-11,Lucknow,Truck,25.9,9,2674.0,295.0,44025.0,4.8,Fog,0,9.0,9.45,1848.0
SM100851,2025-10-20,Lucknow,Mini Truck,21.6,5,957.0,96.0,823238.8963911815,4.5,Clear,1,7.0,6.66,1005.0
SM103778,2025-12-26,Prayagraj,Mini Truck,17.1,8,1089.0,80.0,9287.0,6.2,Fog,0,8.0,8.69,818.0
SM102707,2025-04-21,Kanpur,Mini Truck,34.9,4,1067.0,45.0,3836.0,4.6,Clear,0,7.0,5.21,1035.0
SM104045,2025-01-06,Gorakhpur,Mini Truck,93.0,1,1455.0,141.0,17337.0,,Clear,0,9.0,6.16,2160.0
SM105293,2025-09-24,Lucknow,Pickup,31.0,5,248.0,17.0,6854.0,5.8,Clear,0,7.0,5.71,521.0
SM101364,2025-07-22,Kanpur,Mini Truck,63.3,4,1539.0,78.0,13008.0,8.2,Rain,0,9.0,9.06,1640.0
SM105440,2025-07-08,kanpur,Truck,15.4,8,1481.0,73.0,11866.0,6.6,Rain,0,8.0,8.24,1245.0
SM103014,2025-06-28,Lucknow,Mini Truck,18.3,12,1174.0,81.0,7364.0,5.1,Clear,0,9.0,7.61,1166.0
SM100891,2025-09-17,Varanasi,Truck,30.0,6,3029.0,287.0,53477.0,3.5,Rain,0,9.0,7.79,2040.0
SM100273,2025-12-16,varanasi,Truck,39.9,4,4263.0,335.0,139287.0,1.1,Clear,0,9.0,6.75,2632.0
SM104387,2025-01-22,Lucknow,Pickup,13.9,8,525.0,46.0,12209.0,8.3,Fog,0,7.0,8.17,690.0
SM101715,2025-11-17,Lucknow,Pickup,8.3,10,761.0,64.0,18506.0,5.2,Clear,1,8.0,7.08,667.0
SM103823,2025-03-07,Lucknow,Truck,8.3,7,3333.0,158.0,54073.0,4.1,Clear,0,8.0,6.84,1598.0
SM105713,2025-08-30,Varanasi,Pickup,52.9,6,629.0,72.0,15742.0,6.2,Rain,0,8.0,8.16,1140.0
SM104665,2025-10-29,Prayagraj,Mini Truck,54.7,6,576.0,50.0,5272.0,5.9,Clear,0,9.0,7.55,1336.0
SM102954,2025-04-12,Prayagraj,Pickup,18.2,5,601.0,26.0,12728.0,2.8,Clear,0,6.0,4.51,586.0
SM101414,2025-08-02,Lucknow,Mini Truck,11.1,5,405.0,24.0,12936.0,2.5,Clear,0,6.0,4.35,597.0
SM100099,2025-02-21,Lucknow,Pickup,14.5,6,605.0,73.0,20329.0,8.9,Clear,1,7.0,7.24,601.0
SM103355,2025-06-11,Prayagraj,Pickup,13.9,9,699.0,79.0,17645.0,5.5,Clear,0,8.0,5.8,674.0
SM105745,2025-01-08,Prayagraj,Mini Truck,50.8,7,610.0,29.0,5783.0,5.3,Fog,0,9.0,9.5,1240.0
SM105927,2025-08-05,Gorakhpur,Mini Truck,35.9,8,1205.0,116.0,34031.0,6.0,Clear,0,9.0,6.65,1182.0
SM100335,2025-10-23,Allahabad,Mini Truck,68.9,8,1482.0,73.0,9983.0,5.2,Clear,1,10.0,9.9,1873.0
SM105290,2025-10-30,Kanpur,Mini Truck,32.2,4,1041.0,49.0,24440.0,6.7,Clear,0,7.0,6.38,1035.0
SM101121,2025-01-31,Kanpur,Mini Truck,54.7,4,1254.0,83.0,39099.0,5.1,Clear,0,8.0,6.07,1307.0
SM102621,2025-05-24,Prayagraj,Truck,32.8,7,2519.0,244.0,28124.0,4.2,Clear,0,9.0,6.5,1963.0
SM100040,2025-03-02,Allahabad,Mini Truck,61.1,6,1629.0,78.0,10114.0,4.4,Clear,0,9.0,8.1,1853.0
SM103817,2025-10-21,Lucknow,Pickup,30.9,5,401.0,29.0,7130.0,7.4,Clear,1,7.0,6.5,629.0
SM103168,2025-10-28,Prayagraj,Mini Truck,48.3,9,1704.0,101.0,83934.0,5.3,Clear,0,10.0,8.05,1587.0
SM104976,2025-07-29,Kanpur,Pickup,15.7,11,364.0,34.0,10999.0,9.0,Clear,0,8.0,7.35,703.0
SM104564,2025-11-24,Prayagraj,Mini Truck,49.7,7,482.0,28.0,4143.0,6.3,Clear,0,9.0,7.3,1185.0
SM104900,2025-05-07,Prayagraj,Mini Truck,29.4,5,634.0,49.0,8536.0,5.5,Rain,0,7.0,6.01,866.0
SM105602,2025-01-04,Prayagraj,Pickup,31.3,3,529.0,35.0,4201.0,4.6,Fog,0,6.0,7.0,718.0
SM104443,2025-06-15,Lucknow,Truck,28.3,9,2454.0,231.0,87216.0,3.8,Clear,0,9.0,8.06,1869.0
SM100919,2025-08-21,Prayagraj,Pickup,,9,426.0,19.0,2709.0,5.1,Clear,0,7.0,5.08,624.0
SM104761,2025-11-06,Gorakhpur,Mini Truck,32.5,12,1684.0,70.0,22947.0,5.1,Clear,0,10.0,7.86,1418.0
SM105801,2025-05-21, PRAYAGRAJ ,Pickup,40.4,7,137.0,15.0,7362.0,8.5,Clear,0,8.0,6.85,736.0
SM102192,2025-04-15,Lucknow,Mini Truck,13.5,5,1433.0,74.0,10609.0,6.5,Clear,0,7.0,4.89,907.0
SM100955,2025-08-12,Varanasi,Pickup,47.8,6,502.0,45.0,9694.0,,Rain,0,8.0,8.59,833.0
SM105038,2025-12-30,Lucknow,Pickup,39.1,2,628.0,25.0,4426.0,7.0,,0,7.0,5.1,845.0
SM104544,2025-06-12,Varanasi,Mini Truck,31.4,6,597.0,44.0,10224.0,4.2,Clear,0,7.0,4.75,841.0
SM104131,2025-12-06,varanasi,Mini Truck,31.4,5,964.0,73.0,14612.0,3.9,Fog,0,7.0,7.74,1095.0
SM101277,2025-10-10,Kanpur,Truck,10.0,6,1485.0,171.0,47873.0,5.4,Clear,0,7.0,6.45,1064.0
SM100306,2025-04-21,Lucknow,Truck,9.9,6,2309.0,278.0,45235.0,6.9,Clear,0,7.0,6.72,1198.0
SM101548,2025-06-30,Kanpur,Truck,34.7,3,3882.0,219.0,64574.0,10.0,Clear,0,8.0,8.53,2262.0
SM101736,2025-07-03,Varanasi,Pickup,65.7,6,348.0,28.0,4352.0,3.7,Rain,0,9.0,7.75,1032.0
SM101249,2025-12-23,Kanpur,Mini Truck,51.5,9,1141.0,54.0,823238.8963911815,7.6,Clear,0,10.0,8.09,1630.0
SM102886,2025-12-07,Lucknow,Truck,53.3 km,7,3085.0,270.0,76163.0,6.1,Fog,0,10.0,11.86,2551.0
SM105666,2025-03-15,Prayagraj,Mini Truck,15.1,7,557.0,61.0,10633.0,1.4,Clear,0,7.0,4.41,659.0
SM102025,22/06/2025,Varanasi,Mini Truck,27.1,14,959.0,109.0,22161.0,4.6,Rain,0,10.0,9.42,1160.0
SM102164,2025-12-15,Varanasi,Mini Truck,47.7,10,401.0,39.0,3794.0,7.4,Fog,1,9.0,10.68,1211.0
SM102611,2025-12-05,Varanasi,Mini Truck,12.1,4,1782.0,134.0,28297.0,4.0,Clear,0,6.0,4.81,901.0
SM101731,2025-11-26,Gorakhpur,Pickup,36.4,5,277.0,30.0,4433.0,4.9,Clear,0,7.0,5.49,739.0
SM100553,2025-04-27,Prayagraj,Mini Truck,35.4,5,1032.0,46.0,3940.0,10.0,Clear,0,7.0,8.07,1152.0
SM103260,2025-06-08,Gorakhpur,Pickup,24.0,7,579.0,24.0,4056.0,4.1,Rain,1,7.0,7.6,733.0
SM103273,2025-05-28,Lucknow,Mini Truck,,6,791.0,33.0,16707.0,7.7,Clear,0,7.0,5.43,656.0
SM104943,12/11/2025,Prayagraj,Truck,13.2 km,9,2213.0,132.0,66183.0,3.6,Clear,0,8.0,6.24,1376.0
SM104398,2025-01-26, GORAKHPUR ,Pickup,88.2,7,486.0,44.0,5845.0,2.3,Fog,0,10.0,8.16,1398.0
SM101253,2025-10-17,Varanasi,Mini Truck,48.1,3,,36.0,7774.0,7.3,Rain,0,7.0,7.44,1099.0
SM101041,2025-11-09,Kanpur,Truck,8.4,6,3473.0,230.0,30099.0,6.1,Clear,0,8.0,6.71,1571.0
SM101697,2025-02-24,Prayagraj,Truck,35.2,9,2062.0,88.0,73445.0,4.8,Clear,0,9.0,7.75,1810.0
SM102948,2025-07-13,Prayagraj,Pickup,19.7 km,7,136.0,9.0,1339.0,6.9,Clear,0,7.0,5.8,559.0
SM100188,2025-03-29,Lucknow,Truck,21.0,4,921.0,76.0,16363.0,6.2,Clear,0,6.0,6.73,1019.0
SM105649,2025-12-24,Varanasi,Pickup,17.8,5,426.0,51.0,16876.0,4.0,Clear,1,6.0,5.53,554.0
SM104008,2025-03-11,Lucknow,Truck,25.4,6,2602.0,125.0,31473.0,5.5,Clear,0,8.0,6.54,1841.0
SM102577,2025-06-14,Varanasi,Pickup,21.4,6,585.0,24.0,8746.0,4.1,Clear,0,7.0,3.75,579.0
SM104653,2025-03-18,Lucknow,Pickup,23.0,9,473.0,33.0,7331.0,7.5,Clear,0,8.0,6.71,634.0
SM102860,2025-03-12,Varanasi,Truck,63.1,4,3887.0,202.0,41154.0,5.0,Clear,0,10.0,8.56,2931.0
SM101518,2025-06-30,Kanpur,Pickup,223.0,4,497.0,30.0,,4.9,Clear,0,6.0,4.32,640.0
SM103901,2025-12-14,Varanasi,Pickup,44.9,8,394.0,16.0,3158.0,6.7,Fog,0,9.0,9.56,927.0
SM100685,2025-10-20,Lucknow,Mini Truck,17.2,4,1018.0,122.0,27563.0,4.3,Clear,1,6.0,6.5,783.0
SM105007,2025-10-30,Kanpur,Mini Truck,11.2,5,1143.0,67.0,3351.0,6.2,Rain,0,6.0,5.92,888.0
SM105404,2025-01-10,Gorakhpur,Truck,77.3,7,4126.0,191.0,58595.0,8.9,Clear,0,12.0,12.1,3642.0
SM104845,2025-10-07,Lucknow,Pickup,12.5,6,366.0,28.0,5814.0,,Clear,0,6.0,4.71,423.0
SM100789,2025-01-05,Varanasi,Truck,76.4,5,3291.0,168.0,36140.0,6.1,Fog,0,11.0,12.41,3146.0
SM102970,2025-08-12,Prayagraj,Mini Truck,19.9,2,763.0,44.0,10625.0,6.2,Clear,0,6.0,4.04,704.0
SM104749,2025-05-14,Kanpur,Mini Truck,16.5,3,873.0,39.0,6357.0,1.8,Clear,0,6.0,3.39,711.0
SM101012,2025-03-31,Gorakhpur,Pickup,35.1,9,520.0,51.0,20663.0,6.6,Clear,1,8.0,7.69,920.0
SM105387,2025-12-27,Varanasi,Pickup,43.1,8,362.0,23.0,5332.0,7.5,Fog,1,8.0,9.43,911.0
SM102006,2025-06-08,Kanpur,Mini Truck,42.5,6,1358.0,163.0,11165.0,6.1,Clear,0,8.0,6.59,
SM105442,2025-12-03,Prayagraj,Mini Truck,56.2,8,629.0,36.0,3168.0,4.5,Fog,0,9.0,9.08,1354.0
SM102282,2025-04-29,Gorakhpur,Pickup,44.8,8,454.0,43.0,7371.0,6.6,Clear,0,9.0,7.1,1107.0
SM101785,2025-03-30,Kanpur,Pickup,11.7,8,539.0,24.0,5805.0,3.4,Clear,0,7.0,5.13,575.0
SM103747,2025-12-26,Varanasi,Truck,108.3,3,2589.0,131.0,18919.0,6.0,Clear,0,11.0,10.19,3583.0
SM105451,2025-09-28,Lucknow,Mini Truck,,4,885.0,36.0,6671.0,3.3,Rain,0,7.0,6.75,910.0
SM105205,2025-06-16,Prayagraj,Mini Truck,60.1,5,776.0,40.0,5603.0,4.6,Clear,0,9.0,5.71,1436.0
SM105680,2025-03-11,Lucknow,Mini Truck,32.8,4,1404.0,87.0,42935.0,8.5,Clear,0,7.0,6.6,1126.0
SM103999,2025-07-09,Kanpur,Pickup,28.4,3,-284.0,16.0,2172.0,9.2,Clear,0,6.0,5.2,523.0
SM101587,2025-01-29,Gorakhpur,Mini Truck,33.3,6,,71.0,13339.0,7.0,Fog,0,8.0,8.42,1280.0
SM104087,2025-12-06,Lucknow,Pickup,22.3,9,321.0,18.0,2467.0,7.0,Rain,0,8.0,8.12,779.0
SM101441,2025-07-07,Prayagraj,Mini Truck,34.6,7,1196.0,134.0,44112.0,3.1,Rain,0,8.0,6.47,1276.0
SM101613,2025-09-10,Prayagraj,Mini Truck,26.4,4,819.0,42.0,7547.0,4.2,Rain,0,7.0,5.79,915.0
SM102726,2025-02-19,Varanasi,Mini Truck,33.2,4,1580.0,82.0,20488.0,6.7,Clear,0,7.0,5.34,1154.0
SM103862,2025-04-01,Lucknow,Mini Truck,32.5,10,408.0,36.0,11019.0,7.1,Clear,0,9.0,8.51,1034.0
SM103005,2025-05-16,Prayagraj,Mini Truck,44.2,8,704.0,33.0,5995.0,5.5,Clear,0,9.0,8.31,1293.0
SM103501,2025-08-22, PRAYAGRAJ ,Truck,46.6,6,1910.0,147.0,17031.0,6.1,Rain,0,9.0,9.4,2057.0
SM102893,2025-11-30,Kanpur,Pickup,35.0,7,581.0,27.0,2516.0,7.7,Clear,0,8.0,7.21,881.0
SM103339,2025-11-13,Varanasi,Truck,75.1,7,4150.0,193.0,66109.0,5.1,Fog,0,12.0,11.95,3427.0
SM100316,2025-09-24,Kanpur,Mini Truck,67.9,5,1046.0,64.0,,6.1,Clear,0,9.0,6.98,1561.0
SM103875,2025-08-09,prayagraj,Pickup,13.1,7,268.0,19.0,5596.0,7.6,Rain,1,7.0,7.74,442.0
SM101355,2025-07-01,Varanasi,Mini Truck,59.3,7,910.0,73.0,7001.0,5.3,Rain,0,9.0,7.21,1499.0
SM105170,2025-08-08,Gorakhpur,Mini Truck,39.7,3,1338.0,63.0,7310.0,5.0,Clear,0,7.0,5.06,1191.0
SM103903,2025-01-05,Prayagraj,Pickup,40.8,7,327.0,17.0,7397.0,5.7,Fog,0,8.0,8.02,875.0
SM105352,2025-02-14,Kanpur,Mini Truck,61.4,6,603.0,37.0,12336.0,7.6,Clear,0,9.0,6.92,1416.0
SM105447,2025-05-30,Varanasi,Truck,30.6,3,3056.0,131.0,12305.0,4.5,Clear,0,8.0,6.43,1863.0
SM101177,2025-03-11,Gorakhpur,Truck,43.9,8,3703.0,285.0,58041.0,4.5,Rain,0,10.0,9.98,2632.0
SM101630,29/07/2025,Lucknow,Mini Truck,35.8,3,,57.0,11040.0,6.9,Rain,0,7.0,6.43,860.0
SM105439,2025-07-23,Lucknow,Mini Truck,19.7,3,1111.0,126.0,18657.0,99.0,Rain,0,6.0,4.9,780.0
SM104272,2025-12-07,Lucknow,Mini Truck,31.5,6,1266.0,146.0,34248.0,3.9,Clear,0,8.0,6.06,1143.0
SM103652,2025-05-30,Varanasi,Mini Truck,36.5,8,1022.0,44.0,13083.0,2.9,Clear,0,8.0,5.48,1292.0
SM105657,2025-10-24,Prayagraj,Truck,24.5,7,3700.0,432.0,70119.0,5.5,Clear,0,9.0,7.95,2084.0
SM100330,2025-07-19,Gorakhpur,Mini Truck,86.1,3,764.0,45.0,8341.0,4.4,Clear,0,9.0,7.43,1726.0
SM105561,2025-02-12,Lucknow,Mini Truck,61.4,7,892.0,45.0,12273.0,4.4,Clear,1,9.0,8.73,1519.0
SM101673,2025-10-04,Prayagraj,Mini Truck,36.1,4,1388.0,56.0,10426.0,5.4,Clear,0,7.0,6.3,1085.0
SM104339,2025-07-03,Gorakhpur,Pickup,16.8,7,343.0,18.0,2112.0,3.6,Clear,0,7.0,4.67,525.0
SM105840,2025-10-12,Lucknow,Truck,45.0,8,4564.0,286.0,72293.0,6.0,Clear,0,11.0,10.7,3001.0
SM105687,2025-03-31,Lucknow,Pickup,,4,657.0,35.0,3638.0,4.9,Clear,1,6.0,6.03,671.0
SM101498,2025-06-20,Kanpur,Mini Truck,45.6,6,937.0,105.0,9318.0,7.1,Clear,0,8.0,6.85,1242.0
SM100032,2025-02-03, LUCKNOW ,Mini Truck,61.3,5,1703.0,80.0,8418.0,4.7,Clear,0,9.0,7.47,1838.0
SM102000,2025-11-17,Lucknow,Mini Truck,32.3,4,1162.0,56.0,21684.0,5.9,Clear,0,7.0,6.55,1034.0
SM101724,2025-07-14,Lucknow,Pickup,42.8,8,671.0,28.0,3598.0,6.0,Clear,0,9.0,6.76,1070.0
SM103361,2025-09-29,Varanasi,Mini Truck,44.9,5,1403.0,62.0,11253.0,7.7,Rain,0,8.0,8.53,1360.0
SM104203,2025-02-17,Gorakhpur,Mini Truck,82.9,6,1466.0,87.0,8794.0,6.7,Clear,0,10.0,8.59,2104.0
SM103945,2025-09-25,Kanpur,Pickup,18.6,5,705.0,41.0,12042.0,5.8,Clear,0,6.0,5.41,641.0
SM102429,2025-04-09,Varanasi,Mini Truck,28.5,4,1161.0,50.0,13573.0,5.1,Rain,0,7.0,6.54,908.0
SM103100,2025-05-14,Varanasi,Pickup,20.8,5,539.0,24.0,2949.0,7.8,Clear,0,7.0,5.53,614.0
SM105886,2025-12-28,Lucknow,Pickup,6.1,9,,46.0,41938.0,5.2,Clear,0,7.0,5.31,438.0
SM104265,2025-12-28,Lucknow,Pickup,16.7,6,517.0,22.0,3032.0,3.8,Clear,0,7.0,4.49,565.0
SM101438,2025-04-27,prayagraj,Pickup,40.4,4,510.0,33.0,12612.0,4.6,Clear,0,7.0,5.14,768.0
SM105913,2025-02-27,Prayagraj,Mini Truck,28.4,9,1605.0,160.0,4661.0,4.7,Rain,0,9.0,6.68,1392.0
SM101398,2025-01-10,Lucknow,Mini Truck,77.4,4,1649.0,126.0,36192.0,4.4,Clear,0,10.0,7.24,2036.0
SM101476,2025-06-29,Varanasi,Truck,35.0,13,2459.0,288.0,60910.0,3.7,Clear,0,11.0,8.58,2090.0
SM105526,2025-08-03,Kanpur,Mini Truck,11.0,9,1131.0,99.0,14655.0,4.9,Rain,0,8.0,7.26,870.0
SM100663,2025-03-15,Varanasi,Pickup,28.1,8,281.0,21.0,6591.0,99.0,Clear,0,8.0,6.84,616.0
SM105711,2025-12-09,Lucknow,Mini Truck,58.4,6,,75.0,5751.0,7.9,Fog,0,9.0,11.35,1550.0
SM101010,2025-04-09,Lucknow,Truck,21.1,9,-1545.0,75.0,11406.0,5.7,Clear,0,8.0,7.67,1244.0
SM101333,2025-10-22,Prayagraj,Mini Truck,44.1,5,886.0,48.0,14245.0,5.5,Clear,1,8.0,7.64,1214.0
SM100221,2025-06-16,Kanpur,Mini Truck,27.6,4,1440.0,71.0,9885.0,5.6,Clear,1,7.0,5.18,
SM101386,2025-07-24,Prayagraj,Mini Truck,61.4,9,1703.0,96.0,11723.0,4.0,Clear,0,10.0,7.85,1871.0
SM105920,2025-02-23,Prayagraj,Mini Truck,32.8,5,1502.0,92.0,8938.0,3.2,Clear,0,8.0,5.16,1159.0
SM101141,2025-05-04, VARANASI ,Mini Truck,61.1,7,877.0,46.0,6634.0,2.2,Clear,0,9.0,7.07,1457.0
SM103253,2025-05-16,Prayagraj,Truck,44.8,7,4235.0,210.0,52586.0,5.7,Clear,0,10.0,9.76,2678.0
SM103404,2025-05-24,Lucknow,Pickup,29.5,4,394.0,31.0,10894.0,7.0,Clear,0,7.0,4.51,655.0
SM103495,2025-07-14,Lucknow,Pickup,,6,426.0,22.0,2663.0,5.5,Rain,0,7.0,6.88,642.0
SM105719,2025-06-17,Lucknow,Pickup,27.9,6,544.0,50.0,19569.0,6.9,Clear,0,7.0,6.28,739.0
SM102711,09/01/2025,Varanasi,Mini Truck,47.5,6,831.0,41.0,5528.0,3.4,Clear,0,8.0,5.17,1281.0
SM100123,2025-06-21,Allahabad,Mini Truck,13.1,2,1849.0,99.0,16372.0,5.3,Clear,0,6.0,4.52,982.0
SM101380,2025-12-24,Varanasi,Pickup,23.0,9,375.0,22.0,4113.0,5.3,Fog,0,8.0,8.47,703.0
SM103219,2025-06-07,Prayagraj,Mini Truck,14.4,3,945.0,107.0,43631.0,7.9,Clear,0,6.0,4.36,553.0
SM101720,2025-02-02,Prayagraj,Mini Truck,33.1,6,686.0,37.0,4771.0,5.6,Clear,0,8.0,6.57,915.0
SM105227,2025-10-10,Lucknow,Truck,34.5,13,1974.0,132.0,31226.0,,Clear,0,10.0,8.58,1941.0
SM105436,2025-05-28,Prayagraj,Pickup,40.9,5,322.0,16.0,12004.0,6.6,Clear,0,7.0,6.01,695.0
SM104913,2025-08-10,Kanpur,Truck,12.3,7,4354.0,188.0,8301.0,6.2,Clear,0,9.0,8.25,1992.0
SM100932,2025-04-04,Prayagraj,Mini Truck,,6,680.0,29.0,3263.0,4.4,Clear,0,7.0,5.27,977.0
SM103432,2025-03-17,Lucknow,Pickup,17.4 km,3,459.0,22.0,15731.0,4.3,Clear,0,6.0,3.5,412.0
SM104314,2025-10-02,Prayagraj,Pickup,37.6,9,451.0,19.0,6654.0,4.2,Clear,1,9.0,7.01,859.0
SM101938,2025-12-17,varanasi,Mini Truck,32.6,6,384.0,17.0,5418.0,6.5,Clear,0,7.0,5.97,831.0
SM103508,2025-01-22,Varanasi,Truck,22.0,5,3856.0,435.0,131016.0,3.4,Fog,0,8.0,9.2,1900.0
SM101608,2025-03-28,Lucknow,Pickup,23.8,9,551.0,27.0,8064.0,2.3,Clear,0,8.0,7.29,754.0
SM102026,2025-08-13,prayagraj,Mini Truck,12.0,7,1493.0,142.0,25487.0,7.3,Rain,0,7.0,7.32,1015.0
SM102246,2025-07-30,Prayagraj,Mini Truck,37.3,7,1187.0,79.0,26937.0,6.2,Clear,0,8.0,6.84,1324.0
SM103834,2025-02-21,Prayagraj,Pickup,26.7,11,326.0,33.0,2236.0,3.8,Clear,0,9.0,6.58,736.0
SM105107,2025-12-13,Kanpur,Pickup,28.4,9,504.0,22.0,5529.0,4.5,Clear,0,8.0,6.81,841.0
SM102541,2025-12-21,Varanasi,Mini Truck,9.5,3,933.0,103.0,9625.0,2.6,Fog,0,6.0,5.34,540.0
SM105568,2025-04-25,Varanasi,Truck,20.6,9,2939.0,245.0,78806.0,5.8,Clear,0,9.0,8.3,1778.0
SM101140,2025-11-18,Prayagraj,Pickup,18.0,9,671.0,81.0,24700.0,5.0,Clear,0,8.0,4.41,738.0
SM102589,2025-05-07,Varanasi,Pickup,72.1,3,485.0,28.0,7415.0,3.7,Clear,0,8.0,6.56,940.0
SM105307,2025-09-29,Varanasi,Pickup,50.8,4,513.0,28.0,,6.6,Rain,0,8.0,7.86,874.0
SM100710,2025-09-05,Kanpur,Pickup,10.1,6,420.0,23.0,3427.0,5.3,Rain,1,6.0,6.27,499.0
SM104630,2025-02-23,Prayagraj,Pickup,37.0,2,533.0,43.0,11244.0,5.3,Clear,0,6.0,4.54,669.0
SM103237,29/12/2025,Varanasi,Mini Truck,22.5,4,1005.0,47.0,4901.0,,,0,7.0,6.05,984.0
SM104194,2025-07-26,kanpur,Mini Truck,19.9,4,1867.0,81.0,28974.0,6.2,Clear,0,7.0,5.48,1101.0
SM101989,2025-12-04,Lucknow,Pickup,21.5,6,296.0,19.0,6356.0,7.7,Clear,0,7.0,6.48,474.0
SM103698,2025-04-16,Kanpur,Truck,13.3,4,3659.0,149.0,19232.0,5.4,Clear,0,7.0,6.27,1773.0
SM104672,2025-03-18,Gorakhpur,Pickup,37.1,8,272.0,20.0,3724.0,4.3,Clear,0,8.0,6.7,769.0
SM102445,2025-11-23,lucknow,Pickup,49.0,7,515.0,28.0,7644.0,5.7,Clear,0,9.0,6.93,919.0
SM100361,2025-11-22,Prayagraj,Pickup,32.8,2,381.0,20.0,1374.0,4.1,Clear,0,6.0,3.82,607.0
SM101686,2025-06-06,Prayagraj,Pickup,51.5,2,396.0,18.0,3365.0,5.7,Clear,0,7.0,4.44,851.0
SM100772,2025-01-02,Varanasi,Pickup,39.4,3,444.0,27.0,,4.1,Clear,0,7.0,5.13,751.0
SM101606,2025-02-23,Kanpur,Truck,32.1,3,3486.0,152.0,10421.0,4.2,Clear,0,8.0,6.96,2094.0
SM104867,2025-04-28,Lucknow,Truck,14.9,4,2833.0,119.0,9823.0,5.7,Clear,0,7.0,6.23,1466.0
SM100900,2025-01-02,Lucknow,Pickup,8.5,9,,26.0,7349.0,6.0,Fog,0,7.0,6.86,598.0
SM101533,2025-03-10,Prayagraj,Mini Truck,46.0,6,1356.0,117.0,26369.0,6.0,Clear,0,8.0,7.23,1364.0
SM101427,2025-11-26,Lucknow,Mini Truck,7.9,4,1402.0,117.0,41381.0,3.1,Clear,0,6.0,4.92,815.0
SM103822,2025-07-20,Prayagraj,Pickup,26.1,5,432.0,36.0,14434.0,3.9,Clear,0,7.0,5.26,690.0
SM100854,2025-04-16,Varanasi,Truck,25.7,8,2135.0,109.0,13573.0,7.2,Clear,0,9.0,7.34,1776.0
SM103806,2025-02-07,Varanasi,Truck,55.8,3,2699.0,203.0,21976.0,4.9,Clear,0,9.0,6.09,2474.0
SM105424,2025-04-20,Prayagraj,Truck,31.8,3,3645.0,221.0,35223.0,2.9,Clear,0,8.0,6.14,2210.0
SM101392,2025-12-26,Prayagraj,Pickup,47.2,6,548.0,29.0,2833.0,5.9,Clear,0,8.0,5.9,808.0
SM101195,2025-08-20,Prayagraj,Pickup,32.1,6,216.0,10.0,1335.0,6.2,Clear,1,7.0,6.98,666.0
SM102867,2025-02-27,Varanasi,Pickup,,8,538.0,32.0,5879.0,3.5,Clear,0,7.0,5.84,544.0
SM100874,2025-09-12,Gorakhpur,Truck,,2,,359.0,32947.0,4.8,Rain,0,9.0,8.3,2830.0
SM102112,2025-11-30,Kanpur,Mini Truck,29.6,8,952.0,84.0,13251.0,5.4,Rain,0,8.0,6.86,1070.0
SM100770,2025-08-26,Gorakhpur,Pickup,71.5,3,339.0,37.0,3939.0,5.3,Rain,0,8.0,7.09,1063.0
SM100894,2025-10-01,Gorakhpur,Mini Truck,43.9,8,1108.0,54.0,9812.0,7.1,Clear,0,9.0,7.39,1378.0
SM102366,2025-05-04,Prayagraj,Pickup,26.0,10,408.0,17.0,7762.0,5.7,Clear,0,8.0,5.23,774.0
SM101603,2025-04-26,Varanasi,Truck,57.2,2,2509.0,150.0,19436.0,5.1,Clear,0,8.0,0.0,2338.0
SM105683,2025-06-08,Kanpur,Mini Truck,24.7,6,1058.0,111.0,21945.0,5.3,Clear,0,7.0,5.42,1012.0
SM100749,2025-02-27,Lucknow,Mini Truck,21.7,6,1284.0,57.0,8920.0,4.2,Clear,0,7.0,6.6,959.0
SM102328,2025-01-10,Prayagraj,Mini Truck,17.0,8,1406.0,71.0,7622.0,5.0,Clear,0,8.0,6.18,1150.0
SM100083,2025-10-31,Kanpur,Truck,19.7 km,7,2994.0,170.0,35609.0,6.5,Clear,0,8.0,7.41,1663.0
SM105300,2025-01-25,Varanasi,Mini Truck,32.5,5,926.0,43.0,11289.0,4.3,Clear,0,7.0,5.43,946.0
SM103616,2025-01-19,Prayagraj,Mini Truck,37.4,5,1294.0,129.0,14106.0,6.0,Rain,0,8.0,7.42,1310.0
SM100128,2025-07-29,Varanasi,Pickup,556.0,5,289.0,30.0,5964.0,7.5,Rain,0,8.0,8.0,873.0
SM104031,2025-07-10,Lucknow,Mini Truck,21.3,4,1053.0,62.0,823238.8963911815,10.0,Clear,0,6.0,6.67,793.0
SM101431,2025-03-09,Gorakhpur,Mini Truck,15.0,4,1381.0,104.0,14711.0,7.5,Clear,0,6.0,6.09,849.0
SM101852,2025-06-15,Kanpur,Pickup,25.0,7,532.0,63.0,17122.0,5.3,Rain,0,7.0,6.8,753.0
SM102228,2025-04-16,Lucknow,Pickup,24.4,8,341.0,39.0,8405.0,7.1,Clear,0,8.0,7.42,673.0
SM104832,2025-05-23,Lucknow,Pickup,7.2,7,487.0,36.0,4414.0,4.3,Clear,0,6.0,5.4,552.0
SM104482,2025-11-02,Varanasi,Mini Truck,20.6,7,1403.0,88.0,15376.0,4.4,Clear,0,8.0,5.24,1064.0
SM100522,2025-03-12,Lucknow,Mini Truck,33.9,5,1325.0,70.0,12159.0,6.4,Rain,0,8.0,8.92,1143.0
SM101545,2025-08-04,Lucknow,Pickup,34.7,7,340.0,14.0,1988.0,5.2,Clear,0,8.0,5.84,613.0
SM104554,2025-09-16,varanasi,Mini Truck,293.0,11,1388.0,68.0,15038.0,2.6,Clear,0,9.0,8.32,1302.0
SM104166,2025-06-18,Varanasi,Mini Truck,23.6,3,1017.0,42.0,6547.0,4.8,Clear,0,6.0,4.89,807.0
SM101301,27/05/2025,Varanasi,Mini Truck,46.0,5,1370.0,72.0,26282.0,6.2,Clear,0,8.0,6.96,1421.0
SM100111,2025-10-12,Lucknow,Pickup,21.0,7,613.0,53.0,10540.0,3.1,Clear,0,7.0,5.7,700.0
SM100478,2025-08-31,Gorakhpur,Pickup,59.6,10,487.0,27.0,,4.2,Rain,0,10.0,9.72,1112.0
SM103092,2025-09-20,Varanasi,Truck,32.5,9,759.0,35.0,15577.0,3.7,Rain,0,8.0,7.96,1288.0
SM103335,2025-03-25,Prayagraj,Mini Truck,54.5,4,747.0,45.0,13482.0,6.0,Clear,0,8.0,6.71,1255.0
SM104519,2025-06-06,Lucknow,Mini Truck,34.6,5,,130.0,26172.0,6.6,Clear,0,8.0,5.84,1229.0
SM100657,2025-08-20,Prayagraj,Mini Truck,9.3,7,1575.0,79.0,27158.0,5.9,Clear,0,7.0,6.76,1012.0
SM104298,2025-01-14,Gorakhpur,Pickup,,7,620.0,28.0,9922.0,6.3,Fog,1,9.0,9.73,974.0
SM103756,2025-08-21,Kanpur,Pickup,49.7,7,471.0,22.0,6402.0,7.6,Clear,0,9.0,6.99,958.0
SM102209,2025-02-20,Lucknow,Mini Truck,16.5,3,645.0,55.0,9278.0,5.2,Clear,0,6.0,4.39,564.0
SM105608,2025-08-10,Lucknow,Mini Truck,49.3,8,1120.0,134.0,5514.0,3.7,Rain,0,9.0,7.8,1388.0
SM105461,2025-01-01,Varanasi,Truck,91.1,3,3917.0,247.0,28945.0,7.0,Fog,0,11.0,12.06,3550.0
SM103762,2025-07-30,Gorakhpur,Pickup,52.2,6,420.0,20.0,1871.0,5.0,Clear,0,8.0,7.17,910.0
SM102256,2025-10-18,Varanasi,Mini Truck,31.9,9,,89.0,18238.0,7.1,Clear,0,9.0,8.23,1338.0
SM101432,2025-03-04,Kanpur,Truck,29.7,8,2569.0,263.0,23448.0,4.9,Clear,0,9.0,8.37,1794.0
SM100748,2025-04-25,Prayagraj,Pickup,57.1,2,484.0,27.0,4313.0,3.6,Clear,0,7.0,4.77,925.0
SM102030,2025-07-22,Lucknow,Pickup,,3,699.0,43.0,3275.0,5.6,Clear,0,8.0,6.85,966.0
SM102140,2025-09-13,Varanasi,Mini Truck,73.3,4,1777.0,81.0,32156.0,6.3,Rain,0,9.0,8.68,1943.0
SM105048,2025-04-17,varanasi,Mini Truck,31.8,5,1711.0,86.0,23540.0,5.9,Clear,0,8.0,5.57,1351.0
SM103349,2025-10-13,Varanasi,Pickup,72.9,6,743.0,40.0,4669.0,6.1,Rain,0,10.0,9.34,1316.0
SM105765,2025-07-20,Prayagraj,Mini Truck,49.5,6,990.0,77.0,12663.0,5.6,Rain,0,8.0,7.78,
SM101919,2025-07-13,Prayagraj,Mini Truck,34.2,6,856.0,69.0,11533.0,5.6,Rain,0,8.0,6.88,1036.0
SM104179,2025-06-20,prayagraj,Mini Truck,24.7,6,719.0,84.0,29300.0,4.0,Clear,0,7.0,5.16,855.0
SM104860,22/01/2025,Varanasi,Pickup,32.1 km,3,513.0,48.0,22835.0,7.3,Fog,0,6.0,7.68,750.0
SM103802,2025-10-21,Prayagraj,Truck,21.6,7,2895.0,248.0,45328.0,8.4,,1,8.0,9.53,1736.0
SM100107,2025-08-31,varanasi,Mini Truck,64.4,5,899.0,92.0,9470.0,5.1,Rain,0,9.0,7.94,1474.0
SM103393,2025-03-10,Lucknow,Mini Truck,30.5,10,1292.0,71.0,10357.0,5.1,Clear,0,9.0,6.74,1374.0
SM105747,2025-04-02,Kanpur,Mini Truck,56.7,4,1314.0,66.0,21029.0,5.7,Clear,0,8.0,7.01,1456.0
SM100120,2025-06-10,Lucknow,Mini Truck,26.3,4,1102.0,118.0,17302.0,5.0,Rain,0,7.0,5.65,944.0
SM100364,2025-02-12,Prayagraj,Pickup,42.8,6,541.0,33.0,3232.0,3.7,Clear,0,8.0,6.53,801.0
SM104405,2025-11-23,Lucknow,Pickup,34.2,11,620.0,29.0,5430.0,5.1,Clear,0,9.0,6.75,961.0
SM103732,2025-05-27,Kanpur,Truck,56.9,6,2656.0,106.0,27886.0,7.1,Clear,0,10.0,9.27,2381.0
SM103258,2025-07-25,Prayagraj,Truck,31.0,5,2599.0,184.0,75469.0,6.8,Clear,0,8.0,7.97,1891.0
SM100872,2025-02-11,Lucknow,Pickup,15.5,8,105.0,6.0,1205.0,4.5,Clear,0,7.0,5.38,515.0
SM100898,2025-01-26,Lucknow,Truck,15.9,7,2652.0,129.0,24544.0,1.8,Fog,0,8.0,8.13,1594.0
SM104226,2025-06-14,Lucknow,Pickup,29.9,8,399.0,18.0,2966.0,4.4,Clear,0,8.0,6.09,735.0
SM104082,2025-10-08,Kanpur,Truck,28.1,8,4032.0,173.0,23518.0,6.3,Rain,0,10.0,11.14,2350.0
SM104327,2025-06-05,Prayagraj,Mini Truck,44.7,8,1292.0,59.0,26065.0,5.1,Clear,0,9.0,6.15,1461.0
SM103206,2025-12-31,Prayagraj,Pickup,58.1,6,,9.0,3397.0,6.3,Clear,0,8.0,6.77,846.0
SM102397,2025-04-16,Prayagraj,Truck,77.4,4,4147.0,232.0,19291.0,2.7,Clear,0,11.0,8.94,3384.0
SM103665,2025-06-14,Varanasi,Pickup,33.5,5,395.0,31.0,4343.0,5.1,Clear,0,7.0,6.36,603.0
SM104363,2025-12-20,Kanpur,Mini Truck,40.5,8,1408.0,93.0,14388.0,5.1,Clear,0,9.0,7.38,1511.0
SM103427,2025-11-19,Prayagraj,Mini Truck,55.9,5,996.0,82.0,20411.0,7.1,Clear,0,8.0,7.62,1510.0
SM102698,2025-02-16,Kanpur,Truck,,4,3993.0,193.0,36279.0,4.5,Rain,0,7.0,7.85,1793.0
SM105353,2025-06-22,Lucknow,Mini Truck,23.0,7,-668.0,51.0,3121.0,4.6,Clear,0,7.0,6.11,858.0
SM103461,2025-12-11,Kanpur,Truck,27.0,3,3062.0,192.0,29545.0,7.4,Rain,0,7.0,8.39,1814.0
SM103467,2025-04-05,Kanpur,Pickup,13.3,4,,16.0,3459.0,,Clear,0,6.0,4.52,460.0
SM102654,2025-11-07,Prayagraj,Truck,54.8,5,1417.0,134.0,35710.0,7.5,Clear,0,9.0,7.19,1966.0
SM101524,2025-08-09,Kanpur,Mini Truck,51.7,5,996.0,55.0,32082.0,6.2,Clear,1,8.0,8.08,1346.0
SM102682,2025-05-23,Lucknow,Pickup,31.4,3,601.0,52.0,13222.0,4.5,Clear,0,6.0,5.38,722.0
SM103715,2025-04-15,Kanpur,Mini Truck,19.6,6,1453.0,82.0,17860.0,5.4,Clear,0,7.0,5.86,889.0
SM101960,2025-11-03,Lucknow,Truck,47.3,5,3383.0,154.0,,5.3,Clear,0,9.0,8.28,2575.0
SM102027,2025-12-13,prayagraj,Mini Truck,,6,1006.0,57.0,10399.0,3.1,Fog,0,8.0,8.72,1342.0
SM105570,2025-10-06,Varanasi,Pickup,68.6,6,559.0,28.0,4035.0,6.2,Clear,0,9.0,8.05,1205.0
SM102174,2025-03-27,Lucknow,Pickup,49.3,7,424.0,20.0,1506.0,4.9,Clear,0,9.0,8.17,978.0
SM102241,2025-08-31,Prayagraj,Pickup,23.3 km,9,558.0,34.0,6858.0,5.6,Clear,0,8.0,7.4,792.0
SM102157,2025-08-19, VARANASI ,Mini Truck,99.6,6,1518.0,82.0,28864.0,5.4,Clear,0,11.0,10.33,2309.0
SM105272,2025-03-30,Gorakhpur,Mini Truck,61.2,6,1190.0,67.0,9278.0,6.9,Clear,0,9.0,7.52,1629.0
SM103477,2025-07-13,Prayagraj,Pickup,25.9,6,,30.0,8243.0,5.5,Clear,0,7.0,5.03,602.0
SM100055,2025-01-16,Allahabad,Truck,,1,2998.0,139.0,35813.0,7.1,Fog,0,6.0,6.6,1592.0
SM103563,2025-10-18,Gorakhpur,Pickup,42.6,8,595.0,58.0,17000.0,2.7,Clear,0,9.0,6.0,1023.0
SM103211,2025-04-11,Kanpur,Pickup,39.8,7,705.0,44.0,7900.0,6.8,Rain,0,8.0,7.65,856.0
SM102584,2025-05-08,Varanasi,Pickup,34.0,8,457.0,28.0,6444.0,6.8,Rain,0,8.0,7.62,753.0
SM102610,2025-12-21,Lucknow,Mini Truck,46.9,5,1114.0,53.0,12046.0,4.5,Clear,0,8.0,6.56,1195.0
SM101727,2025-07-28,Lucknow,Truck,20.7,6,4454.0,322.0,64901.0,4.5,Clear,0,9.0,8.19,2272.0
SM101325,2025-03-10,Varanasi,Pickup,11.5,7,461.0,21.0,3448.0,5.8,Clear,0,7.0,4.91,619.0
SM102227,2025-12-07, LUCKNOW ,Truck,42.7,4,2604.0,108.0,,6.2,Fog,0,8.0,9.75,1984.0
SM103779,2025-06-12,Kanpur,Pickup,33.8,7,449.0,21.0,5915.0,6.2,Rain,0,8.0,7.05,
SM102018,2025-09-20,varanasi,Truck,23.2,4,3347.0,140.0,18912.0,8.2,Rain,0,8.0,7.68,1959.0
SM100482,2025-04-02,Kanpur,Pickup,60.8,6,447.0,26.0,3469.0,10.0,Clear,0,9.0,8.09,1145.0
SM105144,2025-08-22,Varanasi,Mini Truck,34.1,4,1527.0,63.0,33714.0,8.1,Rain,0,7.0,7.76,1280.0
SM104459,2025-08-27,Varanasi,Mini Truck,38.0,3,956.0,39.0,13104.0,5.3,Rain,0,7.0,5.89,1067.0
SM101388,2025-11-22,kanpur,Truck,19.2,6,3880.0,163.0,31308.0,7.2,Clear,0,8.0,8.0,2062.0
SM104667,2025-02-20,prayagraj,Mini Truck,28.0,7,1157.0,106.0,20743.0,6.3,Clear,0,8.0,5.68,1036.0
SM101810,2025-03-31,Prayagraj,Mini Truck,26.9,7,877.0,70.0,20618.0,5.1,Rain,1,8.0,7.49,1058.0
SM102896,2025-08-29,Lucknow,Pickup,20.9,5,652.0,44.0,9241.0,5.0,Clear,0,7.0,5.05,507.0
SM100671,13/08/2025,Varanasi,Mini Truck,18.8,7,1281.0,72.0,11310.0,6.2,Clear,1,7.0,7.23,1004.0
SM105252,2025-09-18,Kanpur,Mini Truck,6.5,6,1282.0,114.0,13117.0,7.1,Clear,0,6.0,5.56,802.0
SM103940,2025-07-18,Varanasi,Mini Truck,35.9,7,1210.0,144.0,34146.0,8.1,Rain,1,8.0,9.9,
SM103287,2025-03-15,Gorakhpur,Mini Truck,46.5,3,1150.0,63.0,20154.0,3.9,Clear,0,7.0,5.74,1194.0
SM100187,2025-05-20,Kanpur,Pickup,34.8,5,536.0,45.0,11603.0,5.8,,0,7.0,6.52,748.0
SM102362,2025-12-18,Lucknow,Truck,15.4,8,2579.0,152.0,24792.0,2.7,Clear,0,8.0,7.1,1621.0
SM104142,2025-03-01,Kanpur,Mini Truck,48.4,9,826.0,38.0,4066.0,4.1,Clear,0,9.0,8.41,1389.0
SM101477,2025-05-24,lucknow,Pickup,51.8,7,381.0,21.0,6211.0,2.3,Clear,0,9.0,6.3,968.0
SM102361,2025-10-02,Lucknow,Pickup,47.2,4,393.0,24.0,7520.0,7.5,Clear,1,7.0,7.47,701.0
SM104283,2025-06-08,Lucknow,Mini Truck,24.2,4,710.0,55.0,7044.0,4.3,Clear,0,6.0,5.01,713.0
SM101802,2025-06-15,Lucknow,Mini Truck,36.6,3,1283.0,111.0,22106.0,6.4,Clear,0,7.0,5.28,1098.0
SM104467,2025-12-13,Lucknow,Mini Truck,11.2,6,1195.0,107.0,25161.0,5.3,Clear,0,7.0,4.95,764.0
SM101512,2025-09-29,Kanpur,Truck,34.2,6,2826.0,149.0,25619.0,6.9,Rain,0,9.0,7.98,2040.0
SM103026,2025-02-11,Lucknow,Pickup,32.7,7,448.0,30.0,6526.0,5.8,Clear,0,8.0,7.11,728.0
SM102743,2025-12-12,Gorakhpur,Pickup,59.9,6,572.0,29.0,9166.0,5.9,Rain,0,9.0,9.09,1075.0
SM104468,2025-11-21,Kanpur,Mini Truck,8.8,5,772.0,40.0,14220.0,7.9,Rain,1,6.0,7.79,
SM103683,2025-07-28,Kanpur,Mini Truck,20.9,8,964.0,89.0,26684.0,6.9,Clear,0,8.0,6.17,886.0
SM100236,2025-08-31, GORAKHPUR ,Mini Truck,46.2,4,268.0,16.0,976.0,1.9,Clear,0,7.0,4.33,962.0
SM102947,2025-07-01,Varanasi,Mini Truck,,9,1260.0,67.0,18490.0,1.9,Clear,0,9.0,8.12,1367.0
SM103807,2025-02-26,Gorakhpur,Pickup,34.7,4,569.0,27.0,7853.0,5.5,Clear,0,7.0,5.67,620.0
SM102800,2025-10-17,Prayagraj,Pickup,81.8,3,441.0,25.0,1284.0,5.5,Clear,0,9.0,6.94,1104.0
SM103687,2025-12-10,Gorakhpur,Pickup,73.1,5,501.0,62.0,15676.0,3.1,Clear,0,9.0,7.12,1157.0
SM103084,2025-05-04,Lucknow,Mini Truck,11.8,6,,54.0,9487.0,5.0,Clear,0,6.0,6.08,618.0
SM103359,2025-07-12,Prayagraj,Truck,28.5,9,3631.0,146.0,54620.0,7.6,Clear,0,10.0,9.32,2306.0
SM102837,2025-11-25,Prayagraj,Mini Truck,20.1,11,423.0,37.0,12043.0,6.3,Clear,0,8.0,6.96,853.0
SM102615,2025-09-02,Lucknow,Mini Truck,14.1,4,612.0,27.0,7344.0,5.2,Clear,0,6.0,4.34,627.0
SM101444,2025-02-20,Lucknow,Truck,17.1,6,2465.0,209.0,71390.0,2.9,Clear,0,8.0,7.71,1446.0
SM101928,2025-03-08,Varanasi,Truck,12.9,7,2740.0,157.0,63064.0,5.0,Clear,0,8.0,6.39,1413.0
SM105086,2025-10-31,Gorakhpur,Truck,44.9,8,1791.0,144.0,13844.0,5.7,Clear,0,9.0,9.08,1895.0
SM105025,2025-02-13,Prayagraj,Truck,9.2,2,2257.0,236.0,61880.0,4.6,Clear,0,6.0,5.38,1075.0
SM103267,2025-09-09, KANPUR ,Truck,21.0,5,3200.0,200.0,34931.0,5.1,Rain,0,8.0,8.67,1783.0
SM104428,09/10/2025,Varanasi,Mini Truck,33.0,4,1142.0,60.0,23365.0,3.3,Fog,0,7.0,6.2,910.0
SM102133,2025-05-26,Prayagraj,Mini Truck,43.1,7,1188.0,50.0,9877.0,5.1,Clear,0,9.0,6.86,1355.0
SM103383,2025-11-30,Kanpur,Truck,10.1,5,3270.0,262.0,81449.0,3.3,Clear,0,7.0,6.69,1607.0
SM100418,2025-04-19, LUCKNOW ,Pickup,,6,640.0,40.0,7074.0,3.5,Clear,0,9.0,7.27,1051.0
SM101702,2025-09-06,Prayagraj,Pickup,15.3,7,564.0,30.0,5995.0,6.2,,0,7.0,6.61,668.0
SM105701,2025-05-19,Varanasi,Truck,24.0 km,4,,169.0,823238.8963911815,5.3,Clear,0,7.0,6.54,1454.0
SM105316,2025-07-16,Gorakhpur,Pickup,42.5,4,654.0,41.0,6599.0,3.9,Clear,0,7.0,5.72,852.0
SM105150,2025-02-27,Prayagraj,Truck,38.3,4,2820.0,306.0,823238.8963911815,3.5,Clear,0,8.0,8.14,2024.0
SM103969,2025-08-14,Varanasi,Truck,52.0,5,3893.0,223.0,28539.0,9.6,Rain,0,10.0,11.53,2716.0
SM105610,2025-04-12,Lucknow,Mini Truck,7.2,4,1578.0,77.0,19047.0,5.9,Clear,0,6.0,5.16,751.0
SM105285,2025-07-29,Lucknow,Truck,13.1,4,2654.0,314.0,44537.0,99.0,Clear,1,7.0,8.1,1438.0
SM105633,2025-04-14,Varanasi,Mini Truck,52.5,5,1543.0,86.0,19422.0,3.7,Clear,0,9.0,6.7,1553.0
SM100437,05/12/2025,Prayagraj,Truck,35.8,5,3748.0,164.0,31071.0,4.4,Clear,0,9.0,7.9,2405.0
SM103455,2025-11-12,kanpur,Truck,32.1,6,4090.0,284.0,32909.0,5.0,Clear,0,9.0,7.65,2348.0
SM101436,2025-06-05,Kanpur,Mini Truck,,8,,67.0,12128.0,6.5,Clear,0,8.0,5.49,989.0
SM103814,2025-05-20,Prayagraj,Pickup,37.4,4,,36.0,8887.0,7.7,Clear,0,7.0,8.24,692.0
SM105902,2025-02-04,Kanpur,Pickup,67.5,1,233.0,15.0,3658.0,5.2,Clear,0,7.0,6.37,908.0
SM102900,2025-07-05,Kanpur,Pickup,23.3,11,248.0,27.0,6758.0,3.4,Clear,0,8.0,6.89,642.0
SM100534,2025-07-30,Varanasi,Truck,47.4,7,1529.0,75.0,15098.0,6.1,Rain,0,9.0,8.4,1985.0
SM100821,2025-08-31, VARANASI ,Truck,59.9,7,3475.0,234.0,,5.3,Rain,0,11.0,11.51,2818.0
SM101848,2025-07-10,Lucknow,Truck,11.5,4,2940.0,214.0,54225.0,8.8,Rain,0,7.0,7.9,1442.0
SM101571,2025-05-12,Kanpur,Mini Truck,22.0,9,1274.0,114.0,10244.0,6.2,Clear,0,8.0,7.46,978.0
SM105110,2025-07-20,Prayagraj,Pickup,12.0,9,389.0,43.0,10409.0,4.6,Clear,0,7.0,6.08,537.0
SM103857,2025-01-07,Prayagraj,Mini Truck,15.8,5,1045.0,65.0,7983.0,4.5,Rain,0,7.0,6.12,711.0
SM101417,2025-06-10,Lucknow,Pickup,21.9,9,497.0,33.0,10380.0,5.7,Clear,0,8.0,6.21,781.0
SM101563,2025-12-02,Kanpur,Mini Truck,46.3,10,1251.0,118.0,36856.0,,Clear,0,10.0,9.03,1584.0
SM100175,2025-06-18,Lucknow,Mini Truck,8.0,7,693.0,29.0,4626.0,6.2,Clear,0,7.0,4.59,602.0
SM104863,2025-09-20,Prayagraj,Mini Truck,14.4,4,1661.0,144.0,823238.8963911815,3.2,Rain,0,6.0,4.99,987.0
SM101995,2025-01-01,Lucknow,Pickup,49.6,7,699.0,80.0,11440.0,5.4,Clear,0,9.0,7.71,1061.0
SM105098,2025-12-09,Prayagraj,Truck,36.0,7,2119.0,144.0,56353.0,2.5,Clear,0,9.0,7.33,1804.0
SM104279,2025-11-05,kanpur,Pickup,12.2,5,511.0,35.0,4992.0,5.2,Clear,1,6.0,4.91,497.0
SM105528,2025-01-10,Kanpur,Mini Truck,27.6,7,1491.0,106.0,36459.0,4.7,Fog,0,8.0,8.64,1160.0
SM101542,2025-02-02,Gorakhpur,Mini Truck,50.7,6,1459.0,88.0,25369.0,2.4,Clear,0,9.0,7.34,1430.0
SM104848,25/02/2025,Lucknow,Mini Truck,30.2,3,1189.0,48.0,4199.0,6.9,Clear,0,7.0,6.2,976.0
SM101433,2025-07-25,Prayagraj,Pickup,74.5,8,323.0,16.0,,6.1,Rain,0,10.0,10.21,1219.0
SM104079,2025-10-06,Gorakhpur,Truck,16.8,5,2061.0,200.0,39859.0,7.3,Clear,0,7.0,6.49,1306.0
SM103754,2025-01-14,Prayagraj,Mini Truck,30.8,6,1168.0,118.0,36214.0,8.1,Clear,1,8.0,6.4,1246.0
SM101646,2025-05-06,Gorakhpur,Pickup,,7,569.0,27.0,6001.0,5.2,Clear,0,8.0,8.0,927.0
SM100630,2025-09-26,Lucknow,Pickup,12.9,2,431.0,20.0,2130.0,4.6,Rain,0,5.0,4.52,326.0
SM100909,2025-02-03,Kanpur,Pickup,34.1,4,314.0,33.0,6380.0,8.0,Clear,0,7.0,5.44,533.0
SM105253,2025-07-24,Kanpur,Mini Truck,6.7,5,1140.0,80.0,10160.0,5.3,Clear,0,6.0,4.77,778.0
SM101925,2025-02-18,Prayagraj,Mini Truck,21.2,7,1360.0,114.0,12177.0,5.9,Clear,0,8.0,6.14,1026.0
SM105573,2025-09-08,Prayagraj,Pickup,24.7,6,355.0,15.0,2206.0,8.3,Rain,0,7.0,6.89,572.0
SM104222,2025-10-29,Varanasi,Pickup,43.3,10,650.0,27.0,6238.0,4.3,Clear,1,9.0,8.72,1039.0
SM104814,2025-09-30,Varanasi,Truck,24.4,3,1767.0,84.0,29444.0,5.7,Rain,0,7.0,5.94,1362.0
SM102785,2025-02-12,Kanpur,Mini Truck,18.7,9,714.0,47.0,23686.0,5.9,Clear,0,8.0,6.08,840.0
SM105146,2025-06-23,Lucknow,Truck,30.6,7,4140.0,258.0,14573.0,7.1,Clear,0,9.0,8.86,2481.0
SM104071,2025-10-13,Lucknow,Pickup,40.5,4,328.0,39.0,10773.0,7.9,Clear,0,7.0,6.75,629.0
SM102696,2025-02-16,Lucknow,Pickup,,6,317.0,32.0,3144.0,4.1,Clear,0,6.0,4.24,377.0
SM103041,2025-04-17, LUCKNOW ,Mini Truck,12.9,5,1685.0,146.0,25358.0,,Clear,0,7.0,6.45,981.0
SM100619,2025-02-21,Gorakhpur,Pickup,56.1,7,425.0,17.0,2359.0,5.0,Rain,0,9.0,8.07,957.0
SM102753,2025-08-26,Kanpur,Pickup,20.3,7,297.0,14.0,3185.0,6.5,Rain,0,7.0,6.64,579.0
SM105681,2025-10-15,Varanasi,Mini Truck,23.4,8,967.0,79.0,19032.0,3.8,Clear,0,8.0,6.11,960.0
SM100216,2025-01-29,Allahabad,Mini Truck,18.5,3,817.0,38.0,4737.0,4.8,Fog,0,6.0,6.37,636.0
SM102372,2025-01-23,Lucknow,Pickup,17.2,3,264.0,12.0,1058.0,5.2,Fog,0,6.0,5.63,310.0
SM105241,2025-11-17,Gorakhpur,Truck,49.0,5,3864.0,250.0,103154.0,4.8,Clear,0,10.0,7.7,2685.0
SM104234,2025-04-05,Varanasi,Mini Truck,50.6,5,972.0,106.0,16459.0,5.5,Clear,0,8.0,6.7,
SM103706,2025-02-27, LUCKNOW ,Mini Truck,26.8,6,1305.0,90.0,39939.0,9.7,Clear,0,8.0,7.12,1057.0
SM105258,2025-09-02,kanpur,Mini Truck,16.8,8,714.0,36.0,5769.0,7.8,Clear,0,7.0,6.09,819.0
SM105326,2025-07-26,Varanasi,Mini Truck,20.8,5,1339.0,90.0,16622.0,3.3,Rain,0,7.0,7.3,963.0
SM104869,2025-09-12,Varanasi,Mini Truck,35.8,5,1315.0,55.0,14179.0,,Rain,1,8.0,7.44,1150.0
SM102132,2025-07-09,Lucknow,Pickup,38.9,8,386.0,21.0,3702.0,8.7,Rain,0,8.0,9.63,857.0
SM103358,10/03/2025,Prayagraj,Pickup,15.3,7,144.0,10.0,1959.0,5.3,Clear,0,7.0,4.96,397.0
SM102489,2025-05-11,Kanpur,Mini Truck,30.3,4,1569.0,113.0,19827.0,4.7,Clear,0,7.0,5.34,1187.0
SM100460,2025-09-22,Prayagraj,Mini Truck,27.8,9,1484.0,101.0,24594.0,9.2,Rain,0,9.0,8.29,1251.0
SM105003,2025-09-07,Lucknow,Truck,25.2,5,3138.0,347.0,98209.0,3.2,Clear,0,8.0,7.4,1924.0
SM102007,2025-02-25,Varanasi,Mini Truck,107.7,8,1068.0,62.0,,,Clear,0,12.0,9.47,2453.0
SM103643,2025-06-29,Prayagraj,Mini Truck,31.5,4,1155.0,107.0,63083.0,7.1,Clear,1,7.0,6.94,1034.0
SM100267,2025-05-07,Kanpur,Mini Truck,29.8,6,635.0,33.0,2684.0,4.5,Clear,0,7.0,5.72,992.0
SM104385,2025-09-21,Kanpur,Mini Truck,39.9,4,482.0,22.0,2748.0,7.6,Rain,0,7.0,7.52,1096.0
SM101521,2025-09-17,Prayagraj,Mini Truck,63.2,6,1409.0,73.0,35432.0,6.0,Rain,0,9.0,8.98,1732.0
SM103854,2025-06-25,Lucknow,Mini Truck,27.5,6,996.0,55.0,6005.0,6.1,Clear,0,7.0,6.23,974.0
SM100817,2025-02-08,Lucknow,Mini Truck,13.4,7,1423.0,59.0,823238.8963911815,2.1,Clear,0,7.0,5.47,1023.0
SM104178,2025-06-17,Gorakhpur,Mini Truck,37.2,1,1282.0,121.0,19293.0,6.1,Clear,0,6.0,5.36,1086.0
SM102742,06/07/2025,Kanpur,Truck,22.7,4,2059.0,209.0,44812.0,6.9,Clear,0,7.0,5.97,1475.0
SM103051,2025-03-05,Varanasi,Pickup,51.9,8,390.0,29.0,6822.0,5.6,Clear,0,9.0,8.51,1047.0
SM103376,04/07/2025,Prayagraj,Truck,50.4,6,3535.0,232.0,127598.0,7.0,Clear,0,10.0,7.57,2652.0
SM104305,2025-10-09,Prayagraj,Mini Truck,56.4,9,590.0,30.0,4029.0,,Clear,0,10.0,7.38,1373.0
SM103990,2025-10-03,Lucknow,Truck,15.2,4,1720.0,121.0,23571.0,1.8,Clear,0,7.0,5.23,986.0
SM101291,2025-11-10,Lucknow,Pickup,27.0,5,352.0,25.0,3983.0,5.3,Clear,0,7.0,5.18,542.0
SM100001,2025-10-10,Varanasi,Pickup,59.7,4,,30.0,11249.0,4.4,Clear,0,8.0,6.39,971.0
SM103290,2025-05-28,varanasi,Mini Truck,65.4,4,900.0,72.0,11337.0,4.7,Clear,0,9.0,6.86,1588.0
SM101752,18/08/2025,prayagraj,Mini Truck,18.4,7,1582.0,121.0,19723.0,3.9,Clear,0,8.0,4.86,1046.0
SM104367,2025-02-21,Kanpur,Pickup,23.9,5,693.0,38.0,5165.0,6.0,Clear,0,7.0,5.12,725.0
SM104532,2025-09-15,Prayagraj,Pickup,46.4,1,196.0,9.0,2504.0,7.4,Rain,0,6.0,6.79,510.0
SM104099,2025-05-03,Lucknow,Mini Truck,17.3,4,1334.0,55.0,20732.0,5.7,Clear,0,6.0,4.34,977.0
SM101103,2025-02-24,Prayagraj,Mini Truck,39.3,6,1517.0,75.0,5307.0,4.8,Clear,0,8.0,7.31,1291.0
SM100561,2025-01-16,Prayagraj,Pickup,11.3,4,358.0,43.0,16576.0,6.2,Fog,0,6.0,6.77,436.0
SM104381,2025-02-12,Prayagraj,Mini Truck,66.2,4,1675.0,90.0,11674.0,7.1,Clear,0,9.0,7.64,1872.0
SM103514,2025-04-07,Lucknow,Pickup,15.9,7,451.0,54.0,17507.0,5.6,Clear,0,7.0,5.34,593.0
SM100880,2025-02-01,Varanasi,Pickup,16.7,13,488.0,20.0,823238.8963911815,1.8,Clear,0,9.0,6.43,876.0
SM101787,2025-02-06,Kanpur,Pickup,34.9,6,576.0,24.0,4108.0,6.3,Clear,0,8.0,6.64,829.0
SM101008,2025-09-25,Lucknow,Truck,18.8,1,3137.0,176.0,71235.0,5.0,Rain,0,6.0,7.03,1604.0
SM105807,2025-12-30,Kanpur,Mini Truck,46.6,10,642.0,43.0,6105.0,5.3,Clear,0,9.0,7.33,1322.0
SM105699,2025-05-18,Lucknow,Pickup,33.3,6,597.0,41.0,7166.0,4.3,Rain,0,7.0,6.95,849.0
SM101426,2025-09-03,Lucknow,Mini Truck,,6,1313.0,100.0,11490.0,8.3,Rain,1,7.0,7.6,1063.0
SM101120,2025-01-06,Gorakhpur,Mini Truck,35.5,4,1320.0,68.0,8592.0,5.3,Clear,0,7.0,5.23,1261.0
SM102166,2025-04-26,Prayagraj,Pickup,58.9,4,342.0,35.0,9038.0,3.9,Clear,0,8.0,6.73,971.0
SM102764,2025-03-16,Prayagraj,Pickup,30.2,5,706.0,64.0,,6.4,Clear,0,7.0,5.92,794.0
SM101195,2025-08-20,Prayagraj,Pickup,32.1,6,216.0,10.0,1335.0,6.2,Clear,1,7.0,6.98,666.0
SM102586,2025-05-15,varanasi,Mini Truck,59.1,6,1148.0,82.0,8884.0,7.8,Clear,0,9.0,7.88,1606.0
SM104278,2025-09-25,Varanasi,Mini Truck,6.4,8,1792.0,119.0,12043.0,8.1,Clear,0,7.0,5.91,964.0
SM104522,2025-07-16,Prayagraj,Pickup,14.1,6,430.0,33.0,1406.0,5.0,Clear,0,6.0,4.44,602.0
SM101330,2025-06-14,Lucknow,Mini Truck,32.5,8,1003.0,113.0,23293.0,7.7,Clear,0,8.0,7.42,1206.0
SM103229,2025-11-01,Prayagraj,Mini Truck,32.3,7,1248.0,103.0,9231.0,4.9,Clear,0,8.0,7.11,1166.0
SM104708,2025-10-08,Prayagraj,Pickup,45.7,4,536.0,31.0,12963.0,4.6,Clear,0,7.0,5.83,883.0
SM105878,2025-08-28,Lucknow,Mini Truck,41.1,3,1392.0,56.0,6437.0,6.8,Clear,0,7.0,7.23,1256.0
SM105704,2025-04-24,prayagraj,Truck,36.9,5,3682.0,161.0,41450.0,4.9,Clear,0,9.0,7.11,2326.0
SM101420,2025-12-13,Prayagraj,Pickup,36.2,5,585.0,34.0,4744.0,,Rain,0,7.0,7.86,695.0
SM104244,2025-05-09,Prayagraj,Truck,47.8,5,1897.0,83.0,14317.0,7.0,Clear,0,9.0,6.32,1965.0
SM102179,2025-06-16,Varanasi,Mini Truck,5.5,11,889.0,54.0,9640.0,9.0,Clear,0,8.0,7.16,767.0
SM105976,2025-12-07,Lucknow,Pickup,20.5,5,375.0,15.0,2829.0,3.3,Clear,0,6.0,5.15,507.0
SM105769,2025-07-20,Lucknow,Truck,15.3,6,3869.0,159.0,131503.0,5.3,Clear,0,8.0,6.39,1848.0
SM101721,2025-09-28,Varanasi,Pickup,28.2,8,374.0,29.0,9363.0,,Clear,0,8.0,6.01,653.0
SM101231,2025-09-25,Lucknow,Pickup,6.3,7,578.0,31.0,3410.0,7.3,,0,6.0,7.34,545.0
SM102206,2025-02-19,Lucknow,Truck,62.3,6,4001.0,306.0,141663.0,8.6,Clear,0,11.0,10.3,3228.0
SM100396,2025-01-17,Lucknow,Mini Truck,24.9,5,944.0,63.0,14052.0,5.1,Fog,0,7.0,7.45,859.0
SM104501,2025-07-14,Kanpur,Pickup,39.0,6,158.0,14.0,2269.0,6.6,Clear,0,8.0,5.4,642.0
SM103272,2025-08-27,Varanasi,Mini Truck,27.5,4,1737.0,101.0,20754.0,5.9,Rain,0,7.0,8.01,1220.0
SM105416,09/05/2025,Gorakhpur,Mini Truck,18.4,9,1104.0,78.0,19933.0,5.9,Clear,0,8.0,7.31,940.0
SM105806,2025-06-06,Lucknow,Truck,30.2,4,3243.0,154.0,16400.0,3.8,Rain,0,8.0,7.58,1989.0
SM101535,2025-01-12,Lucknow,Mini Truck,40.6,9,1163.0,58.0,12767.0,5.1,Fog,0,9.0,8.65,1373.0
SM105563,2025-02-07,Lucknow,Pickup,16.1,7,465.0,53.0,7737.0,6.8,Clear,0,7.0,7.03,567.0
SM102345,2025-04-04,Lucknow,Truck,44.5,8,4314.0,244.0,35991.0,5.7,Rain,0,11.0,11.4,2903.0
SM101959,2025-03-10,Varanasi,Mini Truck,45.2,5,1598.0,89.0,16963.0,6.9,Clear,0,8.0,7.19,1410.0
SM100613,2025-05-21,Gorakhpur,Pickup,24.1,1,676.0,60.0,7437.0,3.1,Clear,0,5.0,3.05,455.0
SM100290,2025-10-22,Allahabad,Pickup,38.1,7,400.0,22.0,5661.0,7.8,Clear,1,8.0,7.66,709.0
SM103668,2025-06-05,Lucknow,Pickup,19.8,5,565.0,64.0,15999.0,4.3,Clear,0,6.0,4.76,577.0
SM102545,2025-05-26,Prayagraj,Mini Truck,16.2,5,1125.0,96.0,10268.0,3.7,Clear,0,7.0,4.5,776.0
SM100990,2025-05-06,Gorakhpur,Pickup,74.4,4,129.0,7.0,965.0,5.1,Clear,0,9.0,7.83,952.0
SM105055,2025-11-26,Varanasi,Mini Truck,37.2,3,1479.0,169.0,60746.0,,Clear,0,7.0,5.65,1255.0
SM104887,2025-07-16,Lucknow,Pickup,39.9,5,401.0,30.0,10958.0,4.1,Rain,0,7.0,6.74,786.0
SM105722,2025-09-07, KANPUR ,Mini Truck,,9,744.0,45.0,8959.0,4.7,Clear,0,8.0,6.41,1048.0
SM102663,2025-07-01,Lucknow,Pickup,14.6,4,369.0,23.0,2051.0,4.6,Clear,0,6.0,4.19,465.0
SM102287,2025-10-27,Varanasi,Truck,80.7,4,1342.0,59.0,10224.0,6.0,Rain,0,10.0,10.16,2566.0
SM100650,2025-06-28,Prayagraj,Mini Truck,29.1,5,1329.0,131.0,16038.0,3.5,Clear,0,7.0,4.77,1099.0
SM101559,2025-11-09,Varanasi,Truck,62.2,6,,182.0,22494.0,8.8,Clear,0,10.0,10.6,2771.0
SM100487,2025-07-13,Kanpur,Pickup,4.8,6,399.0,28.0,3858.0,5.9,Rain,0,6.0,5.34,454.0
SM104531,2025-02-16,Lucknow,Truck,32.4,8,3968.0,299.0,41214.0,4.3,Clear,0,10.0,8.03,2403.0
SM101772,2025-05-13,Lucknow,Mini Truck,23.3,6,1166.0,79.0,13201.0,7.2,Rain,0,7.0,7.49,996.0
SM102290,2025-05-25,Prayagraj,Mini Truck,23.9,6,1574.0,174.0,61762.0,3.7,Clear,0,8.0,5.5,1082.0
SM101678,04/12/2025,Lucknow,Mini Truck,27.1,7,1194.0,51.0,17320.0,6.3,Clear,0,8.0,7.01,1190.0
SM100345,2025-04-04,Varanasi,Mini Truck,39.2,7,1887.0,93.0,17955.0,5.7,Clear,0,9.0,7.17,1458.0
SM101313,2025-11-08,Kanpur,Truck,9.9,5,2715.0,142.0,16749.0,4.1,Clear,0,7.0,5.27,1378.0
SM103354,2025-12-22,Lucknow,Pickup,18.6,8,328.0,20.0,5062.0,5.4,Clear,0,7.0,6.57,573.0
SM103881,2025-03-23,Varanasi,Truck,23.3,4,4037.0,256.0,34573.0,4.4,Rain,0,8.0,7.86,2163.0
SM100852,2025-12-18,Prayagraj,Pickup,79.7,4,450.0,41.0,9843.0,4.0,Fog,0,9.0,7.85,1176.0
SM103162,2025-02-28,Prayagraj,Pickup,33.6,8,677.0,45.0,7489.0,5.4,Clear,0,8.0,6.32,988.0
SM100092,2025-11-04,Kanpur,Truck,14.4,4,1606.0,69.0,6496.0,5.9,Fog,0,6.0,7.48,1191.0
SM104511,2025-07-10,Varanasi,Truck,50.7,10,2475.0,151.0,38287.0,5.2,Rain,0,11.0,11.25,2461.0
SM104141,2025-11-10,Varanasi,Mini Truck,50.2,4,1813.0,115.0,17629.0,6.5,Rain,0,8.0,8.36,1612.0
SM104107,2025-11-04,Varanasi,Pickup,23.0,8,497.0,20.0,5938.0,7.3,Clear,1,8.0,7.09,604.0
SM100794,2025-06-07,Varanasi,Truck,57.0,7,1025.0,91.0,12889.0,7.9,Clear,0,9.0,9.13,1949.0
SM105781,2025-02-23,Lucknow,Mini Truck,25.0,6,1591.0,77.0,12382.0,7.6,Clear,0,8.0,7.14,1292.0
SM102316,2025-02-01,Lucknow,Truck,21.1,7,2493.0,126.0,18589.0,5.6,Clear,0,8.0,7.11,1671.0
SM102878,2025-11-14,Varanasi,Pickup,60.5,4,358.0,20.0,4452.0,7.5,Rain,0,8.0,8.02,954.0
SM102583,2025-08-29,Varanasi,Mini Truck,42.7,7,1334.0,61.0,18878.0,4.6,Clear,0,9.0,6.93,1390.0
SM105628,2025-06-12,Prayagraj,Truck,19.7,2,3004.0,155.0,14260.0,6.1,Clear,0,7.0,6.69,1658.0
SM105430,2025-12-17,Lucknow,Mini Truck,8.5,4,896.0,100.0,31887.0,5.4,,0,6.0,6.18,551.0
SM102349,2025-07-04,Lucknow,Mini Truck,50.9,5,735.0,60.0,14804.0,5.6,Clear,0,8.0,6.38,
SM100702,2025-03-03,Varanasi,Mini Truck,47.7,6,909.0,85.0,30162.0,5.5,,0,8.0,7.0,1407.0
SM101774,2025-10-08,Lucknow,Pickup,49.9,6,564.0,50.0,9280.0,4.7,Fog,0,8.0,8.77,921.0
SM103447,2025-07-25,Prayagraj,Pickup,14.2,5,638.0,46.0,7902.0,5.1,Rain,0,6.0,5.83,522.0
SM104337,2025-04-30,Prayagraj,Mini Truck,34.9,7,1840.0,81.0,25708.0,4.2,Clear,0,9.0,7.65,1517.0
SM104996,2025-09-30,Lucknow,Pickup,34.9,5,413.0,18.0,3963.0,6.6,Clear,0,7.0,6.12,616.0
SM103716,2025-05-08,kanpur,Pickup,9.4,5,506.0,31.0,4583.0,,Clear,0,6.0,5.08,468.0
SM103408,2025-08-29,Varanasi,Pickup,38.1,5,265.0,11.0,2433.0,4.1,Rain,0,7.0,6.8,711.0
SM102389,2025-11-15,Gorakhpur,Mini Truck,23.9,9,1328.0,80.0,13060.0,5.8,Clear,1,8.0,8.18,1110.0
SM102684,04/07/2025,Prayagraj,Mini Truck,28.0,5,1295.0,56.0,3492.0,5.2,Clear,0,7.0,5.31,1051.0
SM102565,2025-06-07,Lucknow,Mini Truck,21.8,9,995.0,44.0,7277.0,6.2,Clear,0,8.0,7.06,934.0
SM101525,2025-01-18,Varanasi,Pickup,,3,567.0,28.0,14517.0,1.0,Clear,0,6.0,1.96,518.0
SM102963,2025-01-25,Prayagraj,Pickup,52.4,6,744.0,45.0,12196.0,3.5,Fog,1,9.0,9.1,1011.0
SM105585,2025-09-28,Prayagraj,Pickup,38.6,4,283.0,25.0,3003.0,6.2,Clear,0,7.0,6.42,664.0
SM105296,2025-01-02,Varanasi,Mini Truck,19.8,3,799.0,99.0,34496.0,7.4,Fog,0,6.0,5.8,769.0
SM105888,31/08/2025,Kanpur,Mini Truck,32.1,5,1161.0,79.0,21386.0,6.3,Clear,0,7.0,6.29,1145.0
SM100430,2025-01-31,Varanasi,Truck,,6,3789.0,337.0,27730.0,6.6,Rain,0,9.0,10.07,2519.0
SM103714,2025-09-22,Varanasi,Pickup,47.4,5,376.0,16.0,5361.0,4.7,Rain,0,8.0,7.38,837.0
SM103783,2025-10-05,Lucknow,Pickup,21.0,6,611.0,61.0,15506.0,7.9,Clear,0,7.0,5.62,642.0
SM102249,2025-06-04, KANPUR ,Truck,14.2,9,-3828.0,215.0,120999.0,5.0,Rain,0,9.0,9.22,1998.0
SM103366,2025-08-15,Prayagraj,Pickup,61.7,3,305.0,13.0,5397.0,5.3,Rain,0,8.0,6.79,882.0
SM102390,2025-06-15,Varanasi,Mini Truck,39.5,5,1611.0,68.0,27113.0,5.6,Clear,0,8.0,7.71,1347.0
SM104046,2025-06-15,Prayagraj,Mini Truck,11.6,6,1496.0,63.0,10112.0,5.7,Clear,0,7.0,5.44,796.0
SM105632,2025-07-10,Lucknow,Truck,22.4,6,1068.0,45.0,20567.0,8.5,Clear,0,7.0,6.61,1219.0
SM104876,2025-05-31,Varanasi,Truck,57.1,10,2611.0,128.0,35687.0,5.2,Clear,0,11.0,9.96,
SM105805,2025-02-24,Varanasi,Truck,46.2,8,4091.0,290.0,65775.0,4.5,Rain,0,11.0,9.48,2812.0
SM101739,2025-03-16,Varanasi,Truck,22.3,2,1691.0,112.0,29362.0,6.6,Clear,0,6.0,5.74,1154.0
SM101128,23/07/2025, KANPUR ,Mini Truck,31.1,5,1773.0,168.0,35601.0,5.0,Clear,0,8.0,5.94,1326.0
SM104102,2025-03-11,Varanasi,Mini Truck,31.7,4,1028.0,113.0,20347.0,5.1,Clear,0,7.0,6.1,1076.0
SM103037,2025-02-26,Prayagraj,Pickup,22.4,6,199.0,11.0,3793.0,5.9,Clear,0,7.0,6.37,587.0
SM105825,2025-07-14,Kanpur,Pickup,32.0,5,231.0,15.0,2719.0,6.8,Clear,0,7.0,6.03,634.0
SM102423,2025-10-29,Lucknow,Pickup,40.4,5,411.0,30.0,1329.0,5.5,Clear,0,7.0,5.8,805.0
SM103948,2025-12-21,Varanasi,Mini Truck,45.3,8,1412.0,114.0,13811.0,2.9,Clear,0,9.0,7.16,1522.0
SM105456,2025-02-28,Gorakhpur,Truck,18.6,8,2581.0,152.0,15213.0,3.9,Clear,0,8.0,5.88,1627.0
SM104389,2025-08-07,Lucknow,Mini Truck,32.2,4,683.0,70.0,15047.0,6.3,Rain,0,7.0,6.61,860.0
SM100632,08/06/2025,Varanasi,Mini Truck,23.0,5,1383.0,57.0,16134.0,5.8,Clear,0,7.0,5.34,1028.0
SM100577,11/07/2025,Lucknow,Mini Truck,44.7,4,1509.0,63.0,8263.0,3.0,Clear,0,8.0,5.14,1273.0
SM104034,2025-06-05,Lucknow,Truck,36.9,7,2436.0,234.0,80022.0,2.8,Clear,0,9.0,7.71,1995.0
SM101080,2025-12-02,Prayagraj,Mini Truck,30.2,4,,82.0,13712.0,4.8,Fog,0,7.0,7.45,967.0
SM105720,24/12/2025,Kanpur,Mini Truck,10.3,7,778.0,38.0,9233.0,5.2,Clear,0,7.0,4.79,804.0
SM105965,2025-02-06,Lucknow,Pickup,9.8,7,409.0,22.0,2784.0,3.0,Clear,0,7.0,5.28,473.0
SM102872,2025-10-26,Lucknow,Pickup,9.4,3,645.0,26.0,12939.0,6.0,Clear,0,5.0,3.9,467.0
SM102667,2025-12-19,Gorakhpur,Mini Truck,111.3,6,1562.0,94.0,30919.0,5.7,Fog,0,12.0,13.45,2410.0
SM104005,2025-12-14,Prayagraj,Pickup,87.1,5,436.0,21.0,2818.0,2.3,Fog,0,10.0,7.76,1353.0
SM104661,2025-07-31,Gorakhpur,Mini Truck,17.3,2,893.0,40.0,7263.0,8.3,Rain,0,6.0,7.27,784.0
SM101855,2025-11-07,Gorakhpur,Pickup,25.5,6,471.0,47.0,8438.0,5.6,Clear,0,7.0,5.81,725.0
SM101917,2025-06-29,Varanasi,Truck,15.4,7,4208.0,351.0,71021.0,4.7,Clear,0,9.0,7.26,2055.0
SM102812,2025-03-14,Varanasi,Pickup,42.4,4,317.0,16.0,2347.0,8.4,Clear,1,7.0,7.7,756.0
SM105167,2025-03-13,Gorakhpur,Mini Truck,73.0 km,12,1117.0,82.0,6939.0,5.8,Clear,0,12.0,11.21,2046.0
SM100983,2025-08-25,Lucknow,Mini Truck,12.3,6,1268.0,81.0,25707.0,6.2,Clear,0,7.0,6.02,836.0
SM105881,2025-12-27,Gorakhpur,Pickup,32.7,6,459.0,28.0,4734.0,4.9,Fog,0,7.0,7.31,795.0
SM101675,2025-12-25,Lucknow,Pickup,33.4,7,450.0,20.0,2503.0,9.5,,0,8.0,8.77,773.0
SM100785,2025-08-03,Gorakhpur,Mini Truck,14.4,2,1796.0,90.0,8561.0,3.4,Clear,0,6.0,4.32,879.0
SM104767,2025-01-04,Prayagraj,Pickup,15.1,4,493.0,28.0,6966.0,4.7,Fog,0,6.0,6.03,490.0
SM101973,2025-05-05,Kanpur,Truck,,6,962.0,52.0,17144.0,4.6,Clear,0,7.0,4.81,907.0
SM100500,2025-02-11,prayagraj,Truck,10.2,3,2835.0,139.0,15549.0,5.3,Clear,0,6.0,6.78,1228.0
SM102537,2025-07-02,Varanasi,Mini Truck,93.7,6,1716.0,95.0,29571.0,5.2,Rain,0,11.0,10.31,2347.0
SM104400,2025-05-19,Varanasi,Truck,38.2,4,3426.0,223.0,36875.0,6.9,Clear,0,9.0,8.45,2149.0
SM102117,2025-07-17,Kanpur,Mini Truck,42.1,3,1844.0,85.0,8414.0,5.0,Clear,0,8.0,6.61,1564.0
SM102854,2025-09-22,Lucknow,Pickup,56.3,8,337.0,32.0,4905.0,8.3,Rain,0,9.0,9.49,1003.0
SM101361,2025-01-25,Varanasi,Mini Truck,38.1,7,791.0,33.0,5937.0,4.8,Fog,0,8.0,7.04,1202.0
SM100292,2025-12-15,Varanasi,Mini Truck,41.7,7,1619.0,73.0,11922.0,8.4,Rain,0,9.0,10.05,1435.0
SM104697,2025-02-02,Kanpur,Truck,42.4,5,2740.0,114.0,70691.0,6.6,Clear,0,9.0,7.99,2211.0
SM103549,2025-08-22,Lucknow,Pickup,,8,593.0,26.0,4255.0,5.1,Rain,0,7.0,6.84,747.0
SM101682,2025-01-13,kanpur,Pickup,36.8,6,639.0,37.0,14113.0,4.7,Rain,0,8.0,6.69,771.0
SM100093,2025-05-22,Gorakhpur,Mini Truck,49.2,3,884.0,38.0,8718.0,6.4,Fog,0,7.0,8.05,1123.0
SM105113,2025-01-10,Kanpur,Pickup,37.2,6,388.0,29.0,5598.0,,Clear,0,8.0,6.08,760.0
SM104576,2025-01-31,Gorakhpur,Mini Truck,262.0,7,1295.0,77.0,38235.0,3.5,Clear,0,8.0,5.17,1059.0
SM104408,2025-04-06,Varanasi,Truck,58.0,5,4113.0,296.0,83351.0,5.7,Clear,0,10.0,8.98,2932.0
SM104714,2025-01-11,Lucknow,Truck,,3,1813.0,91.0,9789.0,6.6,Clear,1,7.0,7.51,1489.0
SM102078,2025-04-05,Prayagraj,Mini Truck,22.6,11,1572.0,123.0,40513.0,6.9,Clear,0,9.0,7.15,1338.0
SM100859,2025-10-20,Lucknow,Mini Truck,33.0,6,1415.0,90.0,25708.0,6.5,Clear,1,8.0,240.0,1242.0
SM103407,2025-08-21,Lucknow,Mini Truck,28.9,7,777.0,33.0,10149.0,6.4,Clear,0,8.0,7.12,1024.0
SM100279,2025-01-31,Lucknow,Mini Truck,27.7,11,1198.0,55.0,13193.0,8.5,Clear,0,9.0,8.6,1236.0
SM103986,2025-04-24,Varanasi,Mini Truck,52.4,6,1222.0,144.0,22718.0,6.0,Clear,0,9.0,6.56,1328.0
SM102849,2025-05-12,Kanpur,Truck,15.0,6,2544.0,109.0,9898.0,5.2,Clear,0,8.0,6.04,1615.0
SM101939,2025-03-17,Lucknow,Pickup,21.5,10,562.0,35.0,6901.0,7.1,Clear,0,8.0,7.08,729.0
SM104627,2025-03-07,Gorakhpur,Pickup,77.6,6,655.0,36.0,5222.0,3.6,Clear,0,10.0,7.78,1221.0
SM105969,2025-01-25,Varanasi,Pickup,24.1,7,418.0,29.0,11849.0,3.5,Clear,0,7.0,5.46,697.0
SM101956,2025-07-12,Kanpur,Mini Truck,45.0,3,1302.0,60.0,15858.0,7.0,Rain,0,7.0,8.43,1198.0
SM103397,2025-12-17,Lucknow,Pickup,32.3,7,398.0,16.0,3932.0,6.6,,0,8.0,7.54,715.0
SM100861,2025-12-05,Lucknow,Mini Truck,26.6,6,1231.0,60.0,13834.0,5.6,Fog,0,7.0,7.94,1015.0
SM103856,2025-05-12,Lucknow,Pickup,9.6,7,476.0,26.0,5098.0,4.4,Clear,0,7.0,5.16,548.0
SM100938,2025-06-18,prayagraj,Pickup,22.6 km,4,,22.0,6095.0,3.3,Clear,0,6.0,3.84,504.0
SM103283,2025-02-05,Lucknow,Pickup,29.5,6,258.0,13.0,1405.0,4.8,Clear,0,7.0,5.16,688.0
SM103913,20/07/2025,Kanpur,Pickup,39.4,4,443.0,26.0,3392.0,5.3,Clear,0,7.0,4.73,719.0
SM100006,2025-02-01,Varanasi,Mini Truck,33.1,9,822.0,35.0,2307.0,5.1,Clear,0,9.0,7.32,1188.0
SM101063,2025-09-15,Varanasi,Pickup,48.7,7,385.0,22.0,5191.0,5.0,Rain,0,8.0,8.1,849.0
SM102809,2025-03-11,Kanpur,Mini Truck,3.8,3,1567.0,102.0,19038.0,7.1,Clear,0,6.0,4.59,797.0
SM100658,27/01/2025,Kanpur,Truck,12.3,9,3182.0,132.0,36914.0,6.4,Clear,0,9.0,7.54,1737.0
SM104290,2025-01-25,Prayagraj,Mini Truck,24.8,4,1160.0,90.0,18201.0,4.2,Fog,0,7.0,7.3,990.0
SM100224,2025-09-21,Lucknow,Pickup,34.8,10,300.0,22.0,5873.0,2.2,Clear,0,9.0,6.09,818.0
SM101523,2025-02-24,Kanpur,Pickup,24.9,11,432.0,21.0,7418.0,7.6,Clear,0,9.0,7.27,844.0
SM102388,2025-12-15,Prayagraj,Pickup,,2,477.0,36.0,6502.0,7.3,Clear,0,6.0,4.1,511.0
SM100436,2025-07-27,Prayagraj,Mini Truck,,7,1814.0,182.0,94265.0,4.6,Rain,0,8.0,6.94,1233.0
SM105546,2025-02-26,Kanpur,Pickup,28.2,8,537.0,32.0,3912.0,4.3,Clear,0,8.0,6.49,817.0
SM101043,2025-05-16,Gorakhpur,Pickup,71.7,7,444.0,19.0,2324.0,5.7,Clear,0,10.0,8.38,1169.0
SM101358,2025-02-07,Prayagraj,Truck,46.4,7,2680.0,128.0,9936.0,5.7,Clear,0,9.0,9.11,2352.0
SM104013,2025-06-28,Varanasi,Mini Truck,28.5,10,383.0,30.0,3837.0,9.3,Clear,0,8.0,6.71,983.0
SM103504,2025-01-07,Kanpur,Mini Truck,16.7,5,479.0,37.0,7380.0,4.3,Fog,0,6.0,6.08,589.0
SM100602,2025-09-27,Prayagraj,Pickup,53.3,6,421.0,44.0,4629.0,3.9,Clear,0,8.0,6.99,887.0
SM104728,2025-02-10,Varanasi,Mini Truck,30.5,11,1190.0,65.0,7790.0,6.0,Rain,0,9.0,8.76,1354.0
SM103123,2025-08-12,Prayagraj,Pickup,15.3,4,320.0,24.0,5386.0,8.2,Rain,0,6.0,5.17,501.0
SM105742,22/11/2025,Lucknow,Mini Truck,15.8,6,1711.0,82.0,17132.0,5.6,Clear,0,7.0,5.64,1044.0
SM101338,2025-10-10,Prayagraj,Mini Truck,22.0,6,1249.0,75.0,,6.7,Clear,0,7.0,5.14,1155.0
SM104201,2025-09-30,Prayagraj,Truck,48.4,5,4552.0,275.0,62146.0,2.3,Rain,0,10.0,8.47,3111.0
SM103707,2025-10-03,Varanasi,Mini Truck,35.6,7,593.0,35.0,6782.0,3.8,Clear,0,8.0,6.27,1070.0
SM101853,2025-02-28, LUCKNOW ,Pickup,23.8 km,7,494.0,38.0,11220.0,4.5,Clear,0,7.0,4.96,704.0
SM102894,2025-04-06,Lucknow,Mini Truck,37.8,5,539.0,24.0,1336.0,6.7,Clear,0,7.0,5.92,901.0
SM100768,2025-02-21,Varanasi,Truck,67.8,10,3282.0,252.0,,4.0,Clear,0,12.0,10.81,3128.0
SM101308,2025-06-01,Gorakhpur,Pickup,36.5,5,448.0,18.0,5878.0,,Clear,0,7.0,5.06,769.0
SM102079,2025-02-15,varanasi,Pickup,7.7,7,458.0,43.0,14587.0,4.5,Clear,0,6.0,4.75,622.0
SM103813,2025-06-11,Lucknow,Truck,21.3,2,3452.0,160.0,27705.0,7.7,Clear,0,7.0,6.66,1896.0
SM105109,2025-04-15, VARANASI ,Mini Truck,11.5,6,-1023.0,123.0,33423.0,7.8,Clear,0,7.0,5.83,733.0
SM103204,2025-04-20,Lucknow,Mini Truck,28.9,4,1272.0,53.0,823238.8963911815,5.8,Clear,0,7.0,5.24,1060.0
SM102104,2025-11-14,Kanpur,Mini Truck,33.1,3,1585.0,125.0,23877.0,4.7,Clear,0,7.0,4.43,1216.0
SM101931,2025-06-25,Varanasi,Pickup,24.4,3,503.0,20.0,5527.0,6.8,Clear,0,6.0,4.62,532.0
SM102623,2025-12-04,Varanasi,Mini Truck,40.2,4,863.0,37.0,7244.0,6.4,Rain,0,7.0,8.24,1085.0
SM103600,2025-06-12,Lucknow,Truck,43.2,4,2662.0,174.0,44031.0,7.5,Clear,0,8.0,8.43,2094.0
SM100464,2025-01-03,Kanpur,Mini Truck,17.3,3,423.0,18.0,,6.5,Clear,0,6.0,5.52,513.0
SM100568,2025-08-23,Kanpur,Mini Truck,10.8,4,1186.0,59.0,9707.0,4.6,Clear,0,6.0,4.4,776.0
SM100725,2025-02-12,Kanpur,Mini Truck,24.7,7,1519.0,115.0,39263.0,4.0,Clear,0,8.0,6.03,1180.0
SM104776,2025-05-03,Lucknow,Pickup,16.4,3,447.0,39.0,25717.0,5.5,,0,6.0,4.02,425.0
SM101818,2025-02-19,Varanasi,Mini Truck,33.3,4,1515.0,63.0,11927.0,6.3,Fog,0,7.0,8.21,1212.0
SM101526,2025-04-27,Kanpur,Pickup,20.9,7,598.0,31.0,2013.0,9.0,Clear,0,7.0,6.51,659.0
SM104804,2025-09-10,Lucknow,Mini Truck,8.8,4,1182.0,90.0,20030.0,7.2,Rain,0,6.0,5.93,696.0
SM100395,2025-11-16,gorakhpur,Truck,50.2,7,3512.0,146.0,62063.0,5.1,Clear,0,10.0,9.16,2678.0
SM102279,2025-09-03,Kanpur,Truck,12.8,3,2976.0,121.0,12253.0,7.5,Clear,0,7.0,7.78,1513.0
SM105017,2025-07-14,Varanasi,Pickup,20.6,3,601.0,38.0,10335.0,4.1,Clear,0,6.0,4.41,551.0
SM100660,06/03/2025,Lucknow,Pickup,13.8,3,526.0,31.0,5933.0,4.6,Clear,0,6.0,2.85,506.0
SM100813,2025-04-14,Lucknow,Pickup,8.8,6,389.0,26.0,5393.0,,Clear,0,6.0,5.85,458.0
SM102101,2025-09-01, PRAYAGRAJ ,Mini Truck,29.5,4,749.0,50.0,14057.0,5.5,Clear,1,7.0,6.9,890.0
SM101143,2025-11-05,Prayagraj,Mini Truck,63.6,6,1803.0,73.0,31380.0,,Clear,1,10.0,9.68,1829.0
SM101035,2025-09-29,Prayagraj,Pickup,35.3,6,383.0,27.0,3425.0,5.7,Rain,0,7.0,7.36,747.0
SM102819,2025-09-16,Prayagraj,Pickup,33.4,3,381.0,25.0,8371.0,4.0,Rain,0,6.0,5.98,560.0
SM100025,2025-08-24,Lucknow,Mini Truck,7.2,9,1240.0,151.0,17263.0,3.2,Clear,0,7.0,5.7,918.0
SM101823,16/11/2025,Varanasi,Mini Truck,40.2,8,1261.0,80.0,20587.0,5.9,Clear,0,9.0,7.11,1360.0
SM103249,2025-05-25,Prayagraj,Mini Truck,,5,1051.0,73.0,20798.0,4.5,Clear,0,7.0,5.3,810.0
SM102457,2025-12-08,Varanasi,Mini Truck,27.7,8,381.0,33.0,7238.0,3.2,Fog,0,8.0,7.32,875.0
SM103413,2025-02-04,Gorakhpur,Mini Truck,,8,,71.0,8556.0,,Clear,0,13.0,10.77,2685.0
SM105484,2025-07-14,Kanpur,Pickup,,5,136.0,6.0,1435.0,5.7,Rain,0,8.0,7.16,678.0
SM103832,2025-10-23,Lucknow,Truck,22.6,8,3232.0,292.0,73339.0,4.8,Clear,1,9.0,8.48,2005.0
SM101815,2025-02-10,Lucknow,Truck,34.7,5,2854.0,134.0,39283.0,4.8,Clear,0,8.0,6.66,1965.0
SM103289,2025-03-09,Gorakhpur,Mini Truck,23.5,10,1242.0,75.0,8364.0,4.6,Clear,0,9.0,6.59,1179.0
SM104794,2025-05-25,Varanasi,Mini Truck,55.2,6,1078.0,52.0,16835.0,,Clear,0,9.0,8.0,1500.0
SM101962,2025-02-22,prayagraj,Truck,48.8,5,2977.0,257.0,99366.0,5.3,Clear,0,9.0,8.08,2376.0
SM103075,2025-10-01,Varanasi,Pickup,57.6,7,522.0,31.0,6519.0,5.0,Clear,0,9.0,7.17,1081.0
SM100773,2025-09-19,Kanpur,Truck,18.5,7,2163.0,216.0,25391.0,4.6,Clear,0,8.0,5.71,1343.0
SM104688,2025-01-03,Prayagraj,Pickup,33.3,4,567.0,33.0,7728.0,5.6,Clear,0,7.0,6.14,660.0
SM102861,2025-12-06,Lucknow,Pickup,18.5,5,434.0,24.0,6811.0,2.6,Fog,0,6.0,5.69,597.0
SM104991,2025-07-10,Gorakhpur,Pickup,,6,478.0,24.0,2136.0,4.7,Rain,0,7.0,6.11,689.0
SM105259,2025-03-30,Varanasi,Truck,10.8,2,2411.0,273.0,54213.0,4.4,Clear,0,6.0,4.98,1166.0
SM103897,2025-01-07,Lucknow,Mini Truck,26.1,6,1542.0,83.0,17115.0,7.6,Fog,0,8.0,7.1,1203.0
SM103958,2025-02-05,Prayagraj,Pickup,66.4,5,355.0,40.0,12070.0,5.3,Clear,0,9.0,6.69,956.0
SM100201,2025-11-28,Gorakhpur,Mini Truck,47.9 km,4,,171.0,20950.0,6.7,Rain,0,8.0,7.07,1357.0
SM104826,13/03/2025,Kanpur,Mini Truck,12.7,7,1072.0,64.0,3349.0,2.4,Clear,0,7.0,4.61,810.0
SM102070,2025-03-11,Prayagraj,Mini Truck,21.0,9,1062.0,45.0,5470.0,5.1,Clear,0,8.0,5.98,1067.0
SM101986,2025-10-29,Varanasi,Mini Truck,81.0,7,1275.0,136.0,20724.0,4.7,Clear,0,11.0,9.42,1969.0
SM103451,21/01/2025,Prayagraj,Pickup,19.0,6,605.0,25.0,3676.0,4.3,Fog,0,7.0,6.72,561.0
SM105599,2025-10-09,Prayagraj,Pickup,36.7,6,297.0,16.0,1574.0,6.0,Clear,0,8.0,5.26,793.0
SM102992,2025-03-12,Gorakhpur,Truck,45.6,5,3813.0,329.0,,6.4,Clear,0,9.0,8.0,2572.0
SM104677,2025-07-27,Gorakhpur,Mini Truck,41.9,5,1301.0,94.0,7363.0,4.7,Clear,0,8.0,5.98,1333.0
SM105737,2025-12-06,prayagraj,Mini Truck,16.7,7,833.0,38.0,9477.0,6.2,Fog,0,7.0,7.37,780.0
SM104980,2025-11-25,Prayagraj,Mini Truck,26.7,5,1551.0,133.0,17762.0,5.9,Clear,0,7.0,5.22,1113.0
SM100790,2025-02-04,Lucknow,Pickup,31.4,6,439.0,27.0,4522.0,4.4,Clear,0,7.0,6.56,677.0
SM102346,2025-04-30,Kanpur,Mini Truck,11.2,4,742.0,66.0,8746.0,2.1,Clear,0,6.0,3.79,572.0
SM100139,2025-06-09,Allahabad,Mini Truck,11.1,4,901.0,101.0,15868.0,4.2,Rain,0,6.0,5.35,629.0
SM101886,2025-08-26,Lucknow,Mini Truck,39.1,9,1601.0,77.0,13766.0,5.6,Clear,0,9.0,7.54,1552.0
SM100338,2025-03-15,Allahabad,Mini Truck,11.3,3,1338.0,63.0,17358.0,6.4,Rain,0,6.0,5.99,794.0
SM100260,2025-10-17,Lucknow,Mini Truck,28.2 km,2,1107.0,66.0,15688.0,3.2,Clear,0,6.0,3.79,929.0
SM100036,2025-11-10,Varanasi,Mini Truck,29.8,8,1714.0,141.0,53602.0,7.7,Clear,0,9.0,8.52,1323.0
SM100719,2025-08-07,Prayagraj,Truck,35.6,5,1786.0,74.0,12531.0,7.0,Clear,0,8.0,7.78,1689.0
SM105917,2025-04-01,Lucknow,Truck,21.6,4,1988.0,112.0,37639.0,9.4,Clear,1,7.0,8.34,1417.0
SM103446,2025-04-27,Varanasi,Pickup,27.8,5,,20.0,4700.0,5.5,Clear,0,7.0,5.27,617.0
SM100376,2025-09-26,Lucknow,Pickup,9.3,2,252.0,26.0,13215.0,6.7,Rain,0,5.0,4.23,270.0
SM104581,2025-12-21,Kanpur,Mini Truck,35.6,3,1063.0,57.0,10838.0,,,0,7.0,5.12,1008.0
SM104254,2025-05-05,Varanasi,Mini Truck,50.2,4,1597.0,68.0,40656.0,99.0,Clear,0,8.0,7.07,1494.0
SM103667,2025-03-08,Prayagraj,Mini Truck,21.3,7,1105.0,48.0,8261.0,3.6,Clear,0,7.0,4.49,815.0
SM100302,2025-01-04,Lucknow,Pickup,25.4,8,456.0,36.0,10010.0,5.1,Clear,0,8.0,6.53,728.0
SM101075,2025-03-01,Prayagraj,Mini Truck,23.6,10,1646.0,80.0,10905.0,4.2,Clear,0,9.0,6.38,1337.0
SM105221,20/11/2025,Kanpur,Mini Truck,15.5,6,841.0,46.0,20151.0,5.6,Clear,0,7.0,5.8,748.0
SM104768,2025-02-11,Gorakhpur,Mini Truck,21.5,5,1082.0,57.0,7662.0,4.9,Clear,0,7.0,5.75,862.0
SM105305,2025-10-25,Lucknow,Truck,22.0,4,2552.0,206.0,29668.0,4.6,Clear,0,7.0,5.19,1629.0
SM102529,2025-07-30,Kanpur,Mini Truck,33.7,4,1627.0,156.0,12324.0,5.9,Rain,0,7.0,5.43,1182.0
SM100362,2025-03-23,Varanasi,Mini Truck,29.5,5,1302.0,70.0,7992.0,5.0,Rain,0,7.0,8.06,1134.0
SM105283,2025-10-05,Prayagraj,Mini Truck,27.2,8,823.0,36.0,7545.0,5.5,Clear,0,8.0,5.31,892.0
SM101565,2025-06-15,Varanasi,Pickup,34.8,11,543.0,30.0,4124.0,5.8,Rain,0,9.0,8.39,917.0
SM103618,2025-06-08,Lucknow,Mini Truck,32.5,3,1262.0,118.0,61211.0,3.8,Rain,0,7.0,6.12,998.0
SM103163,25/04/2025,Varanasi,Mini Truck,41.5,4,1057.0,53.0,10527.0,6.3,Rain,0,7.0,7.05,1120.0
SM104912,2025-01-10, PRAYAGRAJ ,Mini Truck,67.6 km,5,1459.0,107.0,23058.0,5.3,Fog,0,9.0,9.09,1737.0
SM100953,06/06/2025,Varanasi,Pickup,52.2,8,643.0,26.0,5683.0,7.8,Clear,0,9.0,7.3,1061.0
SM100481,2025-10-30,Varanasi,Pickup,79.8,6,543.0,38.0,6149.0,5.5,Rain,0,10.0,8.23,1265.0
SM103607,2025-09-11,Lucknow,Truck,31.0,4,1472.0,79.0,19753.0,5.2,Fog,0,7.0,8.16,1359.0
SM100272,2025-02-25,varanasi,Truck,42.8,3,2181.0,113.0,57872.0,7.1,Clear,0,8.0,7.71,1948.0
SM101981,2025-08-16,Lucknow,Truck,61.9,4,2731.0,132.0,15019.0,7.1,Rain,1,9.0,10.69,2571.0
SM105511,2025-10-19,Varanasi,Mini Truck,25.9,7,726.0,73.0,18412.0,6.0,Clear,0,7.0,6.67,851.0
SM104128,2025-07-19,Kanpur,Pickup,29.1,9,766.0,40.0,7260.0,3.5,Clear,0,8.0,5.38,893.0
SM103293,2025-04-16,Gorakhpur,Truck,13.3,8,3697.0,205.0,18493.0,5.1,Clear,0,9.0,7.2,1809.0
SM105506,2025-02-09,Varanasi,Truck,52.0,3,1925.0,93.0,15649.0,5.9,Clear,0,8.0,7.38,2190.0
SM100709,2025-06-20,Kanpur,Mini Truck,,6,1703.0,175.0,67050.0,4.2,Clear,0,8.0,5.1,1302.0
SM104874,2025-03-11,Varanasi,Mini Truck,26.0,5,,139.0,34308.0,8.9,Clear,0,7.0,5.96,1070.0
SM104575,2025-10-06,Gorakhpur,Truck,66.1,8,2490.0,275.0,57456.0,6.5,Clear,0,11.0,9.66,2767.0
SM102999,2025-08-30,Kanpur,Mini Truck,19.4,5,1100.0,53.0,6020.0,1.9,Clear,0,7.0,4.07,938.0
SM103611,2025-09-07,Lucknow,Pickup,13.6,9,673.0,56.0,10598.0,7.0,Clear,0,7.0,6.46,670.0
SM100130,2025-07-26,Allahabad,Pickup,14.5,6,288.0,16.0,3486.0,3.5,Rain,0,6.0,6.16,538.0
SM104879,2025-10-03,Gorakhpur,Mini Truck,39.2,5,1031.0,43.0,9180.0,8.9,Clear,0,8.0,7.44,1116.0
SM104815,2025-04-19,Prayagraj,Truck,32.6,9,2048.0,162.0,22170.0,5.2,Clear,0,9.0,8.25,1743.0
SM104081,2025-04-14,Kanpur,Pickup,27.1,7,587.0,54.0,13229.0,6.5,Clear,0,7.0,6.97,836.0
SM104916,2025-02-08,Gorakhpur,Mini Truck,21.0,5,729.0,78.0,21860.0,6.7,Rain,0,7.0,96.0,767.0
SM100490,2025-12-07,Varanasi,Truck,47.6,6,3814.0,256.0,40567.0,5.1,Clear,0,10.0,8.0,2791.0
SM100089,2025-10-31,Gorakhpur,Truck,57.2,2,3622.0,266.0,60120.0,4.8,Clear,0,9.0,7.51,2686.0
SM101635,2025-07-15,Lucknow,Mini Truck,30.9,6,1123.0,71.0,22381.0,7.1,Rain,0,8.0,7.52,1187.0
SM101992,2025-04-15,Varanasi,Truck,26.6,6,3260.0,400.0,61187.0,6.7,Clear,0,8.0,7.07,2019.0
SM104563,2025-03-10,Prayagraj,Pickup,14.1,9,638.0,50.0,8358.0,5.3,Clear,0,8.0,5.47,620.0
SM100351,2025-01-17,Lucknow,Mini Truck,36.1,7,1583.0,124.0,43595.0,4.5,Fog,0,8.0,7.1,1216.0
SM102234,2025-08-03,Varanasi,Pickup,40.8,7,644.0,68.0,6558.0,3.4,Clear,0,8.0,5.28,897.0
SM104084,2025-07-03,Varanasi,Mini Truck,14.5,8,1589.0,75.0,31727.0,4.4,Clear,0,8.0,6.19,1087.0
SM105929,2025-04-04,Prayagraj,Pickup,,5,518.0,61.0,9506.0,7.1,Clear,0,6.0,5.83,540.0
SM104546,2025-08-04,Varanasi,Mini Truck,39.5,6,1594.0,176.0,46996.0,6.9,Clear,0,8.0,7.95,1390.0
SM102929,2025-08-27,Lucknow,Pickup,10.7,9,325.0,15.0,5192.0,5.8,Rain,0,7.0,6.48,539.0
SM101942,2025-11-16,Varanasi,Pickup,18.9,10,526.0,62.0,6472.0,,Clear,0,8.0,6.72,722.0
SM100399,2025-04-24,Varanasi,Pickup,36.1,4,535.0,25.0,2806.0,1.8,Clear,0,7.0,3.8,844.0
SM105548,2025-03-22,Kanpur,Truck,66.4,6,3304.0,161.0,15703.0,4.0,Clear,0,10.0,9.73,2927.0
SM104853,2025-01-26,Prayagraj,Mini Truck,30.8,8,,110.0,17565.0,4.2,Fog,0,8.0,8.43,1401.0
SM104900,2025-05-07,Prayagraj,Mini Truck,29.4,5,634.0,49.0,8536.0,5.5,Rain,0,7.0,6.01,866.0
SM101049,2025-02-13,Varanasi,Truck,32.3,10,1861.0,100.0,7397.0,5.9,Clear,0,9.0,8.36,1806.0
SM103692,2025-03-13,Gorakhpur,Mini Truck,33.4,7,1534.0,146.0,12380.0,5.7,Clear,0,8.0,6.86,1351.0
SM101821,2025-10-07,Lucknow,Truck,8.8,4,3107.0,271.0,52318.0,5.9,Clear,0,7.0,6.28,1377.0
SM101100,2025-06-25, PRAYAGRAJ ,Pickup,31.1,4,513.0,24.0,2319.0,6.4,Rain,0,7.0,7.07,642.0
SM103484,2025-05-29,Gorakhpur,Pickup,71.0,8,623.0,31.0,10171.0,2.1,Clear,0,10.0,7.12,1302.0
SM103509,2025-05-08,Varanasi,Mini Truck,33.8,7,787.0,32.0,3889.0,6.9,Clear,0,8.0,7.18,1155.0
SM102024,27/01/2025,Varanasi,Pickup,41.8,6,209.0,12.0,4490.0,4.3,Fog,0,8.0,7.39,703.0
SM105419,2025-08-23,Lucknow,Truck,18.0,6,,34.0,13055.0,3.0,Clear,0,7.0,5.93,771.0
SM103095,2025-10-02,Prayagraj,Truck,,7,4233.0,201.0,38498.0,6.9,Rain,1,9.0,9.68,2126.0
SM100421,2025-09-11,Prayagraj,Truck,23.5,6,4460.0,383.0,30740.0,5.5,Rain,0,9.0,9.08,2390.0
SM105066,2025-07-12,Lucknow,Pickup,15.8,3,280.0,28.0,4537.0,5.4,Rain,0,5.0,5.67,337.0
SM101401,2025-03-30,kanpur,Pickup,27.4,6,,41.0,9924.0,6.5,Clear,0,7.0,5.3,709.0
SM102899,2025-03-15,Lucknow,Pickup,18.8,10,517.0,35.0,5601.0,4.5,Clear,0,8.0,7.22,607.0
SM102083,2025-09-01,Lucknow,Truck,,5,2537.0,304.0,189764.0,6.5,Clear,0,7.0,6.69,1211.0
SM100963,21/03/2025,Lucknow,Pickup,41.8,7,323.0,32.0,4356.0,3.0,Clear,0,8.0,6.43,793.0
SM101101,2025-06-21,Varanasi,Mini Truck,20.9,6,1366.0,106.0,9008.0,3.9,Clear,0,7.0,6.41,1145.0
SM104859,2025-10-04,Kanpur,Pickup,17.0,8,323.0,39.0,3972.0,5.1,Clear,0,7.0,6.18,625.0
SM104789,2025-08-06,Lucknow,Mini Truck,63.7,7,1233.0,59.0,9618.0,4.5,Clear,0,10.0,8.04,1692.0
SM102515,2025-10-27,Gorakhpur,Pickup,17.2,4,672.0,41.0,2752.0,7.5,Clear,0,6.0,4.71,605.0
SM105244,09/05/2025,Gorakhpur,Mini Truck,53.3,7,1138.0,107.0,11179.0,7.0,Rain,0,9.0,8.67,1522.0
SM102535,2025-12-24,Kanpur,Truck,17.4,5,4023.0,195.0,41004.0,5.3,Clear,0,8.0,7.35,2071.0
SM100435,15/02/2025,Varanasi,Pickup,39.2,7,296.0,20.0,1847.0,2.9,Clear,0,8.0,5.72,747.0
SM102303,17/11/2025,Prayagraj,Pickup,45.4,5,377.0,17.0,3019.0,6.8,Clear,0,8.0,6.25,840.0
SM105758,2025-07-16,Prayagraj,Mini Truck,50.3,5,1325.0,55.0,15538.0,4.5,Rain,0,8.0,8.6,1430.0
SM100829,2025-01-11,Varanasi,Mini Truck,36.3,5,819.0,35.0,3013.0,4.2,Fog,0,7.0,7.21,1117.0
SM100788,2025-07-18,Prayagraj,Pickup,31.9,6,326.0,17.0,10001.0,4.1,Clear,0,7.0,5.94,736.0
SM104536,2025-01-30,Prayagraj,Truck,46.1,3,2434.0,169.0,36891.0,9.3,Rain,0,8.0,9.66,1980.0
SM103023,2025-03-14,Kanpur,Truck,28.5,5,3700.0,341.0,49435.0,6.2,Clear,1,8.0,8.85,2077.0
SM100456,2025-02-24,Gorakhpur,Truck,54.5,4,3093.0,289.0,86770.0,6.1,Clear,0,9.0,7.5,2519.0
SM104954,2025-05-18,Kanpur,Truck,20.6,2,2470.0,126.0,28295.0,6.3,Clear,0,7.0,4.47,1417.0
SM102073,2025-05-05,Prayagraj,Pickup,42.1,3,612.0,34.0,6578.0,7.1,Clear,0,7.0,5.44,849.0
SM103964,2025-03-14,Lucknow,Pickup,15.4,10,489.0,33.0,5964.0,8.0,,1,8.0,9.29,640.0
SM103458,2025-11-04,Prayagraj,Truck,35.8,6,2599.0,158.0,31175.0,5.8,Clear,0,9.0,7.28,1953.0
SM101105,2025-03-08, LUCKNOW ,Mini Truck,63.8,7,1110.0,80.0,25245.0,4.3,Clear,0,10.0,8.43,1671.0
SM104284,2025-02-14,Gorakhpur,Truck,68.1,9,3177.0,142.0,11372.0,6.3,Fog,1,11.0,13.06,3019.0
SM101770,2025-05-04,Varanasi,Pickup,25.3,3,473.0,46.0,22338.0,,Clear,0,6.0,5.5,562.0
SM100398,2025-04-13,Varanasi,Truck,24.7,5,2592.0,163.0,72035.0,4.5,Rain,0,8.0,6.98,1679.0
SM105535,2025-09-04,Lucknow,Mini Truck,36.9,8,951.0,56.0,34694.0,4.2,Rain,0,8.0,9.24,1205.0
SM100797,2025-06-17,Kanpur,Mini Truck,21.5,13,1069.0,51.0,17564.0,7.3,Rain,0,9.0,8.41,1172.0
SM103052,2025-10-02,Kanpur,Truck,31.0 km,3,3548.0,324.0,149910.0,6.0,Clear,1,8.0,8.8,2079.0
SM104956,2025-02-28,Prayagraj,Pickup,39.1,5,429.0,21.0,5097.0,6.9,Clear,0,7.0,5.23,771.0
SM104419,2025-02-08,Lucknow,Pickup,11.8,1,479.0,23.0,2413.0,4.3,Rain,0,5.0,3.83,387.0
SM105061,2025-08-15,Lucknow,Truck,15.0,13,1501.0,78.0,22992.0,6.6,Clear,0,9.0,8.11,1425.0
SM104313,2025-02-05,Varanasi,Pickup,48.7,5,449.0,35.0,3482.0,4.7,Clear,0,8.0,5.69,848.0
SM101458,2025-04-07, LUCKNOW ,Mini Truck,34.1,7,1008.0,68.0,30840.0,5.7,Clear,0,8.0,5.74,1112.0
SM101664,2025-07-11,Varanasi,Pickup,35.9,4,531.0,34.0,10161.0,6.5,Rain,0,7.0,6.24,675.0
SM101334,2025-07-14,Kanpur,Mini Truck,7.6,6,,60.0,11467.0,,Rain,0,6.0,5.33,691.0
SM100755,2025-06-09,Prayagraj,Mini Truck,43.2,7,518.0,38.0,14051.0,6.9,Rain,0,8.0,7.35,1153.0
SM100065,2025-04-29,Allahabad,Truck,42.2,5,4402.0,310.0,91001.0,4.5,Clear,0,10.0,8.49,2851.0
SM100177,2025-02-28,Allahabad,Pickup,37.6,2,388.0,45.0,10919.0,6.9,Clear,0,6.0,6.13,611.0
SM101747,2025-05-18,Varanasi,Pickup,21.9,5,531.0,32.0,12396.0,6.2,Clear,0,7.0,3.4,595.0
SM103378,2025-11-10,Prayagraj,Truck,98.2,6,,204.0,39922.0,,Rain,0,12.0,11.31,3902.0
SM105395,2025-01-12,Varanasi,Pickup,91.3,5,709.0,40.0,8626.0,3.3,Fog,0,10.0,9.79,1346.0
SM100026,2025-05-27,Lucknow,Mini Truck,18.7,6,1403.0,86.0,26035.0,7.5,Clear,0,7.0,6.43,940.0
SM100525,2025-04-24,Prayagraj,Mini Truck,45.0,6,1614.0,128.0,15606.0,3.2,Clear,0,9.0,7.01,1530.0
SM104698,2025-04-20,Lucknow,Pickup,31.2,4,355.0,20.0,2711.0,4.8,Rain,0,7.0,6.18,643.0
SM103185,2025-12-13,Kanpur,Mini Truck,34.2,4,915.0,89.0,15689.0,6.5,Fog,0,7.0,8.11,1104.0
SM102369,2025-03-06,Prayagraj,Mini Truck,25.8,5,,154.0,19643.0,5.9,Clear,0,7.0,6.16,1175.0
SM104656,2025-02-18,Kanpur,Mini Truck,8.0,7,1003.0,59.0,7076.0,6.0,Clear,0,7.0,6.01,750.0
SM100664,2025-08-07,Lucknow,Truck,31.7,5,4513.0,279.0,63945.0,5.4,Clear,0,9.0,8.34,2561.0
SM103391,2025-07-10,Varanasi,Pickup,44.7,4,753.0,46.0,9325.0,5.5,Clear,0,7.0,6.08,869.0
SM103177,2025-04-19,Prayagraj,Mini Truck,452.0,5,414.0,22.0,11592.0,3.8,Clear,0,8.0,3.75,947.0
SM102456,2025-11-03,Lucknow,Mini Truck,66.2,7,1007.0,61.0,17895.0,4.9,Clear,0,10.0,8.19,1705.0
SM101221,2025-07-21,Lucknow,Mini Truck,32.3,7,1364.0,63.0,4047.0,4.4,Rain,0,8.0,6.56,1346.0
SM101742,2025-06-16,Kanpur,Truck,32.8,3,,240.0,22898.0,6.1,Clear,0,8.0,6.66,2194.0
SM104229,2025-01-06,Gorakhpur,Pickup,28.3,6,734.0,38.0,2568.0,7.5,Rain,0,7.0,7.82,743.0
SM100332,2025-04-24,Lucknow,Pickup,,5,682.0,69.0,8711.0,7.0,Clear,0,7.0,5.24,723.0
SM105228,2025-02-01,Gorakhpur,Pickup,116.5,15,392.0,21.0,3683.0,3.0,Rain,0,14.0,13.17,1926.0
SM102752,2025-08-01,Kanpur,Truck,31.6,7,1023.0,56.0,11938.0,8.0,Clear,0,8.0,7.92,1310.0
SM100598,2025-08-18,Gorakhpur,Mini Truck,59.0,6,1586.0,87.0,17029.0,8.6,Rain,0,9.0,9.41,1796.0
SM103003,2025-12-17,Lucknow,Pickup,29.8,3,581.0,52.0,11643.0,6.6,Fog,0,6.0,6.16,618.0
SM102434,2025-06-14,kanpur,Mini Truck,27.2,8,1598.0,101.0,14600.0,5.3,Clear,0,8.0,6.21,1206.0
SM103220,2025-09-13,Prayagraj,Mini Truck,31.4,3,1280.0,91.0,22930.0,5.6,Rain,0,7.0,6.19,1015.0
SM101459,2025-07-08,Kanpur,Mini Truck,37.8,7,,67.0,14771.0,4.6,Rain,0,8.0,7.39,1409.0
SM103423,2025-05-20,Kanpur,Pickup,45.6,3,396.0,32.0,3888.0,5.0,Clear,0,7.0,5.7,824.0
SM101415,2025-10-14,Kanpur,Pickup,14.7,8,278.0,12.0,2413.0,6.2,Clear,0,7.0,6.45,429.0
SM100739,2025-11-24,Prayagraj,Truck,42.6,11,2567.0,236.0,63454.0,2.4,Clear,0,11.0,8.91,2417.0
SM103645,2025-07-12,Lucknow,Pickup,,4,611.0,33.0,4789.0,5.3,Rain,0,7.0,7.22,849.0
SM100228,2025-07-19,Varanasi,Pickup,140.0 km,6,488.0,47.0,40289.0,4.9,Clear,0,13.0,9.86,1853.0
SM105823,2025-02-24,Kanpur,Mini Truck,54.4,10,1004.0,42.0,7782.0,8.8,Clear,0,10.0,9.25,1500.0
SM100498,2025-12-05,Prayagraj,Pickup,41.5,10,476.0,26.0,10913.0,3.8,Fog,0,9.0,9.16,964.0
SM100007,2025-09-12,Lucknow,Pickup,44.1,11,559.0,41.0,5016.0,7.1,Rain,0,10.0,9.62,1081.0
SM101977,2025-05-05, LUCKNOW ,Truck,41.5,4,4330.0,190.0,31815.0,7.4,Clear,0,9.0,8.23,2713.0
SM100902,2025-03-21,Varanasi,Pickup,25.2,7,416.0,25.0,4906.0,5.6,Clear,0,7.0,5.18,661.0
SM103039,2025-03-14,Prayagraj,Mini Truck,14.6,8,1398.0,92.0,11949.0,8.2,Clear,1,8.0,8.11,970.0
SM103631,2025-07-19,Lucknow,Mini Truck,20.4,6,1554.0,157.0,49875.0,4.8,Clear,0,7.0,5.63,1125.0
SM104193,2025-01-15,Prayagraj,Pickup,31.5,2,570.0,24.0,3757.0,4.7,Fog,0,6.0,5.8,605.0
SM102365,2025-02-01,Gorakhpur,Pickup,62.6,6,550.0,43.0,5106.0,4.6,Clear,0,9.0,6.83,1050.0
SM105186,2025-11-12,Prayagraj,Mini Truck,21.8,5,1306.0,66.0,20728.0,8.7,Rain,0,7.0,7.44,892.0
SM101237,2025-02-15,Kanpur,Truck,23.2,10,3052.0,274.0,37837.0,6.0,Clear,0,9.0,8.48,1929.0
SM105893,2025-04-29,Lucknow,Truck,36.4,4,2496.0,250.0,27635.0,6.7,Clear,0,8.0,7.81,1948.0
SM101932,2025-11-01,kanpur,Truck,64.0,8,3526.0,196.0,37263.0,6.8,Clear,0,11.0,10.23,3078.0
SM104895,2025-05-28,Varanasi,Pickup,105.8,9,,22.0,3156.0,4.9,Clear,0,12.0,12.05,1799.0
SM103067,2025-09-15,lucknow,Mini Truck,8.1,6,786.0,52.0,10220.0,6.7,Clear,0,6.0,5.0,622.0
SM100949,2025-04-12,Prayagraj,Pickup,23.2,6,495.0,26.0,3490.0,1.9,Clear,0,7.0,5.68,717.0
SM101717,2025-05-19,Varanasi,Mini Truck,33.5,8,1473.0,102.0,22476.0,6.5,Clear,0,9.0,7.46,1352.0
SM102183,2025-08-24,Varanasi,Mini Truck,,4,892.0,65.0,18262.0,4.2,Rain,0,7.0,6.57,1120.0
SM103012,2025-01-17,Lucknow,Mini Truck,43.4,3,765.0,87.0,34521.0,6.7,Clear,0,7.0,6.14,
SM102576,2025-04-09,Gorakhpur,Mini Truck,49.0,8,1387.0,72.0,24147.0,7.6,Rain,1,9.0,9.91,1683.0
SM103710,2025-05-12,Lucknow,Mini Truck,20.4,4,841.0,39.0,10506.0,7.1,Clear,0,6.0,5.14,762.0
SM104799,2025-07-22,Lucknow,Mini Truck,393.0,8,1112.0,49.0,13622.0,4.0,Clear,0,9.0,6.1,1262.0
SM100138,2025-05-07,Kanpur,Pickup,42.6,3,544.0,25.0,4647.0,7.9,Clear,0,7.0,7.05,802.0
SM105292,2025-05-04,Prayagraj,Mini Truck,34.6,5,1248.0,91.0,19973.0,5.3,Clear,0,8.0,6.39,1219.0
SM102017,2025-09-23,Prayagraj,Truck,21.4,8,1325.0,74.0,18059.0,8.4,Clear,0,8.0,7.54,1260.0
SM100251,2025-06-30,Varanasi,Mini Truck,60.6,4,1387.0,155.0,89686.0,6.6,Clear,0,9.0,7.26,
SM104953,2025-02-22,Lucknow,Mini Truck,15.2,5,956.0,42.0,19275.0,7.7,Clear,0,6.0,5.96,557.0
SM101090,03/07/2025,Lucknow,Truck,14.4,8,2950.0,149.0,34480.0,4.1,Fog,0,8.0,8.87,1686.0
SM102016,2025-06-01,Prayagraj,Truck,61.9,11,1540.0,133.0,52598.0,4.8,Clear,0,11.0,9.7,2476.0
SM104220,2025-02-10,Lucknow,Pickup,36.3,6,439.0,29.0,12849.0,5.4,Clear,0,8.0,6.23,796.0
SM104934,19/05/2025,Varanasi,Truck,63.7,7,4304.0,214.0,23339.0,4.3,Clear,0,11.0,0.0,3230.0
SM103142,2025-06-14,Lucknow,Pickup,18.3,7,318.0,21.0,2447.0,5.6,Clear,0,7.0,5.2,560.0
SM105044,2025-10-22,Gorakhpur,Pickup,35.2,7,-558.0,32.0,6878.0,9.1,Fog,1,8.0,9.5,792.0
SM100912,2025-05-18,Kanpur,Truck,,7,4001.0,191.0,16345.0,4.0,Clear,0,10.0,8.85,2467.0
SM102415,2025-06-27,Prayagraj,Pickup,31.8,7,528.0,55.0,20775.0,4.6,Clear,0,8.0,6.59,718.0
SM103649,2025-09-27,Prayagraj,Pickup,19.3,3,503.0,24.0,2292.0,4.8,Rain,0,6.0,4.86,518.0
SM101281,2025-09-27,Prayagraj,Mini Truck,32.8,4,1745.0,92.0,9631.0,7.0,Clear,0,7.0,6.05,1363.0
SM104746,2025-10-07,Varanasi,Truck,40.3,6,1362.0,69.0,30927.0,6.7,Rain,0,8.0,7.95,1713.0
SM102307,2025-02-26,Prayagraj,Mini Truck,55.9,7,994.0,44.0,27330.0,6.0,Clear,0,9.0,7.95,1438.0
SM102118,2025-07-19,Lucknow,Mini Truck,39.5,5,1777.0,90.0,47601.0,6.1,Rain,0,8.0,8.63,1442.0
SM100911,2025-03-08,Prayagraj,Mini Truck,58.5,9,1152.0,113.0,44201.0,7.8,Rain,0,10.0,9.59,1490.0
SM105574,2025-09-18,Gorakhpur,Mini Truck,58.5,4,688.0,30.0,7052.0,5.6,Clear,0,8.0,6.67,1277.0
SM102158,2025-10-24,Prayagraj,Mini Truck,37.2,2,1253.0,53.0,29847.0,5.4,Rain,0,7.0,6.8,1105.0
SM102670,17/10/2025,Varanasi,Mini Truck,12.5,5,1156.0,81.0,34894.0,7.1,Clear,0,6.0,5.84,770.0
SM104779,2025-01-27,Varanasi,Mini Truck,18.2,7,923.0,67.0,8149.0,5.2,Fog,0,7.0,6.7,799.0
SM101089,2025-02-21,Lucknow,Pickup,38.9,8,543.0,31.0,4679.0,4.3,Clear,0,8.0,7.22,852.0
SM103113,2025-12-06,gorakhpur,Truck,30.7,6,3535.0,221.0,14087.0,3.3,Fog,0,9.0,9.63,2198.0
SM103699,2025-10-05,Varanasi,Mini Truck,31.8,7,1624.0,155.0,25256.0,3.8,Clear,0,8.0,6.91,1338.0
SM103880,2025-11-12,Lucknow,Mini Truck,22.0,9,1452.0,64.0,9150.0,3.9,Clear,0,8.0,7.33,
SM100936,2025-02-27,Prayagraj,Pickup,35.2,4,558.0,28.0,8140.0,7.6,Clear,0,7.0,6.32,764.0
SM104437,2025-12-12,prayagraj,Mini Truck,49.1,10,720.0,73.0,15544.0,6.5,Clear,0,10.0,8.68,1457.0
SM101829,2025-12-25,Gorakhpur,Pickup,,9,294.0,14.0,927.0,5.5,Rain,0,9.0,9.1,945.0
SM104213,2025-09-18,Varanasi,Pickup,29.0,4,336.0,17.0,3820.0,5.9,Rain,0,6.0,7.23,649.0
SM101250,2025-03-30,Prayagraj,Truck,25.2,9,1191.0,75.0,22115.0,6.2,Clear,0,8.0,8.26,1352.0
SM105531,2025-12-11,Lucknow,Pickup,19.7,9,522.0,28.0,13116.0,5.4,Clear,0,8.0,6.6,697.0
SM101108,2025-12-10,Gorakhpur,Truck,66.4,5,,273.0,63293.0,8.2,Rain,0,10.0,10.32,2871.0
SM105796,2025-11-13,Prayagraj,Truck,32.8,5,4599.0,355.0,129942.0,4.5,Clear,0,9.0,9.07,2538.0
SM100736,2025-09-24,Lucknow,Pickup,10.9,5,443.0,24.0,14654.0,4.8,Clear,0,6.0,6.06,493.0
SM103869,2025-09-17,Varanasi,Truck,58.0,4,2176.0,106.0,29177.0,5.7,Clear,0,9.0,7.5,2279.0
SM103773,2025-02-16,Gorakhpur,Pickup,36.6,7,467.0,19.0,9768.0,3.6,Clear,0,8.0,6.92,715.0
SM103214,2025-07-25,Lucknow,Mini Truck,,6,1179.0,79.0,11576.0,5.8,Rain,0,6.0,5.64,678.0
SM104388,2025-05-03,Lucknow,Mini Truck,57.1,9,1379.0,166.0,26577.0,3.2,Clear,0,10.0,8.68,1743.0
SM103896,2025-07-14,Gorakhpur,Pickup,85.4,3,275.0,15.0,3932.0,7.9,Rain,0,9.0,7.27,1145.0
SM101978,2025-01-21,Kanpur,Mini Truck,8.4,5,914.0,38.0,11190.0,4.9,Clear,0,6.0,4.87,565.0
SM102712,10/12/2025,Gorakhpur,Mini Truck,25.7,5,1162.0,78.0,9040.0,7.0,Rain,0,7.0,8.24,955.0
SM101792,06/05/2025,Lucknow,Mini Truck,31.2,4,1287.0,52.0,12001.0,5.4,Clear,0,7.0,6.23,1106.0
SM103231,2025-03-19,Prayagraj,Truck,22.6,8,2199.0,159.0,39720.0,7.6,Rain,0,8.0,9.65,1446.0
SM104819,2025-12-07,Prayagraj,Truck,24.4,7,3051.0,251.0,52631.0,1.8,Clear,0,9.0,7.0,1902.0
SM104095,2025-07-19,Lucknow,Pickup,66.8,4,615.0,43.0,14779.0,3.0,Rain,0,9.0,7.02,1175.0
SM105033,2025-02-23,Prayagraj,Truck,55.8,7,2072.0,149.0,33851.0,4.1,Clear,0,10.0,9.2,2253.0
SM102733,2025-03-20,Gorakhpur,Mini Truck,137.7,9,1063.0,83.0,10151.0,,Clear,0,14.0,12.13,2928.0
SM104598,2025-12-15,Prayagraj,Truck,16.9,6,1820.0,79.0,19554.0,4.7,Clear,0,7.0,6.26,1243.0
SM103656,2025-07-07,Varanasi,Mini Truck,55.7,11,1342.0,82.0,26827.0,7.7,Clear,0,11.0,10.5,1779.0
SM103998,2025-09-24,Kanpur,Mini Truck,54.4,6,1147.0,93.0,29617.0,4.4,Rain,0,9.0,9.29,1370.0
SM105803,2025-12-06,Lucknow,Truck,32.8,6,2003.0,103.0,19318.0,4.4,Clear,0,8.0,7.36,1777.0
SM102475,2025-06-04,Lucknow,Pickup,29.9,2,345.0,15.0,2399.0,5.2,Clear,0,6.0,4.51,570.0
SM105220,21/04/2025,Prayagraj,Mini Truck,31.1,6,,76.0,24771.0,4.6,Rain,0,8.0,7.05,1096.0
SM103334,2025-01-27,Kanpur,Pickup,14.8,6,408.0,17.0,6138.0,4.3,Clear,0,6.0,5.15,452.0
SM102855,2025-01-29,Kanpur,Pickup,66.0,5,564.0,29.0,7035.0,6.1,Clear,0,9.0,6.2,1041.0
SM103316,19/08/2025,Varanasi,Pickup,38.9,1,231.0,13.0,2157.0,7.7,Rain,0,6.0,6.04,578.0
SM100892,2025-07-10,Prayagraj,Pickup,12.7,8,573.0,42.0,14989.0,6.4,Rain,1,7.0,6.44,552.0
SM102644,2025-06-15,Varanasi,Pickup,43.7,5,515.0,23.0,7251.0,6.2,Clear,0,8.0,5.77,942.0
SM100917,14/10/2025, VARANASI ,Truck,15.1,5,,118.0,32266.0,6.7,Clear,0,7.0,6.32,1327.0
SM104504,2025-01-07,Varanasi,Truck,38.9,5,2550.0,159.0,32867.0,4.4,Clear,0,8.0,6.86,2034.0
SM103255,2025-03-10,Gorakhpur,Mini Truck,37.9,6,1709.0,83.0,16963.0,,Clear,0,8.0,6.22,1484.0
SM101725,2025-10-13,Prayagraj,Truck,22.3,10,2288.0,200.0,96118.0,6.1,Clear,0,9.0,8.15,1743.0
SM103338,2025-11-10,Lucknow,Truck,16.8,8,2393.0,251.0,68133.0,9.6,Clear,1,8.0,9.47,1563.0
SM102051,2025-04-21,Prayagraj,Mini Truck,31.2,4,1387.0,86.0,823238.8963911815,6.7,Clear,0,7.0,5.84,1135.0
SM105512,2025-11-27,Prayagraj,Mini Truck,30.1,7,,143.0,33592.0,4.6,Clear,0,8.0,6.33,1178.0
SM100242,2025-02-04,Gorakhpur,Pickup,43.5,9,437.0,19.0,2818.0,3.5,Clear,0,9.0,6.78,969.0
SM104880,2025-05-19,Lucknow,Pickup,18.2,5,385.0,27.0,4211.0,3.5,Clear,0,6.0,4.1,576.0
SM102950,2025-01-12,Prayagraj,Truck,29.3,6,2610.0,234.0,25218.0,2.9,Rain,0,8.0,7.77,1842.0
SM102046,2025-06-15,Lucknow,Truck,16.8,4,1481.0,83.0,5484.0,6.2,Clear,0,6.0,6.07,979.0
SM102907,2025-12-13,Varanasi,Pickup,45.4,4,494.0,24.0,4524.0,4.6,Clear,0,7.0,5.23,863.0
SM100403,2025-12-21,Gorakhpur,Mini Truck,66.0,4,889.0,103.0,16660.0,8.9,Fog,0,9.0,9.46,1511.0
SM105668,2025-10-04,Varanasi,Truck,16.9,4,2009.0,167.0,53977.0,6.3,Clear,1,7.0,7.31,1224.0
SM100050,2025-10-05,Gorakhpur,Pickup,34.7,8,240.0,26.0,10444.0,4.1,Clear,0,8.0,7.44,638.0
SM104816,2025-11-15,Varanasi,Mini Truck,,6,1320.0,58.0,11683.0,2.5,Clear,0,9.0,6.69,1458.0
SM103784,2025-12-26,Varanasi,Pickup,36.1,8,321.0,25.0,,2.0,Clear,0,8.0,5.54,849.0
SM105376,2025-03-04,Kanpur,Pickup,,6,402.0,18.0,3194.0,6.8,Clear,0,8.0,7.89,826.0
SM104621,2025-12-30,Kanpur,Truck,41.6,7,4200.0,224.0,51394.0,6.0,Fog,0,10.0,10.66,2723.0
SM100558,2025-10-17,Varanasi,Mini Truck,29.7,3,1402.0,128.0,13784.0,7.9,Rain,0,7.0,6.99,1068.0
SM105182,2025-08-21,Prayagraj,Mini Truck,8.2,2,714.0,53.0,9100.0,9.5,Clear,1,5.0,5.33,377.0
SM103372,2025-04-23,Gorakhpur,Mini Truck,,7,1555.0,92.0,16700.0,5.7,Clear,0,8.0,7.06,1230.0
SM102989,2025-06-06,Prayagraj,Mini Truck,37.8,7,808.0,80.0,21867.0,6.9,Rain,0,8.0,8.81,1258.0
SM101151,2025-07-04,Varanasi,Truck,28.6,11,2795.0,213.0,33512.0,7.4,Rain,0,10.0,10.39,2153.0
SM100009,2025-02-04, KANPUR ,Mini Truck,32.9,9,1125.0,122.0,20924.0,9.2,Rain,0,9.0,8.88,1215.0
SM101707,2025-11-30,Prayagraj,Mini Truck,17.3,5,1461.0,163.0,85508.0,4.0,Clear,0,7.0,4.85,894.0
SM102593,2025-02-04,Lucknow,Mini Truck,24.2,7,461.0,19.0,1867.0,5.4,Rain,0,7.0,8.03,819.0
SM103733,2025-12-07,Kanpur,Pickup,16.2,6,274.0,30.0,4112.0,7.3,Fog,0,6.0,8.07,433.0
SM101614,2025-01-22,Prayagraj,Truck,15.0,9,2551.0,133.0,26965.0,6.4,,0,9.0,8.17,1547.0
SM101071,18/03/2025,Varanasi,Truck,399.0,6,,60.0,25984.0,7.6,Clear,0,8.0,8.75,1553.0
SM103528,2025-03-10,prayagraj,Pickup,17.2,5,422.0,18.0,,8.2,Clear,0,6.0,5.11,569.0
SM104703,2025-11-08,Varanasi,Pickup,19.7,6,382.0,18.0,16949.0,4.6,Clear,0,7.0,4.98,626.0
SM105816,2025-05-29,Kanpur,Truck,43.5,4,1429.0,148.0,82026.0,6.3,Clear,0,8.0,7.08,1720.0
SM100716,2025-07-08,Kanpur,Pickup,26.8,8,567.0,41.0,13474.0,5.7,Clear,0,8.0,7.04,753.0
SM101896,2025-07-29,Lucknow,Truck,38.9 km,4,2111.0,180.0,40058.0,6.5,Clear,0,8.0,7.79,1795.0
SM105749,2025-02-13,Varanasi,Pickup,50.7,4,559.0,24.0,4247.0,6.8,Clear,0,8.0,7.6,1006.0
SM103578,2025-11-18,Gorakhpur,Pickup,65.5,3,485.0,24.0,2081.0,6.4,Clear,0,8.0,6.6,965.0
SM102123,2025-08-11,Varanasi,Pickup,17.6,7,679.0,40.0,8034.0,4.7,Rain,0,7.0,6.82,610.0
SM100318,09/12/2025,Lucknow,Pickup,11.9,7,578.0,31.0,8914.0,4.5,Clear,0,7.0,6.05,681.0
SM103027,2025-09-30, LUCKNOW ,Truck,24.8,11,3372.0,305.0,26628.0,7.3,Rain,0,10.0,8.89,2105.0
SM101672,2025-04-08,Lucknow,Mini Truck,21.3,4,1666.0,130.0,29930.0,5.6,Clear,0,7.0,5.16,1054.0
SM103960,2025-12-12,Prayagraj,Pickup,35.7,12,500.0,34.0,6188.0,7.2,Clear,0,9.0,9.17,971.0
SM100427,2025-10-21,Kanpur,Mini Truck,43.6,8,1835.0,137.0,19963.0,5.0,Clear,1,9.0,9.72,1641.0
SM103158,2025-09-01,Lucknow,Mini Truck,,6,1592.0,91.0,24712.0,3.5,Clear,0,9.0,6.72,1545.0
SM105342,2025-07-26,Varanasi,Pickup,46.7,7,585.0,43.0,7199.0,6.6,Rain,0,8.0,8.19,944.0
SM105090,2025-11-20,Prayagraj,Truck,24.0,6,2181.0,228.0,62985.0,4.4,Clear,0,8.0,7.18,1647.0
SM103934,2025-03-08,Varanasi,Pickup,28.7,6,406.0,38.0,3125.0,3.0,Clear,0,7.0,5.53,701.0
SM100546,2025-06-06,Prayagraj,Mini Truck,60.8,9,1581.0,188.0,47032.0,6.7,Clear,0,10.0,7.97,1843.0
SM100262,20/04/2025,Lucknow,Truck,5.1,5,3879.0,179.0,36994.0,7.9,Clear,0,7.0,7.38,1700.0
SM100254,2025-08-30,Lucknow,Truck,24.8,7,2209.0,254.0,77876.0,7.9,Rain,0,8.0,8.42,1616.0
SM103420,2025-07-08,Prayagraj,Pickup,30.7,5,583.0,47.0,22733.0,3.1,Rain,0,7.0,6.02,656.0
SM102338,2025-01-16,Kanpur,Mini Truck,33.1,7,1262.0,65.0,10007.0,8.4,Clear,0,8.0,7.32,1132.0
SM100666,2025-07-03,Lucknow,Pickup,,4,331.0,15.0,2892.0,5.6,Rain,0,7.0,6.15,712.0
SM102951,2025-07-05,Prayagraj,Mini Truck,27.1,6,1276.0,153.0,41126.0,6.9,Rain,0,8.0,7.94,
SM100171,2025-02-02,Varanasi,Pickup,23.2,9,550.0,61.0,8661.0,1.0,Clear,0,8.0,4.84,828.0
SM101176,2025-04-26,Varanasi,Truck,45.1,7,2461.0,160.0,14283.0,6.1,Rain,0,9.0,9.31,2197.0
SM104414,2025-06-29,Varanasi,Mini Truck,99.8,11,1443.0,61.0,24562.0,5.0,Clear,0,13.0,10.39,2532.0
SM101482,2025-04-16,Kanpur,Pickup,31.2,5,193.0,11.0,4108.0,6.1,Clear,0,7.0,5.45,637.0
SM101906,2025-04-19,Kanpur,Mini Truck,47.5,8,1562.0,123.0,20903.0,4.8,Clear,0,9.0,240.0,1612.0
SM105933,2025-04-27,Gorakhpur,Pickup,42.4,5,574.0,44.0,2932.0,5.9,Rain,0,8.0,8.01,845.0
SM104199,2025-03-29,Varanasi,Pickup,57.5,8,320.0,23.0,3493.0,4.6,Clear,0,9.0,7.01,1049.0
SM104822,2025-11-28,prayagraj,Pickup,12.3,4,422.0,19.0,7086.0,6.1,Clear,0,6.0,3.86,446.0
SM101900,2025-07-15,Prayagraj,Truck,27.0,2,2995.0,295.0,93957.0,6.3,Clear,0,7.0,6.15,1835.0
SM100693,2025-12-12,varanasi,Mini Truck,28.4,5,789.0,45.0,16374.0,5.7,Fog,0,7.0,7.33,953.0
SM103371,2025-03-28,Lucknow,Mini Truck,21.2,4,825.0,38.0,4311.0,7.6,Clear,0,6.0,5.56,744.0
SM105319,2025-03-24,Prayagraj,Pickup,38.9,6,506.0,21.0,4539.0,4.8,Clear,0,8.0,6.61,805.0
SM103712,2025-10-22,Prayagraj,Truck,34.9,6,2310.0,120.0,18435.0,8.9,Clear,1,8.0,10.16,1822.0
SM103443,2025-03-22,Kanpur,Pickup,64.4,9,637.0,32.0,6947.0,4.7,Clear,0,10.0,9.03,1272.0
SM102115,2025-03-15,Gorakhpur,Pickup,42.8 km,8,502.0,50.0,14822.0,,Clear,0,9.0,6.87,846.0
SM104009,2025-02-12,Varanasi,Mini Truck,21.6,2,1636.0,86.0,8201.0,6.1,Clear,0,6.0,5.67,1012.0
SM102096,2025-12-10,Varanasi,Pickup,25.3,7,433.0,26.0,3159.0,4.4,Clear,0,7.0,5.39,722.0
SM103169,2025-08-10,Varanasi,Pickup,49.6,4,479.0,43.0,7542.0,3.2,Rain,0,8.0,7.31,826.0
SM104096,2025-07-15,Prayagraj,Pickup,38.6,7,348.0,20.0,6562.0,7.6,Rain,0,8.0,8.04,765.0
SM100781,21/08/2025,Kanpur,Mini Truck,9.4,9,1629.0,152.0,,5.0,Rain,0,8.0,6.42,1014.0
SM104268,2025-01-17,Gorakhpur,Mini Truck,27.4,4,915.0,87.0,51123.0,3.8,Fog,0,7.0,6.32,721.0
SM105362,2025-08-01,Prayagraj,Truck,56.4,7,1342.0,71.0,31079.0,8.1,Rain,1,9.0,11.76,2012.0
SM105631,23/07/2025,Prayagraj,Mini Truck,30.2,4,1145.0,90.0,10260.0,6.5,Clear,1,7.0,6.33,994.0
SM100541,2025-01-21,Varanasi,Truck,,8,1054.0,68.0,8377.0,6.7,Clear,0,7.0,6.24,746.0
SM105926,2025-09-29,Kanpur,Mini Truck,45.7,4,1556.0,142.0,46266.0,7.4,Rain,0,8.0,8.05,1329.0
SM104550,2025-01-17,Gorakhpur,Pickup,24.2,5,586.0,69.0,7208.0,6.5,Clear,0,7.0,5.49,691.0
SM103636,2025-07-17,Lucknow,Mini Truck,18.9,8,1340.0,54.0,7795.0,5.8,Rain,0,8.0,7.86,1122.0
SM104297,2025-10-09,Lucknow,Mini Truck,51.7,4,1636.0,83.0,8350.0,2.6,Clear,0,8.0,7.27,1605.0
SM102678,2025-07-31,Kanpur,Mini Truck,36.9,2,,101.0,58844.0,4.1,Rain,0,7.0,6.06,1185.0
SM105852,04/04/2025,Lucknow,Pickup,14.2,2,516.0,61.0,5954.0,4.1,Clear,0,5.0,3.66,503.0
SM105952,2025-03-12,Prayagraj,Mini Truck,14.0,10,1002.0,49.0,9183.0,5.7,Rain,0,8.0,7.94,830.0
SM102728,2025-08-01,Gorakhpur,Truck,42.1,8,3686.0,264.0,58812.0,2.8,,0,10.0,8.55,2585.0
SM100882,2025-06-13,Varanasi,Pickup,,4,521.0,23.0,15569.0,9.8,Clear,0,7.0,6.06,681.0
SM103457,2025-01-12,Kanpur,Mini Truck,37.3,2,1486.0,135.0,23515.0,3.0,Rain,0,7.0,6.03,1169.0
SM103132,2025-10-05,Kanpur,Mini Truck,6.6,2,1230.0,111.0,30227.0,4.7,Clear,0,5.0,4.08,665.0
SM105753,2025-04-11,Kanpur,Mini Truck,,5,1877.0,79.0,14182.0,7.6,Clear,0,7.0,6.46,1116.0
SM101742,2025-06-16,Kanpur,Truck,32.8,3,,240.0,22898.0,6.1,Clear,0,8.0,6.66,2194.0
SM102932,2025-03-01,Prayagraj,Mini Truck,26.6,4,1434.0,79.0,12262.0,4.3,Clear,0,7.0,6.67,1016.0
SM101171,2025-08-19,Varanasi,Truck,23.9,4,2559.0,118.0,27678.0,7.2,Rain,0,7.0,8.25,1468.0
SM103529,2025-02-13,Lucknow,Mini Truck,24.9,5,965.0,101.0,19730.0,6.5,Clear,0,7.0,5.02,937.0
SM102636,2025-05-03,Lucknow,Pickup,28.2,7,620.0,42.0,9224.0,1.8,Clear,0,8.0,5.04,741.0
SM101329,2025-05-05,Gorakhpur,Pickup,70.1,6,445.0,48.0,4233.0,6.4,Clear,0,9.0,8.46,1186.0
SM105946,2025-04-06,Lucknow,Truck,65.7,12,1419.0,58.0,21097.0,4.7,Clear,0,11.0,11.91,2398.0
SM105914,2025-07-11,Prayagraj,Mini Truck,38.1,8,656.0,39.0,10859.0,7.2,Rain,0,8.0,9.31,1099.0
SM100075,2025-06-23,Gorakhpur,Mini Truck,45.9,6,1296.0,64.0,7564.0,7.6,Clear,0,8.0,6.6,1380.0
SM103658,2025-05-03,Kanpur,Mini Truck,28.7,8,1069.0,83.0,16512.0,4.7,Clear,0,8.0,6.21,1130.0
SM103387,2025-09-26,Lucknow,Pickup,19.1,2,412.0,25.0,3692.0,6.8,Rain,0,5.0,6.02,334.0
SM105831,2025-02-26,Varanasi,Truck,23.0,5,2413.0,129.0,29903.0,2.5,Clear,0,8.0,5.78,1495.0
SM105397,2025-05-24,Kanpur,Truck,37.1,3,3360.0,203.0,19309.0,5.8,,0,8.0,7.38,2148.0
SM102194,2025-08-28,Gorakhpur,Mini Truck,43.2,7,1653.0,112.0,26050.0,6.9,Rain,0,9.0,7.52,1485.0
SM104478,2025-11-14,Prayagraj,Pickup,14.7,5,382.0,19.0,3260.0,7.7,Clear,0,6.0,6.43,431.0
SM102997,2025-05-07,Kanpur,Mini Truck,15.3,4,1093.0,54.0,5956.0,2.8,Fog,0,6.0,6.69,
SM101466,2025-08-20,Lucknow,Mini Truck,9.8,8,1498.0,96.0,36436.0,7.9,Rain,0,7.0,7.64,922.0
SM102665,2025-07-15,Varanasi,Pickup,31.2,7,633.0,50.0,5586.0,5.4,Clear,0,8.0,6.24,676.0
SM102387,2025-12-23,Lucknow,Truck,37.3,2,2816.0,186.0,30941.0,6.7,Rain,0,8.0,7.02,
SM104068,2025-09-27,Prayagraj,Pickup,35.4,7,420.0,17.0,3808.0,4.9,Fog,0,8.0,7.53,770.0
SM105675,2025-04-09,Kanpur,Mini Truck,47.3,9,1357.0,129.0,14797.0,4.7,Clear,0,10.0,8.35,1540.0
SM103625,2025-09-29,Gorakhpur,Mini Truck,21.7,4,837.0,46.0,21543.0,5.1,Clear,0,6.0,5.11,809.0
SM105977,2025-02-28,Gorakhpur,Truck,38.3,7,2777.0,222.0,41693.0,5.5,Clear,0,9.0,8.87,2219.0
SM100945,2025-02-13, GORAKHPUR ,Truck,75.9,5,1610.0,100.0,29814.0,5.8,Clear,0,10.0,9.0,2520.0
SM103630,2025-06-19,varanasi,Pickup,26.7,4,620.0,30.0,10191.0,7.2,Clear,0,7.0,5.31,717.0
SM105986,2025-11-30,Prayagraj,Pickup,35.9,4,409.0,17.0,2328.0,1.7,Clear,0,7.0,4.57,561.0
SM100842,2025-11-28,Varanasi,Truck,27.2,5,3225.0,318.0,74391.0,4.0,Clear,0,8.0,7.01,1972.0
SM104086,2025-04-09,Kanpur,Pickup,27.2,4,637.0,62.0,7249.0,6.4,Clear,0,7.0,4.75,752.0
SM103434,2025-03-27,Varanasi,Mini Truck,34.0,5,1137.0,49.0,19479.0,5.4,Clear,0,7.0,4.86,1065.0
SM103207,2025-10-25,Prayagraj,Mini Truck,23.6,6,1066.0,62.0,10759.0,4.1,Rain,0,7.0,6.92,1019.0
SM104606,2025-03-29,Kanpur,Mini Truck,9.6,2,1857.0,79.0,10745.0,6.7,Clear,0,6.0,4.65,846.0
SM103585,2025-03-21,Lucknow,Mini Truck,24.1,8,1546.0,118.0,15610.0,6.8,Clear,0,8.0,6.24,1229.0
SM103936,2025-07-11,Gorakhpur,Pickup,41.7,4,253.0,12.0,4508.0,6.3,Clear,0,7.0,6.09,589.0
SM100225,2025-04-22,Kanpur,Mini Truck,40.2,10,1438.0,157.0,32476.0,6.6,Clear,0,10.0,8.76,1505.0
SM104801,2025-08-06,Kanpur,Truck,46.3,6,1846.0,135.0,33911.0,5.0,Rain,1,9.0,9.98,2108.0
SM102803,2025-01-24,Varanasi,Mini Truck,15.7,7,898.0,67.0,11420.0,5.2,Clear,0,7.0,4.48,704.0
SM101856,2025-05-17, PRAYAGRAJ ,Mini Truck,36.5,7,1484.0,72.0,36926.0,5.5,Clear,0,8.0,6.05,1345.0
SM104210,2025-02-25,Prayagraj,Pickup,25.9,10,256.0,11.0,3577.0,7.7,Clear,0,8.0,6.91,629.0
SM102677,2025-11-17,Varanasi,Mini Truck,27.6,6,1582.0,196.0,45915.0,5.6,Rain,0,8.0,7.28,1232.0
SM105682,2025-05-19,Kanpur,Mini Truck,,4,1275.0,58.0,13610.0,7.1,Clear,0,7.0,5.98,1234.0
SM100845,2025-01-02,Prayagraj,Truck,17.9,7,2186.0,88.0,16239.0,4.6,Clear,0,8.0,6.62,1424.0
SM100572,2025-04-14,Prayagraj,Pickup,28.0,6,567.0,66.0,16864.0,4.0,Clear,0,7.0,5.63,701.0
SM103646,2025-08-23,Lucknow,Pickup,33.7,5,351.0,23.0,3916.0,5.6,Rain,0,7.0,7.41,707.0
SM104553,2025-07-23,Lucknow,Mini Truck,48.5,6,1349.0,89.0,14049.0,6.5,Rain,0,9.0,8.55,1485.0
SM104326,2025-11-07,Gorakhpur,Pickup,45.6,5,364.0,32.0,4315.0,3.6,Clear,0,8.0,6.24,842.0
SM102481,2025-11-11,Lucknow,Truck,25.4,5,1086.0,97.0,35307.0,7.1,Clear,0,7.0,6.43,1234.0
SM100154,2025-06-08,Lucknow,Mini Truck,20.1,5,1043.0,46.0,8389.0,5.8,Rain,0,7.0,5.8,903.0
SM100476,2025-11-06,Kanpur,Truck,42.6,7,2453.0,105.0,20698.0,5.5,Clear,0,9.0,9.04,1997.0
SM104604,2025-03-18,Gorakhpur,Mini Truck,102.2,4,558.0,34.0,11969.0,6.4,Clear,1,10.0,480.0,1957.0
SM103676,2025-05-14,Prayagraj,Mini Truck,18.3,5,1399.0,137.0,35448.0,9.1,Rain,0,7.0,6.81,1031.0
SM101690,2025-10-09,Prayagraj,Mini Truck,23.9,6,1959.0,93.0,9710.0,6.9,Clear,0,8.0,5.75,1325.0
SM100278,2025-01-24,Allahabad,Pickup,38.4,10,336.0,25.0,2790.0,4.8,Clear,0,9.0,7.64,825.0
SM104062,2025-08-19,Lucknow,Pickup,7.2,12,390.0,22.0,7034.0,8.0,Rain,0,8.0,8.64,669.0
SM105370,2025-10-14,Prayagraj,Pickup,,4,378.0,35.0,10691.0,6.2,Clear,0,6.0,-2.5,413.0
SM104362,2025-07-01, GORAKHPUR ,Truck,54.0,2,2546.0,104.0,56943.0,7.2,Clear,0,8.0,5.61,2266.0
SM101087,2025-12-28,Varanasi,Pickup,33.2,10,599.0,34.0,10992.0,4.8,Clear,1,9.0,8.34,906.0
SM103144,2025-10-06,Varanasi,Mini Truck,122.7,3,960.0,86.0,24573.0,7.4,Clear,0,11.0,9.21,2414.0
SM100382,2025-12-12,Gorakhpur,Mini Truck,7.7,7,1377.0,100.0,18072.0,4.4,Fog,0,7.0,7.73,827.0
SM101099,2025-06-08,Gorakhpur,Truck,109.6,7,2271.0,180.0,60355.0,7.5,Clear,1,12.0,14.12,3670.0
SM104643,2025-01-25,varanasi,Pickup,54.7,8,533.0,34.0,8138.0,4.2,Fog,0,9.0,8.18,1086.0
SM103327,2025-03-18,Varanasi,Mini Truck,15.6,3,1315.0,76.0,18694.0,3.5,Clear,0,6.0,4.82,870.0
SM102530,2025-12-01, PRAYAGRAJ ,Mini Truck,58.5,4,1015.0,73.0,21764.0,8.1,Fog,0,8.0,9.13,1463.0
SM105308,2025-01-25,Prayagraj,Pickup,42.2,12,648.0,36.0,5877.0,4.4,Clear,1,10.0,8.77,1048.0
SM105291,2025-11-18,Gorakhpur,Pickup,77.4,6,627.0,49.0,8025.0,4.4,Clear,0,10.0,7.15,1243.0
SM105754,2025-02-22,Lucknow,Mini Truck,22.1,10,648.0,37.0,5971.0,4.4,Clear,0,8.0,6.01,953.0
SM100918,2025-04-03,Varanasi,Pickup,58.5,8,392.0,24.0,7431.0,7.1,Clear,0,9.0,8.89,965.0
SM100207,2025-12-20,Lucknow,Mini Truck,22.0,5,1677.0,179.0,11122.0,7.2,Clear,0,7.0,5.7,1074.0
SM105593,2025-08-17,Prayagraj,Pickup,19.2,4,341.0,32.0,3179.0,5.2,Rain,0,6.0,5.84,505.0
SM104738,2025-05-08,Lucknow,Truck,15.5,6,3181.0,367.0,66006.0,4.6,Clear,0,8.0,6.77,1729.0
SM105324,2025-11-30,Kanpur,Truck,51.5,7,2244.0,103.0,15083.0,9.5,Clear,0,10.0,9.3,2285.0
SM105861,2025-08-05,Prayagraj,Pickup,25.7,5,310.0,15.0,1570.0,6.7,,0,7.0,7.68,598.0
SM100297,2025-06-10,Allahabad,Truck,30.1,2,2230.0,212.0,31956.0,6.8,Rain,0,7.0,7.58,1469.0
SM101490,2025-04-11, VARANASI ,Mini Truck,35.0,9,1301.0,60.0,10668.0,8.1,Clear,1,9.0,8.94,1337.0
SM100527,2025-02-22,Lucknow,Mini Truck,25.4,6,1418.0,66.0,9202.0,6.6,Clear,0,7.0,6.67,1168.0
SM105343,2025-06-13,Prayagraj,Truck,76.2,6,3551.0,223.0,78817.0,5.7,Clear,0,11.0,9.14,3204.0
SM100442,2025-02-18,Lucknow,Pickup,18.9,8,356.0,30.0,3440.0,5.5,Rain,0,7.0,7.09,618.0
SM102120,2025-10-08,Varanasi,Mini Truck,52.1,4,1452.0,93.0,11985.0,6.0,Clear,0,8.0,7.3,1486.0
SM101138,2025-09-29,Varanasi,Pickup,42.8,4,361.0,25.0,4445.0,5.1,Clear,0,7.0,5.79,718.0
SM103518,2025-09-05,Lucknow,Pickup,14.3,5,,22.0,8166.0,7.5,Rain,1,6.0,6.78,487.0
SM103573,2025-05-01,Varanasi,Pickup,21.3,3,568.0,43.0,6593.0,6.8,Clear,0,6.0,5.22,493.0
SM102922,2025-02-15,Kanpur,Mini Truck,44.9,6,1303.0,114.0,24302.0,4.9,Clear,0,8.0,6.92,1408.0
SM103465,2025-10-01,Kanpur,Mini Truck,20.8,9,1225.0,88.0,25049.0,3.7,Clear,0,8.0,6.28,1001.0
SM102374,2025-09-13,Varanasi,Pickup,26.6,7,319.0,32.0,6931.0,7.2,Clear,0,7.0,7.19,526.0
SM104323,2025-04-07,Gorakhpur,Truck,27.7,12,3740.0,333.0,179390.0,7.1,Clear,0,11.0,10.16,2308.0
SM104884,2025-01-03,Lucknow,Truck,16.7,2,3522.0,333.0,155958.0,4.2,Fog,0,7.0,7.62,1626.0
SM105621,2025-01-17,Varanasi,Truck,29.3,6,,200.0,54132.0,2.5,Fog,0,9.0,480.0,1966.0
SM101836,2025-12-10,Lucknow,Mini Truck,36.0,5,1459.0,78.0,18060.0,8.1,Fog,0,8.0,7.23,1285.0
SM102453,2025-06-21,Lucknow,Truck,54.2,4,3647.0,244.0,37631.0,3.9,Clear,0,9.0,8.39,2687.0
SM104825,2025-06-02,Lucknow,Pickup,34.2,5,564.0,36.0,4041.0,5.1,Clear,0,7.0,5.89,646.0
SM102008,2025-10-15,Varanasi,Pickup,13.7,6,133.0,6.0,2072.0,4.3,Clear,0,6.0,4.51,401.0
SM103689,2025-03-03,Prayagraj,Mini Truck,13.9,4,1106.0,48.0,12772.0,5.6,Clear,0,6.0,4.85,784.0
SM100047,2025-11-22,Varanasi,Mini Truck,75.8,8,1110.0,70.0,15442.0,7.1,Clear,0,11.0,7.23,1943.0
SM102201,2025-01-03,Lucknow,Mini Truck,26.8,7,972.0,52.0,14733.0,7.4,Clear,0,8.0,6.29,1112.0
SM104914,2025-10-11,Gorakhpur,Mini Truck,44.4,5,861.0,44.0,7037.0,6.9,Rain,0,8.0,8.21,1193.0
SM100397,2025-03-13,Lucknow,Pickup,33.1,3,631.0,28.0,1782.0,4.7,Clear,0,7.0,3.9,735.0
SM101507,25/06/2025,Lucknow,Truck,15.7,3,3132.0,179.0,21443.0,6.8,Clear,0,7.0,6.48,1591.0
SM105200,2025-06-09,Lucknow,Pickup,43.9,6,436.0,31.0,15620.0,6.0,Clear,0,8.0,6.71,877.0
SM102612,2025-03-08,Prayagraj,Pickup,57.0,4,327.0,15.0,2421.0,5.4,Rain,0,8.0,8.86,876.0
SM105190,2025-09-25,Varanasi,Pickup,51.9,3,273.0,23.0,2841.0,3.9,Clear,0,7.0,5.04,805.0
SM105036,2025-11-30,Prayagraj,Pickup,56.4,5,479.0,28.0,2981.0,3.8,Clear,0,8.0,6.78,882.0
SM104681,2025-03-04,varanasi,Mini Truck,20.3,9,1615.0,108.0,36361.0,5.0,Clear,0,8.0,7.51,1244.0
SM103679,2025-09-25,Prayagraj,Truck,54.1,8,2851.0,340.0,77205.0,4.4,Clear,0,10.0,9.43,2526.0
SM105414,24/04/2025,Lucknow,Pickup,16.4,7,501.0,41.0,6481.0,4.3,Clear,0,7.0,5.05,570.0
SM100986,2025-08-14,Lucknow,Mini Truck,26.7,7,1503.0,78.0,24444.0,5.1,Rain,0,8.0,7.82,1190.0
SM105814,05/08/2025,gorakhpur,Pickup,51.5,6,213.0,16.0,5167.0,4.5,Rain,0,8.0,6.67,791.0
SM105578,2025-06-15,Varanasi,Pickup,48.5,4,426.0,20.0,2314.0,8.4,Clear,0,8.0,6.43,892.0
SM101434,27/04/2025,Varanasi,Mini Truck,4.6,10,1025.0,45.0,8127.0,2.5,Clear,0,8.0,4.78,873.0
SM102532,2025-12-04,Prayagraj,Truck,6.2,7,3266.0,197.0,104695.0,5.8,Fog,0,8.0,8.61,1557.0
SM105691,2025-08-03,Prayagraj,Mini Truck,74.3,4,1056.0,64.0,5767.0,6.3,Clear,0,9.0,7.62,1717.0
SM100237,2025-06-07,Allahabad,Truck,30.5,7,2692.0,222.0,54158.0,7.0,Fog,0,9.0,9.87,1841.0
SM102119,2025-09-14,Prayagraj,Mini Truck,43.5,5,938.0,77.0,21181.0,4.9,Rain,0,8.0,7.76,1215.0
SM102286,2025-11-27,kanpur,Pickup,43.2,5,532.0,39.0,4778.0,8.4,Clear,0,8.0,7.22,881.0
SM103128,2025-07-04, VARANASI ,Mini Truck,42.2,8,981.0,109.0,25720.0,,Rain,0,9.0,7.57,1325.0
SM103347,2025-02-16,Kanpur,Mini Truck,26.7,9,1193.0,73.0,12698.0,,Rain,0,8.0,8.15,1103.0
SM101104,2025-04-22,Gorakhpur,Mini Truck,62.0,6,1326.0,55.0,7236.0,3.3,Clear,0,9.0,7.5,1640.0
SM103780,2025-01-21,Prayagraj,Mini Truck,24.7,2,1251.0,60.0,4002.0,2.7,Clear,0,6.0,3.45,882.0
SM100802,2025-07-08,Prayagraj,Truck,40.8,6,2169.0,106.0,42883.0,7.4,Rain,1,9.0,9.44,1902.0
SM105247,2025-12-07,Lucknow,Mini Truck,13.2,7,901.0,41.0,2679.0,3.0,Clear,0,7.0,4.98,
SM105856,2025-06-23,Gorakhpur,Truck,37.3,6,2444.0,111.0,7722.0,6.4,Clear,0,9.0,7.7,1961.0
SM103603,2025-08-16,Lucknow,Mini Truck,19.9,5,1077.0,116.0,38509.0,7.2,Rain,1,7.0,8.65,888.0
SM103946,2025-01-09,Kanpur,Truck,20.5,2,3845.0,332.0,39277.0,5.3,Clear,0,7.0,5.96,1927.0
SM104175,2025-05-08, LUCKNOW ,Mini Truck,31.5,5,1586.0,159.0,15552.0,6.7,Clear,0,8.0,7.51,
SM101737,2025-02-06,Lucknow,Truck,40.6,8,3483.0,229.0,89546.0,7.3,Fog,0,10.0,11.05,2434.0
SM104411,2025-08-03,Kanpur,Mini Truck,30.1,11,,43.0,6196.0,3.7,Rain,0,9.0,9.34,1228.0
SM103483,2025-03-26,Kanpur,Mini Truck,28.2,4,1234.0,65.0,8114.0,6.7,Clear,0,7.0,5.38,1112.0
SM104515,2025-10-17,Prayagraj,Mini Truck,40.5,7,1246.0,66.0,6440.0,8.0,Clear,0,8.0,7.41,1328.0
SM105344,2025-04-15,Kanpur,Truck,36.7,6,3973.0,247.0,15253.0,4.4,Clear,0,9.0,7.63,2535.0
SM104273,2025-04-25,Lucknow,Pickup,11.9,7,131.0,16.0,1923.0,8.0,Clear,0,7.0,6.5,463.0
SM100034,2025-11-21,Gorakhpur,Mini Truck,37.7,13,1186.0,49.0,6911.0,5.5,Clear,0,10.0,9.21,1396.0
SM102245,2025-10-31,Varanasi,Mini Truck,25.1,7,1350.0,71.0,24499.0,6.9,Clear,0,8.0,6.56,1074.0
SM105032,2025-05-12,Varanasi,Pickup,435.0,6,667.0,74.0,8349.0,6.0,Rain,0,8.0,6.91,903.0
SM103782,2025-02-08, VARANASI ,Truck,83.4,11,4036.0,169.0,23898.0,2.8,Clear,0,13.0,11.28,3802.0
SM105143,2025-07-23,Prayagraj,Truck,39.8,9,2590.0,106.0,28840.0,6.0,Rain,0,10.0,9.22,2307.0
SM105412,05/07/2025,Varanasi,Truck,32.4,4,3161.0,150.0,21354.0,99.0,Rain,0,8.0,8.25,2019.0
SM100564,2025-11-21,Gorakhpur,Truck,27.9,4,,166.0,23191.0,2.1,Clear,1,8.0,7.51,1843.0
SM103929,2025-09-28,Gorakhpur,Truck,80.8,8,2818.0,205.0,80467.0,5.0,Clear,0,12.0,9.5,3214.0
SM105040,2025-05-09,Lucknow,Mini Truck,38.9,4,1382.0,119.0,56998.0,4.9,,0,8.0,5.76,1257.0
SM100074,2025-09-08,Kanpur,Mini Truck,13.9,6,984.0,106.0,23852.0,4.2,Clear,0,7.0,5.84,788.0
SM100855,2025-11-07,Lucknow,Mini Truck,35.7,9,701.0,34.0,9655.0,7.1,Clear,0,9.0,7.43,1141.0
SM100309,2025-02-09,Lucknow,Mini Truck,10.2,4,292.0,14.0,2120.0,3.9,Clear,0,6.0,3.25,406.0
SM103228,2025-09-27,Prayagraj,Pickup,14.3,7,345.0,14.0,3265.0,5.2,Rain,0,7.0,5.95,601.0
SM100282,2025-09-02,Lucknow,Mini Truck,,7,621.0,69.0,28328.0,5.5,Rain,0,7.0,6.5,743.0
SM103941,2025-04-24,Prayagraj,Pickup,26.1,12,475.0,25.0,,8.7,Clear,0,9.0,8.44,856.0
SM103435,2025-08-10,Prayagraj,Mini Truck,21.3,5,932.0,60.0,17137.0,5.1,Rain,0,7.0,6.54,809.0
SM100547,2025-08-04,Gorakhpur,Truck,31.3,8,2614.0,162.0,40611.0,1.2,Clear,0,9.0,7.41,1897.0
SM104692,2025-12-28,Prayagraj,Mini Truck,28.6,6,1546.0,89.0,25698.0,4.6,Fog,1,8.0,8.19,1175.0
SM105480,2025-12-28, LUCKNOW ,Mini Truck,18.0,5,1254.0,145.0,24988.0,3.0,,0,7.0,4.87,950.0
SM101570,2025-01-29, PRAYAGRAJ ,Mini Truck,35.3,3,1093.0,57.0,20698.0,3.9,Clear,0,7.0,5.61,1119.0
SM102581,2025-06-18,Prayagraj,Mini Truck,37.4,5,1652.0,173.0,58712.0,9.1,Clear,0,8.0,7.85,1329.0
SM101158,2025-05-21,Prayagraj,Truck,31.5,4,4051.0,288.0,36981.0,3.8,Clear,0,8.0,7.25,2320.0
SM101680,2025-12-11,Gorakhpur,Pickup,36.2,5,576.0,69.0,11321.0,7.6,Rain,0,7.0,7.42,685.0
SM100720,2025-02-20,Varanasi,Mini Truck,38.2,5,1408.0,67.0,38133.0,3.4,Clear,0,8.0,5.85,1250.0
SM100291,2025-04-08,Kanpur,Truck,25.1,10,1623.0,181.0,142627.0,2.5,Clear,0,9.0,7.26,1398.0
SM104307,19/10/2025, KANPUR ,Pickup,25.5,8,718.0,75.0,15037.0,3.2,Clear,0,8.0,5.79,857.0
SM100540,2025-09-16,Gorakhpur,Pickup,15.5,4,696.0,68.0,20203.0,2.5,Clear,0,6.0,3.48,482.0
SM103419,2025-04-14,Varanasi,Pickup,62.3,11,,16.0,1849.0,3.9,Clear,0,10.0,8.49,1163.0
SM102232,2025-12-09,Prayagraj,Mini Truck,9.8,8,1501.0,72.0,32412.0,5.5,Fog,0,7.0,6.96,910.0
SM101036,2025-11-26,Prayagraj,Mini Truck,37.2,10,1111.0,46.0,6330.0,4.0,Fog,0,9.0,9.75,1340.0
SM103534,2025-02-02,Prayagraj,Truck,14.7,4,1745.0,71.0,35078.0,4.5,Clear,0,6.0,4.27,1179.0
SM101047,2025-08-08,Lucknow,Pickup,52.7,10,325.0,21.0,2553.0,6.9,,0,10.0,8.84,1073.0
SM103073,2025-10-13,Lucknow,Mini Truck,30.1,12,1730.0,70.0,8506.0,4.9,Clear,0,10.0,8.45,1593.0
SM103259,2025-05-30,Lucknow,Truck,,7,4236.0,218.0,111815.0,5.8,Clear,0,10.0,9.85,2929.0
SM102315,2025-01-01,Prayagraj,Truck,28.8,6,1882.0,81.0,10475.0,7.8,Rain,0,8.0,8.52,1449.0
SM103080,2025-06-10,Lucknow,Truck,28.7,5,3997.0,386.0,156122.0,7.2,Clear,0,9.0,7.66,2210.0
SM104286,2025-09-18,Kanpur,Truck,10.3,9,1107.0,121.0,54866.0,6.9,Clear,0,8.0,7.9,985.0
SM100060,2025-12-03,Varanasi,Mini Truck,14.3,2,1097.0,74.0,15890.0,6.0,,0,6.0,5.84,648.0
SM101599,2025-09-16,Prayagraj,Mini Truck,38.6,4,1500.0,96.0,15121.0,7.8,Clear,0,8.0,5.97,1213.0
SM101501,2025-04-06,Prayagraj,Mini Truck,29.0,5,1662.0,117.0,27550.0,6.6,Clear,0,7.0,6.29,1129.0
SM101189,2025-01-03,Prayagraj,Mini Truck,12.3,3,1210.0,75.0,20276.0,,Fog,0,6.0,5.41,699.0
SM104710,2025-04-15,prayagraj,Truck,45.2,11,2825.0,241.0,145866.0,8.2,Rain,0,11.0,10.94,2445.0
SM104919,2025-07-12,Prayagraj,Mini Truck,46.7,7,1035.0,113.0,12688.0,3.7,Rain,0,9.0,8.08,1210.0
SM105636,2025-04-03,Lucknow,Pickup,24.1,7,544.0,29.0,6231.0,3.4,Clear,0,7.0,5.72,767.0
SM102443,2025-03-19,Kanpur,Mini Truck,25.0,8,1090.0,126.0,17639.0,4.9,Clear,0,8.0,6.01,1019.0
SM104587,2025-04-23,Gorakhpur,Truck,24.4,4,2781.0,127.0,49537.0,6.3,Clear,0,7.0,6.44,1857.0
SM100535,2025-02-26,Kanpur,Mini Truck,29.2,8,1158.0,62.0,7417.0,3.5,Clear,0,8.0,5.36,1292.0
SM104856,2025-11-05,Lucknow,Mini Truck,40.9,5,1447.0,109.0,54158.0,4.8,Clear,1,8.0,7.9,1420.0
SM105473,2025-03-08,Lucknow,Truck,27.1,3,3586.0,232.0,23535.0,6.9,Clear,0,8.0,8.06,1972.0
SM103709,2025-11-07,Lucknow,Mini Truck,12.7,9,1402.0,161.0,25355.0,7.9,Clear,0,8.0,6.93,958.0
SM103525,19/03/2025,Gorakhpur,Mini Truck,61.9,7,1569.0,72.0,16480.0,4.5,Clear,0,10.0,8.04,1709.0
SM104770,2025-04-18,Lucknow,Mini Truck,18.7,1,1166.0,76.0,23174.0,3.4,Clear,0,5.0,4.58,706.0
SM100581,2025-11-01,Kanpur,Mini Truck,37.7 km,6,1071.0,111.0,23088.0,4.8,Clear,0,8.0,6.51,1143.0
SM103791,2025-03-06,prayagraj,Pickup,,13,202.0,13.0,4041.0,4.7,Clear,0,10.0,8.7,820.0
SM100195,2025-02-01,Allahabad,Pickup,24.4,3,591.0,37.0,1996.0,3.8,Clear,0,6.0,4.11,438.0
SM101263,2025-10-28,kanpur,Pickup,20.2,6,716.0,29.0,4034.0,4.1,Clear,0,7.0,5.87,702.0
SM100172,2025-10-09,Varanasi,Truck,50.3,6,3497.0,395.0,81803.0,3.5,Clear,0,10.0,8.5,2604.0
SM104127,2025-02-03,Prayagraj,Pickup,39.5,4,425.0,37.0,7589.0,6.3,Clear,0,7.0,5.89,661.0
SM105063,2025-08-22, KANPUR ,Pickup,50.3,6,631.0,44.0,7616.0,8.0,Rain,0,8.0,7.57,945.0
SM104652,2025-05-01,Varanasi,Pickup,,7,521.0,54.0,31124.0,4.3,Clear,0,9.0,7.21,977.0
SM102870,2025-04-14,Varanasi,Pickup,105.1,9,598.0,26.0,6593.0,5.9,Clear,0,12.0,11.39,1597.0
SM102569,2025-12-05,Kanpur,Truck,17.3,11,3857.0,198.0,44855.0,6.6,Clear,1,10.0,9.94,2080.0
SM100924,2025-04-01,Lucknow,Mini Truck,14.4,3,1653.0,102.0,8863.0,5.8,Clear,0,6.0,5.4,947.0
SM102750,2025-03-31,Lucknow,Pickup,16.1,4,738.0,41.0,6543.0,10.0,Clear,1,6.0,6.86,542.0
SM101013,2025-04-25, LUCKNOW ,Mini Truck,66.8,5,1631.0,106.0,32352.0,5.6,Clear,0,9.0,8.14,1695.0
SM104659,2025-07-01,Varanasi,Pickup,70.5,9,534.0,42.0,4502.0,,Clear,1,10.0,8.28,1239.0
SM101173,2025-03-06,Prayagraj,Mini Truck,143.0,10,484.0,29.0,5551.0,5.4,Clear,0,8.0,6.22,765.0
SM101562,2025-04-01,Lucknow,Mini Truck,43.5,4,573.0,50.0,9562.0,7.4,Clear,0,7.0,6.83,1067.0
SM102597,21/09/2025,Prayagraj,Pickup,,3,136.0,7.0,1135.0,5.1,Clear,0,8.0,7.09,995.0
SM101641,2025-01-19,Lucknow,Pickup,29.6,7,493.0,22.0,4364.0,5.4,Fog,0,8.0,7.79,752.0
SM103982,2025-09-02,Lucknow,Pickup,35.6,2,480.0,23.0,7710.0,6.8,Rain,0,6.0,5.89,570.0
SM105921,2025-10-19,Kanpur,Pickup,45.5,4,478.0,59.0,15004.0,4.7,Clear,0,7.0,4.97,891.0
SM101430,2025-06-21,Prayagraj,Truck,47.0,5,2048.0,96.0,27559.0,5.4,Clear,0,9.0,7.0,1977.0
SM103730,2025-09-21,Kanpur,Mini Truck,22.4,7,1248.0,117.0,12191.0,7.4,Rain,0,8.0,7.07,1132.0
SM103997,2025-11-05,Prayagraj,Truck,69.2,14,1798.0,169.0,9943.0,7.4,Clear,1,12.0,14.01,2678.0
SM104444,2025-09-27,Lucknow,Mini Truck,31.6,5,1423.0,86.0,18808.0,5.4,Clear,0,7.0,4.73,1090.0
SM105738,2025-03-23,Kanpur,Truck,,7,2980.0,134.0,24373.0,4.6,Clear,0,9.0,6.73,1808.0
SM103066,2025-10-30,Prayagraj,Mini Truck,46.5,3,1357.0,117.0,34687.0,4.7,Clear,0,8.0,5.08,1249.0
SM103924,2025-08-21,Prayagraj,Mini Truck,69.3,6,860.0,58.0,13404.0,5.1,Rain,0,9.0,9.92,1591.0
SM104248,2025-11-30,Kanpur,Truck,24.3,7,3516.0,155.0,25667.0,8.1,Rain,0,9.0,8.32,1983.0
SM101239,2025-01-15,Varanasi,Truck,42.0,4,,167.0,823238.8963911815,4.0,Clear,0,8.0,6.86,2066.0
SM104674,2025-10-31,Prayagraj,Mini Truck,62.4,4,,43.0,6718.0,8.4,Clear,0,8.0,8.34,1371.0
SM100415,2025-09-05,Lucknow,Mini Truck,40.4,4,1264.0,62.0,6594.0,9.2,Clear,1,8.0,8.21,1243.0
SM104670,2025-02-04,Gorakhpur,Pickup,67.7,2,467.0,42.0,4359.0,4.4,Rain,0,8.0,7.3,948.0
SM105351,2025-07-02,Gorakhpur,Pickup,39.4,4,,25.0,2590.0,4.5,Rain,0,7.0,7.05,654.0
SM100982,2025-07-19,Varanasi,Pickup,11.2,6,377.0,18.0,4556.0,6.9,Rain,0,6.0,6.24,428.0
SM101164,2025-07-08,Varanasi,Pickup,41.8,5,384.0,20.0,2235.0,5.1,Rain,0,7.0,6.49,794.0
SM101779,2025-09-07,Varanasi,Mini Truck,42.9,6,772.0,54.0,13954.0,5.8,Clear,0,8.0,6.4,1213.0
SM105547,2025-01-18,Varanasi,Pickup,50.6,7,521.0,33.0,7647.0,4.7,Rain,0,9.0,7.82,960.0
SM104569,2025-03-16,Gorakhpur,Pickup,42.3,6,488.0,28.0,8612.0,3.9,Clear,0,8.0,6.67,824.0
SM104712,2025-11-20,Prayagraj,Mini Truck,19.8,4,1145.0,102.0,18351.0,9.5,Clear,0,6.0,5.39,775.0
SM100586,2025-09-09,Prayagraj,Truck,40.5,6,2153.0,152.0,43956.0,4.2,Clear,0,9.0,7.83,1958.0
SM100595,2025-10-20,Gorakhpur,Truck,,9,3150.0,137.0,23363.0,7.8,Fog,1,12.0,15.17,3269.0
SM101811,2025-08-27,Varanasi,Mini Truck,22.0,7,849.0,61.0,8496.0,6.7,Rain,0,7.0,7.66,874.0
SM100812,2025-09-07,Varanasi,Truck,34.2,6,3656.0,377.0,128864.0,6.8,Rain,0,9.0,9.72,2227.0
SM101949,2025-04-28,Varanasi,Truck,69.0,11,2984.0,327.0,95881.0,9.3,Clear,0,12.0,11.81,3115.0
SM105750,2025-11-18,Kanpur,Pickup,22.1,4,170.0,8.0,977.0,7.7,Clear,0,6.0,5.22,396.0
SM101167,2025-05-26,Prayagraj,Pickup,38.8,6,657.0,80.0,18543.0,2.0,Rain,0,8.0,7.11,850.0
SM101930,2025-02-02,Kanpur,Pickup,51.5,6,519.0,24.0,9820.0,1.7,Rain,0,8.0,6.71,1044.0
SM100220,2025-02-16,lucknow,Pickup,27.3,4,,26.0,5416.0,5.8,Clear,0,6.0,240.0,617.0
SM101065,2025-05-22,Kanpur,Truck,49.0,7,3938.0,185.0,26662.0,6.6,Clear,0,10.0,9.8,2721.0
SM105425,02/04/2025,Varanasi,Truck,70.0,4,3280.0,288.0,49016.0,5.3,Clear,0,10.0,8.23,2937.0
SM101692,2025-08-28,Kanpur,Mini Truck,18.3,7,955.0,41.0,11394.0,8.4,Rain,0,7.0,7.25,880.0
SM103588,2025-08-26,Kanpur,Mini Truck,57.5,5,839.0,101.0,11755.0,,Rain,0,8.0,7.38,1393.0
SM104829,2025-06-27,Lucknow,Truck,56.5,8,1567.0,67.0,10205.0,5.6,Clear,0,10.0,8.37,2108.0
SM102013,2025-12-03, KANPUR ,Mini Truck,34.2 km,6,735.0,35.0,2740.0,5.1,Clear,0,8.0,6.52,1003.0
SM105764,2025-04-25,Prayagraj,Mini Truck,18.2,5,1164.0,67.0,18316.0,7.1,Clear,0,7.0,5.59,774.0
SM100774,2025-11-05,Kanpur,Mini Truck,26.3,3,1749.0,140.0,10378.0,4.7,Clear,1,7.0,7.23,1086.0
SM100305,2025-02-21,Lucknow,Pickup,8.3 km,5,172.0,16.0,5778.0,,Clear,0,6.0,4.13,229.0
SM105665,2025-06-18,Varanasi,Mini Truck,,9,916.0,58.0,16578.0,,Clear,0,8.0,6.61,957.0
SM100439,2025-05-26,Varanasi,Mini Truck,62.0,3,1718.0,186.0,38702.0,6.5,Clear,0,9.0,7.23,1654.0
SM100713,2025-10-06,Kanpur,Mini Truck,8.7,4,999.0,57.0,5738.0,5.8,,0,6.0,5.05,568.0
SM105595,2025-05-09,Kanpur,Mini Truck,37.1,6,,103.0,,2.7,Clear,0,8.0,6.05,1568.0
SM103152,2025-03-13,Prayagraj,Pickup,34.5,1,614.0,27.0,9308.0,8.1,Clear,0,6.0,5.02,561.0
SM104726,2025-02-05,Lucknow,Mini Truck,33.7,7,1378.0,98.0,18222.0,7.7,Clear,0,8.0,7.85,1278.0
SM101024,2025-10-27,Kanpur,Truck,38.0,4,3946.0,239.0,46150.0,6.0,Clear,0,9.0,8.02,2436.0
SM104542,2025-12-05,Varanasi,Truck,22.5,8,3016.0,328.0,70725.0,6.8,,0,9.0,96.0,2026.0
SM101082,2025-12-16,Kanpur,Pickup,24.2,6,292.0,32.0,8892.0,5.6,Fog,0,7.0,7.63,609.0
SM102727,2025-01-15,Prayagraj,Mini Truck,40.4,6,1286.0,110.0,21327.0,5.5,Rain,0,8.0,8.45,1333.0
SM103696,2025-04-23,Prayagraj,Truck,24.5,3,1535.0,97.0,20209.0,6.4,Rain,0,7.0,6.79,1167.0
SM102293,2025-10-01,Varanasi,Mini Truck,64.7,8,455.0,30.0,4417.0,6.7,Clear,0,10.0,5.52,1523.0
SM100734,2025-03-18, LUCKNOW ,Pickup,16.9,2,345.0,29.0,19256.0,4.7,,0,5.0,3.36,419.0
SM101674,2025-09-19,Varanasi,Mini Truck,41.0,10,1260.0,70.0,26626.0,6.9,Clear,0,9.0,7.71,1557.0
SM103774,2025-06-06,Prayagraj,Pickup,24.9,7,334.0,29.0,3739.0,7.8,Clear,0,7.0,6.02,598.0
SM105961,12/08/2025,Prayagraj,Mini Truck,18.5,8,732.0,39.0,4293.0,6.7,Clear,1,7.0,8.34,935.0
SM104682,2025-09-12,Prayagraj,Mini Truck,72.3,7,1024.0,122.0,29101.0,9.7,Rain,1,10.0,11.75,1748.0
SM105992,2025-10-29,Lucknow,Mini Truck,34.6,10,1621.0,126.0,25876.0,4.2,Clear,0,9.0,-2.5,1517.0
SM104548,2025-07-11,Lucknow,Truck,26.2,8,2660.0,209.0,72078.0,6.5,Rain,0,9.0,8.5,1921.0
SM103705,2025-07-02,Prayagraj,Pickup,57.2,5,298.0,13.0,4572.0,5.4,Clear,0,8.0,7.02,866.0
SM102113,29/11/2025,Gorakhpur,Truck,64.9,4,3623.0,194.0,25391.0,4.9,Clear,0,10.0,7.25,3037.0
SM103305,2025-04-03,Lucknow,Mini Truck,40.2,4,1571.0,93.0,22224.0,2.2,Clear,0,8.0,5.81,1410.0
SM101610,2025-10-11,Kanpur,Mini Truck,21.9,3,756.0,31.0,6258.0,6.0,Clear,0,6.0,4.89,766.0
SM101643,2025-08-06,Lucknow,Pickup,23.3,6,213.0,9.0,1236.0,5.2,Clear,0,7.0,5.3,500.0
SM101219,10/06/2025,Varanasi,Mini Truck,17.1,8,1459.0,126.0,12753.0,6.8,Clear,0,8.0,6.29,1172.0
SM101604,2025-02-15,varanasi,Pickup,17.4,10,280.0,17.0,8479.0,3.6,Clear,0,8.0,5.69,620.0
SM100357,2025-11-22,Prayagraj,Mini Truck,52.9,7,729.0,33.0,1947.0,6.4,Clear,0,9.0,8.55,1264.0
SM105499,2025-01-13,Lucknow,Pickup,12.7,5,567.0,36.0,5770.0,7.8,Clear,0,6.0,4.74,605.0
SM100530,2025-08-07,Lucknow,Truck,21.3,7,1471.0,114.0,22021.0,5.2,Rain,0,8.0,7.45,1345.0
SM103541,2025-07-31,Lucknow,Pickup,24.4,7,386.0,47.0,10044.0,6.4,Rain,0,7.0,6.86,753.0
SM105889,2025-04-14,Lucknow,Truck,14.6,6,3969.0,441.0,33688.0,9.0,Clear,0,8.0,7.87,2013.0
SM101093,2025-05-24,Lucknow,Truck,51.5,10,4032.0,193.0,24209.0,3.3,Clear,0,11.0,10.03,3066.0
SM101765,2025-12-08,Lucknow,Truck,53.8,7,2971.0,119.0,11286.0,4.1,Clear,0,10.0,8.93,2579.0
SM104722,2025-12-11,lucknow,Mini Truck,19.2,3,770.0,33.0,7864.0,3.5,Clear,0,6.0,3.85,610.0
SM102444,2025-08-07,Gorakhpur,Mini Truck,19.1,3,1598.0,66.0,3406.0,9.0,Clear,0,6.0,6.09,911.0
SM101935,2025-03-01,Lucknow,Mini Truck,22.8,5,1372.0,84.0,14298.0,4.3,Clear,0,7.0,5.84,1019.0
SM100985,2025-08-27,Lucknow,Mini Truck,43.2,3,1123.0,47.0,8285.0,6.3,Rain,0,7.0,6.25,1204.0
SM104748,2025-11-12,Prayagraj,Truck,13.8,7,3056.0,134.0,27449.0,8.6,Clear,1,8.0,8.63,1660.0
SM102981,2025-01-23,Varanasi,Mini Truck,37.0,2,1033.0,67.0,13089.0,3.3,Fog,0,7.0,7.06,986.0
SM103935,2025-11-06,Varanasi,Pickup,34.2,3,471.0,20.0,5753.0,1.8,Clear,0,7.0,4.39,641.0
SM105577,2025-12-08,Lucknow,Pickup,31.7,6,683.0,30.0,7937.0,6.8,Fog,0,7.0,8.49,834.0
SM105945,2025-02-16,Varanasi,Mini Truck,25.8 km,3,1459.0,89.0,14484.0,3.6,Clear,0,7.0,3.68,963.0
SM103153,2025-10-17,Prayagraj,Truck,43.3,7,3504.0,332.0,90342.0,8.8,Clear,0,10.0,10.8,2506.0
SM102337,2025-10-27,Varanasi,Pickup,42.1,6,423.0,17.0,3714.0,4.5,Clear,0,8.0,5.85,818.0
SM105651,2025-09-27,gorakhpur,Truck,81.3,10,3985.0,411.0,32638.0,,Rain,0,13.0,12.28,3746.0
SM103610,2025-07-24,Varanasi,Mini Truck,19.9,8,827.0,48.0,3957.0,7.3,Clear,0,8.0,5.36,817.0
SM105166,2025-09-21,Varanasi,Truck,22.4,6,1985.0,123.0,25396.0,2.5,Clear,0,8.0,6.11,1512.0
SM103285,2025-06-20,Varanasi,Pickup,30.0,7,572.0,24.0,12333.0,3.1,Clear,0,8.0,6.25,727.0
SM105732,2025-11-04,Prayagraj,Truck,,6,3091.0,226.0,29051.0,2.9,,0,8.0,7.51,1971.0
SM105196,08/12/2025,varanasi,Truck,49.1,5,3115.0,147.0,14542.0,99.0,Fog,0,9.0,9.7,2382.0
SM101288,2025-02-07,Gorakhpur,Pickup,36.1,5,302.0,14.0,4010.0,5.1,Rain,0,7.0,7.44,670.0
SM105475,2025-07-13,Lucknow,Mini Truck,43.8,6,698.0,43.0,8231.0,7.5,Rain,0,8.0,7.81,1224.0
SM100137,2025-01-12,Lucknow,Pickup,17.7,6,512.0,32.0,4649.0,5.0,Clear,0,7.0,4.32,529.0
SM100973,2025-06-23,lucknow,Pickup,71.0,6,429.0,23.0,9159.0,4.1,Clear,0,9.0,6.81,1093.0
SM105418,2025-07-23,Prayagraj,Mini Truck,22.8,6,927.0,41.0,11073.0,9.7,Rain,1,7.0,8.8,851.0
SM101648,2025-12-23,Prayagraj,Truck,23.0,3,4505.0,197.0,22069.0,3.6,Fog,0,8.0,9.48,2205.0
SM104497,2025-05-22, PRAYAGRAJ ,Mini Truck,19.6,5,1194.0,71.0,21705.0,6.0,Clear,0,7.0,5.95,908.0
SM103583,2025-04-23,Lucknow,Mini Truck,24.8,4,1238.0,54.0,31576.0,3.9,Clear,0,7.0,5.03,943.0
SM100615,22/08/2025,Varanasi,Truck,36.5,9,2853.0,135.0,31396.0,7.2,Rain,0,10.0,9.75,2251.0
SM104586,2025-03-20,Lucknow,Mini Truck,10.3,7,1214.0,122.0,29951.0,4.5,Clear,0,7.0,6.72,800.0
SM105280,2025-09-18,Prayagraj,Pickup,6.6,5,470.0,21.0,,4.2,Rain,0,6.0,6.31,438.0
SM101858,2025-07-11,Lucknow,Pickup,12.2,5,209.0,11.0,2400.0,6.6,Rain,0,6.0,6.76,302.0
SM105084,2025-07-09,Lucknow,Mini Truck,26.1,9,572.0,67.0,11075.0,6.6,Rain,0,8.0,7.63,
SM105859,2025-09-12,Lucknow,Mini Truck,16.5,7,1351.0,160.0,15936.0,5.5,Rain,0,7.0,7.87,878.0
SM104731,2025-09-08,Prayagraj,Mini Truck,19.8,4,1566.0,64.0,14356.0,5.9,Rain,0,7.0,6.15,991.0
SM101711,2025-06-21,Lucknow,Mini Truck,22.9,3,415.0,48.0,12201.0,4.4,Clear,0,6.0,4.22,665.0
SM102268,2025-02-13,Gorakhpur,Mini Truck,34.0,8,1580.0,91.0,10085.0,5.3,Clear,0,9.0,6.42,1326.0
SM105964,29/09/2025,prayagraj,Mini Truck,20.4,7,1280.0,61.0,12198.0,4.4,Clear,0,7.0,5.8,990.0
SM105899,2025-11-16,Lucknow,Mini Truck,34.3,6,1038.0,108.0,18437.0,4.2,Clear,0,8.0,6.84,1098.0
SM102424,2025-05-08,Gorakhpur,Pickup,98.2,12,417.0,26.0,4777.0,5.4,Clear,0,13.0,10.52,1650.0
SM100158,2025-07-04,Gorakhpur,Mini Truck,61.7,7,607.0,43.0,10188.0,7.5,Rain,0,9.0,9.38,1490.0
SM105334,2025-08-10,Lucknow,Truck,21.2 km,7,2935.0,123.0,20587.0,,Clear,0,8.0,6.92,1866.0
SM103263,2025-11-11,Varanasi,Truck,7.5,9,3903.0,256.0,15831.0,4.1,Clear,0,9.0,6.94,1925.0
SM101366,2025-04-21,Prayagraj,Pickup,36.5,7,390.0,34.0,1950.0,5.3,Clear,0,8.0,5.83,885.0
SM100414,2025-01-07,Prayagraj,Mini Truck,39.5,10,526.0,26.0,7788.0,5.2,Fog,0,9.0,8.8,1168.0
SM102773,2025-09-15,Varanasi,Mini Truck,56.5,6,1020.0,44.0,7883.0,7.8,Clear,0,9.0,8.24,1405.0
SM103887,06/03/2025,lucknow,Truck,22.3,5,2859.0,157.0,25571.0,7.0,Clear,0,8.0,6.54,1677.0
SM102330,2025-01-24,Kanpur,Mini Truck,27.5,8,1055.0,115.0,14645.0,6.3,Fog,0,8.0,9.23,999.0
SM104253,2025-05-04,Varanasi,Truck,31.6,6,3708.0,181.0,47142.0,2.5,Clear,0,9.0,7.19,2263.0
SM103268,2025-02-19,Lucknow,Truck,45.2,4,4277.0,235.0,22120.0,2.8,Rain,0,9.0,8.98,2659.0
SM104149,2025-05-23,Varanasi,Mini Truck,21.5,7,647.0,27.0,8462.0,5.0,Clear,0,7.0,5.7,747.0
SM102697,2025-06-02,Gorakhpur,Mini Truck,27.3,4,1380.0,137.0,53626.0,7.3,Clear,0,7.0,7.35,991.0
SM105495,2025-03-10,Varanasi,Truck,32.7,2,2900.0,211.0,72107.0,3.9,Clear,0,7.0,6.6,1845.0
SM104528,2025-06-11,Prayagraj,Truck,8.6,7,2267.0,198.0,13474.0,4.5,Rain,0,7.0,6.91,1094.0
SM101040,2025-09-15,Prayagraj,Mini Truck,3.9,3,1131.0,59.0,3745.0,3.9,Clear,0,5.0,3.8,601.0
SM104950,2025-05-01,Varanasi,Pickup,23.5,6,572.0,61.0,42748.0,7.7,Clear,0,7.0,6.85,737.0
SM104886,2025-09-10,Prayagraj,Pickup,40.4,9,644.0,26.0,1914.0,4.0,Clear,0,9.0,7.23,942.0
SM103438,2025-12-08,Kanpur,Pickup,15.8,4,197.0,23.0,5119.0,5.2,Clear,0,6.0,4.33,458.0
SM104332,11/11/2025,prayagraj,Truck,20.0,10,1928.0,87.0,6465.0,5.5,Clear,0,9.0,7.09,1551.0
SM105287,2025-11-11,Gorakhpur,Mini Truck,73.3,6,1163.0,74.0,17905.0,5.7,Clear,0,10.0,7.72,1761.0
SM100508,2025-04-09,varanasi,Pickup,13.3,4,593.0,59.0,19758.0,5.9,Clear,0,6.0,4.12,558.0
SM104245,2025-04-12,Gorakhpur,Truck,30.1,4,2917.0,149.0,37907.0,5.6,Clear,0,8.0,6.78,1906.0
SM103801,2025-08-01,Varanasi,Pickup,62.5,4,270.0,21.0,7897.0,6.0,Rain,0,8.0,5.87,933.0
SM104521,12/09/2025,Prayagraj,Truck,198.0,7,2093.0,156.0,823238.8963911815,5.5,Rain,0,8.0,8.17,1568.0
SM102448,2025-10-12,Varanasi,Pickup,33.8,4,627.0,35.0,823238.8963911815,5.5,Clear,0,7.0,6.54,702.0
SM101781,2025-05-04,Gorakhpur,Truck,21.3,5,2577.0,306.0,50110.0,1.7,Clear,0,8.0,4.18,1541.0
SM104968,14/01/2025,Lucknow,Pickup,14.0,6,645.0,70.0,13049.0,7.4,Clear,1,7.0,6.19,637.0
SM102985,25/08/2025,Prayagraj,Truck,34.4,3,3861.0,385.0,122154.0,5.9,Rain,0,8.0,8.01,2278.0
SM105434,2025-07-11,Kanpur,Mini Truck,22.3,5,1273.0,141.0,32712.0,4.5,Rain,0,7.0,6.62,911.0
SM105662,11/11/2025,Gorakhpur,Pickup,59.2,5,392.0,39.0,3286.0,8.7,Clear,0,8.0,8.26,1068.0
SM102931,2025-09-03,Lucknow,Truck,23.1,6,2438.0,165.0,5918.0,5.3,Rain,0,8.0,8.09,1740.0
SM103107,2025-05-15,Lucknow,Truck,11.8,3,2173.0,107.0,22604.0,8.4,Rain,0,6.0,7.03,1143.0
SM103224,2025-08-11,Prayagraj,Pickup,16.9,7,505.0,50.0,7630.0,,Clear,0,7.0,6.01,504.0
SM103074,2025-08-01,Kanpur,Mini Truck,15.3,8,1048.0,83.0,18600.0,5.1,Rain,0,7.0,7.32,812.0
SM103595,2025-04-16,Prayagraj,Truck,72.2,7,3164.0,144.0,56944.0,8.4,Clear,0,11.0,9.64,3093.0
SM104516,2025-05-09,Kanpur,Truck,61.5,7,4390.0,298.0,52974.0,4.9,Rain,0,11.0,11.03,3348.0
SM100543,2025-03-05,lucknow,Pickup,,4,605.0,37.0,17708.0,5.0,Clear,0,7.0,5.03,648.0
SM104376,2025-04-26,Lucknow,Truck,14.1,9,2015.0,220.0,82703.0,7.2,Clear,0,8.0,7.51,1361.0
SM104580,2025-03-12,Lucknow,Mini Truck,57.6,13,1011.0,85.0,8720.0,2.3,Clear,0,11.0,9.28,1757.0
SM100223,2025-03-15,Varanasi,Truck,40.1,6,3926.0,313.0,73413.0,6.2,Rain,0,9.0,9.57,2602.0
SM104774,2025-04-09,Varanasi,Pickup,55.7,3,449.0,23.0,3641.0,7.3,Clear,0,8.0,5.23,883.0
SM104442,2025-09-07,Varanasi,Mini Truck,33.3,4,939.0,83.0,16581.0,7.8,Clear,0,7.0,6.81,1114.0
SM105161,2025-01-10,Varanasi,Mini Truck,40.9,7,908.0,46.0,7582.0,7.8,Clear,0,8.0,7.5,1290.0
SM101402,2025-04-20,Lucknow,Pickup,32.0,3,450.0,23.0,3350.0,4.2,Clear,0,6.0,4.16,616.0
SM103835,2025-09-22,Lucknow,Mini Truck,20.1,5,870.0,42.0,6017.0,2.6,Clear,0,7.0,3.87,924.0
SM101872,2025-08-09,Varanasi,Mini Truck,32.9,7,570.0,26.0,7508.0,9.0,Rain,1,8.0,9.02,996.0
SM104070,2025-02-05,Varanasi,Mini Truck,44.3,8,494.0,40.0,9462.0,4.0,Clear,0,9.0,6.14,1190.0
SM102136,2025-07-18,Lucknow,Pickup,22.4,6,720.0,31.0,3122.0,5.6,Rain,0,7.0,7.03,763.0
SM100180,2025-12-09, GORAKHPUR ,Truck,54.1,10,2830.0,189.0,42113.0,4.6,,0,11.0,10.16,2712.0
SM103216,2025-01-02,varanasi,Truck,70.7,3,904.0,67.0,3547.0,6.2,Fog,0,9.0,8.18,
SM102173,2025-10-07,Lucknow,Mini Truck,15.7,2,1244.0,78.0,8372.0,,Clear,0,6.0,5.22,746.0
SM102778,2025-05-22,Kanpur,Mini Truck,51.4,8,1430.0,73.0,6838.0,4.9,Clear,0,9.0,8.52,1630.0
SM105165,2025-01-29,Varanasi,Pickup,34.6,5,,28.0,12438.0,5.4,Fog,0,7.0,7.05,747.0
SM103271,2025-05-31,Lucknow,Pickup,24.2,13,644.0,28.0,7630.0,6.3,Clear,0,9.0,9.4,925.0
SM101322,2025-07-20,Varanasi,Truck,42.0,6,2693.0,151.0,13756.0,4.2,Rain,0,9.0,9.29,2127.0
SM103660,2025-07-23,Prayagraj,Mini Truck,19.9,8,837.0,57.0,14211.0,3.8,Clear,0,8.0,5.53,934.0
SM104204,2025-04-19,Varanasi,Truck,45.0,11,3763.0,187.0,32857.0,5.1,Fog,0,11.0,11.6,2737.0
SM100539,2025-01-08,Prayagraj,Mini Truck,23.9,9,1036.0,67.0,17808.0,7.6,Fog,0,8.0,8.46,1030.0
SM100289,2025-06-22,Allahabad,Pickup,34.2,4,570.0,45.0,9798.0,2.7,Rain,0,7.0,7.15,732.0
SM105982,2025-12-05,Varanasi,Pickup,32.4,5,732.0,71.0,17533.0,4.7,Rain,0,7.0,6.19,837.0
SM103809,2025-08-10,kanpur,Mini Truck,36.2,8,1777.0,91.0,23003.0,7.0,Clear,0,9.0,7.51,1524.0
SM100975,24/03/2025, LUCKNOW ,Truck,10.6,6,2674.0,111.0,17058.0,4.9,Clear,0,7.0,6.46,1435.0
SM102404,2025-05-21,Varanasi,Mini Truck,39.6,2,1166.0,58.0,9242.0,,Clear,0,7.0,4.45,1120.0
SM104668,2025-09-26,Varanasi,Truck,54.1,8,3866.0,172.0,17124.0,5.5,Rain,0,11.0,10.79,2912.0
SM103889,28/10/2025, VARANASI ,Mini Truck,68.2,10,796.0,38.0,6571.0,10.0,Clear,0,11.0,11.18,1619.0
SM105690,2025-05-16,Prayagraj,Truck,13.9,7,1301.0,121.0,20981.0,4.1,Clear,0,7.0,5.56,998.0
SM104221,2025-07-09,Lucknow,Pickup,31.0,6,661.0,59.0,8613.0,6.0,Clear,0,7.0,6.19,756.0
SM100041,2025-10-04, GORAKHPUR ,Mini Truck,14.5,5,186.0,8.0,1941.0,6.3,Clear,0,6.0,4.63,511.0
SM105492,06/03/2025,Prayagraj,Truck,56.9,4,3024.0,123.0,15590.0,7.4,Clear,1,9.0,10.66,2598.0
SM103837,2025-08-07,Varanasi,Mini Truck,42.4,5,977.0,92.0,31409.0,5.7,Clear,0,8.0,5.98,1251.0
SM105697,2025-10-08,Prayagraj,Truck,,11,4055.0,377.0,51039.0,3.1,Clear,0,11.0,9.88,2930.0
SM103755,2025-04-28,Lucknow,Pickup,16.4,6,217.0,16.0,4978.0,1.8,Clear,0,6.0,4.1,472.0
SM104558,2025-10-01,kanpur,Truck,,13,3305.0,135.0,30237.0,4.0,Fog,0,11.0,11.4,2260.0
SM105971,2025-03-30,Prayagraj,Pickup,11.1,3,509.0,32.0,3411.0,4.8,Rain,0,5.0,5.3,478.0
SM104357,2025-04-04,Lucknow,Truck,17.4,4,2832.0,245.0,61720.0,4.5,Clear,0,7.0,6.44,1520.0
SM102846,2025-11-11,Gorakhpur,Pickup,33.3,5,261.0,31.0,7014.0,8.5,Clear,0,7.0,5.96,643.0
SM102930,2025-03-05,Gorakhpur,Pickup,26.0,5,258.0,27.0,9723.0,3.7,Fog,0,7.0,6.22,489.0
SM103191,2025-09-06,Lucknow,Truck,35.4,14,3834.0,217.0,118722.0,6.5,Clear,0,12.0,12.66,2630.0
SM105983,2025-10-27,Kanpur,Mini Truck,24.2,6,1467.0,75.0,32195.0,6.7,Clear,0,7.0,7.21,1079.0
SM105843,2025-01-03,Varanasi,Truck,30.8,13,3922.0,196.0,29662.0,5.1,Fog,0,11.0,11.73,2638.0
SM100876,2025-07-17,Lucknow,Mini Truck,22.9,10,1164.0,90.0,22613.0,6.7,Rain,0,9.0,9.06,1123.0
SM102383,2025-05-24,Lucknow,Mini Truck,33.5,4,1668.0,145.0,35053.0,5.6,Clear,0,7.0,6.67,1297.0
SM101391,2025-07-13,Kanpur,Truck,19.6,7,3034.0,146.0,62131.0,2.2,Rain,0,8.0,7.21,1753.0
SM104762,05/02/2025,Lucknow,Mini Truck,28.5,5,1113.0,54.0,8432.0,4.1,Clear,0,7.0,6.71,974.0
SM100506,2025-07-13,Prayagraj,Truck,12.8,2,1928.0,106.0,14195.0,5.2,Rain,0,6.0,6.03,1004.0
SM104614,2025-07-24,Prayagraj,Mini Truck,13.7,5,600.0,36.0,5672.0,6.1,Rain,0,6.0,6.65,623.0
SM101014,2025-07-09,Varanasi,Mini Truck,20.0,6,1482.0,70.0,9862.0,5.7,Clear,0,7.0,5.91,1039.0
SM104026,2025-03-18,Varanasi,Truck,22.3,4,3176.0,376.0,138231.0,4.9,Rain,0,8.0,7.34,1834.0
SM100387,2025-10-31,Gorakhpur,Mini Truck,41.8,2,1450.0,96.0,11087.0,4.6,Clear,0,7.0,4.89,1346.0
SM105832,2025-10-28,Lucknow,Pickup,31.9,2,307.0,13.0,3815.0,7.7,Clear,0,6.0,5.45,555.0
SM100307,2025-07-22,Lucknow,Pickup,10.1,10,236.0,10.0,1770.0,4.2,Clear,0,7.0,5.59,609.0
SM101336,2025-08-21,lucknow,Mini Truck,164.0,7,1392.0,102.0,33480.0,4.9,Rain,0,7.0,7.07,
SM101863,2025-05-16,Kanpur,Mini Truck,22.7,8,1327.0,89.0,19476.0,2.6,Clear,0,8.0,6.82,1119.0
SM101327,2025-01-31,Kanpur,Truck,26.9,3,4323.0,360.0,127829.0,7.8,Fog,0,8.0,10.14,2254.0
SM105118,2025-11-15,Prayagraj,Truck,26.1,7,1408.0,71.0,6426.0,7.7,Clear,0,8.0,7.21,1368.0
SM103411,2025-12-27,Kanpur,Mini Truck,25.2 km,7,900.0,75.0,13228.0,6.9,Rain,0,8.0,7.8,931.0
SM101255,2025-01-31,Lucknow,Mini Truck,9.8,5,701.0,75.0,,5.5,Clear,0,6.0,4.72,570.0
SM104605,2025-06-22,Gorakhpur,Pickup,43.9,6,685.0,47.0,6787.0,5.2,Clear,0,8.0,5.7,1025.0
SM100340,2025-08-20,prayagraj,Pickup,53.5,3,410.0,20.0,12789.0,5.1,Rain,0,7.0,6.55,926.0
SM101801,2025-06-20,Lucknow,Mini Truck,39.8,7,520.0,37.0,3943.0,4.4,,0,8.0,6.36,1023.0
SM105645,2025-01-20,Prayagraj,Mini Truck,61.8,7,848.0,94.0,8384.0,6.2,Fog,0,9.0,9.87,1413.0
SM101955,2025-05-27,Lucknow,Mini Truck,23.1,4,1249.0,58.0,,6.6,Clear,0,7.0,5.02,929.0
SM105356,2025-09-11,Varanasi,Truck,73.1,7,3275.0,218.0,54681.0,1.9,Rain,0,11.0,10.58,3146.0
SM104156,2025-09-15,Kanpur,Truck,3.9,6,,132.0,17726.0,6.0,Rain,0,7.0,7.82,1255.0
SM102004,2025-10-19, LUCKNOW ,Mini Truck,18.5,7,628.0,43.0,13993.0,7.3,Clear,0,7.0,6.18,679.0
SM102595,2025-03-02,Varanasi,Pickup,28.4,4,135.0,14.0,2314.0,4.2,Clear,0,6.0,4.78,422.0
SM100747,2025-04-25,Kanpur,Pickup,50.7,5,483.0,55.0,22508.0,6.8,Clear,0,8.0,6.88,872.0
SM105180,2025-11-08,Lucknow,Pickup,17.4,5,316.0,14.0,7435.0,4.9,Clear,0,6.0,5.17,500.0
SM105112,2025-12-29,Gorakhpur,Mini Truck,94.5,7,1535.0,86.0,8645.0,8.8,Clear,0,11.0,8.75,2284.0
SM105727,2025-02-08,Prayagraj,Pickup,42.9,6,428.0,26.0,7221.0,4.3,Clear,0,8.0,5.23,978.0
SM102053,2025-12-12,Lucknow,Truck,13.1,7,2609.0,216.0,74462.0,8.0,Fog,0,8.0,10.14,1388.0
SM104032,2025-04-09,Lucknow,Truck,23.3,4,3330.0,163.0,823238.8963911815,5.2,Rain,0,8.0,7.85,1919.0
SM101503,2025-04-28,Prayagraj,Mini Truck,11.3,4,1112.0,115.0,31610.0,7.3,Clear,1,6.0,6.38,676.0
SM105077,2025-01-05,Lucknow,Mini Truck,7.7,4,1233.0,89.0,28243.0,3.3,Fog,0,6.0,96.0,747.0
SM103973,2025-04-05,Gorakhpur,Truck,62.2,4,2168.0,206.0,42294.0,3.6,Clear,0,9.0,7.6,2460.0
SM101780,2025-01-18,Prayagraj,Pickup,41.0,3,604.0,60.0,14700.0,8.4,Clear,0,7.0,5.73,808.0
SM104063,2025-07-08,Lucknow,Truck,26.3,4,2745.0,278.0,74040.0,5.1,Clear,0,8.0,6.2,1740.0
SM100765,2025-10-12,Kanpur,Pickup,27.0,6,549.0,23.0,4402.0,3.6,Clear,0,7.0,4.95,
SM104998,05/09/2025,Lucknow,Mini Truck,48.1,5,640.0,30.0,3063.0,7.3,Rain,1,8.0,8.55,1211.0
SM100925,2025-12-12,Varanasi,Truck,55.4,5,2787.0,124.0,55417.0,6.8,Fog,0,9.0,10.72,2581.0
SM100856,2025-03-31,Kanpur,Mini Truck,30.3,4,1094.0,60.0,14835.0,10.0,Rain,1,7.0,8.38,1122.0
SM102620,2025-11-06,Prayagraj,Truck,35.9,6,1459.0,101.0,24174.0,4.9,Clear,0,8.0,6.64,1670.0
SM105962,2025-10-30,Varanasi,Mini Truck,54.7,6,1145.0,69.0,22326.0,3.9,Clear,0,9.0,8.24,1475.0
SM101270,2025-05-15,Gorakhpur,Mini Truck,22.9,7,1330.0,154.0,48732.0,5.6,Rain,0,8.0,6.96,1128.0
SM105263,2025-07-01,Gorakhpur,Truck,56.9,5,3488.0,175.0,28703.0,9.3,Rain,0,10.0,9.92,2799.0
SM101839,2025-07-21,Lucknow,Pickup,12.1,3,546.0,46.0,15762.0,4.5,Rain,0,5.0,5.68,399.0
SM101114,2025-03-12,Kanpur,Truck,25.2,8,3000.0,124.0,823238.8963911815,,Clear,0,9.0,7.63,1927.0
SM105772,2025-05-30,Varanasi,Pickup,40.2,8,,22.0,4535.0,4.5,Clear,0,8.0,6.39,919.0
SM104291,2025-12-06,Lucknow,Mini Truck,26.2,7,950.0,74.0,12799.0,5.9,Clear,0,8.0,5.21,1009.0
SM100751,2025-02-23,prayagraj,Mini Truck,50.4,7,1202.0,52.0,15256.0,4.8,Clear,0,9.0,7.19,1461.0
SM105268,2025-09-13,Kanpur,Truck,70.2,7,1966.0,87.0,,6.1,Clear,0,10.0,9.23,2564.0
SM102703,2025-11-02,Kanpur,Mini Truck,31.9,7,1107.0,49.0,4831.0,6.1,Fog,0,8.0,8.36,1064.0
SM105097,2025-04-27, VARANASI ,Pickup,46.8,6,297.0,22.0,4385.0,2.8,Clear,0,8.0,4.71,788.0
SM104771,2025-10-06,Lucknow,Mini Truck,30.5,4,1352.0,88.0,28231.0,6.0,Clear,0,7.0,5.98,993.0
SM100151,2025-04-13,Varanasi,Mini Truck,61.4,2,1507.0,67.0,26397.0,4.2,Clear,0,8.0,6.04,1568.0
SM101032,2025-09-24,Varanasi,Pickup,35.3,5,470.0,45.0,8111.0,6.4,Rain,0,7.0,8.18,738.0
SM102508,2025-05-29,Kanpur,Pickup,7.0,5,486.0,45.0,15057.0,3.2,Clear,0,6.0,4.16,470.0
SM101442,2025-12-08,Kanpur,Pickup,26.5,6,460.0,21.0,4119.0,8.3,Fog,0,7.0,8.45,633.0
SM104187,2025-03-20,Prayagraj,Mini Truck,21.0,6,1364.0,130.0,12830.0,7.3,Rain,0,7.0,6.6,1017.0
SM100346,2025-12-28,Kanpur,Mini Truck,35.8,5,971.0,40.0,9111.0,5.8,Clear,0,7.0,7.06,1216.0
SM105011,2025-01-20,Varanasi,Truck,15.0,5,3576.0,163.0,35086.0,6.0,Clear,0,8.0,7.36,1809.0
SM102630,2025-12-08,Prayagraj,Mini Truck,29.4,6,1689.0,101.0,17390.0,8.2,Fog,0,8.0,8.93,1218.0
SM101670,2025-10-06,Lucknow,Mini Truck,19.7 km,9,737.0,30.0,4255.0,3.6,Clear,0,8.0,6.03,940.0
SM100706,2025-01-03,Prayagraj,Truck,6.1,3,2496.0,308.0,63468.0,9.0,Clear,0,6.0,5.37,1039.0
SM105676,2025-07-10,Kanpur,Mini Truck,360.0,6,1283.0,75.0,26979.0,,Rain,0,8.0,6.52,1219.0
SM102675,05/08/2025,Gorakhpur,Truck,16.1,5,3422.0,163.0,27026.0,9.4,Rain,0,8.0,8.57,1719.0
SM103523,2025-03-03,Lucknow,Mini Truck,28.7,5,,81.0,52413.0,5.6,Clear,0,7.0,6.06,1125.0
SM101746,2025-12-27,Prayagraj,Pickup,36.9,12,374.0,25.0,5620.0,3.8,Fog,0,9.0,9.46,915.0
SM104999,2025-07-01,Gorakhpur,Truck,79.8,8,3272.0,332.0,143807.0,7.2,Clear,0,12.0,11.83,3346.0
SM101400,08/11/2025,Kanpur,Truck,22.0,3,1315.0,95.0,23363.0,4.3,Clear,0,6.0,4.74,1091.0
SM101017,2025-06-30,Prayagraj,Pickup,76.3,8,624.0,53.0,16725.0,7.5,Clear,0,10.0,9.08,1285.0
SM102887,2025-01-24,Lucknow,Truck,71.1,3,2825.0,289.0,72150.0,5.4,Fog,0,10.0,10.42,2653.0
SM103159,2025-11-15,Gorakhpur,Truck,41.2,8,2457.0,226.0,35051.0,5.1,Clear,0,9.0,8.89,2128.0
SM104705,2025-03-27,Prayagraj,Pickup,29.3,3,632.0,63.0,3826.0,2.8,Clear,0,6.0,2.7,625.0
SM101649,2025-11-02,Prayagraj,Mini Truck,80.7,4,,65.0,10868.0,6.2,Clear,0,10.0,8.95,1991.0
SM102240,2025-03-23,Lucknow,Pickup,17.1,3,720.0,30.0,16808.0,5.9,Rain,1,6.0,6.49,463.0
SM103554,2025-06-01,Lucknow,Pickup,35.6,8,494.0,56.0,5206.0,5.5,Clear,0,8.0,8.02,819.0
SM101502,2025-03-25,varanasi,Truck,66.9,8,2834.0,150.0,9529.0,6.2,Clear,0,11.0,9.99,2928.0
SM100087,2025-04-25,Allahabad,Truck,73.0,3,1792.0,84.0,14842.0,7.4,Rain,0,9.0,9.36,2452.0
SM105824,08/07/2025,Kanpur,Pickup,12.9,12,646.0,41.0,6276.0,7.2,Rain,0,8.0,8.79,719.0
SM102699,13/02/2025, LUCKNOW ,Mini Truck,61.9,2,1224.0,80.0,9222.0,5.4,Rain,0,8.0,7.05,1496.0
SM100521,2025-02-23,Kanpur,Pickup,22.4,5,325.0,17.0,3535.0,7.2,Clear,1,6.0,6.75,556.0
SM105529,2025-01-27,lucknow,Mini Truck,19.7,5,1626.0,169.0,9468.0,5.0,Clear,0,7.0,5.1,1190.0
SM101556,2025-11-24,Kanpur,Mini Truck,30.9,5,1147.0,51.0,20238.0,7.2,Clear,0,7.0,7.33,1177.0
SM103503,2025-03-15,Kanpur,Pickup,13.2,3,478.0,55.0,8665.0,4.6,Rain,0,5.0,5.42,353.0
SM105539,2025-12-28,Lucknow,Pickup,29.4,8,633.0,48.0,43177.0,2.1,Clear,0,8.0,6.63,829.0
SM105954,2025-09-06,Prayagraj,Mini Truck,66.0,6,1126.0,47.0,14599.0,7.1,Clear,0,9.0,7.95,
SM104190,2025-06-06,Varanasi,Mini Truck,102.7,5,1113.0,89.0,53193.0,4.2,Clear,0,11.0,9.12,2142.0
SM105518,2025-07-26,Varanasi,Pickup,,6,266.0,12.0,6037.0,5.1,Rain,0,10.0,9.34,1284.0
SM101201,2025-06-24,Kanpur,Pickup,17.8,5,527.0,32.0,7289.0,3.5,Clear,0,6.0,3.85,495.0
SM102135,2025-09-08,Prayagraj,Mini Truck,10.7,8,1239.0,73.0,36081.0,6.0,Fog,0,7.0,7.68,932.0
SM104854,2025-01-21,Lucknow,Pickup,48.1,3,211.0,9.0,4504.0,6.2,Fog,0,7.0,6.95,654.0
SM103500,2025-01-23,Gorakhpur,Pickup,62.5,4,456.0,24.0,3257.0,6.1,Fog,0,8.0,7.38,
SM105669,2025-09-07,Gorakhpur,Pickup,14.4,7,690.0,32.0,4450.0,4.5,Rain,0,7.0,6.91,611.0
SM104566,2025-09-15,Lucknow,Mini Truck,27.0,9,1277.0,115.0,21117.0,5.2,Clear,0,8.0,7.82,1240.0
SM105979,2025-08-11,Varanasi,Pickup,39.1,4,621.0,25.0,4111.0,8.6,Rain,0,7.0,6.27,689.0
SM102735,2025-02-20,Gorakhpur,Mini Truck,37.6,9,1317.0,101.0,10149.0,8.5,Clear,0,9.0,8.36,1290.0
SM103309,2025-12-11,Varanasi,Mini Truck,29.7,5,1210.0,94.0,23837.0,4.6,Clear,0,7.0,5.55,953.0
SM104857,2025-08-19,Lucknow,Truck,22.8,6,2667.0,307.0,82616.0,7.1,Rain,0,8.0,8.81,1706.0
SM101142,2025-12-06,Lucknow,Truck,20.8,5,3915.0,223.0,28716.0,5.1,Fog,0,8.0,9.53,2046.0
SM103635,2025-06-22,Lucknow,Pickup,40.7,6,654.0,65.0,35716.0,7.9,Clear,0,8.0,6.86,892.0
SM100010,2025-07-12,prayagraj,Mini Truck,23.4,6,1096.0,58.0,7535.0,5.9,Clear,0,7.0,5.08,989.0
SM102945,2025-02-09,Lucknow,Truck,30.5,5,2579.0,309.0,33924.0,6.5,Clear,0,8.0,6.84,1825.0
SM104500,2025-09-10,prayagraj,Truck,26.7,6,2051.0,177.0,24807.0,7.8,Rain,0,8.0,9.13,1568.0
SM104622,2025-10-29,Lucknow,Pickup,11.5,6,185.0,8.0,1155.0,4.5,Clear,0,6.0,4.29,535.0
SM104358,2025-09-02,Lucknow,Mini Truck,20.4 km,9,1190.0,81.0,7946.0,7.0,Clear,0,8.0,6.02,1072.0
SM104377,2025-04-07,Gorakhpur,Mini Truck,39.5,4,1077.0,53.0,19288.0,7.9,Clear,0,7.0,6.49,1331.0
SM102964,2025-09-25,Varanasi,Mini Truck,46.6,8,1222.0,61.0,11162.0,8.1,Rain,0,9.0,9.44,1493.0
SM103006,2025-08-07,Varanasi,Truck,22.5,9,3382.0,205.0,45844.0,6.2,Clear,0,9.0,8.04,1938.0
SM103480,2025-10-19,Kanpur,Mini Truck,48.5,6,1172.0,65.0,27701.0,3.0,Clear,0,9.0,6.38,1397.0
SM104730,2025-12-02,Varanasi,Truck,52.3,8,3197.0,146.0,43792.0,6.6,Clear,0,10.0,10.2,2642.0
SM102296,2025-03-03,Gorakhpur,Truck,24.4,7,4200.0,411.0,155019.0,4.2,Rain,0,9.0,8.45,2328.0
SM102885,2025-02-26,Lucknow,Truck,34.4,6,749.0,51.0,10495.0,6.5,Clear,0,8.0,7.05,1192.0
SM104502,31/12/2025,Lucknow,Truck,36.1,8,3723.0,240.0,58096.0,5.4,Fog,0,10.0,10.73,2398.0
SM102671,2025-11-09,Kanpur,Truck,50.9,8,4114.0,354.0,25559.0,4.3,Clear,0,11.0,8.54,2898.0
SM101845,2025-08-14,Prayagraj,Pickup,20.0,4,395.0,22.0,2918.0,5.9,Rain,0,6.0,5.64,459.0
SM103396,2025-06-15,Kanpur,Truck,9.2,11,3202.0,168.0,31300.0,4.1,Clear,0,9.0,8.95,1746.0
SM102099,2025-04-01,Kanpur,Truck,41.7,4,2369.0,169.0,54705.0,5.8,Clear,0,8.0,8.14,1967.0
SM100569,2025-07-28,Prayagraj,Pickup,27.1,6,333.0,22.0,2810.0,,Clear,0,7.0,6.12,686.0
SM100537,2025-02-12,Varanasi,Truck,18.1,5,3491.0,273.0,163986.0,3.6,Clear,0,8.0,6.32,1810.0
SM103920,2025-12-09,Kanpur,Mini Truck,28.5,8,1032.0,99.0,35639.0,6.4,Rain,0,8.0,7.44,1080.0
SM105131,2025-05-25,Gorakhpur,Mini Truck,18.5,7,1448.0,71.0,14113.0,5.1,Clear,0,7.0,6.43,995.0
SM103488,2025-06-11,Lucknow,Mini Truck,19.3,7,1177.0,70.0,823238.8963911815,8.1,Clear,0,7.0,5.65,945.0
SM103187,2025-05-28,Lucknow,Pickup,35.4,6,363.0,21.0,4464.0,6.7,Clear,0,7.0,4.74,739.0
SM102858,2025-09-22,Varanasi,Pickup,56.9,7,412.0,32.0,27582.0,3.1,Rain,0,9.0,8.04,1064.0
SM103213,2025-12-19,Varanasi,Mini Truck,26.6,5,558.0,24.0,3876.0,6.2,Clear,0,7.0,5.77,799.0
SM102276,2025-03-18,Varanasi,Truck,18.5,9,3186.0,128.0,19189.0,4.9,Clear,0,9.0,8.55,1827.0
SM101408,2025-01-01,Kanpur,Mini Truck,,6,330.0,20.0,2170.0,6.1,Fog,0,7.0,7.3,722.0
SM105770,01/05/2025,Lucknow,Truck,11.2,9,3240.0,155.0,32845.0,3.2,Clear,0,9.0,6.97,1703.0
SM100604,2025-10-29,Gorakhpur,Truck,,8,2371.0,150.0,10514.0,6.3,Rain,0,9.0,8.6,1775.0
SM101675,2025-12-25,Lucknow,Pickup,33.4,7,450.0,20.0,2503.0,9.5,,0,8.0,8.77,773.0
SM104383,2025-07-25,Lucknow,Pickup,26.1,4,455.0,20.0,2873.0,5.8,Clear,0,6.0,5.33,545.0
SM105660,2025-02-17,Lucknow,Mini Truck,28.8,3,,54.0,6091.0,7.9,Clear,1,7.0,6.01,945.0
SM102850,2025-03-13,Gorakhpur,Mini Truck,50.9,3,1502.0,143.0,,4.1,Clear,0,8.0,5.45,1397.0
SM104390,2025-03-07,Lucknow,Mini Truck,19.5,5,981.0,74.0,9667.0,5.7,Clear,0,7.0,4.74,815.0
SM102910,10/02/2025,gorakhpur,Pickup,43.7,3,418.0,34.0,7294.0,4.7,Clear,0,7.0,5.82,745.0
SM101332,2025-06-05,Lucknow,Mini Truck,12.2,4,1168.0,50.0,4817.0,4.8,Clear,1,6.0,5.68,841.0
SM101647,2025-08-31,Lucknow,Pickup,43.9,5,430.0,43.0,2216.0,6.3,Clear,0,8.0,5.46,1084.0
SM102701,2025-10-18,Lucknow,Mini Truck,26.0,2,1151.0,57.0,19679.0,6.5,Clear,0,6.0,4.28,837.0
SM103473,2025-11-20,Varanasi,Mini Truck,39.1,6,822.0,38.0,5960.0,5.7,Clear,0,8.0,6.92,971.0
SM104423,2025-06-16,prayagraj,Mini Truck,41.4,4,469.0,49.0,11702.0,6.1,Clear,0,7.0,6.1,932.0
SM103925,2025-07-28, LUCKNOW ,Mini Truck,15.0,4,1060.0,79.0,18507.0,7.2,Clear,0,6.0,5.44,736.0
SM100688,2025-06-12,varanasi,Mini Truck,32.7,7,1262.0,102.0,38612.0,6.8,Clear,0,8.0,6.87,1210.0
SM100822,2025-02-19,Varanasi,Mini Truck,11.7,4,1156.0,64.0,18789.0,4.7,Clear,0,6.0,3.92,778.0
SM103399,2025-09-21,Kanpur,Truck,48.9,5,1718.0,86.0,8616.0,5.5,Clear,0,9.0,8.17,1941.0
SM104441,2025-05-10,Kanpur,Truck,46.4,5,2786.0,133.0,24118.0,1.0,Clear,0,9.0,7.34,2373.0
SM103087,2025-03-06,Lucknow,Truck,61.8,5,2521.0,228.0,27259.0,4.3,Clear,0,10.0,8.16,
SM103570,2025-10-19,Varanasi,Mini Truck,64.3,11,1222.0,128.0,33522.0,4.5,Clear,0,11.0,8.56,1858.0
SM101677,2025-06-03,Lucknow,Mini Truck,27.6,2,1249.0,123.0,25430.0,4.3,Clear,0,6.0,5.63,873.0
SM101149,2025-11-07,Prayagraj,Mini Truck,60.8,6,1511.0,74.0,13426.0,8.1,Clear,0,9.0,8.88,1692.0
SM104778,2025-02-08,Lucknow,Mini Truck,48.1,8,667.0,68.0,14684.0,5.7,Clear,0,9.0,7.22,1318.0
SM104434,2025-08-02,Lucknow,Truck,28.5 km,6,3714.0,207.0,35171.0,8.4,Rain,0,9.0,10.21,2144.0
SM101493,02/05/2025,Lucknow,Mini Truck,16.4,5,1749.0,206.0,24196.0,6.2,Clear,0,7.0,5.74,943.0
SM104206,2025-11-27,Varanasi,Mini Truck,61.3,9,769.0,35.0,4990.0,5.4,Clear,0,10.0,7.95,1541.0
SM102114,2025-09-28,Lucknow,Pickup,18.3,6,358.0,43.0,7823.0,7.0,Clear,0,7.0,4.48,
SM104570,2025-09-10,Varanasi,Pickup,43.6,10,353.0,19.0,2015.0,5.8,Clear,0,9.0,8.68,924.0
SM103630,2025-06-19,varanasi,Pickup,26.7,4,620.0,30.0,10191.0,7.2,Clear,0,7.0,5.31,717.0
SM101323,2025-11-20,Lucknow,Pickup,15.6,7,698.0,63.0,14269.0,5.9,Clear,0,7.0,5.46,705.0
SM104115,2025-06-23,Gorakhpur,Truck,53.9,6,3774.0,162.0,36888.0,3.3,Clear,0,10.0,7.94,2860.0
SM104427,2025-06-26,Lucknow,Mini Truck,26.2,6,511.0,53.0,7863.0,4.0,Rain,0,7.0,6.41,769.0
SM104588,2025-08-10,Varanasi,Pickup,257.0,9,609.0,53.0,15318.0,3.9,Rain,0,8.0,7.78,870.0
SM105031,2025-11-02,Prayagraj,Mini Truck,28.8,8,1018.0,46.0,7323.0,5.3,,0,8.0,6.24,1127.0
SM102946,2025-08-03,Lucknow,Mini Truck,20.3,6,1418.0,127.0,38185.0,5.5,Rain,0,7.0,7.31,1020.0
SM103916,2025-01-25,Prayagraj,Mini Truck,42.8,5,289.0,16.0,5612.0,4.6,Clear,0,7.0,5.39,999.0
SM103193,2025-03-12,Prayagraj,Truck,63.9,8,3405.0,301.0,126225.0,4.9,Rain,0,11.0,11.22,2991.0
SM105080,2025-04-26,Lucknow,Mini Truck,41.2,5,896.0,65.0,10301.0,5.8,Rain,0,8.0,7.78,1237.0
SM102087,2025-08-30,Prayagraj,Mini Truck,29.8,4,1718.0,87.0,20318.0,4.5,Clear,0,7.0,5.19,1208.0
SM100917,14/10/2025, VARANASI ,Truck,15.1,5,,118.0,32266.0,6.7,Clear,0,7.0,6.32,1327.0
SM104964,2025-12-11, LUCKNOW ,Truck,22.4,11,3117.0,278.0,87697.0,7.1,Clear,0,10.0,9.18,1995.0
SM103868,2025-03-22,Varanasi,Truck,27.4,6,2276.0,242.0,41661.0,5.2,Clear,0,8.0,5.38,1699.0
SM101601,2025-09-27,Gorakhpur,Pickup,44.2,7,215.0,10.0,1230.0,,Clear,0,8.0,7.03,761.0
SM104317,2025-06-01,Gorakhpur,Pickup,72.1,8,344.0,36.0,3451.0,3.1,Clear,0,10.0,7.7,1243.0
SM100559,2025-11-07,Prayagraj,Mini Truck,35.4,6,466.0,35.0,9582.0,6.4,Clear,0,8.0,5.54,986.0
SM105710,2025-04-10,Varanasi,Mini Truck,30.6 km,8,1297.0,65.0,33988.0,9.3,Clear,0,8.0,8.02,1206.0
SM103298,2025-07-16,Lucknow,Pickup,15.5,7,276.0,17.0,1938.0,5.2,Clear,0,7.0,6.32,493.0
SM104269,2025-07-04,Prayagraj,Pickup,18.2,7,402.0,32.0,4989.0,6.6,Rain,0,7.0,6.68,740.0
SM100707,2025-07-28,Varanasi,Pickup,23.4,10,377.0,26.0,8373.0,6.3,Clear,0,8.0,6.5,788.0
SM103792,2025-04-04,Varanasi,Mini Truck,40.8,7,1163.0,109.0,12177.0,6.1,Clear,0,8.0,6.19,1285.0
SM100583,2025-01-19,Kanpur,Mini Truck,27.6,4,949.0,53.0,9100.0,6.1,Rain,1,7.0,7.57,839.0
SM101208,2025-04-14,Prayagraj,Truck,52.8,3,1530.0,115.0,37649.0,6.2,Rain,0,8.0,7.95,1857.0
SM103513,2025-02-21,Kanpur,Mini Truck,16.9,2,1235.0,84.0,20353.0,4.5,Clear,0,6.0,3.41,715.0
SM100422,2025-10-07,Varanasi,Pickup,47.7,4,646.0,36.0,11862.0,3.5,,0,8.0,6.48,1004.0
SM102633,2025-07-25,Lucknow,Mini Truck,24.5,3,1136.0,50.0,10161.0,6.8,Clear,0,6.0,4.45,941.0
SM104069,2025-02-06,Varanasi,Truck,62.3,5,1771.0,96.0,58741.0,7.4,Clear,1,9.0,9.96,2319.0
SM100875,2025-07-04,Prayagraj,Truck,29.4,10,3640.0,213.0,17954.0,4.3,Rain,0,10.0,9.59,2327.0
SM105482,2025-04-21,Kanpur,Truck,24.7,7,4071.0,281.0,112742.0,3.7,Clear,0,9.0,8.0,2267.0
SM104036,2025-09-08,Lucknow,Truck,24.9,1,4108.0,258.0,69737.0,7.5,Clear,0,7.0,5.84,2032.0
SM105050,2025-06-08,Prayagraj,Mini Truck,34.3,15,1332.0,81.0,45031.0,4.6,Clear,0,11.0,9.9,1610.0
SM105053,2025-11-30,Varanasi,Mini Truck,85.3,5,1172.0,120.0,4645.0,2.5,Clear,0,10.0,7.14,2013.0
SM101566,2025-12-20,Kanpur,Mini Truck,22.9,5,1635.0,66.0,5460.0,2.8,Clear,0,7.0,5.36,1093.0
SM104154,2025-03-24, KANPUR ,Truck,81.4,1,2855.0,132.0,33242.0,5.0,Clear,0,9.0,7.8,3028.0
SM105614,2025-07-28,Lucknow,Mini Truck,30.5,7,1379.0,84.0,15894.0,4.9,Rain,0,8.0,8.7,
SM101183,2025-06-13,Prayagraj,Pickup,38.1,6,331.0,16.0,3700.0,3.5,Clear,0,8.0,5.56,734.0
SM100227,2025-07-31,lucknow,Pickup,23.6,8,302.0,15.0,3327.0,4.7,Clear,0,7.0,5.48,572.0
SM100826,2025-09-06,Lucknow,Pickup,16.5,4,261.0,11.0,2830.0,7.2,Rain,0,6.0,6.44,403.0
SM102254,2025-04-18,Kanpur,Truck,31.6,5,,186.0,32455.0,5.4,Clear,0,8.0,6.97,1863.0
SM105736,2025-04-20,Varanasi,Mini Truck,,5,1352.0,56.0,9957.0,7.6,Clear,0,9.0,7.66,1635.0
SM102321,2025-01-13,Varanasi,Mini Truck,45.5,6,1311.0,75.0,29429.0,10.0,Fog,0,8.0,10.05,1369.0
SM102942,2025-10-06,Lucknow,Truck,50.0,5,3766.0,390.0,67501.0,6.8,Clear,0,10.0,8.93,2662.0
SM105834,2025-04-04,Prayagraj,Mini Truck,27.4,4,1318.0,53.0,8675.0,6.7,Clear,0,7.0,5.89,1005.0
SM101636,2025-03-02,Prayagraj,Pickup,30.2,6,491.0,26.0,5543.0,5.7,Clear,0,7.0,5.93,733.0
SM102828,2025-08-17,Varanasi,Pickup,62.8,4,497.0,20.0,9040.0,4.2,Clear,0,8.0,6.68,992.0
SM104382,2025-05-09,Gorakhpur,Mini Truck,61.3,7,1175.0,53.0,8548.0,5.3,Clear,0,9.0,8.18,1614.0
SM103269,2025-12-25,Lucknow,Truck,8.6,5,2364.0,107.0,38765.0,7.6,Rain,0,7.0,8.05,1255.0
SM104395,2025-07-06, GORAKHPUR ,Truck,47.2,10,3804.0,366.0,60848.0,5.1,Clear,0,11.0,11.15,2848.0
SM103593,2025-07-27,Kanpur,Truck,25.1,3,3750.0,276.0,45568.0,6.0,Rain,0,8.0,7.96,2100.0
SM101190,2025-06-01,Lucknow,Pickup,11.5,5,590.0,26.0,4748.0,2.8,Rain,0,6.0,5.24,409.0
SM105915,2025-01-05,Lucknow,Mini Truck,17.7,9,1031.0,69.0,,5.5,Clear,0,8.0,7.04,882.0
SM101374,2025-11-20,Varanasi,Pickup,,5,306.0,29.0,15025.0,3.3,Clear,0,9.0,7.27,1030.0
SM101569,2025-12-26,Varanasi,Mini Truck,9.6,9,1264.0,76.0,20216.0,4.7,Fog,0,8.0,7.52,825.0
SM104809,22/10/2025,Lucknow,Mini Truck,15.9,7,782.0,50.0,16240.0,3.8,Clear,1,7.0,6.94,797.0
SM103093,2025-03-29,Varanasi,Pickup,22.1,2,354.0,33.0,3109.0,5.3,Clear,0,6.0,3.41,386.0
SM102134,2025-06-10,kanpur,Truck,31.6,5,3864.0,167.0,,3.8,Clear,0,9.0,7.63,2325.0
SM105091,2025-05-17,Lucknow,Mini Truck,32.1,4,1806.0,83.0,9400.0,5.9,Clear,0,7.0,5.5,1213.0
SM101808,2025-02-02,Prayagraj,Truck,21.0,6,1987.0,154.0,14807.0,7.6,Rain,0,8.0,8.94,1488.0
SM100825,2025-02-03,Varanasi,Mini Truck,49.9 km,3,985.0,50.0,17879.0,4.7,Clear,0,8.0,5.05,1159.0
SM102392,14/08/2025,Gorakhpur,Truck,55.2,6,3151.0,280.0,49234.0,5.7,Rain,0,10.0,9.17,2638.0
SM103669,2025-03-21,Kanpur,Truck,40.8,7,2131.0,177.0,50942.0,6.5,Clear,0,9.0,8.14,2005.0
SM102480,2025-08-26,Lucknow,Mini Truck,46.6,4,1417.0,67.0,43689.0,9.1,Rain,0,8.0,8.26,1239.0
SM100499,2025-06-05,Kanpur,Mini Truck,39.5,5,,81.0,14679.0,7.3,Rain,0,8.0,96.0,1169.0
SM103315,2025-11-06,Prayagraj,Mini Truck,33.1,3,1349.0,145.0,22910.0,9.0,Clear,0,7.0,6.27,1118.0
SM105261,2025-01-31,Lucknow,Truck,,7,3168.0,158.0,22253.0,4.8,Clear,0,8.0,8.11,1830.0
SM104965,2025-02-08,Kanpur,Mini Truck,14.3,7,1582.0,165.0,24545.0,7.2,Clear,0,7.0,6.0,1094.0
SM104545,2025-10-03,Prayagraj,Truck,61.0,7,2105.0,158.0,23606.0,,Clear,0,10.0,10.33,2379.0
SM100816,2025-01-16,Prayagraj,Pickup,16.4,3,137.0,16.0,1742.0,4.5,Rain,0,5.0,5.85,286.0
SM101316,2025-09-17,Gorakhpur,Mini Truck,35.1,6,1828.0,129.0,33717.0,7.1,Rain,0,8.0,8.46,1345.0
SM100465,2025-12-19,Kanpur,Truck,40.9,7,,133.0,21443.0,4.6,Clear,0,9.0,7.99,2268.0
SM102533,2025-03-04,Prayagraj,Pickup,19.2,7,344.0,41.0,12006.0,4.1,Clear,0,7.0,5.46,466.0
SM103677,2025-10-08, GORAKHPUR ,Pickup,99.7,8,383.0,18.0,2156.0,8.6,Clear,0,11.0,9.56,1553.0
SM100509,2025-03-28, LUCKNOW ,Truck,103.0,6,2711.0,115.0,9415.0,5.6,Clear,0,7.0,5.86,1409.0
SM100146,2025-01-13,Kanpur,Mini Truck,23.6,4,769.0,33.0,16479.0,4.8,Fog,0,6.0,4.57,792.0
SM105114,2025-03-28,Lucknow,Pickup,24.5,7,506.0,26.0,6450.0,4.9,Clear,0,7.0,7.03,698.0
SM105908,2025-10-18, PRAYAGRAJ ,Mini Truck,41.2,6,1108.0,91.0,18265.0,4.4,Clear,0,8.0,6.07,1287.0
SM102919,2025-05-19,Prayagraj,Pickup,66.0,7,532.0,31.0,10927.0,3.1,Clear,0,9.0,7.24,1224.0
SM100629,2025-05-14,Lucknow,Pickup,24.3,11,381.0,26.0,3609.0,5.2,Clear,0,9.0,7.03,634.0
SM101536,2025-02-26,Varanasi,Truck,19.3,5,1836.0,119.0,19473.0,5.7,Clear,0,7.0,6.09,1291.0
SM105868,2025-12-04,Prayagraj,Pickup,38.1,7,673.0,45.0,4795.0,4.4,Fog,0,8.0,7.43,889.0
SM103022,2025-05-22,Lucknow,Mini Truck,18.1,4,547.0,45.0,25021.0,4.0,Clear,0,6.0,5.34,667.0
SM103318,2025-04-04,Prayagraj,Mini Truck,56.5,6,-1230.0,75.0,9633.0,7.0,Clear,0,9.0,7.78,1558.0
SM101196,2025-09-18, LUCKNOW ,Mini Truck,49.8,8,951.0,78.0,20375.0,5.5,Rain,1,9.0,9.82,1332.0
SM104990,2025-08-25,Varanasi,Pickup,40.4 km,9,337.0,16.0,3565.0,4.6,Rain,0,9.0,8.11,1030.0
SM100470,2025-09-27,Prayagraj,Pickup,31.8,10,244.0,27.0,4104.0,5.8,,0,9.0,7.25,799.0
SM104557,11/11/2025,Prayagraj,Mini Truck,30.7,4,929.0,42.0,13439.0,5.7,Clear,0,7.0,5.89,1008.0
SM103685,2025-02-26,prayagraj,Truck,56.2,4,2020.0,175.0,20569.0,1.7,Clear,0,9.0,7.76,2163.0
SM101789,2025-10-03,Varanasi,Mini Truck,31.7,10,869.0,39.0,44369.0,4.6,Clear,0,9.0,6.9,1128.0
SM102411,2025-01-19,Kanpur,Mini Truck,14.5,3,1411.0,62.0,34893.0,3.2,Fog,0,6.0,5.72,823.0
SM105058,2025-04-04,Varanasi,Pickup,48.8,4,401.0,23.0,8292.0,6.8,Clear,0,8.0,6.83,817.0
SM100204,2025-06-16,Gorakhpur,Pickup,25.9,7,311.0,19.0,6052.0,5.1,Clear,0,7.0,5.86,630.0
SM102822,2025-02-16,Kanpur,Pickup,33.5,6,301.0,17.0,1952.0,4.6,Rain,0,7.0,7.26,667.0
SM103120,2025-08-16,Lucknow,Pickup,24.6,7,465.0,48.0,7244.0,4.1,Clear,1,7.0,5.74,684.0
SM103379,2025-05-25,Prayagraj,Mini Truck,29.7,2,1359.0,92.0,14889.0,7.1,Clear,0,6.0,6.14,974.0
SM105276,2025-04-02, PRAYAGRAJ ,Pickup,52.6,5,428.0,22.0,4402.0,8.0,Clear,0,8.0,6.1,980.0
SM102005,2025-02-17,Prayagraj,Truck,43.5,5,2323.0,97.0,11052.0,4.7,Clear,0,9.0,7.53,2019.0
SM105672,2025-12-14,Gorakhpur,Pickup,67.5,11,543.0,26.0,3647.0,5.2,Fog,0,11.0,10.61,1277.0
SM103475,2025-03-20,Lucknow,Truck,28.1,5,3213.0,288.0,69053.0,5.1,Clear,0,8.0,7.08,1976.0
SM103708,2025-06-29,Varanasi,Mini Truck,47.4,10,1481.0,167.0,20199.0,3.0,Clear,0,10.0,7.08,
SM102650,2025-11-18,Gorakhpur,Pickup,67.5,4,310.0,13.0,1990.0,7.8,Clear,0,8.0,7.6,952.0
SM102747,2025-10-23,Gorakhpur,Pickup,24.8,2,694.0,75.0,8091.0,4.3,Clear,1,6.0,5.55,590.0
SM103116,2025-08-18,Prayagraj,Pickup,53.3,5,479.0,60.0,11034.0,6.4,Rain,0,8.0,7.71,993.0
SM102352,2025-09-18,Varanasi,Pickup,26.7,5,427.0,18.0,7739.0,4.7,Rain,0,7.0,7.68,606.0
SM101754,2025-08-17,Gorakhpur,Truck,56.5,6,3782.0,184.0,82701.0,3.0,Clear,0,10.0,9.1,2733.0
SM101215,2025-02-11,Lucknow,Pickup,14.0,4,413.0,21.0,2118.0,5.4,Clear,0,6.0,4.95,415.0
SM104155,2025-03-10,Kanpur,Mini Truck,33.0,4,910.0,38.0,5480.0,4.7,Clear,0,7.0,4.95,958.0
SM105410,2025-01-08,Varanasi,Mini Truck,7.8,5,220.0,10.0,2072.0,6.3,Fog,0,6.0,6.67,427.0
SM105752,2025-02-13,Kanpur,Mini Truck,35.4,5,810.0,98.0,15052.0,7.9,Clear,0,7.0,6.62,1041.0
SM101451,2025-01-15,Gorakhpur,Mini Truck,46.4,5,1265.0,60.0,31578.0,5.7,Clear,0,8.0,6.8,1389.0
SM102215,2025-05-23, PRAYAGRAJ ,Pickup,31.0,6,195.0,8.0,1494.0,7.3,Clear,0,7.0,7.26,641.0
SM103740,2025-03-24,Varanasi,Pickup,118.4,11,472.0,21.0,1207.0,6.3,Rain,0,13.0,13.0,1870.0
SM101903,01/04/2025,Kanpur,Pickup,33.8,7,533.0,34.0,19019.0,6.1,Clear,0,8.0,6.31,793.0
SM100979,2025-07-26,Varanasi,Mini Truck,37.4 km,10,1156.0,54.0,10886.0,7.6,Clear,0,9.0,8.98,1399.0
SM100549,2025-09-06,Kanpur,Pickup,28.6,4,529.0,45.0,14485.0,6.5,Fog,0,7.0,5.86,641.0
SM103167,2025-04-08,Prayagraj,Mini Truck,47.6,6,1402.0,166.0,57159.0,8.0,Clear,0,9.0,7.02,1431.0
SM105846,2025-02-14,Kanpur,Pickup,49.4,3,481.0,21.0,4299.0,8.0,Clear,0,7.0,6.89,888.0
SM104788,2025-04-22,Varanasi,Truck,34.6,10,2475.0,104.0,17281.0,7.6,Clear,0,10.0,8.74,2032.0
SM102266,2025-09-07,Prayagraj,Mini Truck,25.6,6,1428.0,68.0,5187.0,7.4,Rain,0,8.0,8.57,1191.0
SM102368,01/03/2025,Kanpur,Mini Truck,40.3,7,1177.0,56.0,7233.0,5.6,Clear,0,8.0,6.15,1342.0
SM101425,2025-10-25,Prayagraj,Mini Truck,17.1,8,1457.0,101.0,10908.0,4.9,Clear,0,8.0,4.7,1139.0
SM104207,2025-12-08,Lucknow,Pickup,44.8,3,570.0,25.0,6075.0,2.2,Clear,0,7.0,5.18,912.0
SM103319,2025-01-13,Varanasi,Pickup,69.8,4,492.0,25.0,5006.0,3.5,Clear,0,9.0,6.78,1085.0
SM104496,2025-05-01,Prayagraj,Pickup,11.0,10,702.0,35.0,12795.0,4.0,Clear,0,8.0,5.72,649.0
SM100576,2025-12-04,Kanpur,Truck,6.8,5,2572.0,120.0,52406.0,6.0,Fog,0,7.0,7.21,1311.0
SM102807,2025-04-24,Kanpur,Pickup,17.3,4,692.0,39.0,17872.0,6.0,Clear,0,6.0,5.21,488.0
SM101452,2025-01-19,Varanasi,Pickup,39.6,5,311.0,21.0,,4.5,Fog,0,7.0,6.26,807.0
SM103099,2025-04-10,Lucknow,Truck,18.5,5,1054.0,53.0,14072.0,3.9,Clear,0,7.0,5.58,1098.0
SM105223,2025-10-27,Gorakhpur,Truck,90.6,5,3555.0,152.0,14093.0,7.5,Clear,0,12.0,9.98,3545.0
SM100445,2025-08-30,Prayagraj,Pickup,29.7,4,551.0,40.0,16326.0,8.3,Rain,0,7.0,6.69,653.0
SM104186,2025-04-08,Lucknow,Pickup,16.7,5,533.0,53.0,7986.0,4.1,Clear,0,6.0,4.11,676.0
SM103470,2025-03-23,Prayagraj,Pickup,7.5,3,244.0,12.0,2662.0,4.3,Rain,0,5.0,3.77,276.0
SM104092,2025-05-14,Kanpur,Truck,,6,4148.0,243.0,94206.0,9.3,Clear,0,9.0,7.96,2303.0
SM100627,2025-05-15,Varanasi,Mini Truck,60.8,5,1007.0,56.0,10924.0,5.5,Clear,0,9.0,8.07,1511.0
SM100347,2025-12-08,Varanasi,Truck,21.2,7,4271.0,300.0,57214.0,4.1,Rain,0,9.0,9.18,2135.0
SM100341,2025-04-17,kanpur,Mini Truck,23.8,2,1215.0,49.0,8808.0,6.2,Clear,0,6.0,4.48,775.0
SM104908,2025-10-19,Prayagraj,Truck,40.4,8,1304.0,74.0,7905.0,5.3,Clear,0,9.0,8.07,1740.0
SM105903,2025-10-11,Prayagraj,Truck,19.2,4,2707.0,159.0,14758.0,8.1,Clear,1,7.0,7.53,1491.0
SM100777,2025-02-13,Lucknow,Truck,23.3,5,2799.0,118.0,28210.0,3.3,Clear,0,8.0,6.23,1738.0
SM104534,2025-01-11,Prayagraj,Mini Truck,22.5,8,1051.0,70.0,12837.0,5.9,Clear,0,8.0,6.98,1006.0
SM104135,2025-12-21,varanasi,Mini Truck,14.8,6,1549.0,91.0,41846.0,6.4,Fog,0,7.0,7.1,1014.0
SM104214,2025-09-08,Kanpur,Truck,19.9,4,1557.0,103.0,30318.0,4.4,Clear,0,7.0,6.5,1146.0
SM105743,2025-06-17,Kanpur,Pickup,23.0,4,416.0,36.0,2599.0,6.0,Clear,0,6.0,4.42,546.0
SM104422,06/10/2025,Prayagraj,Mini Truck,42.6,6,1945.0,88.0,9521.0,7.9,Rain,0,9.0,9.43,1515.0
SM100303,2025-11-24,Gorakhpur,Mini Truck,73.2,7,755.0,47.0,23757.0,6.0,Clear,0,10.0,7.38,1755.0
SM100926,2025-07-17,Varanasi,Mini Truck,41.6,5,682.0,39.0,6125.0,9.4,Clear,0,8.0,7.73,995.0
SM101072,2025-10-04,Prayagraj,Truck,,6,1395.0,110.0,21865.0,99.0,Rain,0,8.0,8.7,1772.0
SM100675,2025-09-22,Kanpur,Mini Truck,41.3,8,1793.0,85.0,,5.2,Rain,0,9.0,8.6,1545.0
SM105104,2025-02-09,Varanasi,Truck,37.0,4,3917.0,193.0,32576.0,4.2,Clear,0,9.0,8.11,2308.0
SM102308,2025-04-23,Lucknow,Pickup,37.9,9,575.0,27.0,5994.0,6.4,Fog,0,9.0,9.88,956.0
SM102975,2025-06-21,Lucknow,Pickup,9.8,6,388.0,26.0,7020.0,6.6,Clear,0,6.0,5.46,421.0
SM100584,2025-05-28,Gorakhpur,Truck,65.9,6,2002.0,208.0,27266.0,5.5,Rain,0,10.0,9.03,2486.0
SM102012,2025-02-25,Lucknow,Mini Truck,32.5,3,558.0,39.0,,5.6,Clear,0,6.0,4.75,756.0
SM103926,2025-07-03,Lucknow,Pickup,13.3,4,325.0,24.0,5803.0,4.7,Rain,0,6.0,5.43,300.0
SM104356,2025-12-19,Varanasi,Mini Truck,,2,915.0,49.0,23180.0,6.6,Clear,1,6.0,5.76,674.0
SM105239,2025-11-26,Prayagraj,Truck,22.3,5,2672.0,330.0,140260.0,,Clear,0,8.0,7.41,1697.0
SM105013,2025-12-10,Prayagraj,Truck,50.3,8,2833.0,142.0,15546.0,6.9,Fog,0,10.0,10.71,2529.0
SM105622,2025-03-15,Lucknow,Pickup,39.6,4,440.0,25.0,4665.0,,Rain,0,7.0,6.73,758.0
SM103498,2025-02-14,Prayagraj,Mini Truck,,5,428.0,20.0,2905.0,3.8,Clear,0,9.0,6.88,1343.0
SM103456,2025-10-01,Prayagraj,Truck,48.3,4,1349.0,128.0,32902.0,4.4,Clear,0,8.0,6.85,1737.0
SM104320,2025-08-29,Lucknow,Pickup,53.6,8,459.0,39.0,,5.5,Rain,0,9.0,10.28,1077.0
SM102869,2025-03-17,Lucknow,Truck,14.8,4,3588.0,154.0,59860.0,5.3,Clear,0,7.0,7.36,1753.0
SM100241,2025-08-02,Varanasi,Mini Truck,,3,1287.0,68.0,20276.0,5.9,Rain,1,6.0,7.0,926.0
SM101862,2025-11-06,Lucknow,Pickup,27.9,6,371.0,44.0,5845.0,6.7,Clear,0,7.0,5.37,
SM101479,2025-06-02,Gorakhpur,Truck,45.7,7,2905.0,146.0,18408.0,6.1,Clear,0,10.0,8.45,2311.0
SM102014,2025-08-25,Lucknow,Truck,20.4,10,4233.0,524.0,75191.0,7.6,Rain,0,10.0,10.8,2436.0
SM103245,2025-10-23,Lucknow,Mini Truck,22.5,7,600.0,25.0,4890.0,7.3,Clear,1,7.0,7.38,759.0
SM104288,2025-10-06,Varanasi,Pickup,29.6,7,294.0,12.0,1356.0,6.0,Clear,0,7.0,6.4,640.0
SM100786,12/01/2025,Gorakhpur,Pickup,,4,,22.0,5089.0,,Fog,0,7.0,7.49,492.0
SM103905,2025-10-06,Kanpur,Truck,29.1,7,3746.0,182.0,25183.0,4.8,Clear,0,9.0,6.92,2344.0
SM100170,2025-02-08,Gorakhpur,Mini Truck,75.5,6,858.0,74.0,14461.0,2.9,Clear,0,10.0,8.19,1724.0
SM102536,2025-04-30,Prayagraj,Pickup,71.4,5,559.0,33.0,12052.0,6.6,Clear,0,9.0,6.08,1214.0
SM103266,2025-09-27,Lucknow,Pickup,21.5,8,385.0,23.0,3016.0,8.7,Clear,0,7.0,6.23,692.0
SM103551,2025-07-10,Lucknow,Mini Truck,27.0,4,794.0,66.0,26200.0,5.2,Clear,0,7.0,4.34,872.0
SM100896,2025-07-05,Prayagraj,Truck,,5,2956.0,128.0,41962.0,4.3,Rain,0,8.0,8.52,1695.0
SM103582,2025-03-17,Kanpur,Truck,38.7,6,2116.0,264.0,100423.0,5.3,Clear,0,9.0,7.47,
SM105702,2025-04-12,Lucknow,Mini Truck,18.3,6,1043.0,87.0,14499.0,6.2,Clear,0,7.0,5.24,866.0
SM102775,2025-04-21,Lucknow,Mini Truck,,6,961.0,120.0,6337.0,7.1,Clear,0,7.0,5.23,771.0
SM101376,2025-12-18,Kanpur,Truck,,8,3781.0,247.0,50847.0,2.5,Rain,0,10.0,9.94,2350.0
SM104490,2025-03-10,Gorakhpur,Truck,50.4,7,2720.0,191.0,26466.0,6.2,Rain,0,10.0,10.02,2409.0
SM101446,2025-12-09,prayagraj,Mini Truck,24.8,8,902.0,85.0,22148.0,5.3,Fog,0,8.0,8.03,891.0
SM104258,2025-08-09,Varanasi,Pickup,50.4,3,568.0,71.0,18844.0,7.8,Rain,1,7.0,8.02,866.0
SM105432,2025-05-02,Gorakhpur,Truck,98.9,7,3502.0,164.0,63902.0,3.9,Clear,0,13.0,11.24,3858.0
SM100477,2025-01-07,Gorakhpur,Truck,30.3,5,2611.0,324.0,18213.0,7.8,Clear,0,8.0,7.12,1769.0
SM103104,2025-09-13,prayagraj,Pickup,22.7,5,278.0,31.0,3849.0,3.6,Clear,0,6.0,3.81,473.0
SM101617,2025-07-05,Varanasi,Truck,25.9,5,806.0,47.0,5145.0,6.4,Rain,0,7.0,7.29,1126.0
SM100337,2025-04-26,Gorakhpur,Pickup,20.5,5,,28.0,4481.0,5.0,Clear,0,6.0,5.94,591.0
SM101895,2025-11-07,Prayagraj,Pickup,21.6,12,431.0,19.0,6507.0,4.4,Clear,0,9.0,7.93,770.0
SM100320,2025-04-28, LUCKNOW ,Pickup,14.7,7,574.0,51.0,14862.0,5.1,Clear,0,7.0,5.53,602.0
SM102129,2025-04-27,Gorakhpur,Truck,124.7,7,3930.0,198.0,102503.0,8.1,Clear,0,14.0,12.32,4582.0
SM105257,2025-04-16,Lucknow,Mini Truck,45.1,3,669.0,42.0,6947.0,4.9,Clear,0,7.0,6.5,1229.0
SM105847,2025-09-04,Varanasi,Truck,32.6,6,3499.0,145.0,10567.0,,Clear,0,9.0,8.39,2181.0
SM100635,2025-09-08,Lucknow,Pickup,6.0,8,,36.0,3631.0,5.8,Rain,0,7.0,6.66,469.0
SM100620,2025-06-08,Varanasi,Truck,48.3,4,2090.0,139.0,38476.0,3.6,Rain,0,8.0,7.22,2016.0
SM105101,18/07/2025,Lucknow,Truck,21.8,6,2503.0,144.0,40662.0,8.6,Rain,0,8.0,7.99,1625.0
SM103560,2025-01-25,Prayagraj,Pickup,24.0,9,527.0,28.0,2641.0,2.9,Clear,0,8.0,6.05,774.0
SM101658,2025-11-03,Varanasi,Truck,13.7,3,2190.0,220.0,62718.0,4.8,Clear,0,6.0,5.33,1400.0
SM102102,2025-03-04,Lucknow,Mini Truck,25.2,4,1222.0,110.0,36920.0,3.7,Clear,0,7.0,4.55,983.0
SM103818,2025-08-17,Lucknow,Mini Truck,9.7,9,1493.0,90.0,11134.0,7.8,Clear,0,8.0,5.8,1072.0
SM102186,2025-04-22,Lucknow,Pickup,10.8,3,451.0,22.0,4370.0,5.5,Clear,0,5.0,4.59,404.0
SM104460,2025-02-07,Prayagraj,Pickup,35.9,4,337.0,21.0,4026.0,7.4,Clear,0,7.0,5.58,673.0
SM104239,2025-03-29,Kanpur,Pickup,7.7,8,490.0,28.0,11315.0,4.8,Clear,0,7.0,4.61,625.0
SM105601,2025-12-31,Lucknow,Pickup,24.2,6,420.0,39.0,11636.0,8.7,Clear,0,7.0,6.49,637.0
SM104960,2025-05-20,lucknow,Pickup,,8,551.0,26.0,7093.0,6.6,Clear,0,7.0,6.62,698.0
SM103134,2025-09-17,Prayagraj,Pickup,40.2,5,330.0,28.0,4857.0,5.0,Clear,0,7.0,4.92,725.0
SM104732,2025-10-06,Prayagraj,Truck,12.2,3,1647.0,203.0,22322.0,5.6,Clear,0,6.0,5.76,993.0
SM104233,2025-04-07,Prayagraj,Pickup,29.5,5,479.0,21.0,3905.0,4.9,Clear,0,7.0,5.12,653.0
SM103214,2025-07-25,Lucknow,Mini Truck,,6,1179.0,79.0,11576.0,5.8,Rain,0,6.0,5.64,678.0
SM102794,2025-01-26,Kanpur,Pickup,32.3,5,580.0,30.0,4575.0,7.7,Clear,1,7.0,5.89,706.0
SM100681,2025-02-20, LUCKNOW ,Pickup,37.4,3,539.0,38.0,7696.0,6.6,Clear,0,7.0,5.53,700.0
SM102312,2025-07-06,Prayagraj,Mini Truck,54.2,9,1209.0,55.0,7731.0,6.9,Rain,0,10.0,10.58,1500.0
SM101709,2025-03-19,Prayagraj,Mini Truck,38.6,9,1642.0,172.0,12722.0,10.0,Rain,0,9.0,9.61,1584.0
SM102298,2025-03-23,Lucknow,Mini Truck,22.6,7,1298.0,79.0,12207.0,5.7,Rain,0,8.0,6.91,1156.0
SM104773,2025-12-27, GORAKHPUR ,Pickup,21.9,10,725.0,87.0,12504.0,4.7,Fog,0,8.0,8.66,733.0
SM101261,2025-12-04,Gorakhpur,Mini Truck,7.5,12,,51.0,22399.0,7.2,Clear,0,8.0,7.13,786.0
SM104850,2025-12-05,Varanasi,Truck,31.4,7,3676.0,208.0,,8.5,Fog,0,9.0,9.67,2199.0
SM103415,2025-05-31,Lucknow,Mini Truck,37.4,6,1498.0,81.0,15885.0,5.1,Clear,0,8.0,6.52,1306.0
SM104306,2025-09-27,Lucknow,Pickup,14.8,6,407.0,19.0,3560.0,7.3,Rain,0,6.0,7.02,413.0
SM105141,2025-01-06,lucknow,Truck,10.1,6,3885.0,221.0,55402.0,3.8,Clear,0,8.0,6.71,
SM101950,2025-12-01,Lucknow,Mini Truck,19.4,10,659.0,36.0,10218.0,3.4,Clear,0,8.0,5.67,870.0
SM105364,2025-04-10,Varanasi,Mini Truck,20.8,6,912.0,42.0,13277.0,6.5,Clear,0,7.0,6.04,839.0
SM104481,2025-04-19,Gorakhpur,Mini Truck,26.6,5,850.0,85.0,30250.0,5.5,Clear,0,7.0,5.58,815.0
SM100022,2025-03-08,Allahabad,Pickup,,3,317.0,30.0,11554.0,4.8,,0,6.0,3.57,428.0
SM100735,2025-09-02,Gorakhpur,Pickup,63.2,10,480.0,44.0,10286.0,6.5,Clear,0,10.0,9.82,1278.0
SM100536,2025-06-16,Lucknow,Mini Truck,46.9,5,1402.0,86.0,10648.0,,Rain,0,8.0,6.87,1430.0
SM103971,2025-12-05, PRAYAGRAJ ,Mini Truck,34.8,7,1144.0,96.0,17545.0,7.2,,0,8.0,7.76,1182.0
SM102769,2025-12-16,Kanpur,Mini Truck,32.2,3,982.0,81.0,5344.0,5.5,Clear,0,7.0,5.99,960.0
SM101585,2025-04-26,Kanpur,Pickup,28.4,7,261.0,17.0,1806.0,5.8,Clear,0,7.0,5.74,741.0
SM103601,2025-08-11,Lucknow,Mini Truck,24.5,5,1026.0,51.0,9275.0,7.2,Clear,0,7.0,6.44,950.0
SM105089,2025-07-12,Lucknow,Mini Truck,29.1,8,1679.0,85.0,37723.0,6.5,Rain,0,8.0,7.74,1314.0
SM101349,2025-08-06,Kanpur,Pickup,33.7,3,639.0,45.0,3185.0,2.9,Clear,0,7.0,4.97,792.0
SM103125,2025-11-21,Prayagraj,Mini Truck,49.6,4,349.0,21.0,2807.0,4.3,Clear,0,8.0,5.26,1097.0
SM100866,2025-10-27, VARANASI ,Truck,27.1,6,2854.0,170.0,21335.0,4.8,Clear,0,8.0,7.31,2010.0
SM101127,2025-08-21,Prayagraj,Mini Truck,36.5,6,1053.0,82.0,35879.0,6.2,Rain,0,8.0,7.89,1155.0
SM104983,27/05/2025,Gorakhpur,Pickup,,4,559.0,23.0,7216.0,3.6,Clear,0,9.0,7.69,1089.0
SM105970,2025-09-30,Kanpur,Pickup,50.9,4,571.0,24.0,5366.0,3.7,Rain,0,8.0,6.76,935.0
SM100122,2025-08-27,Allahabad,Pickup,45.3,10,584.0,35.0,6627.0,6.2,Clear,0,9.0,8.95,1046.0
SM105940,2025-04-04,Lucknow,Truck,22.1,6,2706.0,148.0,21544.0,8.4,Clear,0,8.0,6.67,1722.0
SM102831,2025-10-18,prayagraj,Pickup,43.7,6,599.0,37.0,3996.0,1.7,Clear,0,8.0,6.41,900.0
SM105637,2025-06-08,Prayagraj,Pickup,39.3,7,359.0,38.0,7975.0,2.7,Clear,0,8.0,5.67,909.0
SM101767,2025-06-20,Varanasi,Mini Truck,40.3,6,1173.0,51.0,16637.0,4.2,Clear,0,8.0,6.06,1275.0
SM104294,2025-12-05,Varanasi,Mini Truck,26.0,1,1117.0,56.0,6891.0,7.5,Clear,0,6.0,4.38,892.0
SM105394,18/07/2025,Lucknow,Pickup,32.4,7,530.0,22.0,1792.0,7.1,Rain,0,8.0,6.72,656.0
SM105001,2025-01-13,Gorakhpur,Truck,117.8,9,4081.0,180.0,69271.0,7.0,Clear,0,14.0,13.36,4567.0
SM101607,2025-08-05,Lucknow,Truck,13.5,5,3694.0,187.0,54884.0,5.5,Rain,0,8.0,8.39,1720.0
SM102095,2025-10-12,Varanasi,Mini Truck,33.9,5,1520.0,81.0,9396.0,6.0,Clear,0,8.0,6.48,1185.0
SM105510,29/05/2025,Prayagraj,Mini Truck,38.8,11,1786.0,115.0,17000.0,6.4,Clear,0,10.0,9.09,1618.0
SM104016,09/04/2025,Prayagraj,Pickup,26.8,6,214.0,23.0,2826.0,4.3,Rain,0,7.0,6.59,631.0
SM102421,2025-10-04,Prayagraj,Mini Truck,41.0,2,927.0,52.0,6364.0,9.8,Clear,0,7.0,5.7,931.0
SM105062,2025-08-14,Varanasi,Pickup,21.4,7,521.0,23.0,6972.0,4.6,Clear,0,7.0,5.26,688.0
SM101797,2025-03-09,Prayagraj,Truck,26.3,8,3382.0,302.0,37050.0,3.7,Rain,0,9.0,10.34,
SM104100,2025-02-03,Prayagraj,Truck,27.1,7,3318.0,226.0,72625.0,2.0,Clear,0,9.0,7.04,2038.0
SM105629,2025-01-11,Kanpur,Pickup,35.9,5,295.0,29.0,10591.0,4.9,Clear,0,7.0,5.02,682.0
SM104506,2025-04-16,Gorakhpur,Pickup,30.9,2,495.0,39.0,8962.0,4.5,Clear,0,6.0,3.0,697.0
SM103597,2025-07-22,Lucknow,Pickup,45.3,5,567.0,26.0,2128.0,6.0,Clear,0,8.0,6.87,858.0
SM101506,2025-11-30,Prayagraj,Truck,61.5,7,2923.0,147.0,69428.0,6.9,Clear,0,10.0,11.1,2742.0
SM102557,2025-11-13,Prayagraj,Pickup,32.1,9,403.0,17.0,4014.0,7.1,Clear,0,8.0,6.87,821.0
SM105092,2025-01-18,Lucknow,Pickup,24.3,6,640.0,31.0,8949.0,4.5,Clear,0,7.0,6.55,673.0
SM102474,2025-02-08,Varanasi,Pickup,16.6,3,698.0,32.0,6334.0,4.4,Clear,0,6.0,2.52,462.0
SM105154,2025-10-20,Varanasi,Mini Truck,65.9,7,742.0,90.0,17996.0,4.7,Rain,1,10.0,10.54,1637.0
SM104098,2025-10-17,Lucknow,Pickup,17.1,8,285.0,12.0,1319.0,5.3,Clear,0,7.0,4.61,533.0
SM100167,2025-03-02,Lucknow,Pickup,32.5,8,471.0,21.0,2297.0,6.0,Clear,0,8.0,6.61,767.0
SM101193,2025-09-14,Kanpur,Pickup,32.5,7,693.0,65.0,26536.0,7.3,Clear,0,8.0,7.28,905.0
SM102937,2025-09-21,Prayagraj,Pickup,39.5,7,503.0,25.0,13629.0,3.6,Rain,0,8.0,6.75,855.0
SM103431,2025-10-09,Prayagraj,Truck,58.1,5,1990.0,124.0,37786.0,6.6,Clear,0,9.0,9.28,2171.0
SM103180,2025-03-23,Lucknow,Truck,36.3,7,4113.0,275.0,89661.0,5.8,Clear,0,10.0,7.53,2595.0
SM101220,2025-08-26,Lucknow,Mini Truck,,11,1417.0,64.0,8943.0,5.7,Clear,0,11.0,10.2,1974.0
SM103639,2025-08-15,Prayagraj,Pickup,,7,591.0,46.0,8405.0,6.1,Rain,0,8.0,6.96,
SM101194,2025-07-11,Lucknow,Mini Truck,10.5,11,692.0,65.0,30872.0,8.6,Clear,0,8.0,7.41,814.0
SM102627,2025-01-02,Kanpur,Pickup,,2,574.0,34.0,9160.0,5.7,Clear,0,6.0,5.43,645.0
SM102364,2025-10-05,Gorakhpur,Mini Truck,57.1,9,1172.0,84.0,11209.0,4.4,Clear,0,10.0,8.77,1660.0
SM103624,2025-10-31,Lucknow,Pickup,21.4,8,89.0,7.0,1845.0,5.4,Clear,0,7.0,4.82,642.0
SM100078,2025-07-26,Varanasi,Truck,30.1,9,4360.0,520.0,57399.0,3.0,Rain,0,10.0,9.08,2489.0
SM101698,2025-05-12,Varanasi,Truck,35.0,2,4174.0,371.0,101472.0,5.7,Clear,0,8.0,7.02,2543.0
SM104593,2025-09-23,Kanpur,Truck,42.4,9,2994.0,373.0,175164.0,2.9,Clear,0,10.0,8.11,2390.0
SM102476,2025-07-10,Lucknow,Pickup,16.8,6,571.0,41.0,9992.0,8.2,Clear,0,7.0,6.73,593.0
SM105350,2025-03-24,Gorakhpur,Truck,109.1,7,2828.0,170.0,84068.0,4.0,Clear,0,13.0,11.08,3866.0
SM103409,2025-06-22,Lucknow,Mini Truck,13.8,13,1140.0,80.0,12762.0,6.6,Clear,1,9.0,8.62,1042.0
SM105663,2025-06-14,Gorakhpur,Mini Truck,19.8,6,1336.0,61.0,12094.0,5.3,Clear,0,7.0,5.5,1081.0
SM102755,2025-11-15,Varanasi,Truck,44.6,6,2963.0,277.0,22793.0,6.1,Clear,0,9.0,8.02,2394.0
SM105407,2025-10-24,Varanasi,Pickup,24.0,6,430.0,22.0,3991.0,4.6,Clear,0,7.0,5.43,614.0
SM102190,2025-05-13,Varanasi,Mini Truck,58.8,5,1509.0,105.0,9185.0,6.4,Clear,0,9.0,8.47,1618.0
SM100370,2025-05-03,Gorakhpur,Mini Truck,100.0,8,1510.0,123.0,38007.0,4.8,Rain,0,12.0,11.33,2425.0
SM100485,2025-03-26,Kanpur,Mini Truck,46.6,10,691.0,32.0,4314.0,10.0,Clear,1,9.0,8.83,1352.0
SM105065,2025-09-10,Lucknow,Truck,48.9,7,3047.0,193.0,16694.0,5.9,Rain,0,10.0,10.79,2603.0
SM103474,2025-04-19,lucknow,Mini Truck,21.8,1,545.0,30.0,6020.0,2.8,Clear,0,5.0,2.36,537.0
SM103330,2025-08-13,Prayagraj,Truck,22.7,8,4251.0,203.0,31065.0,5.9,Rain,0,9.0,9.15,2288.0
SM100520,2025-05-11,Varanasi,Pickup,15.8,6,531.0,46.0,3651.0,6.1,Clear,0,7.0,4.66,534.0
SM100571,2025-06-01,Lucknow,Pickup,25.1,5,543.0,32.0,7285.0,,Clear,0,7.0,4.67,624.0
SM102647,2025-10-15,Lucknow,Pickup,193.0,3,683.0,60.0,9744.0,5.1,Clear,0,6.0,4.72,545.0
SM103976,2025-08-24,Kanpur,Mini Truck,26.9,6,825.0,38.0,6243.0,5.7,Clear,0,7.0,6.24,803.0
SM102281,09/05/2025,Prayagraj,Pickup,34.9,11,337.0,20.0,6731.0,2.9,Clear,0,9.0,7.08,883.0
SM101943,2025-01-11,Gorakhpur,Truck,63.6,9,3138.0,132.0,11618.0,4.7,Clear,0,11.0,10.36,2950.0
SM102816,2025-09-03,prayagraj,Mini Truck,22.4,6,1726.0,85.0,28061.0,8.8,Rain,0,8.0,7.06,1241.0
SM100947,2025-02-18,Lucknow,Pickup,20.9,7,,5.0,611.0,4.6,Clear,0,7.0,5.3,503.0
SM103119,2025-11-13,Lucknow,Truck,24.2,6,3986.0,161.0,18813.0,4.0,Clear,0,9.0,7.11,2132.0
SM105895,2025-10-19,Lucknow,Pickup,25.8,6,590.0,63.0,7833.0,7.4,Rain,1,7.0,6.84,704.0
SM102356,2025-05-31,Varanasi,Pickup,66.8,3,,17.0,6896.0,6.2,Clear,0,8.0,6.29,1019.0
SM104632,2025-04-11,Gorakhpur,Mini Truck,65.3,5,1181.0,92.0,11097.0,7.4,Clear,0,9.0,7.58,1620.0
SM105605,2025-01-23,Prayagraj,Truck,30.5,6,1941.0,115.0,33651.0,4.4,Fog,0,8.0,8.31,1739.0
SM101489,2025-07-05,Varanasi,Truck,21.9,7,2458.0,116.0,15224.0,3.2,,0,8.0,5.34,1636.0
SM104750,2025-01-15,Kanpur,Pickup,13.7,3,619.0,38.0,7664.0,6.5,Clear,0,6.0,3.63,485.0
SM105718,2025-01-03,Varanasi,Mini Truck,43.4,6,893.0,46.0,13846.0,5.9,Clear,1,8.0,9.21,1234.0
SM103954,2025-08-05,Varanasi,Mini Truck,18.0,5,1467.0,99.0,19682.0,5.7,Rain,0,7.0,6.52,1013.0
SM101096,2025-11-01,Varanasi,Mini Truck,37.2,5,1490.0,110.0,9593.0,4.1,Clear,0,8.0,5.98,1309.0
SM102124,2025-09-30,Varanasi,Mini Truck,37.4,10,1824.0,80.0,14772.0,2.2,Rain,0,10.0,7.13,1546.0
SM104252,2025-12-24,Kanpur,Truck,23.9,12,2224.0,237.0,39910.0,4.1,Clear,0,10.0,9.68,1792.0
SM103445,2025-09-17,Lucknow,Pickup,25.9,6,390.0,43.0,8289.0,7.4,Rain,0,7.0,7.62,632.0
SM102655,2025-07-26,Lucknow,Truck,21.0,9,3192.0,387.0,58349.0,6.0,Rain,0,9.0,7.96,1952.0
SM105102,2025-03-30,Kanpur,Pickup,19.5,8,377.0,30.0,7200.0,5.7,Clear,0,7.0,6.05,587.0
SM103900,2025-07-09,Prayagraj,Pickup,37.5,7,683.0,44.0,22277.0,7.4,Rain,0,8.0,7.86,880.0
SM103970,2025-06-24,Kanpur,Truck,69.7,4,4523.0,316.0,82151.0,5.0,Clear,0,11.0,9.07,3486.0
SM104715,2025-07-02,Lucknow,Pickup,13.2,6,361.0,28.0,4630.0,7.4,Clear,0,6.0,5.6,479.0
SM102824,2025-08-14,Prayagraj,Mini Truck,43.8,6,609.0,33.0,12328.0,6.5,Clear,0,8.0,7.58,1079.0
SM100510,30/12/2025,Gorakhpur,Mini Truck,,10,1445.0,73.0,7305.0,3.9,Rain,0,10.0,7.99,1761.0
SM101861,2025-04-19, GORAKHPUR ,Truck,54.4,6,3592.0,303.0,39473.0,3.4,Clear,0,10.0,9.33,2699.0
SM100446,2025-04-25,Varanasi,Truck,63.2,6,4289.0,184.0,53779.0,7.3,Clear,0,11.0,10.56,3286.0
SM101359,14/05/2025,Kanpur,Truck,26.6,4,,159.0,28327.0,3.5,Clear,0,8.0,7.32,1673.0
SM101107,2025-11-28,Kanpur,Pickup,19.4,11,465.0,36.0,4038.0,4.7,Rain,0,8.0,7.09,660.0
SM100533,2025-04-14,Lucknow,Truck,7.8,5,,123.0,19254.0,5.7,Rain,0,6.0,6.37,905.0
SM104671,2025-09-09,Lucknow,Mini Truck,71.2,5,856.0,41.0,4227.0,4.7,Rain,0,9.0,9.23,1682.0
SM103252,2025-02-27, PRAYAGRAJ ,Pickup,31.8,7,534.0,40.0,12159.0,5.4,Clear,0,8.0,5.98,696.0
SM102426,2025-02-27,Gorakhpur,Pickup,17.8,6,476.0,26.0,4438.0,5.8,Clear,0,7.0,5.29,512.0
SM103444,2025-12-02,Lucknow,Mini Truck,20.0,7,1644.0,82.0,12115.0,6.1,Clear,0,8.0,6.83,1133.0
SM102168,2025-12-08,Lucknow,Mini Truck,18.8,5,1266.0,62.0,38541.0,5.0,Clear,0,7.0,5.87,933.0
SM102668,2025-01-28,varanasi,Mini Truck,9.0,2,1334.0,79.0,14191.0,5.6,Fog,0,5.0,4.78,620.0
SM100413,2025-02-18,Lucknow,Pickup,,3,659.0,41.0,4165.0,5.3,Clear,0,6.0,5.37,675.0
SM105522,2025-10-02,Gorakhpur,Pickup,67.6,4,220.0,15.0,2883.0,5.6,Clear,1,8.0,8.23,940.0
SM105739,2025-01-14,Varanasi,Pickup,20.5,9,408.0,40.0,3483.0,4.7,Clear,1,8.0,7.91,733.0
SM103313,2025-03-24,Lucknow,Pickup,34.4,6,553.0,25.0,8021.0,5.9,Clear,0,8.0,5.82,753.0
SM105493,2025-03-17,Gorakhpur,Pickup,37.1,9,367.0,15.0,745.0,3.0,Clear,0,9.0,6.82,806.0
SM102176,2025-02-08,Lucknow,Pickup,41.9,13,470.0,26.0,3352.0,4.4,Fog,0,10.0,9.65,1007.0
SM105491,2025-10-13,Gorakhpur,Mini Truck,41.7 km,5,1091.0,81.0,10815.0,4.1,Clear,0,8.0,6.64,1057.0
SM105863,2025-03-17,Varanasi,Mini Truck,49.5,5,907.0,49.0,26954.0,5.1,Clear,0,8.0,5.72,1257.0
SM102731,2025-07-10,gorakhpur,Truck,73.0,6,3666.0,166.0,67030.0,8.4,Rain,0,11.0,10.69,3341.0
SM103729,2025-08-22,Varanasi,Truck,55.5,10,4056.0,317.0,37701.0,6.0,Clear,0,12.0,9.94,3051.0
SM101730,12/10/2025,Prayagraj,Truck,18.4,2,2244.0,127.0,21669.0,7.7,Clear,0,6.0,4.77,1382.0
SM103602,2025-02-26,Lucknow,Mini Truck,20.9,5,914.0,46.0,16093.0,6.6,Rain,0,7.0,7.0,795.0
SM105459,2025-11-22,Varanasi,Mini Truck,113.9,4,1190.0,50.0,9976.0,9.2,Clear,0,11.0,10.17,2485.0
SM101002,2025-07-23,Kanpur,Pickup,9.5,7,634.0,36.0,4393.0,7.7,Clear,0,7.0,5.11,554.0
SM105600,2025-05-03,Varanasi,Pickup,109.2,4,678.0,27.0,2742.0,10.0,Clear,1,11.0,12.14,1492.0
SM104049,2025-06-16,Prayagraj,Pickup,47.9,6,599.0,36.0,17653.0,5.5,Clear,0,8.0,7.95,997.0
SM105641,2025-04-16,Gorakhpur,Truck,202.3 km,7,2654.0,259.0,64147.0,5.4,Clear,0,17.0,16.27,6033.0
SM104806,2025-06-20,Kanpur,Mini Truck,36.7,7,818.0,59.0,7359.0,9.2,Rain,0,8.0,8.25,1090.0
SM100883,2025-02-26,Prayagraj,Truck,48.6,8,3770.0,232.0,24974.0,4.8,Clear,0,10.0,8.34,2576.0
SM102736,2025-07-29,Varanasi,Mini Truck,,8,1731.0,189.0,9687.0,4.9,Rain,0,8.0,7.6,1185.0
SM104012,2025-09-09,Lucknow,Mini Truck,48.4,5,1342.0,146.0,20632.0,3.8,Clear,0,8.0,7.51,1407.0
SM101688,09/12/2025,Kanpur,Mini Truck,22.1,4,1147.0,54.0,27399.0,3.0,Fog,0,7.0,6.24,1002.0
SM101347,2025-09-13,Kanpur,Mini Truck,23.8,5,1283.0,52.0,8452.0,6.9,Clear,0,7.0,6.17,1047.0
SM100680,2025-09-22,Kanpur,Truck,44.9,4,3574.0,167.0,36769.0,4.4,Clear,0,9.0,7.83,2368.0
SM101708,2025-03-30,Lucknow,Pickup,12.1,6,439.0,18.0,6740.0,7.3,Clear,0,6.0,6.27,464.0
SM104727,2025-11-20,Lucknow,Truck,29.2,7,2614.0,267.0,131336.0,5.3,Clear,0,9.0,7.36,1852.0
SM100160,2025-12-30,Gorakhpur,Mini Truck,62.6,5,535.0,31.0,4485.0,6.3,Rain,0,9.0,7.14,1446.0
SM100670,2025-12-14,Prayagraj,Pickup,29.8,7,486.0,27.0,16237.0,4.4,Fog,0,8.0,7.91,696.0
SM101266,21/01/2025,Prayagraj,Truck,34.1,5,2100.0,91.0,9907.0,8.4,Fog,0,8.0,8.62,1628.0
SM100353,2025-06-08,Prayagraj,Mini Truck,20.4,2,1101.0,72.0,30571.0,4.9,Rain,0,6.0,5.34,902.0
SM104655,2025-03-14,Kanpur,Truck,38.7,5,3056.0,228.0,43258.0,9.5,Clear,1,9.0,9.58,2136.0
SM102495,2025-03-16,Lucknow,Truck,49.0,4,3160.0,242.0,53260.0,5.9,Clear,0,9.0,8.48,2403.0
SM104824,2025-07-02,gorakhpur,Pickup,42.2,4,343.0,14.0,5751.0,4.8,Rain,0,7.0,6.59,798.0
SM102679,2025-05-17,Prayagraj,Mini Truck,22.6,3,1127.0,87.0,31735.0,4.8,,0,6.0,6.33,806.0
SM101551,2025-11-08,Varanasi,Truck,14.4,6,1478.0,68.0,7770.0,5.9,Rain,0,7.0,8.17,1047.0
SM102325,2025-10-28,Lucknow,Pickup,40.9,7,308.0,19.0,2314.0,8.4,Clear,0,8.0,7.95,832.0
SM102852,2025-02-11,Lucknow,Mini Truck,36.1,4,1112.0,73.0,6627.0,5.2,Clear,0,7.0,6.12,1027.0
SM105809,2025-05-19,Gorakhpur,Truck,81.8,2,2657.0,131.0,12559.0,3.1,Clear,0,10.0,7.74,2948.0
SM104684,2025-07-08,Lucknow,Pickup,25.3,7,614.0,26.0,9376.0,6.0,Rain,0,7.0,6.98,793.0
SM105540,2025-04-14,Lucknow,Truck,46.3,5,,142.0,28278.0,,Clear,0,8.0,9.03,1846.0
SM104072,2025-11-01,Prayagraj,Mini Truck,17.1,9,1502.0,97.0,16790.0,3.6,Clear,0,8.0,4.2,1199.0
SM104352,2025-07-21, GORAKHPUR ,Truck,24.9,10,2491.0,106.0,31286.0,,Rain,0,9.0,9.42,1781.0
SM101365,2025-01-07,Lucknow,Mini Truck,18.5,5,1302.0,55.0,19690.0,6.0,Fog,0,7.0,8.05,943.0
SM103097,2025-04-25,Varanasi,Mini Truck,18.0,2,934.0,84.0,29753.0,7.5,Rain,0,6.0,6.73,602.0
SM102225,2025-08-15,Prayagraj,Pickup,47.4,5,400.0,42.0,12579.0,1.8,Clear,0,8.0,6.56,782.0
SM105177,2025-06-14,Varanasi,Mini Truck,65.2,9,1106.0,129.0,38114.0,6.6,Clear,0,10.0,9.01,1748.0
SM103803,2025-01-08, PRAYAGRAJ ,Pickup,31.9,7,544.0,23.0,,8.7,Fog,0,8.0,8.75,717.0
SM100363,2025-11-23,Varanasi,Mini Truck,30.0,5,358.0,19.0,3661.0,4.8,Clear,0,7.0,4.89,815.0
SM102601,2025-03-20,Lucknow,Mini Truck,23.4,5,1256.0,129.0,47697.0,99.0,Clear,0,7.0,5.68,1086.0
SM102081,2025-02-03,Varanasi,Truck,17.0,4,4841.0,281.0,38585.0,6.5,Clear,0,8.0,6.8,2314.0
SM103357,2025-11-16,Gorakhpur,Pickup,,6,581.0,44.0,5328.0,3.1,Clear,0,9.0,6.99,1012.0
SM102359,2025-03-18,Kanpur,Truck,24.8,7,3241.0,203.0,33478.0,5.0,Clear,0,9.0,7.7,1902.0
SM102333,2025-10-28,Lucknow,Pickup,20.4,6,448.0,19.0,3956.0,7.0,Clear,0,7.0,5.67,686.0
SM105160,2025-05-20,Prayagraj,Truck,19.1,5,2489.0,125.0,14924.0,3.1,Clear,0,7.0,7.01,1402.0
SM100614,2025-09-08,Varanasi,Mini Truck,32.2,7,1482.0,164.0,27803.0,3.8,Fog,0,8.0,8.9,1265.0
SM101760,21/05/2025,Prayagraj,Mini Truck,31.0,4,1438.0,58.0,7308.0,7.5,Clear,0,7.0,5.65,1160.0
SM100091,2025-10-21,Gorakhpur,Mini Truck,45.9,3,548.0,53.0,17008.0,6.9,Clear,1,7.0,8.22,1017.0
SM101644,2025-02-18,Lucknow,Mini Truck,22.3,5,1326.0,90.0,28129.0,6.5,Clear,0,7.0,5.34,1149.0
SM105082,2025-01-01,Lucknow,Mini Truck,12.7,4,803.0,82.0,12375.0,5.6,Rain,1,6.0,6.82,648.0
SM102570,2025-10-20,Lucknow,Mini Truck,47.5,7,1323.0,96.0,10336.0,5.7,Clear,1,9.0,6.89,1521.0
SM102563,2025-05-30,Lucknow,Mini Truck,30.7,7,1090.0,74.0,38172.0,7.7,Clear,0,8.0,6.97,1103.0
SM101964,2025-10-26,Lucknow,Pickup,14.4,4,422.0,35.0,5907.0,4.1,Clear,0,6.0,4.43,427.0
SM103308,2025-01-09,Prayagraj,Truck,21.5,5,3574.0,235.0,15582.0,5.4,Fog,0,8.0,8.5,1962.0
SM103933,2025-09-24,Varanasi,Truck,33.7,4,3542.0,267.0,80249.0,8.0,Rain,0,8.0,9.27,2187.0
SM104937,2025-08-04,Lucknow,Mini Truck,27.0,8,1508.0,91.0,18784.0,5.2,Clear,0,8.0,6.22,1228.0
SM102001,2025-01-23,Varanasi,Mini Truck,42.3,6,1526.0,108.0,17163.0,4.9,Clear,0,8.0,6.7,1390.0
SM102553,2025-03-12,Lucknow,Pickup,38.3,8,340.0,39.0,7737.0,5.6,Clear,0,8.0,6.62,865.0
SM104089,2025-12-25,Prayagraj,Mini Truck,35.8,10,1409.0,63.0,12553.0,2.6,Clear,0,9.0,7.86,1429.0
SM102966,2025-03-29,Kanpur,Mini Truck,24.6,7,413.0,45.0,10446.0,8.1,Rain,0,7.0,7.58,862.0
SM104466,2025-10-19,Lucknow,Truck,26.7,9,3328.0,250.0,44388.0,4.9,Clear,0,9.0,8.39,2036.0
SM101661,2025-08-11,Gorakhpur,Truck,91.3,5,,182.0,21314.0,3.7,Clear,0,12.0,11.36,3802.0
SM102401,2025-07-26,Lucknow,Mini Truck,31.0,4,1305.0,99.0,17084.0,5.0,Clear,0,7.0,5.03,1094.0
SM105467,02/05/2025,prayagraj,Mini Truck,35.5,4,1526.0,66.0,11285.0,5.7,Clear,0,7.0,5.98,1168.0
SM100142,2025-04-11,Gorakhpur,Pickup,34.7,8,523.0,22.0,3873.0,7.1,Rain,0,8.0,7.03,849.0
SM103091,2025-05-24,Lucknow,Mini Truck,16.9,8,958.0,92.0,21630.0,3.1,Clear,0,7.0,4.69,826.0
SM103197,2025-10-24,Lucknow,Pickup,19.7,2,641.0,28.0,13750.0,6.8,Clear,0,6.0,5.39,504.0
SM104232,2025-08-09,lucknow,Pickup,30.6,4,422.0,20.0,4593.0,3.0,Rain,1,7.0,5.62,615.0
SM100258,2025-03-05,Varanasi,Pickup,23.3,10,500.0,34.0,4531.0,5.8,Clear,0,8.0,7.14,835.0
SM101496,2025-07-21,Prayagraj,Mini Truck,42.6,6,1189.0,87.0,23310.0,7.4,Clear,0,8.0,5.54,1388.0
SM101602,2025-10-29,Gorakhpur,Truck,15.6,5,3593.0,154.0,27019.0,7.2,Fog,0,8.0,8.54,1867.0
SM105842,2025-07-22,Lucknow,Mini Truck,30.5,7,928.0,48.0,12413.0,4.4,Clear,0,8.0,6.3,1019.0
SM102741,2025-02-05,Varanasi,Mini Truck,74.6,7,1396.0,75.0,21431.0,2.8,Clear,0,10.0,7.76,1955.0
SM102375,2025-12-28,Varanasi,Mini Truck,27.6,4,1092.0,77.0,32756.0,2.2,Clear,0,7.0,4.44,962.0
SM103555,2025-06-13,Prayagraj,Truck,54.6,7,2320.0,245.0,78544.0,7.5,Clear,0,10.0,8.71,2470.0
SM100649,2025-11-06,Kanpur,Pickup,16.2,10,750.0,31.0,3262.0,6.3,Clear,0,8.0,6.31,813.0
SM102323,2025-08-27,Lucknow,Pickup,17.8,6,472.0,27.0,2771.0,7.1,Rain,0,7.0,6.4,647.0
SM105083,2025-06-09,Varanasi,Mini Truck,,5,1366.0,59.0,,3.9,Clear,0,9.0,6.07,1518.0
SM103751,2025-10-19,Lucknow,Pickup,41.5,6,588.0,24.0,19728.0,4.1,Clear,0,8.0,6.65,932.0
SM100970,2025-04-20,Gorakhpur,Pickup,52.5,8,663.0,30.0,15620.0,2.8,Rain,0,9.0,7.22,1177.0
SM103884,2025-03-01,Gorakhpur,Truck,35.7,9,3837.0,224.0,79030.0,3.3,Rain,0,10.0,9.25,2584.0
SM105559,2025-02-19,Kanpur,Truck,19.2,9,3872.0,182.0,12344.0,3.8,Fog,0,9.0,9.09,2154.0
SM103072,2025-03-29,Lucknow,Truck,10.6,5,2365.0,104.0,23497.0,4.4,Clear,0,7.0,5.44,1096.0
SM101305,2025-09-03,Lucknow,Truck,11.2,6,3179.0,174.0,33680.0,6.1,Clear,0,8.0,7.56,1539.0
SM105797,2025-08-16,Varanasi,Pickup,43.3,8,417.0,17.0,3288.0,5.6,Clear,1,9.0,6.98,1001.0
SM104487,2025-04-03,Lucknow,Pickup,38.0,7,,19.0,2586.0,6.2,Clear,1,8.0,8.69,815.0
SM104846,2025-11-02,Prayagraj,Truck,20.2,4,4260.0,351.0,147964.0,6.4,Clear,0,8.0,8.23,2124.0
SM103090,2025-05-06,lucknow,Mini Truck,16.2,7,640.0,28.0,12769.0,9.3,Clear,1,7.0,6.95,697.0
SM103724,2025-01-04,Prayagraj,Truck,22.8,6,1307.0,129.0,47350.0,3.0,Clear,0,7.0,6.31,1256.0
SM103007,2025-06-05,Kanpur,Mini Truck,20.6,7,1206.0,111.0,64417.0,6.1,Clear,0,7.0,5.16,979.0
SM105457,2025-05-24,Gorakhpur,Mini Truck,53.5,8,1745.0,72.0,24151.0,7.2,Clear,0,10.0,8.82,1824.0
SM103565,2025-04-06,Varanasi,Mini Truck,81.4,10,1452.0,67.0,11599.0,7.1,Clear,0,12.0,10.51,2148.0
SM104844,2025-10-02,Lucknow,Pickup,65.9,9,458.0,39.0,23848.0,8.7,Clear,1,10.0,9.55,1234.0
SM104756,2025-07-29,lucknow,Pickup,30.3,3,405.0,35.0,20056.0,3.1,Rain,0,6.0,5.42,459.0
SM102284,2025-09-06,Lucknow,Mini Truck,21.4,10,1708.0,200.0,46537.0,3.3,Rain,0,9.0,8.14,1270.0
SM102500,2025-09-13,lucknow,Truck,29.3,2,,157.0,20369.0,6.0,Rain,0,7.0,7.66,1635.0
SM101782,2025-01-09,Gorakhpur,Mini Truck,43.2,9,1229.0,56.0,14679.0,8.6,Fog,0,9.0,9.82,1495.0
SM101363,15/03/2025,Gorakhpur,Pickup,57.7,8,284.0,12.0,3653.0,,Clear,0,9.0,6.89,1005.0
SM101468,2025-10-11,Gorakhpur,Mini Truck,39.1,9,1138.0,46.0,19302.0,5.2,Clear,0,9.0,7.48,
SM104945,2025-09-22,Lucknow,Truck,,7,2770.0,344.0,42852.0,7.3,Clear,0,9.0,7.64,2041.0
SM103056,2025-10-20,Lucknow,Truck,26.1,9,3546.0,204.0,178913.0,6.9,Clear,1,10.0,10.14,2139.0
SM101945,2025-02-13,Kanpur,Mini Truck,15.7,3,774.0,52.0,6855.0,7.5,Clear,0,6.0,5.95,590.0
SM105885,2025-10-25,Lucknow,Truck,13.7,5,,102.0,38154.0,3.9,Clear,0,7.0,7.12,1367.0
SM105185,2025-08-27,Gorakhpur,Pickup,132.8,7,459.0,22.0,14384.0,6.5,Fog,0,13.0,13.32,1879.0
SM100270,2025-04-18,Gorakhpur,Mini Truck,139.0,2,834.0,52.0,8901.0,6.1,Clear,0,5.0,4.69,599.0
SM101008,2025-09-25,Lucknow,Truck,18.8,1,3137.0,176.0,71235.0,5.0,Rain,0,6.0,7.03,1604.0
SM105554,2025-07-22,Kanpur,Mini Truck,41.5,6,680.0,53.0,11468.0,3.3,Clear,0,8.0,6.22,1135.0
SM101696,2025-06-21,Prayagraj,Truck,22.1,6,3420.0,260.0,45208.0,5.5,Clear,0,8.0,8.31,1911.0
SM105802,2025-06-09,Lucknow,Pickup,24.9,3,611.0,75.0,14024.0,5.6,Clear,0,6.0,5.75,609.0
SM102449,2025-03-04,Prayagraj,Pickup,31.0,8,266.0,15.0,2983.0,6.2,Clear,0,8.0,6.78,800.0
SM101911,2025-11-21,Prayagraj,Mini Truck,47.0,7,1157.0,55.0,6920.0,9.2,Rain,0,9.0,8.27,1522.0
SM104195,2025-06-30,Gorakhpur,Pickup,48.1,8,443.0,34.0,19410.0,6.7,Clear,0,9.0,8.52,938.0
SM101819,2025-04-18,Varanasi,Pickup,24.8,8,563.0,32.0,5610.0,5.6,Clear,0,8.0,6.54,751.0
SM100406,2025-06-08,prayagraj,Truck,50.1,6,2717.0,139.0,11576.0,4.3,Clear,0,9.0,9.73,2310.0
SM101805,17/01/2025,Kanpur,Mini Truck,20.6,11,749.0,63.0,11453.0,8.2,Fog,0,9.0,8.79,900.0
SM105625,2025-09-11,Lucknow,Pickup,52.3,5,268.0,20.0,1897.0,5.9,Rain,0,8.0,7.57,929.0
SM103262,2025-09-28,Lucknow,Mini Truck,35.4,7,1335.0,95.0,19318.0,3.7,Rain,0,8.0,6.57,1233.0
SM102933,2025-06-08,Lucknow,Truck,36.5,3,2411.0,103.0,17842.0,7.0,Rain,0,8.0,8.61,1848.0
SM103704,2025-12-11,Prayagraj,Pickup,13.8,1,595.0,24.0,3687.0,6.4,Clear,0,5.0,3.72,372.0
SM104881,2025-12-31,Lucknow,Pickup,28.0,7,485.0,27.0,16152.0,5.5,Fog,0,7.0,7.42,673.0
SM103808,2025-07-09,Prayagraj,Pickup,30.8,8,392.0,18.0,1640.0,6.9,Rain,0,8.0,7.16,726.0
SM105437,2025-01-05,Kanpur,Mini Truck,28.6,4,923.0,81.0,14509.0,2.6,Fog,0,7.0,5.66,772.0
SM105392,2025-10-20, PRAYAGRAJ ,Truck,26.9,4,4124.0,325.0,88584.0,4.5,Clear,1,8.0,7.74,2176.0
SM105673,2025-08-26,Lucknow,Truck,23.6,8,2380.0,166.0,17424.0,5.4,Rain,0,9.0,9.11,1665.0
SM105099,2025-04-18,Gorakhpur,Mini Truck,,6,559.0,23.0,5296.0,5.8,Clear,0,10.0,7.71,1757.0
SM103186,2025-10-07,Varanasi,Pickup,34.0,5,377.0,21.0,4829.0,6.6,Clear,0,7.0,5.67,581.0
SM103479,2025-10-12,Prayagraj,Pickup,31.7,6,397.0,21.0,5666.0,6.7,Fog,0,7.0,9.04,790.0
SM101544,2025-03-26,Prayagraj,Mini Truck,33.8,4,1318.0,90.0,6548.0,5.2,Clear,0,7.0,6.07,1099.0
SM100463,2025-06-02,Prayagraj,Mini Truck,32.0,3,863.0,84.0,13251.0,6.0,Rain,0,7.0,7.13,1049.0
SM101223,2025-08-27,Lucknow,Mini Truck,16.0,6,1005.0,44.0,14435.0,5.1,Rain,0,7.0,5.7,711.0
SM105309,2025-06-15,Gorakhpur,Mini Truck,38.5,5,735.0,90.0,7548.0,4.8,Clear,0,7.0,5.69,1209.0
SM104924,2025-05-01,Kanpur,Mini Truck,34.3,6,1442.0,123.0,63492.0,5.3,Clear,0,8.0,5.7,1319.0
SM103576,2025-08-24,Prayagraj,Pickup,41.1,12,450.0,20.0,2798.0,3.6,Rain,0,10.0,9.4,1117.0
SM103247,2025-02-02,Gorakhpur,Truck,63.1,5,1625.0,80.0,8000.0,2.7,Clear,0,9.0,6.71,2334.0
SM101091,2025-06-13,Kanpur,Mini Truck,65.9,3,754.0,76.0,20087.0,5.5,Clear,0,8.0,6.3,1376.0
SM100691,2025-10-18,Varanasi,Truck,,6,3946.0,199.0,57194.0,99.0,Clear,0,9.0,8.11,2273.0
SM101241,2025-10-11,Kanpur,Mini Truck,34.4,7,679.0,46.0,9944.0,3.3,Clear,0,8.0,5.23,1035.0
SM100103,2025-01-03,Kanpur,Pickup,10.0,7,296.0,13.0,2261.0,8.4,Fog,0,6.0,7.75,509.0
SM104474,2025-11-07,Prayagraj,Truck,48.9,5,3074.0,125.0,17643.0,1.0,Clear,0,9.0,7.08,2397.0
SM101631,2025-11-24,Prayagraj,Pickup,64.9,6,419.0,19.0,2002.0,5.5,Clear,0,9.0,7.62,1088.0
SM104197,2025-02-15,Gorakhpur,Mini Truck,52.0,7,,93.0,23641.0,6.1,Clear,0,9.0,8.42,1560.0
SM100683,2025-12-16,Prayagraj,Pickup,36.0,3,142.0,8.0,5262.0,4.1,Fog,0,6.0,5.97,509.0
SM103511,2025-07-31,lucknow,Mini Truck,11.2,10,1120.0,68.0,9880.0,5.2,Rain,0,8.0,8.33,916.0
SM103882,2025-07-29,Prayagraj,Mini Truck,34.5,5,1302.0,68.0,12402.0,7.0,Rain,0,8.0,7.92,1255.0
SM104242,2025-10-28,Varanasi,Truck,,6,2579.0,247.0,52702.0,5.8,Clear,0,10.0,8.74,2547.0
SM101118,2025-09-21,Prayagraj,Pickup,74.2,7,348.0,18.0,5320.0,6.1,Rain,0,10.0,9.84,1191.0
SM100597,2025-10-12, GORAKHPUR ,Pickup,68.1,7,211.0,11.0,3552.0,5.0,Rain,0,9.0,7.44,1101.0
SM103459,2025-05-25,varanasi,Mini Truck,48.7,4,694.0,58.0,9775.0,3.4,Clear,0,8.0,6.4,1313.0
SM102580,2025-05-21,Varanasi,Mini Truck,22.5,5,1214.0,66.0,13606.0,8.7,Clear,0,7.0,6.68,928.0
SM104432,2025-11-24,Varanasi,Truck,45.3,6,3656.0,372.0,79766.0,7.4,Clear,0,10.0,8.84,2592.0
SM104906,2025-04-15,Varanasi,Mini Truck,18.3,9,1468.0,98.0,13209.0,6.3,Clear,0,8.0,6.4,1065.0
SM102818,2025-02-16,Prayagraj,Truck,16.8,5,2099.0,189.0,93617.0,10.0,Clear,0,7.0,7.82,1200.0
SM102695,2025-05-16, PRAYAGRAJ ,Pickup,26.0,5,300.0,25.0,3409.0,3.0,Clear,0,7.0,3.82,607.0
SM105147,2025-10-29,Lucknow,Mini Truck,15.9,6,1317.0,86.0,20879.0,6.1,Clear,0,7.0,5.94,915.0
SM103340,2025-07-17,Kanpur,Mini Truck,55.1,7,967.0,81.0,28718.0,4.6,Rain,0,9.0,8.38,1466.0
SM102080,2025-10-29,Lucknow,Mini Truck,45.2,4,1835.0,171.0,24399.0,5.8,Clear,0,8.0,6.25,1456.0
SM100199,2025-12-18,Gorakhpur,Truck,73.0,3,3606.0,271.0,72197.0,4.5,Fog,0,10.0,9.79,3157.0
SM105421,2025-12-21,Kanpur,Pickup,23.6,2,530.0,26.0,11724.0,5.5,Fog,0,6.0,6.83,533.0
SM104723,2025-01-19,Prayagraj,Truck,,4,3231.0,284.0,146111.0,5.8,Clear,0,7.0,6.02,1732.0
SM102121,2025-12-14,Prayagraj,Truck,34.5,4,3169.0,306.0,53951.0,6.3,Clear,0,8.0,8.13,1969.0
SM100323,2025-12-01,Kanpur,Mini Truck,30.7,4,652.0,32.0,21963.0,6.2,Fog,0,7.0,7.56,999.0
SM101813,2025-06-30,Gorakhpur,Pickup,49.9,4,443.0,37.0,5005.0,7.3,Clear,0,8.0,6.88,895.0
SM102350,2025-07-16,Gorakhpur,Pickup,99.1,5,444.0,29.0,14212.0,5.1,Rain,0,10.0,9.19,1453.0
SM100039,2025-08-19,Varanasi,Mini Truck,27.6,10,1417.0,87.0,19983.0,3.2,Rain,0,9.0,7.67,1333.0
SM102672,2025-11-07,Prayagraj,Truck,12.7,7,3620.0,200.0,34244.0,5.7,Clear,0,8.0,8.12,1826.0
SM100068,2025-01-28,Kanpur,Pickup,21.1,5,384.0,16.0,2971.0,4.5,Clear,0,6.0,5.34,493.0
SM102410,2025-07-13,Lucknow,Mini Truck,34.8,5,1792.0,76.0,23002.0,5.7,Clear,0,8.0,7.1,1427.0
SM102182,2025-08-10,Lucknow,Mini Truck,13.9,9,,49.0,12045.0,4.1,Rain,0,8.0,6.54,762.0
SM105740,2025-10-01,Lucknow,Truck,75.0,10,2098.0,206.0,36039.0,4.6,Clear,0,12.0,11.18,2895.0
SM103531,2025-01-27,Gorakhpur,Pickup,40.2,8,605.0,31.0,7707.0,5.6,Rain,0,8.0,7.08,935.0
SM100679,2025-12-08,Lucknow,Pickup,32.2,8,751.0,33.0,16043.0,3.4,Clear,0,8.0,6.36,946.0
SM105320,2025-04-25,Lucknow,Truck,56.4,5,4511.0,473.0,61812.0,4.9,Clear,0,10.0,8.89,3141.0
SM105068,2025-01-13,Lucknow,Pickup,30.0,7,481.0,22.0,4359.0,8.4,Clear,0,8.0,6.98,733.0
SM103693,2025-04-30,Kanpur,Truck,45.4,7,2579.0,105.0,17567.0,7.1,Rain,0,9.0,8.33,
SM104982,2025-03-10,Gorakhpur,Mini Truck,23.2,6,725.0,44.0,4474.0,,,0,7.0,6.3,812.0
SM102202,2025-01-15,Lucknow,Mini Truck,22.3,6,797.0,47.0,3933.0,9.0,Fog,0,7.0,9.4,929.0
SM102528,01/02/2025,gorakhpur,Truck,24.6,6,3846.0,168.0,37179.0,2.9,Clear,0,9.0,7.02,2197.0
SM103281,2025-10-03,Lucknow,Mini Truck,17.2,6,839.0,45.0,15186.0,7.2,Clear,0,7.0,5.14,843.0
SM104930,2025-01-06,Prayagraj,Pickup,33.8,12,585.0,34.0,11264.0,6.3,Clear,0,9.0,8.26,1055.0
SM100365,2025-07-09,Prayagraj,Truck,49.3,2,,94.0,37824.0,2.8,Clear,0,8.0,6.96,1786.0
SM100733,2025-10-10,Varanasi,Mini Truck,89.8,7,1315.0,81.0,17537.0,6.3,Rain,0,11.0,10.05,1992.0
SM104406,2025-04-05,Gorakhpur,Truck,72.3,6,2509.0,145.0,38416.0,4.4,Clear,0,10.0,9.38,2900.0
SM102341,2025-05-24,Lucknow,Mini Truck,69.0,10,955.0,48.0,4315.0,4.1,Clear,0,11.0,8.33,1934.0
SM102071,2025-08-25,Prayagraj,Truck,17.2,6,1853.0,116.0,10007.0,1.0,Rain,0,7.0,5.88,1344.0
SM105314,2025-05-30,Lucknow,Pickup,37.5,9,553.0,28.0,5491.0,6.0,Rain,0,9.0,8.55,986.0
SM100954,2025-10-14,Lucknow,Truck,25.3,4,3776.0,346.0,31777.0,5.9,Clear,0,8.0,6.9,2081.0
SM102673,2025-03-10,Varanasi,Truck,44.7,7,2850.0,125.0,14467.0,,Clear,1,9.0,10.26,2352.0
SM100287,2025-07-28,Allahabad,Pickup,57.0,3,376.0,34.0,6195.0,4.0,Clear,0,8.0,5.15,860.0
SM103226,2025-07-31,Prayagraj,Mini Truck,9.3,7,1439.0,62.0,6305.0,,Clear,0,7.0,5.07,1041.0
SM103031,2025-04-10,Prayagraj,Pickup,49.5,8,196.0,8.0,1702.0,2.1,Clear,0,9.0,6.09,941.0
SM103064,2025-09-16,Prayagraj,Pickup,44.6,6,523.0,22.0,4907.0,7.0,Rain,0,8.0,8.75,804.0
SM105951,27/10/2025,Prayagraj,Pickup,45.5,4,311.0,14.0,1770.0,6.2,Clear,0,7.0,6.39,673.0
SM102549,2025-02-16,Prayagraj,Pickup,42.3,4,735.0,33.0,6275.0,5.2,Clear,0,7.0,5.52,920.0
SM102167,2025-11-04,Kanpur,Mini Truck,21.4,7,1161.0,77.0,12133.0,5.8,Clear,0,7.0,6.31,905.0
SM101388,2025-11-22,kanpur,Truck,19.2,6,3880.0,163.0,31308.0,7.2,Clear,0,8.0,8.0,2062.0
SM102745,2025-05-28,Lucknow,Truck,8.4,4,3889.0,158.0,25021.0,7.6,Clear,0,7.0,7.42,1710.0
SM102425,2025-07-24,Varanasi,Truck,34.7,3,4254.0,263.0,27288.0,5.6,Fog,0,8.0,8.52,2472.0
SM101581,2025-03-20,Kanpur,Truck,21.4,7,2654.0,113.0,11763.0,7.2,Clear,0,8.0,6.77,1700.0
SM102833,2025-07-19,Varanasi,Pickup,9.1,5,248.0,12.0,1057.0,4.8,Rain,0,6.0,5.05,315.0
SM102028,2025-07-11,Varanasi,Truck,,7,2336.0,104.0,15153.0,4.0,Clear,0,9.0,7.1,2064.0
SM102062,2025-02-24,Prayagraj,Mini Truck,22.4,6,1419.0,61.0,5475.0,5.9,Clear,0,7.0,6.53,1203.0
SM105664,2025-07-19,Lucknow,Truck,32.3,8,1137.0,59.0,16870.0,4.2,Rain,0,8.0,8.72,1539.0
SM102609,2025-10-29,Varanasi,Truck,10.5,6,2264.0,250.0,42050.0,99.0,Clear,0,7.0,4.55,1133.0
SM100038,2025-04-12,Lucknow,Pickup,49.3,9,437.0,21.0,8113.0,4.6,Clear,0,9.0,6.88,1037.0
SM102952,2025-12-08,Prayagraj,Truck,59.8,9,2297.0,139.0,14486.0,4.2,Fog,0,11.0,10.05,2510.0
SM102556,2025-10-19,Prayagraj,Truck,21.0,5,1939.0,211.0,29614.0,5.1,Rain,0,7.0,6.96,1301.0
SM103043,2025-07-13, GORAKHPUR ,Pickup,38.5,10,507.0,23.0,4299.0,3.0,Clear,0,9.0,6.45,907.0
SM102311,2025-01-25,Lucknow,Pickup,31.1,5,622.0,48.0,15500.0,1.8,Clear,0,7.0,4.85,743.0
SM103278,2025-12-29, KANPUR ,Truck,15.9,3,4169.0,193.0,12896.0,5.9,Fog,0,7.0,7.6,1934.0
SM105700,2025-08-16,Lucknow,Mini Truck,21.9,4,121.0,6.0,1702.0,6.4,Rain,1,6.0,7.42,528.0
SM102686,2025-03-31,Lucknow,Truck,33.7,4,3736.0,160.0,30379.0,,Clear,1,8.0,8.94,2259.0
SM103939,2025-07-06,Lucknow,Truck,19.0,4,2401.0,118.0,46804.0,5.6,Fog,0,7.0,7.84,1456.0
SM102066,2025-09-22,Varanasi,Pickup,30.9,5,313.0,14.0,3116.0,5.8,Rain,0,7.0,7.58,581.0
SM101057,2025-10-09,Gorakhpur,Mini Truck,73.4,4,874.0,55.0,8324.0,6.7,Clear,0,9.0,7.34,1676.0
SM100793,2025-10-29,Lucknow,Mini Truck,29.5,5,1522.0,120.0,7156.0,4.6,Clear,0,7.0,5.42,1205.0
SM104724,2025-04-17,Kanpur,Truck,18.6,3,3144.0,152.0,33670.0,4.8,Clear,0,7.0,5.51,1643.0
SM105194,2025-05-16,Gorakhpur,Truck,40.7,9,3722.0,204.0,54086.0,4.4,Clear,0,10.0,8.66,2496.0
SM101732,2025-09-13,Prayagraj,Pickup,33.6,2,532.0,22.0,4807.0,6.4,Clear,1,6.0,6.21,610.0
SM105245,2025-03-25,Lucknow,Truck,14.2,9,2676.0,128.0,20257.0,3.7,,0,9.0,7.25,1721.0
SM101097,2025-10-03,Varanasi,Pickup,34.1,7,488.0,34.0,5823.0,8.2,Clear,0,8.0,8.37,776.0
SM103752,2025-12-17,Kanpur,Truck,55.6,8,2033.0,111.0,20496.0,6.2,Clear,0,10.0,8.74,2284.0
SM101597,2025-09-22,Lucknow,Mini Truck,25.9,4,661.0,43.0,8386.0,5.2,Rain,0,7.0,6.02,805.0
SM101293,2025-01-02,Varanasi,Truck,35.2,11,2926.0,264.0,,5.6,Clear,0,10.0,9.53,2358.0
SM100950,2025-02-04,Prayagraj,Truck,13.0,10,3584.0,201.0,16644.0,3.8,Clear,0,9.0,7.35,1903.0
SM101471,2025-09-12,Lucknow,Pickup,,3,607.0,67.0,5594.0,5.7,Rain,0,6.0,4.51,387.0
SM104646,2025-09-30,Lucknow,Pickup,,4,468.0,49.0,6306.0,6.1,Rain,0,8.0,6.76,927.0
SM103879,2025-01-16,lucknow,Truck,59.6,4,3079.0,277.0,68804.0,4.1,Rain,0,9.0,7.96,2652.0
SM100452,2025-07-02,Lucknow,Truck,40.7,5,2115.0,93.0,34413.0,6.0,Rain,0,8.0,7.76,1919.0
SM104262,2025-04-17,Varanasi,Truck,31.4,5,4285.0,426.0,77536.0,6.0,Clear,0,9.0,7.05,2430.0
SM102056,26/09/2025,Varanasi,Mini Truck,31.2,9,914.0,111.0,39453.0,5.9,Clear,1,8.0,8.36,1190.0
SM102130,2025-09-20,Prayagraj,Pickup,17.7,6,548.0,38.0,9274.0,4.0,Rain,0,7.0,5.84,584.0
SM105974,2025-12-18,Prayagraj,Pickup,38.3,5,507.0,32.0,10522.0,5.3,Clear,0,7.0,7.25,707.0
SM100828,2025-11-12,Gorakhpur,Pickup,67.8,8,,21.0,3566.0,5.0,Clear,0,10.0,7.52,1149.0
SM105721,2025-06-01,Prayagraj,Truck,15.1,6,465.0,19.0,2907.0,5.1,Clear,0,7.0,5.22,749.0
SM102936,2025-10-08,Lucknow,Pickup,9.7,11,437.0,18.0,6341.0,5.3,Clear,0,8.0,5.72,611.0
SM104624,2025-05-24,Prayagraj,Truck,34.9,5,2186.0,201.0,59022.0,4.3,Rain,0,8.0,7.87,1939.0
SM102982,2025-10-20,Kanpur,Truck,5.1,3,2269.0,93.0,12586.0,4.5,Clear,1,6.0,6.22,1128.0
SM100722,2025-11-05, KANPUR ,Pickup,17.4,5,623.0,52.0,24595.0,3.4,Clear,1,6.0,5.06,645.0
SM105972,2025-07-01,Kanpur,Pickup,28.5,10,498.0,23.0,3103.0,6.3,Clear,0,8.0,7.6,915.0
SM103463,19/01/2025,Lucknow,Mini Truck,14.4,4,1617.0,93.0,19360.0,,Fog,0,6.0,6.2,1047.0
SM105728,2025-06-01,Lucknow,Mini Truck,32.5,5,1482.0,80.0,10294.0,6.1,Clear,0,8.0,6.48,1280.0
SM104831,2025-02-09,Varanasi,Pickup,59.9,3,597.0,30.0,5925.0,4.7,Clear,0,8.0,5.56,899.0
SM103240,2025-03-18,Varanasi,Mini Truck,31.5,8,1146.0,72.0,24255.0,5.8,Rain,0,8.0,8.7,1160.0
SM102888,2025-02-24,Kanpur,Pickup,19.0,10,437.0,28.0,6345.0,6.8,Clear,0,8.0,6.17,778.0
SM101595,2025-03-02,Gorakhpur,Mini Truck,30.6,5,1655.0,195.0,57951.0,3.6,Clear,0,8.0,5.04,1288.0
SM104651,2025-12-26,Lucknow,Pickup,21.8,4,510.0,26.0,13190.0,4.4,Fog,0,6.0,5.38,539.0
SM105987,2025-07-20,Gorakhpur,Mini Truck,101.8,5,1565.0,64.0,823238.8963911815,2.7,Rain,0,11.0,8.89,2363.0
SM105216,15/10/2025,Kanpur,Truck,31.0,5,1925.0,93.0,37703.0,4.2,Clear,0,8.0,6.54,1619.0
SM100764,2025-05-12,Lucknow,Mini Truck,35.7,6,1418.0,139.0,12235.0,2.7,Clear,0,8.0,5.36,1272.0
SM105014,2025-08-29,Lucknow,Pickup,17.8,9,447.0,23.0,4569.0,6.0,Clear,0,8.0,6.17,744.0
SM102591,2025-05-19,Kanpur,Pickup,40.2,9,409.0,23.0,3050.0,6.3,Clear,0,9.0,7.57,882.0
SM102525,2025-04-29,gorakhpur,Mini Truck,36.5,5,1655.0,89.0,103022.0,5.0,Clear,0,8.0,6.94,1425.0
SM101592,20/05/2025,Kanpur,Mini Truck,92.5,4,1128.0,50.0,3834.0,5.1,Rain,0,10.0,8.37,2011.0
SM103096,2025-03-05,Lucknow,Mini Truck,32.7,9,1269.0,56.0,10603.0,5.8,Clear,0,9.0,7.42,1317.0
SM103748,2025-12-02,Prayagraj,Mini Truck,25.8,8,1378.0,87.0,17496.0,,Fog,0,8.0,8.84,1071.0
SM105960,2025-03-05,Lucknow,Pickup,35.6,4,513.0,31.0,9594.0,7.5,Clear,0,7.0,5.6,739.0
SM101421,2025-12-30,Lucknow,Mini Truck,31.5,6,1275.0,73.0,14260.0,4.2,Fog,0,8.0,7.73,1077.0
SM105827,2025-09-03,Gorakhpur,Pickup,31.2,7,627.0,30.0,20119.0,5.8,Clear,0,8.0,7.77,711.0
SM100654,2025-07-21,Prayagraj,Pickup,22.9,5,339.0,41.0,6255.0,3.8,Rain,0,7.0,5.69,619.0
SM105327,2025-03-31,varanasi,Pickup,36.6,6,543.0,30.0,4638.0,5.4,Clear,1,8.0,0.0,893.0
SM100283,2025-06-29,Lucknow,Pickup,18.8,5,215.0,18.0,10398.0,6.6,Clear,0,6.0,5.58,460.0
SM104781,2025-08-05,Prayagraj,Pickup,26.1,6,689.0,31.0,5353.0,4.3,Clear,0,7.0,4.92,674.0
SM104989,2025-11-19,Kanpur,Mini Truck,53.2,7,1339.0,61.0,8191.0,2.9,Clear,0,9.0,7.22,1564.0
SM102117,2025-07-17,Kanpur,Mini Truck,42.1,3,1844.0,85.0,8414.0,5.0,Clear,0,8.0,6.61,1564.0
SM102259,2025-12-29,Lucknow,Pickup,42.8,3,632.0,44.0,6918.0,6.1,Fog,0,7.0,6.3,880.0
SM103703,2025-11-27,Lucknow,Mini Truck,30.0,5,754.0,50.0,5704.0,7.1,Clear,0,7.0,7.16,960.0
SM102026,2025-08-13,prayagraj,Mini Truck,12.0,7,1493.0,142.0,25487.0,7.3,Rain,0,7.0,7.32,1015.0
SM105991,2025-06-22,Lucknow,Pickup,4.4,8,578.0,61.0,11419.0,4.7,Rain,0,7.0,6.32,594.0
SM103352,2025-02-08,Kanpur,Pickup,26.9,10,338.0,21.0,12928.0,7.6,Fog,0,8.0,8.47,742.0
SM105496,2025-10-09,Lucknow,Truck,39.2,4,2752.0,207.0,40386.0,3.8,Clear,0,8.0,7.29,2030.0
SM105659,2025-09-26,Prayagraj,Truck,32.9,9,2501.0,131.0,25967.0,6.5,Clear,0,9.0,8.62,2065.0
SM101445,2025-01-14,Prayagraj,Pickup,78.3,6,439.0,22.0,1730.0,6.3,Fog,1,10.0,10.95,1237.0
SM100981,2025-09-14,Prayagraj,Mini Truck,43.0,11,1678.0,106.0,26909.0,3.7,Rain,0,10.0,9.57,1668.0
SM102344,2025-08-03,Prayagraj,Mini Truck,81.4,5,1199.0,129.0,14907.0,6.9,Clear,0,10.0,8.29,1996.0
SM101153,2025-11-28, PRAYAGRAJ ,Pickup,11.9,6,355.0,18.0,1443.0,7.2,Clear,0,6.0,5.4,381.0
SM103642,2025-12-06,Lucknow,Truck,63.4,4,2276.0,188.0,19716.0,6.4,,0,9.0,10.1,2403.0
SM104077,2025-08-08,Gorakhpur,Truck,120.1,3,1411.0,91.0,9542.0,7.3,Rain,0,11.0,10.52,3487.0
SM100674,2025-08-15,Kanpur,Mini Truck,31.2,5,1076.0,62.0,38617.0,6.6,Rain,0,7.0,6.91,1102.0
SM100468,2025-03-08,Prayagraj,Truck,86.7,8,2404.0,126.0,40779.0,,Clear,0,12.0,10.13,3218.0
SM101317,2025-08-04,Kanpur,Pickup,14.1,7,528.0,33.0,6451.0,5.8,Rain,0,7.0,6.45,621.0
SM104198,2025-12-14,Varanasi,Pickup,61.5,5,448.0,26.0,4119.0,7.9,Clear,0,8.0,6.53,1003.0
SM100429,19/09/2025,Kanpur,Pickup,57.9,9,493.0,29.0,2362.0,4.4,Rain,0,10.0,8.67,1194.0
SM101509,2025-09-07,Prayagraj,Mini Truck,,5,1451.0,148.0,36260.0,1.7,Clear,0,7.0,5.67,1069.0
SM103950,2025-05-18,Varanasi,Pickup,66.8,3,626.0,52.0,24760.0,6.8,Clear,0,8.0,6.7,1049.0
SM101555,2025-03-01,Kanpur,Truck,50.3,9,3644.0,223.0,125209.0,4.5,Clear,0,11.0,9.29,2819.0
SM101129,2025-08-25,Gorakhpur,Truck,44.1,8,3154.0,193.0,45294.0,4.9,Rain,0,10.0,10.03,2403.0
SM105390,2025-03-07,Varanasi,Mini Truck,24.5,7,,59.0,15037.0,6.0,Clear,0,8.0,6.52,970.0
SM101210,16/08/2025,Varanasi,Truck,37.8,7,1868.0,108.0,34514.0,7.8,Rain,1,9.0,9.66,
SM100916,2025-07-18,Prayagraj,Mini Truck,52.4,12,1179.0,61.0,13249.0,7.4,Clear,0,11.0,8.81,1683.0
SM100166,2025-04-28,Lucknow,Mini Truck,7.3,8,1460.0,107.0,15017.0,4.5,Clear,0,7.0,5.68,881.0
SM103059,2025-04-10,Gorakhpur,Mini Truck,,3,1085.0,119.0,29260.0,5.8,Clear,1,7.0,5.7,1105.0
SM105469,2025-04-10,Prayagraj,Mini Truck,57.9 km,4,1494.0,85.0,8287.0,6.8,Clear,0,9.0,7.57,1484.0
SM104353,2025-05-31,Varanasi,Truck,49.6,6,3542.0,244.0,36926.0,4.0,Clear,0,10.0,9.11,2707.0
SM105775,2025-12-10,Lucknow,Truck,22.2,5,2678.0,160.0,15554.0,5.1,Fog,0,8.0,8.1,1722.0
SM102613,2025-08-07,Varanasi,Pickup,15.7,7,378.0,21.0,1430.0,5.4,Rain,0,7.0,6.48,457.0
SM102494,2025-06-02,Kanpur,Mini Truck,31.9,7,938.0,108.0,5497.0,8.1,Clear,0,8.0,7.39,1056.0
SM101000,2025-10-23,Varanasi,Truck,84.4,5,2679.0,142.0,33822.0,7.0,Clear,1,11.0,10.86,3111.0
SM101178,2025-04-05,Varanasi,Mini Truck,79.7,6,1288.0,102.0,18173.0,5.8,Clear,0,10.0,8.08,1979.0
SM100056,2025-07-19,Varanasi,Truck,14.5,6,1654.0,135.0,14919.0,6.0,Rain,0,7.0,7.2,1196.0
SM103020,2025-05-08,Gorakhpur,Mini Truck,60.5,5,1395.0,59.0,33431.0,6.7,Clear,0,9.0,6.91,1693.0
SM100208,2025-04-07,Lucknow,Truck,44.3,8,-2996.0,296.0,43393.0,3.7,Clear,0,10.0,8.32,2355.0
SM102111,2025-09-04,Varanasi,Truck,43.3,8,2299.0,179.0,823238.8963911815,5.0,Clear,0,9.0,8.46,2016.0
SM105298,2025-03-04,Lucknow,Mini Truck,41.9,4,1413.0,160.0,14909.0,6.1,Clear,0,8.0,5.81,1188.0
SM103830,2025-11-24,Prayagraj,Truck,21.3,3,4152.0,177.0,32799.0,4.7,Clear,0,8.0,6.94,
SM101307,2025-03-28,Prayagraj,Mini Truck,32.7,11,1022.0,83.0,14274.0,2.1,Clear,0,9.0,7.4,1302.0
SM101440,2025-10-12,lucknow,Mini Truck,29.4,10,929.0,74.0,12841.0,7.4,Clear,0,9.0,8.31,1156.0
SM100425,2025-03-14,Varanasi,Pickup,47.2,9,577.0,66.0,8604.0,9.8,Clear,1,9.0,8.78,1057.0
SM105401,2025-09-09,lucknow,Truck,12.3,3,3005.0,224.0,17286.0,4.3,Rain,0,7.0,6.48,1492.0
SM100697,2025-08-04,Lucknow,Truck,19.7,8,3051.0,156.0,35197.0,8.5,Clear,0,9.0,8.15,1779.0
SM104721,2025-10-31,Kanpur,Truck,32.2,8,3973.0,341.0,80025.0,7.1,Rain,0,10.0,9.46,2336.0
SM101265,2025-01-14,Prayagraj,Pickup,40.1,4,506.0,23.0,5744.0,9.6,Fog,1,7.0,8.9,820.0
SM101623,2025-01-07,Gorakhpur,Truck,24.8,7,3915.0,195.0,21348.0,6.2,Fog,0,9.0,9.56,2158.0
SM104384,2025-05-20,Lucknow,Mini Truck,25.9,5,-1554.0,94.0,16469.0,4.4,Clear,0,7.0,5.03,1138.0
SM103579,2025-01-29,Gorakhpur,Pickup,36.4,4,520.0,26.0,6706.0,4.1,Clear,0,7.0,5.2,796.0
SM101593,2025-01-07,Lucknow,Truck,18.5,7,2898.0,117.0,19515.0,7.6,,0,8.0,8.66,1683.0
SM105821,2025-09-15,Prayagraj,Truck,75.1,9,2025.0,171.0,76722.0,5.6,Clear,0,11.0,10.2,2741.0
SM102301,2025-02-22,Varanasi,Mini Truck,39.8,4,472.0,26.0,6839.0,7.2,Clear,0,7.0,5.3,1030.0
SM100492,2025-10-02,Kanpur,Truck,37.4,7,3199.0,253.0,39248.0,8.1,Clear,1,9.0,9.6,2319.0
SM100961,2025-05-30,lucknow,Truck,33.7,4,1722.0,86.0,8698.0,6.0,Rain,0,7.0,8.67,1554.0
SM101860,2025-09-28,Prayagraj,Truck,21.5,8,1687.0,84.0,50556.0,4.3,Rain,0,8.0,7.65,1478.0
SM105966,2025-09-20,Prayagraj,Mini Truck,13.8,3,750.0,53.0,10309.0,2.5,Clear,0,6.0,3.35,695.0
SM105441,2025-07-06,Prayagraj,Pickup,9.6,8,384.0,27.0,8636.0,5.1,Clear,0,7.0,4.21,555.0
SM103035,15/12/2025, KANPUR ,Mini Truck,12.6,6,966.0,55.0,6798.0,3.9,Clear,0,7.0,4.79,745.0
SM105870,2025-10-15,Varanasi,Mini Truck,64.3,4,1578.0,68.0,17700.0,6.0,Rain,0,9.0,8.65,1751.0
SM100978,2025-05-09, PRAYAGRAJ ,Mini Truck,43.3,6,1270.0,59.0,2656.0,6.2,Clear,0,8.0,5.51,1442.0
SM105630,2025-06-23,Prayagraj,Truck,11.2,7,1974.0,127.0,,5.4,Rain,0,7.0,8.19,1276.0
SM100229,2025-03-06,Allahabad,Mini Truck,22.8,11,1528.0,70.0,10573.0,5.8,Clear,1,9.0,8.53,1206.0
SM100819,2025-12-31,Kanpur,Mini Truck,37.4,9,1314.0,63.0,8904.0,5.7,Fog,0,9.0,9.23,1428.0
SM102866,2025-04-26,Kanpur,Pickup,58.9,4,565.0,24.0,4114.0,6.6,Clear,0,8.0,7.06,825.0
SM101826,2025-02-08,Lucknow,Mini Truck,28.0,5,1631.0,120.0,29944.0,3.6,Clear,0,7.0,6.16,1272.0
SM105550,2025-08-08,Varanasi,Pickup,13.5,3,671.0,40.0,9970.0,5.7,Rain,0,6.0,4.94,526.0
SM105644,11/08/2025,Prayagraj,Truck,,5,2203.0,201.0,39845.0,4.4,Rain,0,7.0,6.66,1430.0
SM104719,2025-02-24,Prayagraj,Pickup,,9,487.0,25.0,1159.0,5.0,Clear,0,7.0,7.2,558.0
SM101467,2025-05-21,Varanasi,Pickup,25.4,6,,37.0,6821.0,5.9,Clear,0,7.0,5.5,620.0
SM105163,2025-11-02,Lucknow,Mini Truck,17.8,5,900.0,56.0,12473.0,4.3,Clear,0,7.0,5.07,715.0
SM100621,2025-06-24,Lucknow,Mini Truck,16.9,9,1567.0,133.0,55334.0,4.7,Clear,0,8.0,5.98,1203.0
SM104523,2025-12-27,Lucknow,Truck,,7,3336.0,156.0,43591.0,7.0,Clear,0,10.0,9.25,2782.0
SM104675,2025-05-15,Varanasi,Pickup,74.0,10,491.0,43.0,16461.0,8.0,Clear,0,11.0,9.51,1406.0
SM103722,2025-10-02,Prayagraj,Pickup,23.4,9,720.0,49.0,6530.0,6.7,,1,8.0,7.49,944.0
SM104006,02/04/2025,Kanpur,Pickup,,5,329.0,18.0,7560.0,5.2,Clear,0,6.0,4.83,549.0
SM103048,2025-03-03,Lucknow,Pickup,22.3,4,627.0,29.0,4899.0,,Clear,0,6.0,5.71,579.0
SM101778,2025-04-23,Lucknow,Pickup,39.7,8,228.0,24.0,1784.0,5.2,Clear,0,8.0,6.9,722.0
SM104211,2025-09-17,Kanpur,Truck,36.9,6,2956.0,141.0,15468.0,7.4,Rain,1,9.0,10.88,2169.0
SM100336,2025-12-18,Varanasi,Mini Truck,84.3,3,1045.0,55.0,15166.0,5.0,Clear,0,9.0,6.52,1900.0
SM102642,2025-03-16,Kanpur,Truck,11.3,6,1028.0,51.0,11002.0,2.9,Clear,0,7.0,4.94,778.0
SM103165,2025-05-27,Varanasi,Truck,14.4,10,4228.0,250.0,82000.0,3.8,Clear,0,10.0,8.48,2132.0
SM101083,2025-07-22,Prayagraj,Pickup,,3,353.0,27.0,6265.0,4.6,Clear,0,7.0,6.48,874.0
SM103400,2025-10-25,Lucknow,Mini Truck,9.9,10,818.0,53.0,5651.0,3.6,Clear,0,8.0,240.0,699.0
SM102607,04/04/2025,Varanasi,Truck,76.7,2,2391.0,231.0,82991.0,3.4,Clear,0,9.0,7.62,2685.0
SM105369,2025-04-15,Lucknow,Pickup,42.3,5,340.0,21.0,14931.0,6.3,Rain,0,7.0,6.71,802.0
SM103569,2025-03-31,Gorakhpur,Truck,26.0,9,2661.0,232.0,29882.0,5.2,Clear,1,9.0,8.95,1876.0
SM104024,2025-06-15,Lucknow,Mini Truck,35.5,4,518.0,29.0,6610.0,,Clear,0,7.0,5.55,886.0
SM100390,2025-09-30,lucknow,Mini Truck,35.8,6,1190.0,75.0,17702.0,9.0,Clear,0,8.0,7.52,1202.0
SM100737,2025-05-02,Kanpur,Mini Truck,23.8,4,1795.0,83.0,25636.0,4.9,Clear,0,7.0,5.56,1195.0
SM100113,2025-06-17,Varanasi,Mini Truck,29.5,10,916.0,76.0,29010.0,5.0,Rain,0,9.0,7.92,1215.0
SM101068,2025-05-02,Gorakhpur,Pickup,27.1,11,452.0,18.0,3419.0,5.6,Clear,0,9.0,6.96,840.0
SM103923,2025-06-02,Prayagraj,Pickup,30.8,6,353.0,40.0,8041.0,6.3,Clear,0,7.0,7.57,
SM100937,2025-02-24,Varanasi,Pickup,58.2,8,536.0,31.0,16552.0,4.8,Clear,0,9.0,7.02,1171.0
SM102299,2025-11-22,Lucknow,Mini Truck,28.2,8,1169.0,50.0,6322.0,4.7,Rain,0,8.0,7.45,1016.0
SM101873,2025-12-10,Varanasi,Pickup,32.6,8,445.0,30.0,5823.0,8.1,Fog,0,8.0,8.85,709.0
SM105393,27/10/2025,Varanasi,Mini Truck,31.4,7,1562.0,151.0,28761.0,4.2,Clear,0,8.0,6.16,1300.0
SM103695,2025-08-23,Lucknow,Pickup,34.6,8,576.0,57.0,,4.8,Clear,1,8.0,7.6,831.0
SM101015,2025-11-02,Varanasi,Pickup,19.9,8,71.0,5.0,1109.0,7.1,Clear,0,7.0,5.89,523.0
SM102883,2025-01-18, GORAKHPUR ,Pickup,37.1,6,,29.0,5158.0,5.6,Clear,0,8.0,5.78,856.0
SM103291,2025-06-19,Gorakhpur,Pickup,62.8,9,396.0,22.0,6939.0,5.3,Clear,0,10.0,7.93,1165.0
SM100257,2025-02-07,Allahabad,Truck,14.4,6,3357.0,180.0,16252.0,6.8,Rain,0,8.0,8.36,1637.0
SM102238,2025-06-23,Prayagraj,Truck,64.1,4,2994.0,121.0,26726.0,5.3,Clear,0,10.0,7.98,2635.0
SM101339,2025-05-29,Kanpur,Mini Truck,36.7,3,866.0,58.0,13716.0,7.7,Rain,0,7.0,7.63,1087.0
SM101152,2025-06-07,Prayagraj,Mini Truck,25.5,6,709.0,63.0,13408.0,4.2,Clear,0,7.0,6.24,932.0
SM105393,27/10/2025,Varanasi,Mini Truck,31.4,7,1562.0,151.0,28761.0,4.2,Clear,0,8.0,6.16,1300.0
SM102264,2025-02-08,Prayagraj,Mini Truck,37.6,2,675.0,58.0,41632.0,7.2,Clear,0,6.0,5.17,908.0
SM100992,2025-03-13, LUCKNOW ,Pickup,36.0,4,467.0,24.0,3039.0,6.8,Clear,0,7.0,5.54,652.0
SM102959,2025-06-24,Prayagraj,Mini Truck,63.1,6,1055.0,53.0,10708.0,8.1,Clear,0,9.0,7.53,1590.0
SM101846,2025-05-27,Lucknow,Mini Truck,81.1,7,1282.0,53.0,19536.0,5.3,Clear,0,11.0,8.69,2014.0
SM102558,12/01/2025,Varanasi,Mini Truck,68.7,4,1695.0,79.0,14467.0,6.1,Clear,0,9.0,7.59,1821.0
SM101009,2025-07-09,varanasi,Mini Truck,17.4,7,1182.0,90.0,7484.0,6.9,Clear,0,7.0,6.49,876.0
SM101972,2025-09-06,Prayagraj,Pickup,95.2,5,582.0,39.0,26324.0,4.6,Rain,0,10.0,8.99,1495.0
SM104146,2025-05-31,Prayagraj,Truck,14.4,3,3166.0,158.0,24745.0,1.3,Clear,0,7.0,4.94,1593.0
SM100526,2025-12-04,Lucknow,Mini Truck,23.2,4,1323.0,139.0,31353.0,7.9,Fog,0,7.0,7.39,1018.0
SM103664,2025-07-07,Lucknow,Pickup,8.3 km,3,621.0,50.0,10108.0,5.2,Rain,0,5.0,3.6,415.0
SM103564,2025-10-13,Prayagraj,Truck,,10,4617.0,220.0,44312.0,3.6,Clear,0,10.0,8.81,2470.0
SM104316,2025-12-24,Kanpur,Pickup,40.2,5,516.0,23.0,2997.0,5.8,Fog,0,7.0,8.77,885.0
SM105132,2025-06-23,kanpur,Truck,56.8,9,4119.0,292.0,48379.0,5.2,Fog,0,11.0,12.04,3112.0
SM100132,2025-02-03,Lucknow,Mini Truck,32.2,10,445.0,21.0,3913.0,4.6,Clear,0,9.0,6.72,1069.0
SM102462,2025-06-23,Lucknow,Truck,29.2,7,2941.0,169.0,46291.0,4.8,Clear,0,9.0,8.24,1965.0
SM100035,2025-01-24,Varanasi,Truck,74.4,8,2255.0,112.0,13457.0,3.3,Fog,0,11.0,8.58,2828.0
SM100441,2025-04-20,Lucknow,Pickup,87.4,4,354.0,23.0,34106.0,4.8,Clear,0,9.0,7.11,1192.0
SM100064,2025-05-30,Allahabad,Truck,16.5,8,2801.0,330.0,93474.0,4.9,Rain,0,8.0,8.33,1639.0
SM102029,2025-05-06,Lucknow,Pickup,8.1,4,381.0,20.0,4471.0,5.4,Rain,0,5.0,6.0,357.0
SM101668,2025-07-14,Kanpur,Mini Truck,,3,1722.0,108.0,18242.0,5.1,Clear,0,9.0,6.67,1857.0
SM105347,2025-06-22,Lucknow,Truck,12.8,8,3373.0,166.0,17155.0,4.2,Fog,0,8.0,9.18,1745.0
SM101282,2025-05-24,Varanasi,Pickup,43.2,6,573.0,38.0,8640.0,6.8,Clear,0,8.0,5.84,916.0
SM103584,2025-10-02,prayagraj,Pickup,35.3,7,651.0,28.0,4777.0,4.7,Clear,1,8.0,6.66,871.0
SM102175,2025-10-06,Lucknow,Truck,33.8,8,1431.0,67.0,18192.0,6.9,Clear,0,9.0,7.53,1585.0
SM100638,2025-10-17,Kanpur,Pickup,15.6,5,435.0,32.0,7880.0,4.5,Clear,0,6.0,4.74,455.0
SM104228,2025-05-07,Lucknow,Pickup,20.6,6,545.0,46.0,16110.0,5.4,Rain,0,7.0,7.32,544.0
SM101224,2025-06-02,Lucknow,Mini Truck,5.7,7,1521.0,145.0,61772.0,2.8,Clear,0,7.0,5.09,891.0
SM104413,2025-09-20,Varanasi,Truck,67.8,6,3354.0,176.0,65295.0,3.4,Clear,0,11.0,8.96,2969.0
SM105674,2025-06-30,Lucknow,Truck,28.3,5,2381.0,141.0,35452.0,6.3,Clear,0,8.0,6.59,1684.0
SM103489,2025-09-17,Gorakhpur,Pickup,,5,381.0,18.0,2847.0,5.2,Rain,0,6.0,6.61,537.0
SM101218,2025-10-23,Gorakhpur,Pickup,40.0,5,603.0,59.0,8429.0,8.4,Clear,1,8.0,7.33,750.0
SM101598,2025-11-05,Prayagraj,Pickup,35.1,3,320.0,19.0,4503.0,5.8,Clear,1,6.0,5.68,564.0
SM102725,2025-08-14,Gorakhpur,Pickup,21.5,1,308.0,13.0,1351.0,8.2,Rain,0,5.0,5.28,429.0
SM102836,2025-12-19,Kanpur,Truck,25.7,2,2812.0,199.0,55302.0,7.4,Rain,0,7.0,6.65,1650.0
SM104687,2025-04-16,Varanasi,Pickup,78.2,8,693.0,40.0,4854.0,2.1,,0,10.0,7.12,1457.0
SM104798,2025-05-23,Prayagraj,Pickup,30.4,6,664.0,54.0,4917.0,5.8,Clear,0,7.0,5.86,827.0
SM100767,2025-06-24,Prayagraj,Truck,52.4,6,2175.0,136.0,13555.0,4.4,Clear,0,9.0,8.26,2193.0
SM102572,2025-09-24,prayagraj,Mini Truck,14.1,7,1524.0,64.0,21993.0,5.9,Rain,0,7.0,7.69,1001.0
SM105125,2025-09-30,Prayagraj,Mini Truck,19.8,10,878.0,48.0,9297.0,4.8,Rain,0,8.0,8.09,958.0
SM101294,2025-12-14,Kanpur,Mini Truck,13.7,11,1419.0,61.0,14080.0,4.3,Fog,0,9.0,9.02,
SM100135,21/04/2025,Kanpur,Pickup,42.4,6,578.0,37.0,9403.0,7.9,Clear,0,8.0,7.72,762.0
SM105767,2025-05-01,Gorakhpur,Truck,,5,3572.0,440.0,101615.0,7.8,Clear,0,8.0,7.73,1953.0
SM104896,2025-11-07,Varanasi,Pickup,20.5,5,355.0,18.0,20359.0,7.7,Clear,0,6.0,3.95,403.0
SM101659,2025-04-03,Lucknow,Mini Truck,26.7,5,-943.0,51.0,11740.0,7.7,Clear,0,7.0,6.43,1003.0
SM101744,2025-03-18,Lucknow,Mini Truck,26.0,13,1512.0,76.0,14360.0,2.4,Rain,0,10.0,8.89,1314.0
SM101278,2025-01-03,Prayagraj,Pickup,55.0,5,294.0,19.0,2837.0,6.0,Clear,0,8.0,7.11,869.0
SM104539,2025-11-14,Lucknow,Truck,43.9,5,3155.0,135.0,16899.0,2.9,Clear,0,9.0,7.92,2401.0
SM104359,2025-12-20,Varanasi,Truck,30.1,6,2392.0,148.0,21502.0,1.7,Fog,0,8.0,7.03,1788.0
SM103546,2025-05-30,Lucknow,Mini Truck,12.5,5,1306.0,118.0,19101.0,6.3,Clear,0,6.0,5.19,864.0
SM105179,2025-05-27,Prayagraj,Truck,20.2,5,1848.0,203.0,45305.0,7.3,Clear,0,7.0,6.86,1228.0
SM104057,2025-07-13,Lucknow,Pickup,7.0,8,384.0,44.0,7220.0,5.0,Clear,0,7.0,5.95,413.0
SM100129,2025-08-20,Gorakhpur,Mini Truck,58.9,5,680.0,58.0,16524.0,5.9,Rain,0,8.0,8.34,1481.0
SM102700,2025-11-18,Kanpur,Pickup,26.0,8,387.0,31.0,3145.0,3.1,Clear,0,8.0,5.56,690.0
SM100027,2025-10-28,Kanpur,Truck,50.6,12,998.0,124.0,88781.0,5.9,Clear,0,10.0,9.89,1990.0
SM104925,2025-02-02,Lucknow,Mini Truck,15.8,9,1478.0,132.0,9264.0,4.2,Clear,0,8.0,5.1,1065.0
SM101234,2025-08-21,Lucknow,Truck,44.4,7,2464.0,303.0,151620.0,5.9,Rain,0,9.0,8.87,2238.0
SM105503,2025-09-22,Varanasi,Truck,30.2,4,-2557.0,147.0,47687.0,1.9,Clear,0,8.0,6.67,1706.0
SM105828,2025-02-13,Lucknow,Pickup,30.1,6,696.0,51.0,9272.0,5.2,Rain,0,7.0,7.29,821.0
SM105836,2025-11-17,Varanasi,Mini Truck,35.6,8,1335.0,57.0,11531.0,6.1,Clear,0,9.0,6.44,1320.0
SM104043,2025-02-09,Lucknow,Pickup,40.2,9,267.0,13.0,2581.0,4.4,Rain,0,9.0,7.24,731.0
SM104594,2025-08-14,Varanasi,Truck,28.9,9,3053.0,258.0,70687.0,5.7,Rain,0,9.0,9.43,2034.0
SM104257,2025-02-02,Gorakhpur,Mini Truck,77.9,3,1378.0,67.0,8585.0,5.3,Fog,0,9.0,9.03,1786.0
SM100459,2025-02-08,kanpur,Truck,41.5,9,3989.0,233.0,73063.0,6.5,Clear,0,11.0,9.32,2641.0
SM103558,2025-03-03,Kanpur,Pickup,31.7,8,342.0,26.0,3845.0,9.3,Clear,0,8.0,6.63,846.0
SM102391,2025-03-12,Prayagraj,Pickup,11.4,12,392.0,25.0,2175.0,4.8,Clear,0,8.0,5.79,643.0
SM102009,2025-08-19,Prayagraj,Pickup,61.8,10,372.0,16.0,3415.0,8.9,Rain,0,10.0,10.49,1309.0
SM105556,2025-02-07,Varanasi,Mini Truck,36.5,6,1682.0,90.0,17705.0,6.4,Clear,0,8.0,7.1,1398.0
SM102466,2025-04-20,Kanpur,Truck,63.4,4,2915.0,156.0,49842.0,6.8,Rain,0,10.0,10.35,2761.0
SM101804,2025-02-16,Kanpur,Truck,19.2,3,2722.0,202.0,24878.0,4.1,Clear,0,7.0,5.99,1552.0
SM100202,2025-06-30,Gorakhpur,Truck,40.6,3,638.0,44.0,7883.0,5.1,Clear,0,7.0,6.68,1334.0
SM105406,2025-09-24,Lucknow,Pickup,10.6,2,240.0,19.0,1892.0,6.0,Clear,0,5.0,4.04,419.0
SM103651,2025-01-27,Gorakhpur,Pickup,56.8,8,553.0,58.0,5008.0,8.4,Fog,0,9.0,11.0,
SM100964,2025-12-13,Prayagraj,Pickup,41.7,5,280.0,24.0,2062.0,3.5,Fog,0,7.0,7.37,723.0
SM100124,2025-11-09,Lucknow,Truck,14.5,10,2122.0,98.0,36755.0,3.9,Rain,0,9.0,8.18,1432.0
SM103025,2025-08-17,Kanpur,Pickup,11.5,6,464.0,20.0,4052.0,4.0,Clear,0,6.0,3.77,346.0
SM105794,2025-05-28,Varanasi,Pickup,28.2,6,516.0,26.0,3743.0,5.4,Clear,0,7.0,6.36,761.0
SM101965,2025-09-28,Lucknow,Pickup,18.6,6,575.0,64.0,4463.0,5.1,,0,7.0,6.33,612.0
SM102972,2025-08-07,Varanasi,Mini Truck,53.9,10,1098.0,62.0,39530.0,6.9,Clear,0,10.0,7.73,1604.0
SM102960,2025-12-03,Lucknow,Pickup,9.1 km,7,595.0,45.0,16609.0,8.7,Clear,0,7.0,5.22,545.0
SM104942,02/11/2025,Varanasi,Pickup,71.1,7,624.0,43.0,8018.0,9.7,Clear,0,10.0,9.01,1305.0
SM102996,2025-04-21,Varanasi,Mini Truck,48.3,7,1490.0,88.0,16754.0,7.2,,0,9.0,9.99,1649.0
SM100647,2025-07-15,Prayagraj,Truck,10.4,6,2492.0,104.0,8085.0,5.5,Rain,0,7.0,7.05,1253.0
SM104907,2025-10-16,Kanpur,Pickup,19.8,7,564.0,23.0,5764.0,5.8,Clear,0,7.0,5.67,744.0
SM103323,2025-08-22,Lucknow,Pickup,19.1,7,676.0,31.0,14001.0,6.7,Clear,0,7.0,6.45,751.0
SM101757,2025-08-11,Gorakhpur,Truck,9.8,6,,72.0,23395.0,5.8,Rain,0,7.0,7.63,1024.0
SM101588,2025-11-11,Varanasi,Mini Truck,23.2,10,580.0,57.0,18218.0,7.2,Clear,0,8.0,7.28,1058.0
SM100935,2025-12-10,Lucknow,Mini Truck,33.0,6,929.0,73.0,17252.0,7.4,Clear,0,8.0,7.01,963.0
SM101450,2025-04-18,Kanpur,Truck,24.0,6,3248.0,253.0,59001.0,6.6,Clear,0,8.0,8.14,1897.0
SM100523,2025-10-29,Prayagraj,Mini Truck,27.2,5,924.0,41.0,6784.0,6.4,Clear,0,7.0,6.4,
SM101353,2025-12-01,Lucknow,Mini Truck,32.1,9,1253.0,52.0,2885.0,5.0,Fog,0,9.0,8.0,1228.0
SM103138,2025-06-21,Lucknow,Truck,24.8,9,1468.0,72.0,11157.0,5.9,Clear,0,8.0,8.19,1465.0
SM101188,2025-07-26,Lucknow,Truck,15.3,8,2361.0,256.0,151228.0,6.8,Rain,0,8.0,7.44,1398.0
SM104171,2025-04-07,Varanasi,Mini Truck,23.9,5,759.0,43.0,5694.0,5.1,Clear,0,7.0,6.07,886.0
SM103440,2025-12-13,Prayagraj,Pickup,32.0,5,266.0,18.0,5439.0,4.9,Fog,0,7.0,7.15,609.0
SM105336,2025-09-27,Kanpur,Pickup,17.1,9,495.0,40.0,17582.0,9.4,Clear,0,8.0,6.85,554.0
SM100877,2025-09-29,Gorakhpur,Mini Truck,78.2,8,1106.0,59.0,36504.0,8.2,Rain,0,11.0,9.64,2019.0
SM103294,2025-03-12,Lucknow,Truck,4.9,5,908.0,55.0,10425.0,3.2,Clear,0,6.0,4.98,584.0
SM102022,2025-08-29,Kanpur,Mini Truck,20.1,3,771.0,33.0,6627.0,4.6,Fog,0,6.0,6.59,763.0
SM104366,2025-03-02,Lucknow,Mini Truck,31.3,4,1637.0,101.0,21689.0,8.8,Clear,0,7.0,6.76,1156.0
SM100066,27/11/2025,Allahabad,Mini Truck,36.5,2,1262.0,68.0,16252.0,3.9,Clear,0,7.0,4.22,1206.0
SM103694,2025-05-25,Prayagraj,Pickup,45.0,6,331.0,14.0,3333.0,6.7,Clear,0,8.0,5.82,784.0
SM101481,2025-01-01,Varanasi,Pickup,61.7,8,608.0,36.0,3061.0,4.0,Fog,0,10.0,8.96,1186.0
SM105458,2025-07-08,Varanasi,Truck,,5,,115.0,19322.0,6.6,Rain,0,8.0,8.36,1412.0
SM103892,2025-06-09,Lucknow,Mini Truck,34.5,6,1438.0,156.0,18254.0,6.4,Rain,0,8.0,8.15,1260.0
SM103429,2025-04-20,Lucknow,Mini Truck,10.6,4,878.0,87.0,9233.0,3.3,Clear,0,6.0,4.6,657.0
SM105959,2025-11-16,Varanasi,Truck,35.6,7,2928.0,155.0,35696.0,4.2,Clear,0,9.0,7.92,2054.0
SM101944,2025-05-19,Varanasi,Pickup,32.4,9,430.0,48.0,9872.0,5.6,Fog,0,8.0,7.47,776.0
SM104543,12/08/2025,Gorakhpur,Pickup,53.0,10,508.0,46.0,17870.0,5.1,Rain,0,10.0,9.18,1250.0
SM103931,2025-01-28,Kanpur,Pickup,5.6,9,498.0,20.0,3537.0,3.5,Clear,0,7.0,6.25,568.0
SM103542,2025-02-01,Gorakhpur,Mini Truck,21.8,6,1149.0,127.0,12158.0,7.7,Clear,0,7.0,6.24,973.0
SM104510,2025-04-20,Varanasi,Pickup,19.4,4,666.0,77.0,12267.0,7.0,Clear,0,6.0,4.82,459.0
SM100782,2025-02-14,Gorakhpur,Truck,33.6,10,2189.0,97.0,9778.0,6.7,Clear,0,10.0,8.62,1916.0
SM102163,2025-11-30,Prayagraj,Pickup,11.6,4,171.0,7.0,1449.0,5.0,Clear,0,6.0,4.61,291.0
SM104120,2025-09-22,Prayagraj,Mini Truck,14.7,3,1533.0,64.0,13440.0,4.9,Rain,0,6.0,6.6,807.0
SM100226,2025-10-23,Varanasi,Truck,28.1,6,2869.0,135.0,25146.0,4.2,Clear,1,8.0,9.05,1811.0
SM100760,2025-03-06, GORAKHPUR ,Mini Truck,43.8,7,787.0,85.0,6330.0,6.5,Clear,0,8.0,7.2,1243.0
SM105116,2025-04-04,Varanasi,Pickup,55.1,6,226.0,9.0,2698.0,10.0,Rain,1,8.0,9.7,878.0
SM100514,2025-12-17,Gorakhpur,Mini Truck,21.8,9,1025.0,52.0,5481.0,8.0,Rain,0,8.0,8.66,1123.0
SM101605,2025-11-21,prayagraj,Truck,25.1,3,4011.0,356.0,49904.0,6.5,Clear,0,8.0,7.74,2120.0
SM102891,2025-07-27,Varanasi,Pickup,48.4,8,365.0,38.0,5977.0,5.7,Rain,0,9.0,7.89,941.0
SM103930,16/09/2025,Lucknow,Truck,30.4,4,3133.0,301.0,69109.0,3.3,Clear,0,8.0,7.28,1926.0
SM104584,2025-08-03,Varanasi,Pickup,37.9,8,749.0,52.0,14301.0,5.6,Rain,0,8.0,7.82,1029.0
SM100908,2025-05-16,Varanasi,Mini Truck,58.6,3,1092.0,59.0,4638.0,4.8,Clear,0,8.0,6.58,1420.0
SM100193,2025-05-13,Varanasi,Truck,64.5,6,2911.0,188.0,47571.0,6.2,Clear,0,10.0,10.46,2783.0
SM100742,2025-08-20,Kanpur,Mini Truck,52.3,3,1417.0,118.0,28126.0,8.7,Rain,0,8.0,8.01,1408.0
SM100612,2025-10-14,Varanasi,Truck,40.4,7,1765.0,74.0,11100.0,7.6,Clear,0,9.0,7.02,1844.0
SM104462,2025-08-03,Lucknow,Mini Truck,48.7,7,1030.0,44.0,12979.0,3.0,Rain,0,9.0,7.33,1370.0
SM101870,2025-01-16,Prayagraj,Pickup,68.3,4,575.0,47.0,24083.0,7.0,Fog,0,9.0,8.67,1033.0
SM104740,2025-04-07,Prayagraj,Pickup,26.1,9,483.0,59.0,19157.0,3.9,Clear,0,8.0,6.29,771.0
SM103638,2025-01-31,Kanpur,Truck,28.5,5,3926.0,170.0,46122.0,5.6,Fog,0,9.0,9.14,2207.0
SM100401,2025-10-11,Kanpur,Pickup,21.6,4,391.0,30.0,3384.0,3.8,Clear,0,6.0,3.71,530.0
SM103540,2025-09-26,Gorakhpur,Mini Truck,63.1,8,1465.0,128.0,16412.0,5.0,Rain,0,10.0,9.53,1765.0
SM100849,2025-08-10,Prayagraj,Pickup,15.9,5,509.0,32.0,5166.0,6.1,Rain,0,6.0,5.73,629.0
SM104392,2025-01-05,Lucknow,Mini Truck,33.1,8,1739.0,91.0,7756.0,6.2,Fog,0,9.0,9.0,1251.0
SM101728,2025-06-12,Varanasi,Mini Truck,24.1,7,,48.0,4232.0,4.5,Clear,0,7.0,4.96,955.0
SM100374,2025-11-20,Prayagraj,Pickup,22.0,4,533.0,52.0,23429.0,4.2,Clear,0,6.0,4.7,561.0
SM105877,2025-03-31, VARANASI ,Mini Truck,26.1,6,1788.0,96.0,8990.0,4.6,Clear,1,8.0,6.32,1314.0
SM102935,2025-03-25,Varanasi,Truck,94.6,7,3796.0,178.0,13875.0,6.9,Rain,0,12.0,12.18,3813.0
SM101007,2025-07-03,Lucknow,Truck,18.9,4,3175.0,130.0,26347.0,6.2,Rain,0,7.0,7.9,1697.0
SM105853,2025-09-07,Varanasi,Truck,43.5,2,1240.0,99.0,15381.0,,Rain,0,7.0,6.76,1609.0
SM105282,2025-10-29,Prayagraj,Mini Truck,21.3,11,1446.0,91.0,15947.0,3.8,Rain,0,9.0,8.59,1160.0
SM100409,2025-01-06, LUCKNOW ,Pickup,53.0,2,521.0,35.0,11633.0,4.3,Fog,0,7.0,6.76,788.0
SM100578,2025-11-23,Kanpur,Pickup,25.2,4,422.0,46.0,12979.0,3.1,Clear,0,6.0,5.41,479.0
SM100692,2025-12-06,Lucknow,Mini Truck,6.5,6,1279.0,72.0,15886.0,5.1,Fog,0,6.0,5.67,775.0
SM101611,2025-02-22,Prayagraj,Mini Truck,29.1,4,,56.0,9750.0,6.1,Clear,0,7.0,5.81,949.0
SM102734,2025-06-13,Lucknow,Truck,47.1,5,2808.0,342.0,101213.0,6.9,Rain,0,9.0,9.0,2249.0
SM100655,2025-07-14,Lucknow,Mini Truck,14.2,7,625.0,34.0,6719.0,6.1,Rain,0,7.0,6.55,580.0
SM104322,2025-06-18,Prayagraj,Mini Truck,37.6,6,996.0,62.0,10114.0,3.3,Clear,0,8.0,6.08,1124.0
SM103839,2025-12-14,Gorakhpur,Mini Truck,36.2,4,1364.0,62.0,11963.0,3.4,Fog,0,7.0,7.16,1117.0
SM105706,2025-05-31, LUCKNOW ,Pickup,20.2,5,289.0,17.0,5350.0,5.7,Clear,0,6.0,6.06,533.0
SM104600,2025-12-27,Gorakhpur,Pickup,28.9,7,429.0,40.0,6440.0,2.2,Fog,0,7.0,5.86,696.0
SM103133,2025-01-30,Lucknow,Pickup,26.8,6,361.0,15.0,3220.0,6.2,Rain,0,7.0,5.75,595.0
SM100590,2025-10-20,Kanpur,Truck,25.4,2,2789.0,303.0,96443.0,7.8,Clear,1,7.0,7.14,1811.0
SM102906,2025-08-17,Varanasi,Pickup,70.3,7,289.0,23.0,6762.0,4.1,,0,9.0,7.8,1152.0
SM101575,27/04/2025,Lucknow,Truck,23.5,4,3131.0,127.0,13664.0,5.2,Rain,0,8.0,8.0,1772.0
SM103129,2025-10-16,Lucknow,Mini Truck,32.6,12,1676.0,71.0,21876.0,4.7,Rain,0,10.0,9.85,1550.0
SM105281,2025-09-19,Varanasi,Truck,47.4,8,3300.0,200.0,45009.0,3.3,Rain,0,10.0,9.68,2659.0
SM102396,2025-12-12,Prayagraj,Mini Truck,48.5,6,1673.0,89.0,8131.0,5.3,Clear,0,9.0,6.88,1624.0
SM103124,2025-06-10,Lucknow,Mini Truck,17.9,6,1046.0,47.0,4727.0,5.2,Clear,0,7.0,5.82,904.0
SM102660,2025-06-08,Prayagraj,Truck,13.4,4,2959.0,167.0,47286.0,5.4,Clear,0,7.0,7.04,1518.0
SM101871,2025-03-17,Lucknow,Pickup,15.7,3,636.0,35.0,6852.0,6.1,Rain,0,6.0,5.01,585.0
SM100743,2025-04-09,Prayagraj,Mini Truck,20.6,4,1116.0,51.0,2556.0,8.4,Rain,0,6.0,7.24,970.0
SM105379,2025-07-06,Prayagraj,Pickup,20.2,5,386.0,27.0,4787.0,3.4,Clear,0,6.0,3.83,576.0
SM100182,2025-07-01,Allahabad,Pickup,38.6,5,478.0,33.0,1537.0,5.7,Clear,0,7.0,4.65,636.0
SM105213,2025-08-13,Varanasi,Pickup,95.3,4,371.0,26.0,3822.0,6.1,Rain,0,10.0,9.37,1320.0
SM102716,2025-06-08,Kanpur,Pickup,24.4,5,488.0,51.0,5842.0,7.7,Rain,0,7.0,7.32,575.0
SM101053,2025-12-16,prayagraj,Truck,83.0,7,3928.0,252.0,26508.0,6.3,Clear,0,12.0,10.93,3721.0
SM104250,2025-06-02,Varanasi,Pickup,20.0,5,576.0,67.0,31368.0,4.9,Clear,0,6.0,4.64,515.0
SM100653,21/10/2025,Lucknow,Mini Truck,21.2,6,1680.0,70.0,10811.0,8.9,Clear,1,7.0,8.03,1132.0
SM100148,2025-10-27,Kanpur,Mini Truck,20.0,8,1465.0,66.0,11129.0,4.4,Rain,0,8.0,6.72,1021.0
SM100708,2025-06-23,Prayagraj,Pickup,66.2,8,314.0,16.0,7463.0,8.1,Clear,1,10.0,9.11,1019.0
SM100369,09/10/2025, PRAYAGRAJ ,Truck,8.5,4,2527.0,109.0,46327.0,5.3,Clear,0,7.0,6.37,1222.0
SM100023,2025-12-05,Varanasi,Mini Truck,39.3,8,1152.0,55.0,7787.0,2.9,Rain,0,9.0,6.37,1288.0
SM103312,2025-12-06,Gorakhpur,Mini Truck,36.9,6,,37.0,2465.0,4.1,Clear,0,8.0,4.99,1099.0
SM101285,2025-01-18,Lucknow,Pickup,60.6,7,457.0,51.0,15456.0,2.4,Clear,0,9.0,8.43,980.0
SM101957,2025-07-14,Lucknow,Mini Truck,13.2,5,1268.0,71.0,7156.0,4.8,Clear,0,6.0,5.27,798.0
SM102260,2025-01-09,varanasi,Pickup,27.2,8,420.0,33.0,8570.0,3.6,Clear,0,8.0,4.92,824.0
SM101199,2025-08-15,Lucknow,Pickup,22.2,3,637.0,34.0,5737.0,2.9,Clear,0,6.0,3.71,542.0
SM100469,2025-12-07,Gorakhpur,Pickup,49.9,7,575.0,33.0,11069.0,4.0,Clear,0,9.0,6.21,913.0
SM105892,2025-02-15,Kanpur,Mini Truck,11.2,5,1675.0,84.0,13081.0,3.7,Clear,0,7.0,4.09,840.0
SM101192,2025-03-04,Varanasi,Truck,61.8,6,2350.0,134.0,17512.0,6.2,Clear,0,10.0,10.52,2501.0
SM100106,2025-10-12,Allahabad,Truck,32.8 km,7,4021.0,369.0,79869.0,10.0,Clear,0,9.0,9.34,2417.0
SM101484,2025-06-01,Kanpur,Pickup,32.8,3,166.0,14.0,1500.0,4.2,Clear,0,6.0,6.25,562.0
SM105023,2025-06-03,Prayagraj,Truck,54.3,6,1562.0,135.0,33769.0,6.3,Rain,0,9.0,9.81,1960.0
SM100350,2025-07-14,Lucknow,Truck,27.2,4,2622.0,117.0,30751.0,6.6,Rain,0,8.0,8.97,1706.0
SM104019,2025-09-08,Varanasi,Pickup,9.6,6,475.0,28.0,11520.0,4.3,Clear,0,6.0,4.09,477.0
SM101260,2025-04-08,Gorakhpur,Pickup,89.9,7,603.0,43.0,8231.0,6.4,Clear,0,11.0,8.12,1503.0
SM100048,2025-09-05,Gorakhpur,Truck,107.7,7,2663.0,206.0,53962.0,6.9,Rain,1,13.0,13.94,3767.0
SM101443,08/06/2025,Gorakhpur,Pickup,21.9,7,345.0,16.0,5358.0,4.1,Rain,0,7.0,7.13,643.0
SM105936,2025-02-27,Lucknow,Mini Truck,,7,745.0,45.0,22151.0,2.0,Clear,0,7.0,6.58,937.0
SM104837,2025-01-25,Varanasi,Truck,36.2,4,3017.0,186.0,22533.0,5.0,Clear,0,8.0,8.08,2041.0
SM105088,2025-02-20,prayagraj,Mini Truck,27.2,11,732.0,45.0,5137.0,5.8,Clear,1,9.0,8.61,994.0
SM102511,2025-11-08,Varanasi,Mini Truck,31.8,6,1366.0,83.0,13028.0,6.4,Rain,0,8.0,6.99,1286.0
SM104537,2025-09-22,Kanpur,Mini Truck,29.4,9,1716.0,88.0,25902.0,5.8,Rain,0,9.0,9.01,1341.0
SM103608,2025-08-14,Lucknow,Mini Truck,13.6,6,1663.0,90.0,9423.0,6.8,Clear,0,7.0,5.47,976.0
SM105734,2025-08-26,Kanpur,Mini Truck,32.5,6,632.0,76.0,13710.0,8.0,Rain,0,7.0,6.88,880.0
SM105222,2025-12-03,Prayagraj,Truck,37.1,4,2110.0,106.0,10672.0,6.6,Clear,0,8.0,6.07,1821.0
SM105869,2025-09-01,Varanasi,Pickup,68.2 km,5,,21.0,1037.0,5.8,Rain,0,9.0,8.52,1130.0
SM103033,2025-02-10,Lucknow,Truck,46.5,6,1963.0,107.0,27799.0,4.9,Clear,0,9.0,8.42,1943.0
SM102771,2025-01-15,Kanpur,Pickup,9.0,3,298.0,17.0,823238.8963911815,,Clear,0,5.0,4.67,291.0
SM105872,2025-09-27,Lucknow,Pickup,27.6,3,765.0,44.0,8636.0,6.3,Clear,0,6.0,5.42,738.0
SM104417,2025-02-27,Kanpur,Pickup,22.0,4,565.0,23.0,5270.0,5.1,Clear,0,6.0,5.52,619.0
SM105714,2025-12-16,Lucknow,Mini Truck,33.7,7,1217.0,98.0,9596.0,5.4,Rain,0,8.0,7.98,1177.0
SM102125,2025-04-04, LUCKNOW ,Mini Truck,26.8,10,1757.0,84.0,52704.0,7.7,Clear,0,9.0,7.62,1336.0
SM100030,2025-06-14,kanpur,Pickup,49.3,8,230.0,12.0,1798.0,5.7,Clear,0,9.0,6.85,921.0
SM102306,2025-04-29,Gorakhpur,Truck,74.2,8,1967.0,109.0,20662.0,5.7,Clear,1,11.0,11.24,2923.0
SM101226,2025-02-09,Varanasi,Mini Truck,27.1,4,861.0,69.0,18802.0,1.7,Clear,0,7.0,3.65,860.0
SM102329,2025-02-23,Prayagraj,Pickup,89.8,9,283.0,31.0,2925.0,3.8,Clear,0,11.0,9.92,1296.0
SM103413,2025-02-04,Gorakhpur,Mini Truck,,8,,71.0,8556.0,,Clear,0,13.0,10.77,2685.0
SM105039,2025-03-20,Kanpur,Truck,31.6,5,3170.0,245.0,130744.0,8.1,Clear,0,8.0,7.7,2094.0
SM100173,2025-09-21,Gorakhpur,Truck,43.4,7,2851.0,187.0,62362.0,5.5,Rain,0,9.0,8.35,2224.0
SM102676,2025-12-18,Lucknow,Mini Truck,31.4,8,557.0,26.0,4681.0,6.4,Clear,0,8.0,7.25,977.0
SM105620,2025-01-08,Gorakhpur,Truck,65.9,6,2715.0,152.0,25569.0,6.1,Fog,0,10.0,10.19,2601.0
SM103241,2025-03-17,Lucknow,Pickup,27.8,5,465.0,50.0,24441.0,6.7,Clear,0,7.0,5.26,664.0
SM105818,2025-05-24,Kanpur,Truck,50.8,5,3253.0,249.0,74422.0,2.9,Clear,0,9.0,7.43,2460.0
SM105454,2025-04-23,Lucknow,Mini Truck,55.0,6,818.0,61.0,12262.0,3.6,Rain,0,9.0,8.36,1408.0
SM104766,28/07/2025,Kanpur,Pickup,18.3,6,573.0,40.0,13753.0,8.5,Clear,0,7.0,5.87,600.0
SM105980,2025-08-09,Varanasi,Mini Truck,9.1,6,1343.0,101.0,15166.0,7.9,Clear,1,7.0,7.42,779.0
SM100807,2025-02-10,Varanasi,Mini Truck,29.4,5,478.0,24.0,12431.0,4.8,Clear,0,7.0,5.77,886.0
SM101469,2025-01-23,Lucknow,Truck,10.7,4,3551.0,380.0,68702.0,7.4,Fog,0,7.0,7.91,1709.0
SM103902,2025-07-05,Varanasi,Pickup,85.0,6,527.0,31.0,1725.0,3.2,Rain,0,10.0,7.67,1356.0
SM105012,07/08/2025,Varanasi,Mini Truck,64.3,6,1264.0,68.0,5199.0,7.6,Rain,0,9.0,9.08,1676.0
SM105047,2025-08-17,Gorakhpur,Pickup,11.3,6,596.0,34.0,6128.0,5.3,Rain,0,6.0,7.62,598.0
SM104401,2025-02-13,Lucknow,Pickup,18.9,6,577.0,48.0,7348.0,6.4,Clear,0,7.0,5.35,669.0
SM103195,2025-03-06,Prayagraj,Truck,16.5,10,3028.0,124.0,17080.0,2.9,Clear,0,9.0,7.85,1786.0
SM100493,2025-08-09,Varanasi,Mini Truck,11.6,5,1053.0,83.0,14630.0,4.3,Clear,1,6.0,6.44,746.0
SM101001,2025-09-26,Prayagraj,Mini Truck,32.7,9,1423.0,116.0,29552.0,9.7,Clear,0,9.0,8.74,1335.0
SM102317,2025-06-09,Gorakhpur,Truck,,9,3496.0,271.0,45862.0,5.9,Clear,0,11.0,9.09,2675.0
SM105130,2025-04-28,Varanasi,Truck,68.4,6,3508.0,289.0,78678.0,5.3,Rain,0,11.0,10.42,3193.0
SM104513,2025-11-29,Varanasi,Truck,33.1,3,4241.0,200.0,83074.0,4.8,Clear,0,8.0,7.0,2342.0
SM100972,2025-06-24,Varanasi,Mini Truck,33.5,11,1138.0,69.0,10955.0,,Clear,0,9.0,8.18,1386.0
SM104864,17/11/2025,Kanpur,Mini Truck,42.7,5,1727.0,188.0,50011.0,5.9,Clear,0,8.0,7.31,1581.0
SM105295,2025-10-19,Prayagraj,Mini Truck,59.4,4,1541.0,130.0,14236.0,4.9,Clear,0,9.0,7.25,1615.0
SM102811,2025-04-15,Lucknow,Mini Truck,13.3,6,787.0,71.0,24729.0,2.8,Clear,0,7.0,3.76,614.0
SM100384,2025-01-12,Lucknow,Mini Truck,25.7,4,1732.0,78.0,21418.0,7.7,Clear,0,7.0,6.41,1247.0
SM104110,02/01/2025,gorakhpur,Mini Truck,56.2,8,665.0,61.0,24429.0,4.7,Fog,0,9.0,9.71,1375.0
SM101663,2025-07-22,Lucknow,Pickup,16.6,5,568.0,34.0,4421.0,4.3,Clear,0,6.0,5.48,543.0
SM103345,2025-10-05,Varanasi,Pickup,55.8,8,171.0,12.0,1772.0,7.1,Clear,0,9.0,6.03,943.0
SM101701,2025-03-07,Prayagraj,Mini Truck,35.6,8,559.0,33.0,3961.0,6.3,Clear,0,8.0,6.4,1107.0
SM104112,2025-02-25,Varanasi,Truck,67.4,11,3958.0,431.0,39261.0,6.9,Rain,1,12.0,12.27,3299.0
SM104446,2025-04-23,Varanasi,Pickup,54.3,3,607.0,34.0,5171.0,,Clear,0,8.0,7.15,935.0
SM101058,2025-06-04,Prayagraj,Truck,31.2,4,1407.0,99.0,27383.0,5.3,Clear,0,7.0,5.88,1395.0
SM100640,2025-09-02,Lucknow,Truck,27.5,6,4033.0,169.0,12873.0,1.6,Clear,0,9.0,5.95,2390.0
SM103010,2025-05-15,Kanpur,Mini Truck,14.8,10,1038.0,124.0,49527.0,7.3,Clear,0,8.0,5.53,986.0
SM102813,2025-12-18,Varanasi,Pickup,35.0,4,155.0,8.0,2635.0,6.7,Fog,0,7.0,6.56,654.0
SM105361,2025-10-20,Gorakhpur,Mini Truck,68.5,12,1607.0,77.0,10357.0,5.4,Clear,1,12.0,9.66,2073.0
SM105744,2025-01-07,Varanasi,Truck,45.4,5,2871.0,224.0,48169.0,7.3,Rain,0,9.0,8.86,2360.0
SM101186,2025-02-21,Lucknow,Truck,68.2,5,1160.0,55.0,5354.0,5.1,Clear,0,9.0,8.15,2280.0
SM102662,2025-02-24,Varanasi,Mini Truck,,7,1302.0,105.0,6354.0,6.1,Clear,0,8.0,6.66,1218.0
SM105087,2025-04-02,Lucknow,Pickup,18.6,8,361.0,26.0,5648.0,4.2,Clear,0,7.0,6.75,547.0
SM101716,2025-08-24, PRAYAGRAJ ,Mini Truck,57.2,6,886.0,64.0,27734.0,6.0,Clear,0,9.0,5.89,
SM102469,2025-03-20,Lucknow,Truck,10.9,7,3400.0,358.0,100582.0,8.8,Clear,0,8.0,8.55,1712.0
SM101920,2025-05-24,Prayagraj,Truck,14.0,9,2640.0,140.0,32916.0,1.5,Clear,0,8.0,6.28,
SM103143,2025-07-27,Varanasi,Truck,18.3,8,2651.0,162.0,30615.0,4.5,Rain,0,8.0,8.22,
SM105452,2025-11-04,Lucknow,Mini Truck,42.8,2,269.0,13.0,1631.0,5.3,Rain,0,7.0,6.55,974.0
SM104882,01/07/2025,Prayagraj,Pickup,46.1,5,334.0,26.0,7374.0,4.4,Rain,0,8.0,6.91,789.0
SM100585,2025-12-04,Kanpur,Mini Truck,26.3,4,1440.0,128.0,11391.0,5.8,Clear,0,7.0,5.54,1082.0
SM104360,2025-01-03,Prayagraj,Truck,18.4,7,3132.0,153.0,21413.0,4.0,Fog,0,8.0,8.72,1831.0
SM105786,24/08/2025,Varanasi,Pickup,59.9,6,585.0,24.0,4242.0,5.5,Rain,0,9.0,7.1,1137.0
SM100076,2025-05-01,Allahabad,Pickup,64.9,5,458.0,19.0,1399.0,6.7,Clear,0,9.0,7.93,999.0
SM102368,01/03/2025,Kanpur,Mini Truck,40.3,7,1177.0,56.0,7233.0,5.6,Clear,0,8.0,6.15,1342.0
SM100625,2025-03-26,Varanasi,Mini Truck,47.2,5,1055.0,73.0,5817.0,5.8,Clear,0,8.0,6.92,1250.0
SM103403,2025-12-26,Varanasi,Pickup,42.3,13,394.0,18.0,5101.0,3.4,Fog,0,10.0,10.38,1007.0
SM103713,2025-03-23,Varanasi,Truck,43.2,4,3469.0,196.0,26319.0,7.2,Clear,0,9.0,7.77,2415.0
SM101407,2025-11-16, PRAYAGRAJ ,Truck,51.3,11,3715.0,150.0,55977.0,6.8,Clear,0,12.0,10.98,2951.0
SM101905,2025-03-31,Varanasi,Pickup,56.2,9,629.0,27.0,4259.0,7.1,Clear,1,10.0,8.77,1252.0
SM100375,2025-02-04,Prayagraj,Pickup,50.1,5,314.0,17.0,1485.0,4.9,Clear,0,8.0,7.79,851.0
SM100080,2025-12-10,lucknow,Truck,40.7,4,,119.0,15371.0,5.2,Clear,0,8.0,7.05,1544.0
SM102170,2025-01-08, VARANASI ,Pickup,32.6,5,406.0,18.0,3425.0,6.6,Clear,0,7.0,6.51,686.0
SM104125,2025-07-03,Gorakhpur,Truck,59.0,8,2772.0,114.0,64687.0,9.0,Rain,0,10.0,10.13,2666.0
SM102786,2025-04-14,Kanpur,Mini Truck,38.9,2,722.0,42.0,11318.0,5.0,Clear,0,7.0,5.1,945.0
SM102793,2025-07-15,Lucknow,Pickup,52.1,5,355.0,17.0,3828.0,5.0,Rain,1,8.0,8.35,895.0
SM105204,2025-07-10,Prayagraj,Truck,40.2,10,1681.0,134.0,27288.0,8.9,Clear,0,10.0,10.21,1901.0
SM100189,2025-04-21,Allahabad,Mini Truck,48.7,7,604.0,52.0,23377.0,4.5,Clear,0,9.0,6.67,1269.0
SM105874,2025-09-17,lucknow,Pickup,27.7,5,435.0,24.0,3431.0,6.6,Clear,0,7.0,4.89,750.0
SM105951,27/10/2025,Prayagraj,Pickup,45.5,4,311.0,14.0,1770.0,6.2,Clear,0,7.0,6.39,673.0
SM101203,2025-10-05,Varanasi,Pickup,18.7,5,336.0,21.0,4141.0,4.6,Clear,0,6.0,5.21,487.0
SM104679,2025-01-26,Gorakhpur,Truck,68.0,5,3680.0,292.0,23026.0,2.1,Clear,0,10.0,8.65,3001.0
SM102059,2025-05-28,Lucknow,Truck,18.1,10,2195.0,92.0,10762.0,5.6,Clear,0,9.0,7.61,1559.0
SM104645,2025-05-28,Lucknow,Mini Truck,13.8,3,1153.0,58.0,10468.0,6.1,Clear,0,6.0,5.68,741.0
SM102248,2025-02-26,Lucknow,Mini Truck,47.4,8,1245.0,50.0,9054.0,2.4,Clear,0,9.0,6.64,1424.0
SM101383,2025-11-24,Prayagraj,Mini Truck,41.1,6,1652.0,125.0,19784.0,7.6,Clear,0,8.0,7.57,1484.0
SM104350,2025-08-11,Lucknow,Mini Truck,21.8 km,8,1747.0,77.0,13181.0,7.4,Rain,0,8.0,8.84,1239.0
SM105018,2025-10-12,Prayagraj,Truck,14.5,7,3901.0,204.0,38996.0,6.4,Clear,0,9.0,7.78,1920.0
SM105851,04/08/2025, LUCKNOW ,Mini Truck,20.4,3,725.0,62.0,12227.0,7.1,Rain,0,6.0,6.3,627.0
SM103476,2025-07-19,Kanpur,Truck,27.5 km,8,2542.0,143.0,42885.0,3.7,Rain,0,9.0,8.73,1784.0
SM105328,2025-03-08,Kanpur,Pickup,36.9,6,378.0,16.0,1953.0,4.9,Clear,0,8.0,6.12,731.0
SM103106,2025-11-11,Gorakhpur,Truck,29.4,5,4754.0,312.0,23129.0,8.5,Fog,0,9.0,10.16,2673.0
SM102110,2025-04-13,Lucknow,Truck,21.0,4,3788.0,249.0,70743.0,5.5,Clear,0,8.0,7.01,1926.0
SM100240,2025-02-21,Gorakhpur,Pickup,,5,436.0,52.0,12209.0,6.5,Clear,0,9.0,8.78,1210.0
SM101517,2025-01-18,Prayagraj,Pickup,31.2,2,490.0,27.0,6578.0,6.1,Fog,0,6.0,6.7,570.0
SM104817,2025-05-01,Varanasi,Pickup,52.1,7,433.0,39.0,14039.0,3.8,Clear,0,9.0,6.95,912.0
SM100676,2025-07-31,Prayagraj,Mini Truck,,7,1183.0,102.0,32610.0,6.4,Rain,1,8.0,8.02,982.0
SM103702,2025-04-02,Gorakhpur,Mini Truck,101.2 km,3,1458.0,74.0,30305.0,4.3,Clear,0,10.0,7.4,2251.0
SM104966,2025-03-24,prayagraj,Pickup,35.1,8,250.0,27.0,5673.0,6.6,Clear,0,8.0,6.58,704.0
SM104379,2025-12-06,Prayagraj,Mini Truck,30.4,3,1243.0,85.0,24027.0,6.4,Fog,0,7.0,7.21,954.0
SM105618,2025-11-26,Lucknow,Mini Truck,31.9,6,1633.0,115.0,17108.0,4.6,Clear,0,8.0,5.94,1250.0
SM101382,2025-05-07,Lucknow,Mini Truck,47.7,4,1242.0,82.0,14105.0,8.5,Clear,1,8.0,6.51,1316.0
SM101205,2025-11-26,Kanpur,Mini Truck,26.8,11,301.0,17.0,4787.0,6.4,Clear,0,9.0,7.77,833.0
SM102454,2025-10-30,Gorakhpur,Mini Truck,91.0,5,1143.0,57.0,12477.0,5.8,Clear,0,10.0,8.2,1940.0
SM104567,2025-09-14,Varanasi,Mini Truck,27.0,10,1125.0,121.0,58954.0,4.9,Clear,0,9.0,6.73,1217.0
SM101027,2025-04-13,Varanasi,Mini Truck,73.1,4,462.0,25.0,2526.0,99.0,Clear,0,9.0,6.72,1565.0
SM101816,2025-03-27,Lucknow,Truck,24.4,7,3537.0,308.0,145264.0,5.3,Clear,0,9.0,7.8,2002.0
SM105124,2025-02-12,Gorakhpur,Truck,74.7,4,542.0,47.0,15822.0,6.5,Rain,0,9.0,7.96,2131.0
SM105317,2025-02-08,Kanpur,Pickup,12.7,6,157.0,7.0,2148.0,5.3,Clear,0,6.0,4.58,396.0
SM103430,2025-04-02,Prayagraj,Mini Truck,57.5,4,954.0,48.0,7173.0,7.0,Clear,0,8.0,8.38,1514.0
SM102830,2025-12-03,Varanasi,Mini Truck,21.1,4,1529.0,106.0,18537.0,7.1,Clear,0,7.0,4.88,1054.0
SM105435,2025-12-28,Kanpur,Pickup,39.8,12,,24.0,9678.0,5.0,Clear,0,10.0,6.47,1005.0
SM103055,2025-06-24,Lucknow,Mini Truck,23.2,5,1011.0,99.0,18855.0,6.9,Clear,0,7.0,4.54,886.0
SM100628,2025-07-04,Varanasi,Truck,24.0,4,2070.0,114.0,10501.0,6.0,Rain,0,7.0,8.78,1386.0
SM102373,2025-05-26,Varanasi,Pickup,17.7 km,4,660.0,78.0,3014.0,5.8,Clear,0,6.0,6.66,431.0
SM105122,2025-08-13,Varanasi,Mini Truck,35.8,5,696.0,81.0,29279.0,7.9,Clear,0,7.0,5.91,906.0
SM103070,2025-06-04,Gorakhpur,Mini Truck,143.6,5,1053.0,93.0,14475.0,2.9,Clear,0,13.0,10.63,2789.0
SM102367,2025-03-06,Kanpur,Pickup,35.8,4,372.0,42.0,9027.0,,Clear,0,7.0,4.06,720.0
SM104828,2025-12-02, KANPUR ,Pickup,32.9,5,433.0,36.0,9105.0,7.5,Fog,0,7.0,7.12,647.0
SM101292,2025-06-11,Lucknow,Pickup,22.7,5,,38.0,12904.0,6.1,Clear,0,7.0,4.84,620.0
SM105173,2025-05-03,Varanasi,Mini Truck,20.6,8,924.0,41.0,8450.0,4.1,Clear,0,8.0,6.29,849.0
SM102814,2025-03-14,Varanasi,Mini Truck,22.8,3,954.0,109.0,22802.0,7.6,,1,6.0,8.2,744.0
SM103150,2025-09-18,Kanpur,Pickup,25.7,6,456.0,26.0,4067.0,7.3,Rain,0,7.0,6.01,628.0
SM102826,2025-05-13,Varanasi,Truck,64.8,6,957.0,87.0,14555.0,8.4,Clear,0,9.0,8.4,2110.0
SM103852,2025-02-08,Varanasi,Truck,32.7,5,3433.0,144.0,28863.0,6.1,Clear,0,9.0,7.69,2086.0
SM102614,2025-02-08,Varanasi,Mini Truck,17.5,10,1806.0,97.0,42640.0,2.8,Rain,0,9.0,8.48,1285.0
SM104048,2025-05-03,Prayagraj,Pickup,58.4,5,559.0,23.0,7144.0,3.1,Clear,0,8.0,4.76,960.0
SM105937,2025-07-29,Lucknow,Mini Truck,20.6,5,1211.0,50.0,8098.0,1.7,Rain,0,7.0,5.7,897.0
SM103617,30/05/2025,Kanpur,Mini Truck,37.8,11,899.0,97.0,14969.0,4.2,Clear,0,9.0,7.05,1316.0
SM105693,26/03/2025,Lucknow,Pickup,41.9,10,148.0,9.0,1286.0,4.8,Clear,0,9.0,6.24,876.0
SM101654,2025-02-27, PRAYAGRAJ ,Mini Truck,21.6,4,810.0,79.0,34104.0,6.3,Clear,0,6.0,6.13,773.0
SM100140,2025-12-25,Allahabad,Pickup,,5,527.0,36.0,8891.0,7.6,Fog,0,8.0,8.14,979.0
SM101589,2025-01-11,Gorakhpur,Mini Truck,58.7,6,1307.0,98.0,8615.0,,Fog,0,9.0,10.01,1595.0
SM102496,2025-10-20,Gorakhpur,Pickup,84.3,5,253.0,10.0,4888.0,3.2,Clear,1,10.0,6.63,1222.0
SM104037,2025-08-13,Kanpur,Pickup,49.4,9,678.0,56.0,9498.0,7.4,Rain,0,9.0,8.91,1052.0
SM105902,2025-02-04,Kanpur,Pickup,67.5,1,233.0,15.0,3658.0,5.2,Clear,0,7.0,6.37,908.0
SM105198,2025-07-27,Prayagraj,Pickup,40.5,5,505.0,48.0,7225.0,3.8,Rain,0,7.0,5.28,796.0
SM101069,2025-01-04,Lucknow,Mini Truck,35.1,7,1393.0,66.0,19006.0,,Clear,0,8.0,8.15,1341.0
SM101136,2025-09-22,Prayagraj,Truck,38.7,4,2773.0,172.0,19968.0,8.8,Clear,0,8.0,8.25,1995.0
SM104325,2025-05-24,Prayagraj,Mini Truck,23.7,10,960.0,73.0,6193.0,4.2,Clear,0,8.0,6.99,1071.0
SM100999,2025-07-07,Lucknow,Mini Truck,4.5,6,752.0,41.0,11407.0,3.6,Rain,0,6.0,5.44,550.0
SM102715,2025-06-19,Lucknow,Truck,18.2,11,,81.0,32934.0,2.6,Clear,0,9.0,7.01,1388.0
SM103200,03/12/2025,Prayagraj,Truck,33.5,7,2431.0,109.0,18023.0,5.8,Clear,0,9.0,7.34,1970.0
SM105612,2025-08-22,Varanasi,Mini Truck,22.4,4,1256.0,51.0,5052.0,5.2,Rain,0,7.0,6.99,891.0
SM100024,2025-10-13,Allahabad,Truck,12.5,3,3482.0,140.0,16293.0,7.5,,0,7.0,6.43,1604.0
SM102149,2025-11-08,Lucknow,Mini Truck,16.4,7,1100.0,47.0,10635.0,3.3,,0,7.0,5.24,971.0
SM100261,2025-03-04,Varanasi,Truck,26.8,8,2503.0,169.0,15620.0,3.7,Clear,0,9.0,7.77,1825.0
SM103910,2025-03-26,Kanpur,Mini Truck,21.1,5,1153.0,53.0,7149.0,6.1,Clear,0,7.0,3.91,853.0
SM103040,2025-05-25,Prayagraj,Mini Truck,28.9,7,1103.0,79.0,13974.0,2.5,Clear,0,8.0,5.87,1116.0
SM103297,2025-11-28,Varanasi,Truck,22.0,4,2715.0,146.0,43870.0,5.0,Rain,0,7.0,7.34,1604.0
SM105175,2025-03-02,Gorakhpur,Mini Truck,97.7,4,862.0,69.0,8229.0,6.6,Clear,0,10.0,9.24,2044.0
SM102422,2025-02-07,Kanpur,Pickup,26.2,9,499.0,26.0,7183.0,5.8,Clear,0,8.0,6.61,792.0
SM103490,2025-02-09,Lucknow,Truck,22.3,3,4408.0,188.0,38513.0,7.2,Clear,0,8.0,8.09,2164.0
SM103609,2025-09-04,Lucknow,Mini Truck,22.4,4,1329.0,56.0,20039.0,5.1,Rain,0,7.0,6.6,968.0
SM101695,2025-09-07, VARANASI ,Truck,,4,2130.0,97.0,8963.0,6.1,Rain,0,7.0,6.37,1658.0
SM100008,2025-03-15,Lucknow,Pickup,16.9,9,399.0,16.0,3402.0,5.2,Clear,0,8.0,6.86,619.0
SM101066,2025-12-04,Prayagraj,Pickup,49.7,6,476.0,21.0,2002.0,6.3,Rain,0,8.0,7.74,901.0
SM101902,2025-09-20,Lucknow,Mini Truck,12.7,2,1731.0,76.0,26264.0,6.6,Clear,0,6.0,4.26,948.0
SM101713,2025-09-25, GORAKHPUR ,Pickup,19.1,10,552.0,33.0,3511.0,4.3,Clear,0,8.0,5.9,696.0
SM103061,2025-04-23,Prayagraj,Truck,13.0,6,4219.0,444.0,211418.0,6.5,Clear,0,8.0,7.82,1963.0
SM100400,2025-12-31,Lucknow,Pickup,24.6,5,414.0,31.0,4476.0,4.9,Fog,0,7.0,7.37,726.0
SM105231,2025-06-30,Lucknow,Mini Truck,13.0,7,1169.0,56.0,5290.0,4.7,Clear,0,7.0,5.92,1009.0
SM105481,2025-02-03,lucknow,Mini Truck,44.1,9,1308.0,72.0,14648.0,4.0,Rain,0,9.0,9.23,1347.0
SM101994,2025-10-03,Varanasi,Truck,21.6,7,4267.0,238.0,19362.0,6.8,Clear,0,9.0,7.98,2284.0
SM101539,2025-08-15,Prayagraj,Pickup,18.7,3,352.0,27.0,1791.0,5.3,Rain,0,6.0,5.1,454.0
SM105624,2025-03-17,Prayagraj,Pickup,46.4,10,,37.0,13263.0,3.5,Clear,0,9.0,6.25,1069.0
SM104134,2025-12-27,Prayagraj,Truck,45.5,8,2595.0,159.0,35399.0,4.0,Rain,0,10.0,9.86,2316.0
SM100864,2025-11-05,Gorakhpur,Mini Truck,57.5,4,1075.0,79.0,23542.0,8.6,Clear,1,8.0,9.56,1473.0
SM105882,2025-11-01,varanasi,Pickup,38.2,4,473.0,29.0,3839.0,6.4,Clear,0,7.0,5.45,625.0
SM102433,2025-04-25,Prayagraj,Truck,10.9,8,1981.0,123.0,26905.0,10.0,Rain,0,8.0,8.77,1306.0
SM105330,25/07/2025,Lucknow,Truck,21.2,5,3249.0,160.0,32767.0,6.4,Rain,0,8.0,7.86,1808.0
SM104303,2025-01-13,Prayagraj,Pickup,60.6,4,626.0,60.0,18212.0,7.4,Fog,0,8.0,9.1,1009.0
SM103328,2025-05-24,Prayagraj,Mini Truck,20.1,5,1227.0,80.0,19633.0,2.4,Clear,0,7.0,4.68,908.0
SM103101,17/02/2025, LUCKNOW ,Truck,19.0,4,1760.0,84.0,48666.0,7.9,Rain,0,7.0,7.98,1179.0
SM103362,2025-01-17,varanasi,Mini Truck,20.4,7,799.0,34.0,6249.0,6.1,Clear,0,7.0,6.54,817.0
SM102568,19/05/2025,Lucknow,Pickup,,5,365.0,35.0,3235.0,6.0,Clear,0,7.0,4.75,596.0
SM104540,2025-08-07,Gorakhpur,Truck,328.0,7,1405.0,99.0,22468.0,4.9,Clear,1,8.0,9.24,1594.0
SM100890,2025-02-06,Lucknow,Pickup,42.6,5,519.0,54.0,8235.0,7.9,Clear,0,8.0,6.97,905.0
SM104892,2025-01-22,Lucknow,Pickup,15.5,6,318.0,33.0,3877.0,5.8,Clear,0,6.0,4.8,586.0
SM100698,2025-01-19,Lucknow,Pickup,12.7,6,213.0,13.0,5124.0,6.5,Fog,0,6.0,6.28,366.0
SM104139,2025-07-04,Lucknow,Mini Truck,40.8,7,1659.0,86.0,12373.0,9.6,Clear,0,9.0,7.66,1468.0
SM100293,2025-05-02,Allahabad,Mini Truck,40.8,7,915.0,41.0,10625.0,4.3,,0,8.0,6.86,1280.0
SM104055,2025-05-18,Prayagraj,Truck,59.7,4,3506.0,406.0,32363.0,6.7,Clear,0,10.0,9.47,2756.0
SM102724,2025-10-16,Kanpur,Truck,38.4,6,2885.0,124.0,20000.0,7.9,Clear,0,9.0,8.66,2056.0
SM102297,2025-06-29,Lucknow,Pickup,10.8,9,445.0,22.0,4845.0,4.9,Rain,0,7.0,6.69,719.0
SM103788,2025-12-23,Kanpur,Mini Truck,17.1,9,1480.0,70.0,30462.0,99.0,Fog,0,8.0,8.23,
SM104041,2025-08-26,Lucknow,Pickup,5.1,6,478.0,28.0,14619.0,7.3,Rain,0,6.0,5.8,383.0
SM101112,2025-03-12,Kanpur,Pickup,44.1,5,465.0,31.0,15612.0,4.2,Clear,0,8.0,5.7,698.0
SM100631,2025-04-30,Gorakhpur,Truck,77.3,8,1657.0,83.0,823238.8963911815,6.4,Clear,1,11.0,12.15,
SM100212,2025-10-15,Kanpur,Truck,69.9,3,4363.0,262.0,25655.0,3.8,Clear,0,10.0,8.65,3269.0
SM104054,2025-01-03, LUCKNOW ,Truck,23.0,2,3635.0,350.0,108433.0,8.9,Fog,0,7.0,8.65,1890.0
SM103326,2025-02-28,Kanpur,Pickup,15.2,5,520.0,29.0,4462.0,8.7,Clear,0,6.0,5.92,
SM101609,2025-02-15,Gorakhpur,Mini Truck,70.1,3,1534.0,100.0,20983.0,,Rain,0,9.0,8.37,1754.0
SM105990,2025-01-19,Gorakhpur,Mini Truck,51.5,3,,73.0,19050.0,5.2,Clear,0,8.0,7.05,1433.0
SM104451,2025-04-03,Prayagraj,Pickup,36.0,6,609.0,65.0,4292.0,5.2,Clear,0,8.0,6.85,745.0
SM102376,2025-11-08,lucknow,Mini Truck,12.3,7,1034.0,63.0,8218.0,7.7,Rain,0,7.0,8.23,761.0
SM100198,2025-05-04,Lucknow,Mini Truck,18.2,4,972.0,56.0,10579.0,3.2,Clear,0,6.0,4.54,721.0
SM105519,2025-07-11,Lucknow,Mini Truck,40.4,6,979.0,91.0,22836.0,3.3,Clear,0,8.0,5.9,1202.0
SM103781,2025-03-25,Prayagraj,Mini Truck,17.0,7,1026.0,46.0,8621.0,,Clear,0,7.0,6.07,902.0
SM105559,2025-02-19,Kanpur,Truck,19.2,9,3872.0,182.0,12344.0,3.8,Fog,0,9.0,9.09,2154.0
SM105403,2025-07-14,Kanpur,Truck,26.4,5,2149.0,221.0,81952.0,4.2,Clear,0,8.0,5.33,1471.0
SM100676,2025-07-31,Prayagraj,Mini Truck,,7,1183.0,102.0,32610.0,6.4,Rain,1,8.0,8.02,982.0
SM105242,2025-11-28,Gorakhpur,Truck,43.9,6,3504.0,209.0,33065.0,7.5,Clear,0,9.0,8.98,2460.0
SM103944,2025-02-17,Prayagraj,Pickup,23.8,3,616.0,34.0,10236.0,8.5,Clear,0,6.0,5.36,606.0
SM101934,2025-02-23,Varanasi,Truck,29.0,7,1514.0,91.0,12848.0,2.6,Clear,0,8.0,6.84,1537.0
SM103535,2025-01-28,Lucknow,Truck,25.7,11,2375.0,152.0,26403.0,7.7,Rain,0,10.0,10.39,1957.0
SM100570,2025-12-13,Kanpur,Pickup,31.0,8,261.0,12.0,2269.0,4.5,Rain,0,8.0,6.8,559.0
SM103141,2025-05-29,Lucknow,Pickup,16.6,6,578.0,28.0,8473.0,6.8,Clear,0,7.0,5.52,558.0
SM103728,2025-05-05,Kanpur,Mini Truck,27.5,6,732.0,33.0,5088.0,5.4,Fog,0,7.0,7.51,990.0
SM102631,2025-09-06,Lucknow,Mini Truck,25.7,7,1562.0,90.0,26889.0,5.5,Clear,0,8.0,7.11,1227.0
SM100295,2025-07-10,Gorakhpur,Pickup,67.9,8,,30.0,2053.0,5.1,Rain,0,10.0,9.16,1240.0
SM103171,2025-12-09,Prayagraj,Pickup,48.6,7,426.0,30.0,3714.0,5.7,Clear,0,8.0,7.28,981.0
SM102876,2025-08-31,Varanasi,Pickup,23.9,8,287.0,30.0,11352.0,6.5,Rain,1,7.0,8.87,686.0
SM105020,2025-11-18,Lucknow,Truck,31.0,8,2453.0,303.0,76141.0,4.8,Clear,0,9.0,7.97,1984.0
SM104868,03/12/2025,Varanasi,Mini Truck,62.9,8,480.0,21.0,6927.0,3.9,Clear,0,10.0,7.56,1466.0
SM104609,2025-06-09,Gorakhpur,Mini Truck,167.9,6,1610.0,80.0,14797.0,5.6,Clear,0,15.0,12.32,3517.0
SM104348,2025-10-07,Lucknow,Truck,22.7,7,4043.0,162.0,58051.0,6.1,Clear,0,9.0,7.56,2173.0
SM103310,2025-07-07,Lucknow,Pickup,15.6,5,505.0,51.0,20536.0,6.4,Rain,0,6.0,5.63,524.0
SM101204,2025-08-26,Kanpur,Truck,21.6,3,,149.0,26124.0,4.7,Clear,0,7.0,6.57,1743.0
SM104875,2025-08-31,Lucknow,Pickup,35.4,5,535.0,33.0,10176.0,3.2,Clear,0,7.0,5.01,805.0
SM100567,2025-04-02,prayagraj,Pickup,31.2,4,,16.0,2540.0,5.5,Clear,0,7.0,4.75,627.0
SM102446,2025-10-10, KANPUR ,Pickup,20.6,9,592.0,50.0,7795.0,9.4,Rain,0,8.0,9.07,657.0
SM103000,2025-10-11, PRAYAGRAJ ,Mini Truck,23.5,7,953.0,42.0,24843.0,6.7,Clear,0,7.0,7.08,896.0
SM102439,2025-01-25,Lucknow,Mini Truck,14.1,4,1273.0,68.0,34815.0,8.6,Clear,0,6.0,5.41,928.0
SM104647,2025-01-30,Prayagraj,Mini Truck,73.2,8,946.0,91.0,11330.0,4.7,Fog,0,10.0,10.93,1796.0
SM104947,2025-07-09,Prayagraj,Mini Truck,56.3,6,1425.0,63.0,10842.0,5.3,Clear,0,9.0,7.7,1722.0
SM102085,2025-08-28,Prayagraj,Mini Truck,,6,1280.0,99.0,15790.0,5.6,Rain,0,9.0,8.56,1339.0
SM102509,2025-02-14,varanasi,Pickup,24.9,6,417.0,26.0,10863.0,7.0,Clear,0,7.0,5.24,680.0
SM103623,2025-06-10,Prayagraj,Truck,61.3,7,1426.0,155.0,16360.0,4.4,Clear,0,10.0,8.26,2272.0
SM104741,2025-06-18,Prayagraj,Mini Truck,27.8,3,1065.0,83.0,5251.0,6.0,Clear,0,6.0,4.96,935.0
SM105106,2025-10-04,Lucknow,Mini Truck,48.2,12,1229.0,129.0,32441.0,6.2,,0,10.0,9.94,1651.0
SM101645,2025-04-18,Gorakhpur,Pickup,24.4,5,493.0,37.0,5058.0,5.0,Clear,0,7.0,4.42,666.0
SM103815,2025-01-27,Lucknow,Pickup,48.3,11,558.0,47.0,9103.0,2.9,Clear,0,10.0,7.22,1138.0
SM105400,2025-11-07, PRAYAGRAJ ,Mini Truck,29.3,8,270.0,12.0,1198.0,4.7,Clear,0,8.0,4.89,901.0
SM100750,2025-12-17,Lucknow,Mini Truck,34.0,6,1399.0,90.0,12050.0,3.2,Fog,0,8.0,7.84,1150.0
SM101161,2025-07-02,Prayagraj,Truck,56.5,3,2470.0,182.0,43109.0,6.8,Clear,0,9.0,8.1,2226.0
SM104001,2025-11-04,Gorakhpur,Pickup,9.0,6,452.0,23.0,4292.0,5.8,Clear,0,6.0,4.95,533.0
SM102074,2025-09-12,Gorakhpur,Truck,38.7,3,3062.0,200.0,54785.0,8.0,Rain,0,8.0,8.27,2118.0
SM100277,2025-10-13,Varanasi,Mini Truck,26.2,4,1653.0,72.0,8434.0,1.6,Rain,0,7.0,6.58,1070.0
SM104254,2025-05-05,Varanasi,Mini Truck,50.2,4,1597.0,68.0,40656.0,99.0,Clear,0,8.0,7.07,1494.0
SM101146,2025-07-13,Lucknow,Mini Truck,43.2,9,1574.0,168.0,27186.0,4.9,Rain,0,9.0,8.86,1602.0
SM100294,2025-07-18,Allahabad,Mini Truck,330.0,5,-1555.0,96.0,9377.0,5.6,Rain,0,8.0,6.65,
SM100977,2025-07-28,Lucknow,Truck,23.3,8,2702.0,123.0,189720.0,5.8,Rain,0,9.0,9.3,1816.0
SM104355,2025-10-28,Prayagraj,Truck,25.7,4,2000.0,97.0,11587.0,4.2,Rain,0,7.0,7.31,1472.0
SM101761,2025-05-30,prayagraj,Pickup,10.7,7,514.0,49.0,5486.0,6.7,Clear,0,7.0,6.02,561.0
SM103018,2025-08-07,Kanpur,Mini Truck,17.9,7,1537.0,81.0,,4.9,Clear,0,8.0,5.34,1088.0
SM101168,2025-12-31, VARANASI ,Mini Truck,24.5,8,1323.0,106.0,16572.0,5.1,Clear,0,8.0,7.32,1188.0
SM103517,2025-11-26,Varanasi,Pickup,60.0,5,317.0,16.0,2615.0,5.8,Clear,0,8.0,6.1,902.0
SM102314,2025-03-24,Prayagraj,Pickup,49.1,6,394.0,19.0,1218.0,3.3,Clear,0,8.0,5.5,790.0
SM103324,08/06/2025,Varanasi,Truck,32.7,6,3328.0,327.0,66245.0,4.7,Clear,0,9.0,8.7,2133.0
SM103545,2025-08-19,Kanpur,Pickup,35.5 km,4,522.0,24.0,2839.0,3.5,Clear,0,7.0,4.04,
SM104706,2025-06-21,Lucknow,Truck,24.5,9,2683.0,254.0,96552.0,2.7,Clear,0,9.0,7.08,1776.0
SM101369,2025-08-20,Prayagraj,Pickup,18.9,2,522.0,45.0,5523.0,3.7,Rain,0,5.0,3.94,391.0
SM105538,2025-10-25,Lucknow,Mini Truck,25.2,4,743.0,32.0,11662.0,6.4,Rain,0,7.0,6.23,765.0
SM100904,2025-06-17,Prayagraj,Mini Truck,38.9,6,1168.0,70.0,4721.0,3.2,Clear,0,8.0,6.04,1205.0
SM104163,2025-03-15,Kanpur,Mini Truck,22.5,2,1345.0,78.0,29501.0,6.5,Clear,0,6.0,4.35,789.0
SM102585,2025-07-22,Gorakhpur,Truck,61.1,4,1385.0,132.0,13397.0,3.9,Rain,0,9.0,7.9,2161.0
SM105329,2025-06-29,Prayagraj,Pickup,7.6,8,550.0,24.0,5012.0,2.7,Clear,0,7.0,5.15,688.0
SM105988,2025-11-13,Lucknow,Pickup,44.7,1,285.0,25.0,11198.0,7.8,Rain,0,6.0,6.2,517.0
SM101314,2025-11-26,Lucknow,Mini Truck,42.6,6,906.0,46.0,9465.0,9.3,Clear,0,8.0,7.98,1235.0
SM104085,2025-08-19,Kanpur,Truck,250.0,6,3075.0,160.0,23378.0,4.3,Rain,0,8.0,8.0,1865.0
SM103915,2025-01-29,gorakhpur,Pickup,103.2,5,567.0,25.0,7759.0,4.1,Clear,0,11.0,8.95,1552.0
SM101726,2025-12-13,Kanpur,Mini Truck,7.3,7,944.0,40.0,12604.0,2.8,Fog,0,7.0,5.86,705.0
SM102357,2025-03-22,Prayagraj,Truck,26.0,4,2570.0,152.0,25817.0,4.5,Clear,0,7.0,6.42,1612.0
SM105219,2025-05-09,Kanpur,Mini Truck,26.5,9,1158.0,97.0,14628.0,8.0,Clear,0,8.0,7.66,1196.0
SM105427,2025-02-20,Lucknow,Truck,32.2,7,2687.0,200.0,24165.0,6.6,Clear,0,9.0,7.78,1941.0
SM105315,2025-07-26,Varanasi,Mini Truck,37.1,7,946.0,41.0,3337.0,7.1,,0,8.0,6.14,1160.0
SM104889,2025-06-25,Varanasi,Pickup,10.7,3,285.0,35.0,,3.7,Clear,0,5.0,4.04,290.0
SM105105,2025-08-23,Lucknow,Mini Truck,16.6,6,330.0,14.0,3400.0,4.3,Rain,0,7.0,6.45,533.0
SM104430,2025-12-03,Kanpur,Mini Truck,30.2,4,1341.0,147.0,30418.0,4.6,Clear,0,7.0,6.33,1057.0
SM104701,2025-01-21,Varanasi,Mini Truck,8.0,5,968.0,39.0,6933.0,5.5,Fog,0,6.0,5.32,635.0
SM101397,2025-08-27, KANPUR ,Mini Truck,34.5,2,1652.0,86.0,37214.0,6.3,Clear,0,7.0,5.57,1173.0
SM101244,2025-11-16,Varanasi,Pickup,29.2,6,279.0,14.0,1958.0,7.4,Clear,0,7.0,5.16,736.0
SM100833,2025-02-22,Prayagraj,Pickup,51.2,3,456.0,39.0,9069.0,5.8,Clear,0,7.0,5.16,818.0
SM100149,2025-01-22,Lucknow,Pickup,8.9,6,620.0,50.0,8414.0,6.2,Fog,0,6.0,7.81,515.0
SM103647,2025-08-08,Lucknow,Pickup,36.8,4,,27.0,1568.0,6.0,Rain,0,7.0,7.39,687.0
SM102348,2025-03-15,Varanasi,Pickup,38.4,3,415.0,40.0,4080.0,4.6,Clear,0,7.0,4.45,641.0
SM105046,2025-10-09,Varanasi,Pickup,40.0,8,515.0,52.0,10411.0,6.9,Clear,0,8.0,7.39,812.0
SM100184,2025-06-30,Lucknow,Mini Truck,55.4,4,1359.0,144.0,32882.0,2.8,Clear,0,8.0,6.15,1581.0
SM100887,2025-03-12,Kanpur,Truck,5.8,3,4218.0,184.0,84797.0,6.6,Fog,0,7.0,8.63,1776.0
SM100920,2025-11-15,Lucknow,Pickup,28.4,9,214.0,14.0,2592.0,,Clear,0,8.0,5.94,675.0
SM101487,2025-01-01,Lucknow,Truck,13.4,6,3233.0,352.0,92271.0,6.3,Fog,0,8.0,8.63,1745.0
SM102926,2025-08-14,Kanpur,Mini Truck,23.7,8,1012.0,45.0,5311.0,4.2,Rain,0,8.0,6.35,1052.0
SM103634,2025-12-17,Kanpur,Pickup,28.3,10,343.0,16.0,2365.0,6.0,Fog,0,8.0,9.11,809.0
SM105079,2025-07-06,Gorakhpur,Truck,30.6,5,3695.0,199.0,40671.0,5.6,Rain,0,9.0,8.52,2187.0
SM105255,06/05/2025,Lucknow,Truck,10.3,7,1749.0,95.0,20256.0,5.5,Clear,0,7.0,6.47,1085.0
SM100672,2025-08-21,Prayagraj,Pickup,38.8,7,359.0,20.0,4107.0,5.7,Clear,0,8.0,6.92,770.0
SM101908,2025-01-14,varanasi,Mini Truck,103.0,5,1239.0,62.0,14475.0,7.2,Fog,1,11.0,12.17,2109.0
SM102108,2025-04-13, PRAYAGRAJ ,Truck,32.1,10,3251.0,175.0,22581.0,7.3,Clear,0,10.0,9.64,2192.0
SM102035,2025-11-05,Lucknow,Mini Truck,18.8,10,922.0,113.0,86054.0,7.5,Clear,1,8.0,8.3,1011.0
SM102231,2025-01-26,Gorakhpur,Pickup,88.1,10,483.0,31.0,6770.0,4.8,Fog,0,11.0,10.82,1474.0
SM100264,2025-12-28,Allahabad,Truck,23.5,5,3578.0,153.0,51547.0,5.5,Fog,0,8.0,7.54,2010.0
SM103299,20/10/2025,Gorakhpur,Truck,,8,4014.0,197.0,42559.0,5.2,Clear,1,9.0,8.25,2353.0
SM102504,2025-01-19, KANPUR ,Truck,44.9,5,1556.0,194.0,74801.0,6.8,Fog,0,8.0,9.03,1888.0
SM105474,2025-01-21,Prayagraj,Pickup,,8,613.0,42.0,6132.0,5.1,Clear,0,8.0,6.65,866.0
SM101411,2025-07-24,Lucknow,Mini Truck,24.9,5,969.0,59.0,10786.0,5.7,Clear,0,7.0,5.85,918.0
SM105709,2025-10-04,Prayagraj,Mini Truck,29.1,11,778.0,58.0,11868.0,2.4,Clear,0,9.0,6.8,1192.0
SM103030,2025-09-25,Prayagraj,Mini Truck,21.8,3,1134.0,50.0,15833.0,8.5,Rain,0,6.0,6.45,806.0
SM104939,2025-05-04,Varanasi,Truck,13.8,5,,195.0,19012.0,5.5,Clear,0,8.0,8.29,1982.0
SM100209,2025-10-12,Lucknow,Pickup,20.2,7,555.0,45.0,16850.0,5.2,Clear,0,7.0,6.21,700.0
SM105735,2025-07-23,Lucknow,Mini Truck,17.2,4,1441.0,90.0,,6.1,Rain,0,6.0,5.81,901.0
SM102250,2025-07-04,Prayagraj,Truck,,9,3221.0,224.0,25060.0,5.5,Clear,0,9.0,7.79,2044.0
SM102395,2025-08-28,Prayagraj,Pickup,24.2,7,484.0,21.0,5572.0,5.9,Clear,0,7.0,6.12,765.0
SM104820,2025-07-16,Varanasi,Mini Truck,25.9,8,867.0,93.0,19454.0,8.2,Clear,0,8.0,6.92,995.0
SM101500,2025-07-13,Lucknow,Mini Truck,13.2,13,997.0,43.0,4371.0,2.2,Clear,0,9.0,6.95,1021.0
SM102291,2025-04-28,Prayagraj,Pickup,37.8,2,741.0,43.0,8025.0,8.1,Clear,0,7.0,6.78,849.0
SM101084,2025-03-15,varanasi,Mini Truck,76.5,7,149.0,13.0,1763.0,8.7,Clear,0,10.0,9.94,1585.0
SM101267,2025-05-17,Kanpur,Mini Truck,25.7,5,1094.0,72.0,14446.0,6.5,Clear,0,7.0,6.36,1024.0
SM101109,2025-01-17,Prayagraj,Mini Truck,18.9,4,450.0,38.0,14274.0,7.9,Clear,0,6.0,6.15,696.0
SM103547,2025-11-18,Varanasi,Mini Truck,53.5,2,1515.0,148.0,75243.0,5.8,Clear,0,8.0,6.67,1428.0
SM102749,2025-12-22,Gorakhpur,Pickup,36.9,6,305.0,18.0,3593.0,5.0,Fog,0,8.0,7.67,697.0
SM103454,2025-10-26,Varanasi,Pickup,31.3,12,311.0,13.0,5023.0,6.4,Clear,0,9.0,7.89,912.0
SM104638,2025-08-13,Varanasi,Truck,80.1,7,2205.0,183.0,13086.0,6.8,Rain,0,11.0,9.78,2859.0
SM102882,2025-07-25,Kanpur,Truck,28.8,6,2197.0,128.0,14134.0,5.7,Rain,0,8.0,8.19,1505.0
SM103437,2025-08-29,Prayagraj,Pickup,14.3,4,501.0,31.0,8085.0,4.0,Rain,0,6.0,5.54,556.0
SM103322,2025-10-15,Kanpur,Pickup,37.6,8,623.0,32.0,8714.0,5.1,,0,8.0,5.74,1028.0
SM103966,2025-10-14,Varanasi,Mini Truck,42.8,3,1522.0,90.0,20180.0,7.0,Clear,0,7.0,6.58,1467.0
SM100809,2025-12-30,Kanpur,Mini Truck,45.1,3,1489.0,131.0,12319.0,8.3,Clear,0,8.0,6.11,1349.0
SM103170,2025-08-18,Gorakhpur,Mini Truck,31.1,5,1707.0,76.0,21284.0,8.8,Rain,0,8.0,7.61,1281.0
SM103028,2025-03-23,Gorakhpur,Pickup,68.9,4,413.0,20.0,15794.0,5.8,,0,9.0,8.21,1031.0
SM102875,2025-07-08,Prayagraj,Truck,24.5,7,3964.0,234.0,45437.0,4.5,Rain,0,9.0,9.13,2298.0
SM103254,2025-03-28,gorakhpur,Mini Truck,31.2,6,,27.0,3416.0,4.7,Clear,0,7.0,6.66,717.0
SM103975,2025-09-10,Lucknow,Truck,26.6,4,3194.0,391.0,116512.0,8.7,Rain,0,8.0,8.63,1932.0
SM103029,2025-11-23,Lucknow,Pickup,29.3,7,752.0,63.0,18881.0,4.2,Clear,0,8.0,7.2,838.0
SM105967,2025-08-10,Prayagraj,Mini Truck,29.7,6,492.0,41.0,9201.0,4.6,Clear,0,7.0,5.51,852.0
SM105648,2025-12-22,Prayagraj,Pickup,36.0,10,328.0,14.0,3081.0,4.6,Fog,0,9.0,-2.5,857.0
SM100051,2025-03-13,Lucknow,Truck,36.6,7,2214.0,227.0,101014.0,7.6,Rain,0,9.0,9.66,1970.0
SM105793,2025-12-22, KANPUR ,Truck,30.8,4,3032.0,156.0,62129.0,3.7,Clear,0,8.0,6.85,2050.0
SM104465,2025-02-04,Lucknow,Pickup,,6,295.0,15.0,6770.0,,Fog,0,7.0,8.53,477.0
SM103154,2025-01-26,Prayagraj,Truck,43.5,5,3487.0,163.0,22662.0,3.3,Clear,0,9.0,8.27,2406.0
SM101969,2025-02-25,varanasi,Pickup,35.0,3,376.0,19.0,3182.0,3.1,Clear,0,6.0,5.01,625.0
SM102713,2025-07-09,Varanasi,Mini Truck,43.6,3,1111.0,73.0,7508.0,7.0,Rain,0,7.0,7.75,1202.0
SM101362,2025-05-09,Varanasi,Mini Truck,34.8,5,783.0,43.0,5682.0,4.0,Clear,0,7.0,5.94,966.0
SM101514,2025-04-01,Lucknow,Mini Truck,21.9,7,,48.0,12510.0,4.6,Clear,0,7.0,5.85,842.0
SM102152,2025-11-09,prayagraj,Mini Truck,24.1,5,760.0,75.0,16081.0,5.0,Clear,0,7.0,5.39,887.0
SM105341,2025-08-13,Varanasi,Mini Truck,48.8,3,1452.0,88.0,3171.0,6.2,Clear,0,8.0,6.9,1382.0
SM100112,2025-07-22,Varanasi,Pickup,73.0,4,,24.0,6486.0,7.0,Rain,0,9.0,7.8,954.0
SM105181,2025-10-08,Kanpur,Pickup,26.1,6,628.0,37.0,9307.0,5.1,Clear,0,7.0,6.28,608.0
SM100168,2025-05-03,lucknow,Truck,31.6,5,1648.0,114.0,23187.0,5.1,Clear,0,8.0,6.97,1525.0
SM102322,2025-05-04,Kanpur,Pickup,24.0,1,652.0,40.0,4788.0,4.4,Clear,0,5.0,4.21,663.0
SM105359,2025-05-05,Lucknow,Mini Truck,24.8,9,,59.0,17778.0,9.6,Clear,0,8.0,6.46,1072.0
SM105494,2025-10-10,Varanasi,Pickup,17.8,4,326.0,19.0,3087.0,8.1,Clear,0,6.0,5.37,382.0
SM105322,2025-09-09,lucknow,Mini Truck,23.8,4,925.0,40.0,8253.0,6.3,Rain,0,7.0,6.59,
SM102602,2025-10-12,Gorakhpur,Mini Truck,61.6,9,1577.0,130.0,38947.0,4.7,Clear,0,10.0,8.34,1784.0
SM104927,2025-08-05,Prayagraj,Mini Truck,17.4,7,1161.0,50.0,8399.0,6.5,Rain,0,7.0,6.84,919.0
SM104256,2025-04-30,Prayagraj,Mini Truck,28.1,4,1205.0,67.0,24284.0,6.3,Clear,0,7.0,5.01,1014.0
SM101245,2025-12-26,Lucknow,Mini Truck,39.7,11,862.0,63.0,5908.0,3.5,Clear,0,10.0,7.52,1461.0
SM101354,2025-03-22,Gorakhpur,Pickup,25.1,8,469.0,47.0,9717.0,,,0,8.0,5.5,655.0
SM103758,2025-01-30,Prayagraj,Pickup,10.8,4,637.0,51.0,4808.0,3.2,Clear,0,6.0,3.77,444.0
SM104235,2025-01-15,Kanpur,Mini Truck,18.3,5,752.0,52.0,2060.0,7.6,Clear,0,6.0,5.53,773.0
SM101157,2025-11-07,Lucknow,Truck,23.7,6,630.0,66.0,20531.0,4.2,Clear,0,7.0,6.05,1058.0
SM103537,2025-02-18,Varanasi,Truck,36.9,2,3870.0,218.0,56965.0,6.2,Clear,0,8.0,6.05,2202.0
SM105212,2025-06-18,Varanasi,Mini Truck,15.7,6,1519.0,63.0,10346.0,6.7,Clear,0,7.0,5.73,943.0
SM103326,2025-02-28,Kanpur,Pickup,15.2,5,520.0,29.0,4462.0,8.7,Clear,0,6.0,5.92,
SM104695,2025-11-01,Varanasi,Mini Truck,31.4,6,1325.0,56.0,19656.0,5.5,Clear,0,8.0,5.99,1152.0
SM104197,2025-02-15,Gorakhpur,Mini Truck,52.0,7,,93.0,23641.0,6.1,Clear,0,9.0,8.42,1560.0
SM101115,2025-06-28,lucknow,Pickup,23.4,6,523.0,63.0,13603.0,4.0,Fog,0,7.0,6.54,
SM102483,2025-04-27,Prayagraj,Pickup,52.2,11,496.0,54.0,11925.0,4.5,Clear,0,10.0,8.04,1171.0
SM100853,2025-03-29,Prayagraj,Truck,40.1,7,2564.0,167.0,26199.0,5.2,Clear,0,9.0,8.48,2156.0
SM104678,2025-08-27,Gorakhpur,Mini Truck,,9,343.0,21.0,4415.0,4.6,Rain,0,10.0,9.55,1499.0
SM104435,2025-12-06,Prayagraj,Mini Truck,25.4,6,991.0,50.0,9701.0,5.9,Clear,0,7.0,5.1,1034.0
SM105571,2025-09-10,Gorakhpur,Truck,39.3,6,3020.0,150.0,22401.0,4.2,Rain,0,9.0,8.0,2182.0
SM102258,2025-01-01,Prayagraj,Pickup,23.4,6,487.0,51.0,9466.0,,Clear,0,7.0,4.91,535.0
SM103899,2025-12-04,Gorakhpur,Mini Truck,28.8,5,617.0,65.0,12856.0,6.7,Clear,0,7.0,5.36,801.0
SM100053,2025-06-20,Kanpur,Truck,50.1,2,1204.0,58.0,10270.0,6.7,Clear,0,7.0,5.63,1614.0
SM104061,2025-01-08,Lucknow,Pickup,13.7,5,235.0,11.0,1195.0,5.2,Fog,0,6.0,5.98,350.0
SM105485,2025-03-05,Kanpur,Mini Truck,59.9,5,1236.0,63.0,4664.0,7.4,Clear,1,9.0,8.55,1567.0
SM102177,2025-06-25,Lucknow,Truck,,10,,86.0,9435.0,5.4,Clear,0,8.0,7.38,1011.0
SM105523,2025-12-02, PRAYAGRAJ ,Pickup,82.7,7,678.0,40.0,16203.0,6.7,Fog,0,10.0,10.62,1462.0
SM105811,25/08/2025,Gorakhpur,Truck,25.4,4,3518.0,236.0,,6.2,Rain,0,8.0,7.84,1890.0
SM103700,2025-02-25,Lucknow,Mini Truck,14.0,5,915.0,42.0,2360.0,5.4,Clear,0,6.0,6.17,648.0
SM102552,21/03/2025,Prayagraj,Mini Truck,32.2,6,1382.0,95.0,14915.0,,Clear,0,8.0,7.61,1257.0
SM104932,2025-11-25,lucknow,Pickup,18.1,3,399.0,17.0,4682.0,7.4,Clear,0,6.0,5.51,355.0
SM102841,2025-09-15,Prayagraj,Truck,52.6,9,2467.0,103.0,21965.0,5.8,Rain,0,10.0,11.51,2481.0
SM101212,2025-06-18,Prayagraj,Pickup,45.3,7,-550.0,39.0,11287.0,3.3,Clear,0,8.0,5.7,998.0
SM104263,2025-10-04,Lucknow,Pickup,23.0,3,635.0,27.0,4149.0,5.0,Clear,0,6.0,4.76,464.0
SM103145,2025-07-21,Varanasi,Truck,39.3,8,3225.0,219.0,55456.0,7.3,Clear,0,10.0,8.81,2356.0
SM104448,2025-07-21,Prayagraj,Pickup,41.2,5,200.0,20.0,4446.0,7.8,Rain,0,7.0,8.08,629.0
SM105389,2025-11-16,Varanasi,Truck,48.3,6,2140.0,144.0,42604.0,4.4,Clear,0,9.0,7.61,2073.0
SM103848,2025-09-28,Lucknow,Pickup,,6,,18.0,2419.0,5.8,Clear,0,7.0,6.48,518.0
SM103994,2025-07-06,Kanpur,Truck,16.6,5,2050.0,225.0,65611.0,2.3,Clear,0,7.0,5.53,1402.0
SM105790,25/09/2025,Gorakhpur,Mini Truck,35.0,8,1776.0,96.0,10486.0,6.5,Rain,0,9.0,9.23,1396.0
SM104585,2025-08-11,Prayagraj,Mini Truck,10.2,7,1368.0,100.0,12459.0,4.6,Rain,0,7.0,6.08,872.0
SM103591,2025-04-18,Varanasi,Truck,110.2,6,1868.0,198.0,48209.0,3.3,,0,12.0,9.07,3442.0
SM105768,21/06/2025,Varanasi,Truck,20.3,2,4513.0,198.0,65243.0,3.1,Clear,0,8.0,5.52,2177.0
SM102765,2025-07-15,Prayagraj,Truck,14.6,10,2777.0,135.0,13658.0,7.0,Rain,0,9.0,8.65,1584.0
SM100515,2025-02-08,Kanpur,Truck,28.8,6,2896.0,212.0,53935.0,5.9,Clear,0,8.0,8.79,1866.0
SM105575,2025-07-16,Varanasi,Mini Truck,36.1 km,5,1126.0,82.0,31606.0,6.4,Rain,0,8.0,7.59,
SM102709,2025-11-16,Varanasi,Mini Truck,37.3,4,970.0,53.0,12778.0,4.5,Clear,0,7.0,4.86,1039.0
SM100356,2025-02-25,Varanasi,Pickup,33.3,8,241.0,12.0,2583.0,7.8,Rain,0,8.0,8.45,751.0
SM105564,2025-02-03,Prayagraj,Mini Truck,24.3,8,1650.0,106.0,21340.0,3.0,Clear,0,8.0,6.3,1301.0
SM102710,2025-01-25,Kanpur,Mini Truck,25.6,9,1792.0,79.0,36749.0,7.7,Clear,0,9.0,7.7,1301.0
SM100529,2025-12-03,Prayagraj,Truck,41.3,5,2746.0,186.0,95351.0,7.3,Rain,0,9.0,9.49,2182.0
SM103320,2025-02-01,Lucknow,Pickup,36.1,5,630.0,31.0,,3.8,Clear,0,7.0,4.99,766.0
SM100059,07/09/2025,Lucknow,Truck,7.1,8,1517.0,136.0,11374.0,4.4,Fog,0,7.0,8.02,965.0
SM100948,2025-12-12,Kanpur,Mini Truck,27.6,3,1387.0,111.0,42435.0,5.7,Fog,0,7.0,7.04,1002.0
SM104734,2025-10-30,Kanpur,Pickup,22.9,6,182.0,16.0,8508.0,5.9,Clear,0,7.0,5.1,604.0
SM100281,2025-06-27,Lucknow,Pickup,12.3,6,337.0,15.0,1662.0,7.5,Rain,0,6.0,6.3,479.0
SM103348,2025-02-14,Prayagraj,Mini Truck,21.2,6,798.0,55.0,27859.0,5.5,Clear,0,7.0,5.13,819.0
SM101629,2025-02-16,Lucknow,Pickup,37.1,5,642.0,40.0,13218.0,1.0,Clear,0,7.0,4.4,820.0
SM102782,2025-10-06,Prayagraj,Truck,47.6,3,2954.0,238.0,50295.0,3.3,Clear,0,8.0,7.64,2126.0
SM104180,2025-08-27,Lucknow,Truck,41.6,7,1962.0,94.0,,6.1,Clear,0,9.0,7.61,1915.0
SM104702,2025-07-18,Varanasi,Mini Truck,53.8,11,632.0,41.0,11385.0,9.1,Rain,0,10.0,10.82,1441.0
SM105208,2025-06-29,Varanasi,Truck,71.8,8,3344.0,137.0,14553.0,4.5,Clear,0,11.0,10.99,3175.0
SM100451,2025-12-04,Varanasi,Mini Truck,44.8,7,584.0,28.0,4135.0,6.1,Clear,0,8.0,5.78,
SM103575,2025-09-08,Varanasi,Pickup,36.8,5,,18.0,3584.0,,Clear,0,7.0,5.15,687.0
SM102732,2025-12-06,Varanasi,Pickup,,6,467.0,24.0,3430.0,7.2,Fog,0,9.0,9.4,1054.0
SM104777,2025-10-01,Kanpur,Mini Truck,19.3,4,1615.0,135.0,13425.0,6.2,Clear,0,7.0,4.55,1045.0
SM101276,2025-08-28,Prayagraj,Truck,31.8,6,2573.0,155.0,15199.0,5.7,Rain,0,8.0,9.03,1974.0
SM101283,2025-10-20,Lucknow,Truck,21.3,11,3476.0,335.0,38885.0,8.7,Clear,1,10.0,10.44,1969.0
SM104047,2025-04-01,Prayagraj,Mini Truck,19.6,5,951.0,60.0,10276.0,2.7,Clear,1,7.0,5.86,853.0
SM105724,2025-03-20,Prayagraj,Mini Truck,51.0,6,554.0,31.0,,5.6,Clear,0,8.0,6.44,1237.0
SM101530,2025-02-02,Kanpur,Mini Truck,26.0,9,1495.0,60.0,5669.0,6.4,Clear,0,9.0,7.55,1348.0
SM104033,2025-04-13,Lucknow,Pickup,24.4,10,439.0,37.0,8034.0,6.6,Clear,0,8.0,6.53,777.0
SM100805,2025-10-13,Lucknow,Pickup,9.8,6,357.0,16.0,2532.0,5.6,Clear,0,6.0,4.84,512.0
SM105784,2025-07-27,Kanpur,Mini Truck,20.9,5,1883.0,219.0,22510.0,4.6,Rain,0,7.0,6.85,1179.0
SM101529,2025-12-02,Varanasi,Pickup,34.8,5,505.0,24.0,11707.0,7.3,Fog,0,7.0,8.11,714.0
SM102554,2025-12-25,Varanasi,Truck,42.4,5,3689.0,155.0,12162.0,7.8,Fog,0,9.0,10.23,2441.0
SM103749,2025-11-27,Varanasi,Mini Truck,18.4,6,1565.0,93.0,26305.0,7.1,Rain,0,7.0,7.79,1077.0
SM104836,2025-02-20,lucknow,Truck,51.2,4,3526.0,220.0,191025.0,4.2,Clear,0,9.0,7.52,2553.0
SM100049,2025-10-12,Lucknow,Mini Truck,19.0,6,1055.0,51.0,8858.0,2.9,Clear,0,7.0,4.39,893.0
SM102691,2025-08-10,Lucknow,Pickup,36.9,5,304.0,21.0,4163.0,4.2,Clear,0,7.0,5.47,589.0
SM103054,2025-10-15,lucknow,Mini Truck,26.4,5,1276.0,54.0,11804.0,5.7,Clear,0,7.0,5.65,1028.0
SM100801,2025-04-21,Lucknow,Truck,33.9,5,1736.0,111.0,14519.0,9.4,Rain,0,8.0,8.64,1601.0
SM105355,2025-10-26,Kanpur,Pickup,10.8,6,400.0,27.0,4785.0,7.9,Clear,0,6.0,6.21,341.0
SM101367,2025-06-15,Varanasi,Pickup,27.5,7,,24.0,5183.0,4.5,Rain,0,8.0,6.08,707.0
SM100424,2025-06-02,Lucknow,Mini Truck,18.9,2,787.0,41.0,13162.0,5.1,Clear,0,6.0,3.88,699.0
SM105873,2025-04-28,kanpur,Truck,31.7,10,2936.0,255.0,47613.0,3.8,Clear,0,10.0,7.88,2173.0
SM100000,2025-02-02, KANPUR ,Pickup,10.6,5,304.0,16.0,7171.0,3.8,Clear,0,6.0,4.22,389.0
SM104568,2025-04-23,Gorakhpur,Truck,38.4,9,3168.0,157.0,18952.0,3.2,Rain,0,10.0,7.82,2297.0
SM102034,2025-12-26, VARANASI ,Pickup,27.3,7,,49.0,12168.0,5.6,Fog,0,7.0,6.94,757.0
SM101269,2025-01-18,Kanpur,Truck,77.7,5,3537.0,286.0,31869.0,5.6,Fog,1,11.0,13.48,3291.0
SM100176,2025-09-19, KANPUR ,Truck,43.8,4,4094.0,200.0,46049.0,8.0,Clear,0,9.0,10.0,2669.0
SM105460,2025-11-25,Gorakhpur,Pickup,26.9,6,472.0,50.0,13719.0,5.8,Clear,0,7.0,6.69,716.0
SM100512,2025-11-03,Gorakhpur,Pickup,47.4,4,436.0,46.0,3782.0,5.8,Clear,0,7.0,6.99,793.0
SM101286,2025-11-28,Gorakhpur,Truck,79.9,8,2673.0,281.0,59469.0,6.4,Clear,0,11.0,11.02,3246.0
SM101462,2025-01-18,Prayagraj,Mini Truck,31.1,3,959.0,79.0,24424.0,4.0,Clear,0,7.0,4.59,984.0
SM102409,2025-01-10,Kanpur,Pickup,20.1,8,,17.0,3325.0,6.8,Fog,0,7.0,8.37,646.0
SM104793,2025-04-05,Prayagraj,Mini Truck,,4,1116.0,48.0,18686.0,5.9,Clear,0,7.0,6.16,1012.0
SM102384,2025-03-09,Lucknow,Truck,30.3,6,3032.0,186.0,34831.0,3.4,Clear,0,9.0,7.03,2030.0
SM100766,2025-08-12,Prayagraj,Pickup,46.8,5,324.0,25.0,3521.0,7.0,Rain,0,8.0,7.6,754.0
SM101348,26/09/2025,Prayagraj,Mini Truck,40.2,3,218.0,18.0,2983.0,5.8,Clear,0,7.0,5.78,730.0
SM103785,2025-07-22,Prayagraj,Pickup,55.9,9,629.0,65.0,8372.0,7.4,Rain,0,10.0,9.81,1373.0
SM102482,2025-03-07,Prayagraj,Pickup,72.4,3,569.0,40.0,5884.0,5.2,Rain,0,8.0,7.6,1059.0
SM101054,28/01/2025,Kanpur,Mini Truck,46.4,4,1877.0,82.0,11766.0,5.3,Fog,0,8.0,8.81,1610.0
SM105592,2025-07-12,Kanpur,Truck,29.3,9,3220.0,399.0,101576.0,4.0,Rain,0,10.0,9.68,2231.0
SM105297,2025-08-31,Lucknow,Truck,21.7,6,3177.0,158.0,23624.0,5.8,Clear,0,8.0,7.94,1800.0
SM102455,2025-06-23,Varanasi,Truck,21.0,6,2671.0,198.0,33303.0,5.3,Fog,0,8.0,8.13,1665.0
SM100532,2025-02-26,prayagraj,Mini Truck,34.8,7,1567.0,67.0,11637.0,5.0,Clear,0,8.0,6.77,1371.0
SM105381,2025-12-13,Varanasi,Truck,25.5,4,2637.0,140.0,39531.0,,Clear,0,7.0,6.54,1783.0
SM105799,2025-06-03,Prayagraj,Mini Truck,25.9,4,1266.0,119.0,39085.0,5.3,Clear,0,7.0,6.07,999.0
SM105500,2025-12-12,Lucknow,Truck,17.0,7,3523.0,204.0,20742.0,5.7,Fog,0,8.0,8.85,1839.0
SM100380,2025-01-02,Prayagraj,Pickup,41.8,5,588.0,29.0,,4.7,Fog,0,8.0,7.38,787.0
SM101866,2025-02-10,Prayagraj,Mini Truck,48.4,3,886.0,46.0,9732.0,6.0,Clear,0,7.0,6.54,1191.0
SM105517,2025-09-04, LUCKNOW ,Pickup,30.7,6,471.0,22.0,7564.0,7.9,Rain,0,7.0,7.13,754.0
SM103346,2025-08-08,Gorakhpur,Pickup,26.6,3,607.0,36.0,20866.0,1.9,Clear,0,6.0,4.47,605.0
SM102681,2025-02-06,Prayagraj,Mini Truck,29.6,2,882.0,40.0,6000.0,6.2,,0,6.0,5.52,898.0
SM105176,2025-03-15,Varanasi,Truck,25.6 km,6,1356.0,65.0,15743.0,7.2,Clear,0,7.0,6.42,1272.0
SM100930,2025-07-16,Varanasi,Pickup,37.9,6,583.0,42.0,6234.0,3.1,Clear,0,8.0,4.81,872.0
SM102626,2025-12-24,kanpur,Pickup,21.9,5,165.0,9.0,710.0,7.2,Fog,0,6.0,6.55,524.0
SM102526,2025-06-20, PRAYAGRAJ ,Pickup,41.4,6,152.0,9.0,4363.0,6.9,Clear,0,8.0,5.42,723.0
SM104971,2025-05-20,Lucknow,Truck,44.9,5,3310.0,145.0,65203.0,4.3,Rain,0,9.0,9.28,2321.0
SM103001,2025-09-03,Lucknow,Pickup,12.2,3,265.0,30.0,3189.0,6.4,Rain,0,5.0,4.35,287.0
SM100419,2025-07-04,Kanpur,Pickup,27.5,5,379.0,18.0,2399.0,6.0,Clear,0,7.0,6.3,595.0
SM103714,2025-09-22,Varanasi,Pickup,47.4,5,376.0,16.0,5361.0,4.7,Rain,0,8.0,7.38,837.0
SM101480,25/02/2025,Prayagraj,Mini Truck,91.2,6,1033.0,121.0,20646.0,5.3,Clear,0,11.0,8.85,1941.0
SM101059,2025-04-24,Kanpur,Mini Truck,17.3,5,1187.0,74.0,8654.0,5.5,Clear,0,7.0,5.37,818.0
SM101970,2025-10-30,Varanasi,Pickup,23.0,6,,25.0,8805.0,5.2,Clear,0,7.0,6.21,557.0
SM104176,2025-04-21,lucknow,Pickup,43.9,8,188.0,12.0,4308.0,5.1,Fog,0,8.0,8.16,797.0
SM100073,2025-02-17,Kanpur,Mini Truck,51.8,8,979.0,45.0,16049.0,3.0,Clear,0,9.0,8.77,1409.0
SM103173,2025-05-06,Prayagraj,Truck,34.6,7,3340.0,150.0,20066.0,8.2,Clear,0,9.0,8.79,2191.0
SM102604,2025-10-04,Varanasi,Truck,31.1,4,2348.0,147.0,23699.0,4.3,Clear,0,8.0,7.66,1718.0
SM102880,15/01/2025,Prayagraj,Mini Truck,28.7,13,,123.0,22329.0,3.3,Clear,0,10.0,7.38,1294.0
SM101252,2025-01-28, LUCKNOW ,Truck,13.4,6,3158.0,220.0,42225.0,3.9,Fog,0,8.0,8.89,1627.0
SM104394,05/07/2025,Kanpur,Mini Truck,16.4,5,1260.0,53.0,17818.0,4.2,Rain,0,7.0,6.5,818.0
SM101894,2025-02-18,Varanasi,Mini Truck,38.7,8,1222.0,71.0,16597.0,4.9,Rain,0,9.0,7.53,1301.0
SM102598,2025-12-20,Varanasi,Mini Truck,24.9,7,1288.0,78.0,17024.0,,Rain,0,8.0,7.96,1099.0
SM101864,2025-11-01,Varanasi,Pickup,36.2,5,374.0,37.0,7234.0,7.1,Clear,0,7.0,6.08,804.0
SM101461,2025-04-25,prayagraj,Mini Truck,19.9,8,1291.0,154.0,62778.0,7.1,Rain,0,8.0,7.63,1080.0
SM104603,2025-10-04,Varanasi,Pickup,55.9,5,543.0,49.0,7091.0,3.2,Clear,0,8.0,5.62,1107.0
SM101181,2025-12-05,Lucknow,Pickup,19.9,7,235.0,23.0,2241.0,7.5,Fog,0,7.0,7.88,542.0
SM105532,2025-07-04,Lucknow,Mini Truck,34.4,5,841.0,45.0,11153.0,6.4,Clear,0,7.0,6.43,1034.0
SM100488,2025-10-07,Lucknow,Truck,7.8 km,7,1525.0,129.0,48008.0,3.1,Clear,0,7.0,6.64,949.0
SM101124,2025-11-03,Gorakhpur,Mini Truck,93.0,6,691.0,56.0,18078.0,6.2,Clear,0,11.0,8.99,1960.0
SM101257,2025-07-22,Prayagraj,Mini Truck,35.0,9,962.0,43.0,8119.0,8.0,Clear,0,9.0,7.95,1240.0
SM101541,2025-03-30,lucknow,Truck,41.3,9,3227.0,136.0,22911.0,5.0,Clear,0,10.0,9.3,2497.0
SM100388,2025-11-22,Prayagraj,Mini Truck,8.9,6,1560.0,111.0,8061.0,3.5,Clear,0,7.0,4.87,840.0
SM103065,2025-07-20,Kanpur,Pickup,26.7,3,482.0,45.0,823238.8963911815,4.9,Clear,0,6.0,4.64,644.0
SM103919,2025-08-13,Varanasi,Pickup,27.1,7,260.0,11.0,876.0,4.4,Clear,0,7.0,6.15,655.0
SM104833,2025-03-28,Varanasi,Pickup,17.9,5,348.0,15.0,14022.0,5.6,Clear,0,6.0,5.51,450.0
SM102211,2025-10-10,Lucknow,Mini Truck,25.5,4,823.0,82.0,11051.0,3.2,Clear,0,7.0,4.63,796.0
SM101290,27/03/2025,Lucknow,Mini Truck,33.4,11,1839.0,123.0,24796.0,3.4,Clear,0,10.0,7.74,1577.0
SM102510,2025-03-14,Lucknow,Truck,29.2,7,3711.0,328.0,51992.0,6.7,Clear,1,9.0,9.94,2184.0
SM102995,2025-08-19,Prayagraj,Mini Truck,15.8,3,727.0,42.0,3511.0,3.6,Clear,0,6.0,4.19,496.0
SM105830,2025-05-01,Lucknow,Mini Truck,32.7,7,1184.0,93.0,25670.0,6.4,Clear,0,8.0,7.24,1193.0
SM100455,2025-07-22,Kanpur,Truck,27.0 km,2,3918.0,272.0,33871.0,4.5,Clear,0,8.0,5.96,2075.0
SM100815,02/11/2025,Prayagraj,Mini Truck,41.9,7,883.0,45.0,11504.0,8.4,Clear,0,8.0,7.77,1112.0
SM101086,20/10/2025,Varanasi,Truck,380.0,5,3104.0,150.0,22842.0,5.9,Clear,1,9.0,8.78,2104.0
SM102920,2025-04-29,Prayagraj,Pickup,37.9,5,367.0,26.0,5039.0,7.3,,0,7.0,7.74,805.0
SM102638,2025-02-25,Lucknow,Mini Truck,14.1,4,1546.0,101.0,19848.0,3.1,Clear,0,6.0,4.17,855.0
SM103130,2025-05-11,Prayagraj,Pickup,20.0,6,565.0,33.0,9111.0,3.8,Fog,0,7.0,6.0,623.0
SM105968,2025-03-12,Gorakhpur,Mini Truck,82.8,5,553.0,32.0,9555.0,2.3,Clear,0,10.0,8.22,1762.0
SM105640,2025-10-02,Prayagraj,Mini Truck,54.4,2,525.0,22.0,11103.0,7.4,Clear,1,7.0,7.37,1010.0
SM101279,12/11/2025,Varanasi,Truck,42.3,6,1858.0,89.0,24157.0,6.5,Clear,0,9.0,7.77,1943.0
SM104700,2025-11-21,Lucknow,Truck,15.6,3,3337.0,332.0,34286.0,5.5,Clear,0,7.0,5.62,1574.0
SM101429,2025-10-15,Lucknow,Mini Truck,28.1,7,990.0,75.0,7062.0,7.0,Clear,0,8.0,6.35,1017.0
SM102777,2025-11-26,Varanasi,Truck,77.2,3,2917.0,190.0,91219.0,3.5,Clear,0,10.0,9.04,3020.0
SM102222,2025-01-10,Lucknow,Pickup,46.3,9,307.0,13.0,2301.0,6.5,Fog,0,9.0,10.23,919.0
SM100352,2025-04-20,Lucknow,Truck,13.9,4,3849.0,440.0,89346.0,4.2,Clear,0,7.0,6.81,1955.0
SM104419,2025-02-08,Lucknow,Pickup,11.8,1,479.0,23.0,2413.0,4.3,Rain,0,5.0,3.83,387.0
SM103719,2025-04-06,Prayagraj,Mini Truck,10.4,8,1503.0,141.0,11587.0,7.9,Fog,0,7.0,7.93,1057.0
SM103389,2025-09-05,Lucknow,Pickup,27.7,4,395.0,33.0,13405.0,5.8,Clear,1,6.0,5.09,598.0
SM103873,2025-06-23,Prayagraj,Mini Truck,51.6,2,396.0,23.0,5865.0,5.8,Clear,0,7.0,5.63,982.0
SM102082,2025-04-29,Prayagraj,Pickup,30.7,5,408.0,21.0,4251.0,3.5,Clear,0,7.0,4.76,737.0
SM101203,2025-10-05,Varanasi,Pickup,18.7,5,336.0,21.0,4141.0,4.6,Clear,0,6.0,5.21,487.0
SM101405,2025-02-26,Varanasi,Mini Truck,23.5,6,1161.0,109.0,16038.0,8.0,Clear,0,7.0,5.74,959.0
SM105275,2025-03-18,Prayagraj,Truck,5.0,7,1618.0,75.0,21346.0,5.8,Rain,0,7.0,7.41,962.0
SM101699,2025-12-17, KANPUR ,Mini Truck,9.9,4,1057.0,81.0,10827.0,6.0,Clear,0,6.0,4.19,593.0
SM101705,2025-11-10,prayagraj,Mini Truck,26.8,7,1322.0,56.0,5998.0,5.5,Clear,0,8.0,6.09,1120.0
SM102913,2025-03-24,Lucknow,Pickup,31.0,7,329.0,17.0,1646.0,7.4,Clear,0,8.0,7.1,710.0
SM104718,2025-05-27,Kanpur,Mini Truck,12.2,6,1285.0,92.0,14353.0,4.6,Clear,0,7.0,4.31,814.0
SM101274,2025-10-06,Lucknow,Pickup,17.8,7,606.0,50.0,22944.0,5.2,Clear,0,7.0,5.52,712.0
SM102207,2025-11-03,gorakhpur,Pickup,50.6 km,2,194.0,11.0,1658.0,5.2,Clear,0,7.0,5.8,716.0
SM100163,2025-05-29,Varanasi,Mini Truck,16.7,6,1382.0,91.0,10726.0,6.3,Clear,0,7.0,5.34,
SM102047,2025-07-13,Kanpur,Pickup,6.9,10,360.0,27.0,5988.0,4.5,Rain,0,7.0,7.04,533.0
SM104935,05/08/2025,Prayagraj,Mini Truck,44.6,2,872.0,94.0,25409.0,8.4,Rain,0,7.0,6.44,1130.0
SM103280,2025-02-01,Kanpur,Pickup,53.5,6,219.0,13.0,1819.0,5.8,Clear,0,8.0,6.52,896.0
SM103360,2025-12-26,Prayagraj,Mini Truck,27.3,9,1713.0,83.0,46745.0,7.7,Fog,1,9.0,9.91,1439.0
SM103688,19/12/2025,Varanasi,Pickup,66.0,4,495.0,31.0,6491.0,6.0,Fog,0,8.0,8.62,1084.0
SM105642,2025-09-04,Lucknow,Pickup,31.2,3,361.0,37.0,9242.0,7.4,Rain,0,6.0,5.51,576.0
SM100408,2025-12-08,prayagraj,Mini Truck,43.3,3,1752.0,77.0,11024.0,5.6,Clear,0,8.0,7.31,1369.0
SM104238,2025-10-05,Prayagraj,Pickup,56.3,4,420.0,17.0,3014.0,6.0,Clear,0,8.0,6.7,892.0
SM104118,2025-03-17,Lucknow,Pickup,23.0,4,688.0,29.0,823238.8963911815,7.1,Clear,0,6.0,6.03,641.0
SM105201,2025-05-31,Gorakhpur,Truck,58.0,5,3928.0,175.0,13677.0,5.6,Clear,0,10.0,8.53,2981.0
SM100641,2025-12-01,Lucknow,Pickup,8.6,7,634.0,31.0,5681.0,7.7,Clear,0,7.0,6.17,601.0
SM104821,2025-09-06,Varanasi,Pickup,45.2,6,586.0,42.0,4901.0,4.7,,0,8.0,8.89,924.0
SM101343,2025-07-29,Lucknow,Mini Truck,30.2,10,1009.0,69.0,8510.0,6.9,Rain,0,9.0,8.37,1233.0
SM104480,2025-06-20,Prayagraj,Truck,38.8,5,2812.0,247.0,28624.0,4.4,Clear,0,9.0,7.94,2031.0
SM100888,2025-01-06,Gorakhpur,Pickup,43.5,5,488.0,38.0,3580.0,6.6,Fog,0,8.0,8.06,873.0
SM101557,2025-10-10,Kanpur,Mini Truck,28.6,3,883.0,37.0,6311.0,6.1,Clear,0,6.0,5.17,922.0
SM101085,2025-11-03,Gorakhpur,Pickup,48.9,9,205.0,8.0,1945.0,7.6,Clear,0,9.0,8.01,973.0
SM103927,2025-02-26,Gorakhpur,Pickup,34.3,5,530.0,58.0,7325.0,5.4,Clear,0,7.0,6.59,763.0
SM100531,2025-03-02,Lucknow,Pickup,32.3,4,448.0,36.0,11355.0,4.3,Rain,0,7.0,4.88,576.0
SM103008,2025-08-18,Kanpur,Mini Truck,35.1,9,871.0,86.0,20916.0,7.5,Clear,1,9.0,7.95,
SM102447,2025-08-24,Prayagraj,Mini Truck,17.7 km,7,1235.0,61.0,30570.0,5.5,Clear,0,7.0,5.31,1006.0
SM103664,2025-07-07,Lucknow,Pickup,8.3 km,3,621.0,50.0,10108.0,5.2,Rain,0,5.0,3.6,415.0
SM102767,2025-12-29,Varanasi,Mini Truck,23.4,6,1039.0,78.0,9168.0,5.0,Clear,0,7.0,5.28,827.0
SM101671,2025-07-26,Prayagraj,Pickup,20.2,7,263.0,22.0,2280.0,3.3,Rain,0,7.0,5.73,641.0
SM102109,2025-04-14,Kanpur,Mini Truck,22.6,12,1787.0,84.0,11324.0,1.8,Clear,0,9.0,6.03,1325.0
SM101148,2025-09-09,Prayagraj,Mini Truck,15.1,7,1649.0,194.0,22134.0,5.1,Rain,0,7.0,6.77,1044.0
SM103166,2025-10-01,Varanasi,Truck,22.2,6,2199.0,94.0,17256.0,5.8,Clear,0,8.0,7.14,1570.0
SM100266,2025-06-13,Lucknow,Truck,30.7,7,3289.0,154.0,29065.0,4.0,Clear,0,9.0,7.83,2141.0
SM103763,2025-08-21,Varanasi,Pickup,13.4,3,354.0,17.0,2763.0,4.8,Clear,0,5.0,4.16,349.0
SM105956,2025-03-21,Varanasi,Mini Truck,48.0,4,606.0,26.0,5275.0,4.9,Clear,0,8.0,7.34,1193.0
SM103736,19/05/2025,Lucknow,Mini Truck,31.9,6,1567.0,98.0,25398.0,5.5,Rain,0,8.0,8.2,1252.0
SM100360,2025-11-05,Prayagraj,Pickup,4.1,4,328.0,15.0,966.0,7.9,Clear,1,5.0,5.77,305.0
SM101460,2025-10-16,Prayagraj,Mini Truck,72.2,6,864.0,59.0,3590.0,6.8,Rain,0,10.0,9.22,1658.0
SM103421,2025-10-15,Varanasi,Pickup,37.3,6,580.0,23.0,9173.0,4.5,Clear,0,8.0,6.4,
SM100952,2025-08-13,Gorakhpur,Mini Truck,86.1,4,1610.0,91.0,12304.0,6.9,Rain,0,10.0,10.27,2074.0
SM102160,2025-10-23,Gorakhpur,Pickup,19.0,4,140.0,6.0,356.0,8.1,Clear,1,6.0,5.28,506.0
SM103968,2025-08-04,Varanasi,Pickup,46.1,8,471.0,34.0,12965.0,6.3,Rain,0,9.0,7.69,954.0
SM101574,2025-02-24,Kanpur,Pickup,31.5,6,208.0,15.0,3624.0,9.0,Rain,0,7.0,7.57,611.0
SM105939,2025-03-08,Gorakhpur,Pickup,10.8,6,487.0,41.0,7095.0,2.5,Clear,0,6.0,4.71,468.0
SM103337,2025-01-19,Prayagraj,Mini Truck,37.8,2,1347.0,68.0,20645.0,5.3,Fog,0,7.0,6.27,1143.0
SM101842,2025-10-26,Lucknow,Pickup,14.7,3,653.0,54.0,6245.0,6.8,Rain,0,6.0,6.3,571.0
SM102208,2025-03-27,Lucknow,Mini Truck,21.7,6,1160.0,61.0,3432.0,6.0,Clear,0,7.0,6.82,946.0
SM102979,2025-06-23,varanasi,Pickup,55.5,8,532.0,34.0,6012.0,5.3,Rain,0,9.0,8.27,1091.0
SM103436,2025-04-18,Prayagraj,Pickup,39.5,4,510.0,28.0,3447.0,8.7,Clear,0,7.0,6.19,788.0
SM105081,2025-07-05,Varanasi,Truck,77.2,6,1373.0,121.0,16253.0,5.6,Rain,0,10.0,11.07,2619.0
SM100754,2025-07-22,Prayagraj,Truck,19.8,3,3577.0,199.0,62766.0,4.1,Clear,0,7.0,5.81,1636.0
SM101378,2025-07-03,Gorakhpur,Pickup,28.7,9,480.0,55.0,9583.0,3.6,Clear,0,8.0,6.39,810.0
SM100980,2025-08-04,Lucknow,Pickup,11.5,7,296.0,34.0,12566.0,5.3,Rain,0,7.0,6.11,481.0
SM102100,30/11/2025,Varanasi,Pickup,45.2,9,215.0,11.0,1786.0,4.8,Rain,0,9.0,7.13,864.0
SM100286,2025-02-28,Varanasi,Pickup,,5,442.0,22.0,7327.0,4.2,Clear,0,9.0,7.22,973.0
SM103533,2025-12-28,Lucknow,Mini Truck,19.7,6,1638.0,184.0,73485.0,3.5,Clear,0,7.0,4.64,1136.0
SM103088,2025-03-26,Prayagraj,Truck,400.0,3,2672.0,188.0,823238.8963911815,7.6,Clear,0,8.0,7.75,1882.0
SM101154,2025-04-22,Varanasi,Mini Truck,,2,1583.0,65.0,13958.0,7.5,Clear,0,7.0,6.41,1341.0
SM101511,2025-03-25,Prayagraj,Truck,30.7,4,2181.0,166.0,64045.0,7.5,Rain,0,8.0,8.05,1629.0
SM104231,2025-12-05,Lucknow,Mini Truck,21.6,7,1080.0,82.0,28486.0,4.7,Clear,0,7.0,7.01,996.0
SM103261,2025-06-24,Lucknow,Truck,60.1,11,3910.0,186.0,31090.0,4.2,Clear,0,12.0,10.97,2966.0
SM105733,2025-05-30,Prayagraj,Truck,38.9,1,2379.0,116.0,45832.0,6.3,Clear,0,7.0,6.9,1658.0
SM102191,2025-05-30,Varanasi,Pickup,21.5,5,445.0,20.0,2123.0,5.9,Clear,0,6.0,4.97,642.0
SM100211,2025-09-19,Varanasi,Truck,64.8,4,3296.0,235.0,154450.0,8.6,Clear,0,10.0,9.58,2803.0
SM105337,2025-07-29,Lucknow,Truck,30.5,7,3776.0,161.0,32611.0,5.7,Clear,0,9.0,7.94,2142.0
SM103164,2025-02-16,Gorakhpur,Truck,28.5,7,3944.0,158.0,39977.0,5.0,Clear,0,9.0,8.35,2305.0
SM100274,2025-06-02,Varanasi,Mini Truck,25.4,3,532.0,23.0,2731.0,1.1,Clear,0,6.0,3.54,728.0
SM100088,2025-10-08,Varanasi,Mini Truck,30.6,3,1262.0,139.0,32300.0,5.6,Clear,0,7.0,5.36,1060.0
SM102798,2025-09-16,Varanasi,Pickup,63.4,4,548.0,25.0,2655.0,2.0,Rain,0,8.0,6.65,977.0
SM102324,2025-09-30,Lucknow,Mini Truck,25.0,6,1546.0,86.0,39232.0,7.2,Rain,0,8.0,7.8,1188.0
SM100298,2025-04-14,Allahabad,Pickup,98.3,4,469.0,22.0,6272.0,7.3,Fog,0,10.0,12.95,1384.0
SM104663,18/05/2025,gorakhpur,Truck,16.4,7,3057.0,130.0,19310.0,2.3,Fog,0,8.0,9.12,1562.0
SM103674,24/08/2025,Varanasi,Pickup,52.1,11,402.0,33.0,6168.0,6.8,Rain,0,10.0,9.81,1088.0
SM105562,2025-10-15,Kanpur,Pickup,,7,411.0,43.0,23085.0,7.4,Clear,0,8.0,7.22,744.0
SM103776,2025-07-14,Prayagraj,Pickup,12.5,15,323.0,25.0,5124.0,3.1,Rain,0,9.0,8.3,767.0
SM105096,2025-08-13,Lucknow,Pickup,6.3,3,389.0,25.0,6126.0,4.8,,0,5.0,4.83,352.0
SM100315,2025-08-29, LUCKNOW ,Mini Truck,37.1,6,1567.0,173.0,42064.0,5.0,Rain,0,8.0,7.75,1403.0
SM105455,2025-02-19,Lucknow,Pickup,15.9,6,338.0,14.0,,6.0,Clear,0,6.0,4.62,461.0
SM102151,2025-04-28,Lucknow,Mini Truck,13.2,6,817.0,38.0,11414.0,5.7,Clear,0,7.0,5.55,664.0
SM103288,2025-03-05,Prayagraj,Mini Truck,53.9,10,1122.0,78.0,25066.0,6.1,Clear,0,10.0,7.75,
SM103117,2025-08-23,Lucknow,Mini Truck,18.2,5,854.0,37.0,9049.0,2.5,Rain,0,7.0,5.43,714.0
SM105679,2025-01-17,varanasi,Pickup,26.8,4,609.0,38.0,9778.0,7.5,Fog,1,7.0,8.37,673.0
SM102020,2025-04-21,Gorakhpur,Pickup,71.8,4,458.0,42.0,15223.0,99.0,Clear,0,9.0,7.02,1045.0
SM105294,2025-12-03,Varanasi,Truck,13.9,4,1916.0,205.0,,5.5,Clear,0,7.0,5.78,1153.0
SM102974,2025-01-07,Gorakhpur,Mini Truck,47.2,6,446.0,20.0,3224.0,5.7,Fog,0,8.0,8.4,1054.0
SM101275,18/09/2025,Lucknow,Truck,9.6,7,4175.0,178.0,35643.0,5.0,Rain,0,8.0,7.87,2055.0
SM102413,2025-08-08,Lucknow,Mini Truck,18.6,4,1206.0,112.0,7254.0,5.4,Rain,0,6.0,6.12,891.0
SM100528,2025-12-01,Kanpur,Truck,23.2,4,3748.0,158.0,84449.0,5.9,Clear,0,8.0,6.51,2001.0
SM104404,2025-04-06,Varanasi,Truck,60.7,5,2743.0,155.0,21288.0,7.0,Rain,0,10.0,10.12,2614.0
SM101505,2025-03-30,Prayagraj,Mini Truck,36.8,5,1209.0,69.0,14500.0,2.3,Clear,0,8.0,5.92,1302.0
SM103598,2025-04-14,Lucknow,Mini Truck,22.2,4,1535.0,82.0,18507.0,4.8,Clear,0,7.0,4.68,
SM103681,2025-01-12,Gorakhpur,Mini Truck,69.3,6,1132.0,50.0,13461.0,4.6,Clear,0,10.0,7.17,1796.0
SM101318,2025-06-13,Kanpur,Mini Truck,7.8,4,1194.0,103.0,12717.0,5.1,Clear,0,6.0,3.29,659.0
SM103380,2025-10-31,Varanasi,Pickup,31.9,7,746.0,36.0,2644.0,7.7,,0,8.0,6.26,965.0
SM103034,2025-02-06,Gorakhpur,Pickup,34.9,5,536.0,57.0,13910.0,6.5,Rain,0,7.0,6.09,623.0
SM102380,07/03/2025,Lucknow,Truck,25.3,8,3494.0,154.0,18121.0,5.6,Clear,0,9.0,7.64,2121.0
SM104811,2025-04-01,Varanasi,Pickup,62.1,6,354.0,24.0,3013.0,4.8,Clear,0,9.0,8.07,1000.0
SM104311,2025-11-09,Prayagraj,Pickup,36.1,7,447.0,27.0,10575.0,4.5,Clear,0,8.0,5.44,770.0
SM102616,2025-12-29,Prayagraj,Truck,24.4,5,2756.0,246.0,68698.0,5.6,Fog,0,8.0,9.01,1629.0
SM101166,2025-01-09,Lucknow,Mini Truck,29.1,7,892.0,37.0,8665.0,6.3,Fog,0,8.0,7.78,1003.0
SM104725,2025-06-24,Prayagraj,Truck,236.0,5,1965.0,128.0,22356.0,4.5,Clear,0,7.0,6.67,1442.0
SM103471,2025-09-30,Varanasi,Pickup,21.8,7,249.0,12.0,1051.0,,Rain,0,7.0,6.96,637.0
SM105149,18/07/2025,Lucknow,Truck,38.9,5,1473.0,122.0,26937.0,6.4,Rain,0,8.0,7.86,1619.0
SM105464,2025-03-14,Varanasi,Truck,82.5,6,1466.0,123.0,16614.0,6.8,Clear,1,10.0,10.59,2714.0
SM105815,2025-01-22,Prayagraj,Pickup,37.4,5,313.0,38.0,4826.0,5.3,Fog,0,7.0,7.31,838.0
SM105310,2025-11-29,Gorakhpur,Pickup,97.3,6,314.0,39.0,11060.0,7.2,Clear,0,11.0,10.24,1413.0
SM102871,2025-12-23,prayagraj,Pickup,14.8,5,233.0,22.0,1388.0,5.4,Rain,0,6.0,5.15,447.0
SM101222,2025-12-17,Prayagraj,Mini Truck,39.4,8,1452.0,63.0,15112.0,6.7,Fog,0,9.0,7.96,1457.0
SM105206,2025-09-15,Prayagraj,Mini Truck,61.0,3,1332.0,69.0,11943.0,,Rain,0,8.0,8.17,1605.0
SM104255,2025-04-30,Lucknow,Truck,32.0,4,2282.0,142.0,34374.0,8.0,Clear,0,8.0,6.52,1712.0
SM101982,2025-01-20,Prayagraj,Mini Truck,30.9,7,1455.0,61.0,5466.0,3.1,Fog,0,8.0,8.26,1321.0
SM105210,2025-02-07,Prayagraj,Truck,46.3,2,4078.0,212.0,28550.0,6.4,Clear,1,9.0,8.8,2615.0
SM104020,2025-02-18,Gorakhpur,Mini Truck,57.5,5,604.0,46.0,10484.0,7.0,Clear,0,8.0,6.51,1308.0
SM100371,2025-08-30,Lucknow,Mini Truck,35.3,4,1149.0,46.0,3679.0,4.6,Rain,0,7.0,6.4,1101.0
SM103482,2025-10-18,kanpur,Pickup,63.0,10,322.0,28.0,4032.0,,Clear,0,10.0,8.69,1081.0
SM102131,2025-12-23,Lucknow,Mini Truck,20.6,6,,30.0,3339.0,7.2,Fog,0,7.0,8.45,823.0
SM103418,2025-02-05,Kanpur,Truck,20.1,6,2939.0,210.0,26797.0,6.5,Clear,0,8.0,7.7,1762.0
SM103424,2025-08-11,Lucknow,Truck,33.1,7,1502.0,144.0,17412.0,5.0,Rain,0,8.0,8.95,1524.0
SM101538,2025-09-15,Lucknow,Mini Truck,45.3,7,797.0,78.0,26839.0,5.1,,0,9.0,8.47,1163.0
SM105925,2025-02-06,Prayagraj,Pickup,59.8,6,673.0,28.0,3245.0,6.8,Clear,0,9.0,8.01,1193.0
SM102744,2025-03-14,Varanasi,Mini Truck,45.5,3,1384.0,82.0,91974.0,8.8,Clear,1,8.0,6.9,1294.0
SM101553,2025-08-14,Varanasi,Pickup,33.0,5,644.0,63.0,17747.0,6.6,Rain,0,7.0,7.82,660.0
SM104335,2025-06-05,Gorakhpur,Truck,43.4,2,3663.0,316.0,51232.0,8.4,Clear,0,8.0,8.48,2466.0
SM102817,2025-11-13,Lucknow,Pickup,33.3,5,345.0,17.0,3151.0,4.6,Clear,0,7.0,5.71,709.0
SM105156,2025-12-06,Kanpur,Pickup,39.7,4,727.0,32.0,6499.0,1.5,Fog,0,7.0,6.5,868.0
SM100618,2025-01-23,Prayagraj,Truck,20.9,5,2621.0,180.0,36143.0,5.0,Rain,0,8.0,8.35,1611.0
SM102381,2025-06-13,Varanasi,Pickup,,9,,11.0,1817.0,7.3,Clear,0,8.0,5.68,703.0
SM104391,2025-10-25,Lucknow,Mini Truck,24.3,8,716.0,47.0,14453.0,2.3,Clear,0,8.0,5.64,964.0
SM104526,2025-01-07,Kanpur,Pickup,32.9,6,511.0,41.0,4107.0,6.4,Clear,0,7.0,6.42,779.0
SM104375,2025-08-02,Lucknow,Pickup,49.4,8,474.0,29.0,6275.0,7.4,Rain,0,9.0,9.35,961.0
SM103524,2025-04-17, PRAYAGRAJ ,Pickup,18.4,5,423.0,29.0,4790.0,9.2,Clear,0,6.0,4.65,543.0
SM102629,2025-01-15,Prayagraj,Truck,49.6,8,4033.0,500.0,69405.0,3.1,Fog,0,11.0,11.57,2863.0
SM104123,2025-04-08,Kanpur,Mini Truck,43.6,7,887.0,102.0,11989.0,7.8,Clear,0,8.0,6.3,1165.0
SM105466,2025-01-13,Prayagraj,Pickup,52.1,11,442.0,36.0,4553.0,2.8,Fog,0,10.0,10.8,1076.0
SM102766,2025-05-15,Prayagraj,Pickup,55.3,3,264.0,12.0,2102.0,2.5,Clear,0,7.0,5.05,781.0
SM103895,2025-12-06,Lucknow,Pickup,10.6,9,372.0,21.0,919.0,4.9,Rain,0,7.0,6.75,630.0
SM101656,2025-11-06,Gorakhpur,Mini Truck,42.1,4,830.0,36.0,3548.0,6.1,Clear,0,7.0,6.71,1161.0
SM104818,2025-07-14,Gorakhpur,Mini Truck,39.3,7,800.0,67.0,7597.0,6.0,Rain,0,8.0,8.41,1240.0
SM100969,2025-01-14,Lucknow,Pickup,16.3,3,372.0,24.0,2868.0,5.2,Fog,1,6.0,6.83,427.0
SM101843,2025-11-05,Prayagraj,Mini Truck,42.7,7,489.0,46.0,29275.0,7.6,Clear,1,8.0,7.58,1088.0
SM103024,2025-05-17,Kanpur,Pickup,14.8,5,700.0,29.0,5785.0,5.2,Clear,0,6.0,5.28,500.0
SM103151,2025-03-24,Kanpur,Pickup,17.0,5,643.0,76.0,6428.0,7.8,Clear,0,6.0,5.69,598.0
SM103386,2025-10-10,lucknow,Truck,25.8,9,2967.0,159.0,64945.0,5.1,Clear,0,9.0,9.25,1924.0
SM105445,2025-05-10,Lucknow,Pickup,35.9,2,315.0,15.0,2739.0,3.1,Clear,0,6.0,4.2,691.0
SM101211,2025-10-13,Prayagraj,Truck,13.2,6,3653.0,262.0,29588.0,6.0,Rain,0,8.0,7.54,1789.0
SM105254,2025-05-07,Varanasi,Truck,75.2,7,2807.0,180.0,54777.0,5.9,Clear,0,11.0,10.85,3092.0
SM101428,2025-04-08,Lucknow,Pickup,21.2 km,4,759.0,61.0,17737.0,9.2,Clear,0,6.0,6.84,656.0
SM105646,2025-11-17,Varanasi,Mini Truck,16.8,4,1268.0,69.0,20416.0,4.9,Rain,0,6.0,6.25,820.0
SM100426,2025-11-12,Lucknow,Truck,13.3,3,4227.0,283.0,88297.0,4.3,Clear,0,7.0,5.27,1918.0
SM104094,2025-12-17,Varanasi,Truck,38.5,5,,249.0,87644.0,7.0,Fog,0,8.0,9.68,2109.0
SM104271,2025-07-14,Gorakhpur,Truck,43.3,7,2162.0,87.0,25731.0,3.4,Fog,0,9.0,8.63,2046.0
SM101923,2025-06-08,Kanpur,Truck,26.2,8,2259.0,115.0,21162.0,99.0,Clear,0,9.0,6.64,1677.0
SM104689,2025-09-22,Prayagraj,Mini Truck,19.4,8,1262.0,58.0,9901.0,4.7,Rain,0,8.0,6.09,1177.0
SM103395,18/10/2025,Kanpur,Truck,40.8,10,1702.0,141.0,20330.0,5.4,Rain,0,10.0,10.24,1902.0
SM105773,2025-01-09,Kanpur,Mini Truck,9.1,2,721.0,31.0,8919.0,6.6,Fog,0,5.0,5.22,369.0
SM100404,2025-07-02,Kanpur,Truck,29.1,5,749.0,65.0,18666.0,6.7,Rain,0,7.0,6.57,1095.0
SM100491,13/11/2025,lucknow,Mini Truck,29.0,7,1759.0,116.0,34961.0,,Clear,0,8.0,6.43,
SM105594,2025-11-07,Lucknow,Pickup,37.5,3,606.0,25.0,3944.0,6.7,Clear,1,7.0,6.38,746.0
SM103494,2025-12-05,Kanpur,Pickup,21.7,7,475.0,38.0,19597.0,6.2,Fog,0,7.0,8.36,550.0
SM100824,2025-08-16,Kanpur,Truck,15.9,7,4665.0,396.0,102899.0,7.5,Rain,1,9.0,10.45,2229.0
SM102542,2025-12-16,varanasi,Mini Truck,20.5,6,1129.0,61.0,11837.0,5.8,Fog,0,7.0,6.42,906.0
SM103673,2025-01-01,Prayagraj,Pickup,58.8,6,486.0,52.0,5135.0,3.1,Fog,0,9.0,8.18,1046.0
SM102790,2025-12-08,Kanpur,Pickup,54.2,8,630.0,29.0,13909.0,5.1,Fog,0,9.0,9.25,1118.0
SM105678,2025-08-12, KANPUR ,Pickup,38.7,7,512.0,22.0,3520.0,6.9,Rain,0,8.0,8.49,872.0
SM103515,2025-12-21,Prayagraj,Truck,21.9,4,2082.0,90.0,8123.0,5.2,Fog,0,7.0,8.02,1331.0
SM105340,2025-04-21,Lucknow,Mini Truck,18.2,7,1497.0,79.0,9357.0,5.3,Clear,1,7.0,6.14,1093.0
SM105938,2025-12-29,Prayagraj,Pickup,45.4,5,538.0,58.0,12962.0,5.1,,0,8.0,8.18,857.0
SM101788,2025-06-22,Lucknow,Truck,11.2,7,3654.0,171.0,12879.0,4.4,Clear,0,8.0,6.99,1832.0
SM102187,2025-04-05,Varanasi,Truck,39.1,4,2885.0,116.0,43955.0,4.6,Clear,0,8.0,6.69,2122.0
SM102145,2025-06-12,kanpur,Pickup,30.9,8,397.0,16.0,6756.0,2.9,Clear,0,8.0,5.39,649.0
SM104505,19/05/2025,Kanpur,Mini Truck,23.1,4,1162.0,53.0,8384.0,8.2,Clear,0,7.0,4.85,977.0
SM103246,2025-10-08,Gorakhpur,Mini Truck,42.6,7,1084.0,101.0,22000.0,4.5,Clear,0,9.0,6.84,1360.0
SM101841,2025-02-05,Prayagraj,Truck,,6,2725.0,211.0,71630.0,7.4,Rain,0,11.0,10.1,2881.0
SM101209,2025-12-18,Lucknow,Pickup,14.4,10,517.0,27.0,8340.0,6.0,Clear,0,8.0,6.21,674.0
SM100974,2025-02-23, LUCKNOW ,Truck,14.7,4,2801.0,151.0,27733.0,4.7,Clear,0,7.0,5.28,1493.0
SM100474,2025-08-20,Varanasi,Mini Truck,62.7,7,595.0,35.0,7138.0,6.2,Rain,0,9.0,9.0,1496.0
SM103311,2025-05-27,Kanpur,Mini Truck,39.7,4,907.0,42.0,13151.0,6.9,Clear,0,7.0,5.91,1109.0
SM100215,2025-04-10,Kanpur,Mini Truck,27.0,8,1184.0,66.0,7772.0,4.7,Clear,0,8.0,6.28,1151.0
SM100656,2025-10-07,Lucknow,Mini Truck,8.8,3,1674.0,83.0,11703.0,6.4,Clear,0,6.0,4.5,846.0
SM104596,25/11/2025,Prayagraj,Pickup,37.5,4,446.0,41.0,8666.0,4.2,Clear,0,7.0,5.58,737.0
SM103235,2025-07-28,Lucknow,Mini Truck,22.6,6,680.0,28.0,2552.0,5.1,Clear,0,7.0,5.21,811.0
SM102519,30/12/2025,Varanasi,Pickup,133.9,3,553.0,37.0,9908.0,6.2,Clear,0,12.0,9.74,1731.0
SM101583,01/06/2025,Gorakhpur,Pickup,68.9,5,353.0,24.0,1516.0,5.9,Clear,0,9.0,7.47,1060.0
SM104634,2025-02-06,Lucknow,Truck,23.0,3,4178.0,460.0,78392.0,4.7,Clear,0,8.0,6.57,2188.0
SM105372,12/05/2025,Lucknow,Pickup,15.8,3,612.0,56.0,9279.0,8.1,Clear,0,6.0,5.13,517.0
SM101130,2025-05-29,Kanpur,Pickup,30.7 km,5,616.0,26.0,8142.0,6.1,Clear,0,7.0,5.5,765.0
SM103038,2025-04-14,Lucknow,Pickup,19.2,6,609.0,30.0,13111.0,5.3,Clear,0,7.0,4.75,668.0
SM102063,20/09/2025,Lucknow,Pickup,19.0,6,501.0,27.0,3427.0,5.2,Rain,0,7.0,6.08,616.0
SM104592,2025-01-27,Kanpur,Truck,45.9,4,1424.0,90.0,6689.0,4.6,Clear,0,8.0,8.1,1750.0
SM104407,2025-03-09,Varanasi,Mini Truck,75.1,7,600.0,64.0,6821.0,8.1,Clear,0,10.0,8.86,1678.0
SM100131,2025-07-22,Gorakhpur,Truck,27.9,6,3411.0,221.0,43322.0,6.2,Clear,0,9.0,8.54,2101.0
SM104347,2025-02-25,Prayagraj,Truck,20.5,3,1621.0,66.0,8146.0,,Clear,0,6.0,4.28,1264.0
SM103566,2025-06-04,varanasi,Pickup,120.7,6,603.0,56.0,9164.0,6.9,Clear,0,12.0,11.0,
SM101341,2025-02-19,Lucknow,Pickup,25.9,9,688.0,73.0,9603.0,5.0,Clear,0,8.0,6.91,761.0
SM102184,2025-08-20, LUCKNOW ,Mini Truck,36.2,5,1188.0,114.0,12942.0,3.9,Clear,0,8.0,5.87,1153.0
SM105243,2025-12-17,Prayagraj,Mini Truck,60.1,4,,74.0,13468.0,5.1,Fog,0,9.0,8.2,1881.0
SM104743,2025-04-30, GORAKHPUR ,Mini Truck,37.1,7,1132.0,67.0,10350.0,8.1,Rain,0,8.0,7.59,
SM100594,2025-04-28,Lucknow,Pickup,14.7,9,274.0,15.0,9715.0,10.0,Rain,1,7.0,8.37,
SM105549,2025-10-03,Varanasi,Pickup,45.5,4,472.0,24.0,3957.0,5.7,Rain,0,7.0,6.29,810.0
SM100810,2025-01-17,Varanasi,Mini Truck,27.3,7,1293.0,66.0,20268.0,5.4,Fog,1,8.0,9.34,1161.0
SM100247,2025-06-01,Kanpur,Mini Truck,27.5,4,1276.0,117.0,37566.0,6.1,Rain,0,7.0,6.65,1089.0
SM104374,2025-04-21,Varanasi,Mini Truck,25.1,6,1540.0,96.0,9542.0,6.1,Clear,0,8.0,4.24,1080.0
SM100029,2025-06-11,Allahabad,Truck,38.0,3,859.0,94.0,26239.0,7.4,Fog,0,7.0,9.31,1373.0
SM101119,2025-06-30,Prayagraj,Pickup,24.3,5,575.0,62.0,15517.0,7.0,Rain,0,7.0,5.67,615.0
SM103363,2025-10-27,Lucknow,Pickup,12.5,3,650.0,50.0,26443.0,7.6,Rain,0,6.0,5.87,461.0
SM104842,05/02/2025,Lucknow,Pickup,34.9,5,695.0,31.0,6392.0,7.2,Clear,0,7.0,6.45,782.0
SM102792,2025-09-21,Lucknow,Pickup,31.5,6,407.0,28.0,4911.0,6.5,Clear,0,7.0,5.82,695.0
SM104243,2025-01-12,Kanpur,Mini Truck,12.1,6,843.0,88.0,36071.0,3.0,,0,7.0,5.98,749.0
SM104755,2025-08-08,Gorakhpur,Truck,54.1,4,4096.0,184.0,121422.0,4.7,Clear,0,10.0,9.45,2900.0
SM105240,2025-05-09,Lucknow,Truck,43.0,6,1391.0,95.0,22892.0,6.9,,0,8.0,8.24,1780.0
SM101974,2025-07-24,Varanasi,Pickup,32.6,8,272.0,12.0,1766.0,4.7,Clear,0,8.0,6.68,779.0
SM104666,2025-04-23,Kanpur,Mini Truck,,5,960.0,50.0,9396.0,3.2,Clear,0,7.0,4.7,882.0
SM100633,2025-05-19,Prayagraj,Mini Truck,19.8,4,1452.0,73.0,21051.0,6.3,Clear,0,7.0,6.03,995.0
SM100046,2025-06-12,Allahabad,Mini Truck,34.2,6,1588.0,152.0,33502.0,7.3,Clear,0,8.0,6.9,1326.0
SM105478,04/02/2025,Prayagraj,Mini Truck,21.0,7,581.0,30.0,11343.0,4.6,Clear,0,7.0,5.8,826.0
SM104745,2025-04-22,Varanasi,Pickup,25.1,11,209.0,8.0,2723.0,7.5,Clear,0,8.0,7.02,695.0
SM105267,2025-08-19,Lucknow,Truck,25.4,6,2316.0,99.0,20121.0,,Rain,0,8.0,6.68,1571.0
SM100868,12/06/2025,varanasi,Pickup,62.6 km,2,696.0,39.0,6402.0,5.8,Clear,0,8.0,5.73,931.0
SM104986,2025-12-19,Gorakhpur,Truck,52.0,5,2512.0,107.0,9430.0,4.3,Clear,0,9.0,8.19,2303.0
SM101320,2025-02-11,Kanpur,Mini Truck,36.2,5,1065.0,76.0,24141.0,4.3,Clear,0,8.0,5.86,1177.0
SM105386,2025-03-27,Gorakhpur,Truck,51.3,8,2605.0,112.0,37278.0,8.2,,0,10.0,9.05,2353.0
SM104923,2025-09-05,Varanasi,Mini Truck,27.9,5,1389.0,57.0,8532.0,8.9,Rain,1,7.0,7.97,1099.0
SM101543,2025-07-27,prayagraj,Pickup,10.9,7,610.0,61.0,40269.0,4.0,Clear,0,7.0,6.26,512.0
SM105346,2025-07-01,Varanasi,Mini Truck,63.9,7,1605.0,140.0,,7.1,Clear,0,10.0,8.58,1733.0
SM104129,2025-06-04,Prayagraj,Mini Truck,28.0,4,1281.0,135.0,45075.0,5.0,Clear,0,7.0,5.3,1061.0
SM103559,20/06/2025,Lucknow,Truck,9.4,7,2829.0,154.0,65053.0,6.9,Clear,0,8.0,5.98,1505.0
SM104217,2025-05-05,Varanasi,Pickup,27.9,6,331.0,37.0,7165.0,8.2,Clear,0,7.0,6.45,577.0
SM102503,2025-02-09,Varanasi,Pickup,47.0,8,535.0,23.0,9675.0,6.4,Rain,0,9.0,9.01,956.0
SM103567,2025-02-26,Prayagraj,Truck,41.6,9,1266.0,68.0,4704.0,6.9,Clear,0,9.0,8.41,1824.0
SM104693,2025-11-11,Lucknow,Pickup,57.1,4,524.0,32.0,12206.0,5.9,Clear,0,8.0,5.91,891.0
SM103058,2025-05-23,Kanpur,Mini Truck,41.2,5,-822.0,34.0,4283.0,6.8,Clear,0,8.0,5.8,966.0
SM100860,2025-12-20,Prayagraj,Pickup,,7,675.0,54.0,15818.0,2.1,Clear,0,7.0,3.96,524.0
SM104105,2025-06-15,Lucknow,Mini Truck,37.0,9,1305.0,152.0,51625.0,4.2,Clear,0,9.0,7.54,1264.0
SM102138,2025-07-16,Lucknow,Pickup,16.4,7,343.0,16.0,1678.0,5.0,Rain,0,7.0,7.09,596.0
SM101984,2025-08-21,Prayagraj,Mini Truck,52.4,3,1395.0,58.0,7662.0,6.7,Rain,0,8.0,7.88,1434.0
SM104885,2025-03-15,prayagraj,Pickup,22.4,4,286.0,15.0,4817.0,5.1,Clear,0,6.0,4.25,414.0
SM102310,2025-04-13,Prayagraj,Pickup,34.5,11,502.0,34.0,4548.0,5.4,Clear,0,9.0,8.07,1022.0
SM102759,2025-06-06,Lucknow,Mini Truck,16.4,7,1731.0,89.0,14375.0,8.4,Rain,0,8.0,8.39,1037.0
SM102531,2025-10-22,Kanpur,Mini Truck,19.4,7,575.0,28.0,4149.0,5.6,Clear,1,7.0,6.24,712.0
SM100848,2025-10-27,Lucknow,Mini Truck,31.8,7,1317.0,67.0,24652.0,7.9,Clear,0,8.0,8.33,1206.0
SM101243,2025-06-28,Prayagraj,Mini Truck,6.8,13,1114.0,125.0,13721.0,8.0,,0,9.0,8.49,945.0
SM104713,2025-06-28,Lucknow,Pickup,10.3,10,571.0,24.0,5090.0,3.5,Clear,0,8.0,5.52,680.0
SM104174,2025-05-27,Prayagraj,Pickup,31.9,11,602.0,47.0,10332.0,8.4,Clear,0,9.0,7.29,972.0
SM104270,2025-10-19,kanpur,Pickup,59.6,8,245.0,28.0,3351.0,2.5,Clear,0,9.0,5.36,1003.0
SM103045,19/11/2025,Prayagraj,Mini Truck,31.5,10,770.0,80.0,10421.0,5.1,Rain,0,9.0,9.17,1157.0
SM101180,10/08/2025,Kanpur,Pickup,29.0,6,599.0,62.0,6831.0,6.6,Rain,0,7.0,7.96,719.0
SM103460,01/06/2025,Lucknow,Mini Truck,31.0,4,1064.0,82.0,40412.0,3.4,Fog,0,7.0,6.63,958.0
SM104330,2025-03-09,Lucknow,Truck,21.2,4,1532.0,69.0,8603.0,7.1,Rain,0,7.0,7.02,1134.0
SM102371,2025-10-28,Gorakhpur,Pickup,44.3,3,354.0,18.0,4179.0,6.4,Clear,0,7.0,5.22,868.0
SM100002,2025-08-27,Lucknow,Truck,28.0,3,1417.0,149.0,24082.0,5.4,Clear,0,7.0,5.35,1335.0
SM105958,2025-08-12, LUCKNOW ,Mini Truck,13.3,7,509.0,30.0,6993.0,3.3,Clear,0,7.0,5.89,603.0
SM101248,2025-04-29,Lucknow,Mini Truck,37.8,5,1250.0,77.0,11658.0,4.7,Clear,0,8.0,5.92,1231.0
SM101755,2025-04-27,Varanasi,Pickup,80.8,2,418.0,21.0,5299.0,3.8,Clear,0,8.0,6.73,1201.0
SM104011,2025-11-20, GORAKHPUR ,Truck,65.2,9,1508.0,130.0,14703.0,5.3,Rain,0,10.0,10.17,2509.0
SM101048,2025-09-01,Prayagraj,Mini Truck,18.5,4,1196.0,116.0,29945.0,6.0,Clear,0,6.0,4.95,863.0
SM101418,2025-11-11,Lucknow,Mini Truck,14.6,9,550.0,34.0,2650.0,6.6,Clear,1,7.0,6.74,613.0
SM104491,2025-03-13,Gorakhpur,Truck,25.3,5,2825.0,120.0,24737.0,9.5,Fog,0,8.0,10.0,1726.0
SM105778,2025-09-16,Kanpur,Truck,29.1,10,2794.0,121.0,26670.0,6.2,Rain,0,10.0,8.16,1928.0
SM100862,2025-02-13,Varanasi,Truck,18.4,4,3959.0,443.0,85063.0,5.0,Clear,0,8.0,8.01,1905.0
SM103863,2025-08-11,Prayagraj,Pickup,69.3,5,559.0,40.0,4079.0,5.4,Rain,0,9.0,8.17,1236.0
SM105904,2025-03-10,Gorakhpur,Mini Truck,38.6,5,660.0,34.0,6172.0,6.6,Clear,0,7.0,6.59,991.0
SM105871,22/06/2025,Kanpur,Mini Truck,26.4,7,881.0,52.0,7215.0,6.8,Rain,0,8.0,7.13,
SM102551,2025-04-28,Lucknow,Truck,24.2,3,1739.0,89.0,13699.0,3.1,Clear,0,7.0,5.23,1309.0
SM103909,2025-11-27,Prayagraj,Truck,27.2,5,2360.0,274.0,73950.0,7.0,Clear,0,8.0,7.49,1675.0
SM102431,2025-07-10,Prayagraj,Truck,34.5,3,2465.0,134.0,49607.0,8.4,Clear,0,8.0,6.87,
SM103797,2025-01-24,Lucknow,Mini Truck,17.2,6,808.0,34.0,4462.0,6.7,Clear,0,7.0,4.65,785.0
SM100310,2025-09-01,Gorakhpur,Mini Truck,26.8,5,1285.0,71.0,11228.0,4.9,Rain,0,7.0,6.97,1074.0
SM101618,2025-02-14,Prayagraj,Truck,31.6,7,1321.0,81.0,17722.0,5.2,Clear,1,8.0,7.45,1450.0
SM101092,2025-11-04,Kanpur,Truck,5.6,2,3070.0,163.0,30142.0,4.6,Clear,0,6.0,4.63,1317.0
SM101940,2025-03-02,Kanpur,Pickup,28.6,7,357.0,21.0,2562.0,3.8,Clear,0,7.0,5.86,621.0
SM103825,2025-11-26,Varanasi,Pickup,24.5,10,657.0,42.0,6050.0,4.6,Clear,0,8.0,5.86,773.0
SM101229,2025-04-16,Lucknow,Mini Truck,26.5,7,1494.0,102.0,5400.0,5.8,Clear,0,8.0,8.08,1125.0
SM104855,2025-09-10,Kanpur,Pickup,13.4,4,323.0,30.0,4718.0,5.7,Clear,0,6.0,480.0,406.0
SM105776,2025-05-26,Prayagraj,Mini Truck,20.5,6,1243.0,123.0,25174.0,4.8,Clear,0,7.0,6.36,908.0
SM101733,2025-11-12,Lucknow,Mini Truck,33.5,1,907.0,99.0,7115.0,5.5,Clear,0,6.0,4.05,1011.0
SM103999,2025-07-09,Kanpur,Pickup,28.4,3,-284.0,16.0,2172.0,9.2,Clear,0,6.0,5.2,523.0
SM104759,2025-09-11,Varanasi,Mini Truck,32.1,7,1790.0,157.0,54829.0,4.8,Clear,0,8.0,6.57,1379.0
SM103750,2025-08-01,Lucknow,Mini Truck,30.6,4,,31.0,4374.0,3.7,Rain,0,7.0,5.25,856.0
SM103063,2025-02-16,prayagraj,Mini Truck,20.4,9,570.0,30.0,12667.0,5.0,Clear,0,8.0,5.38,949.0
SM102622,2025-02-07,Varanasi,Truck,61.2,6,1660.0,126.0,14856.0,5.0,Fog,0,9.0,10.48,2271.0
SM101393,2025-09-28,Varanasi,Pickup,18.4,6,364.0,18.0,2119.0,4.0,Rain,0,7.0,5.57,633.0
SM104838,2025-11-07,Kanpur,Pickup,36.0,5,647.0,27.0,5816.0,4.7,Clear,0,7.0,4.26,740.0
SM104562,2025-01-08,Lucknow,Truck,33.1,2,2487.0,176.0,25958.0,5.5,Clear,0,7.0,6.0,1749.0
SM104349,2025-05-09,Lucknow,Pickup,672.0,4,353.0,29.0,6416.0,9.4,Clear,0,8.0,8.08,990.0
SM105579,2025-05-21,Lucknow,Pickup,42.5,5,77.0,5.0,329.0,5.2,Clear,0,7.0,4.54,660.0
SM102834,2025-05-22,Varanasi,Pickup,24.2,10,115.0,9.0,2368.0,5.5,Clear,0,8.0,6.86,652.0
SM102405,2025-10-30,Kanpur,Truck,30.1,7,3319.0,184.0,25172.0,5.1,Clear,1,9.0,9.19,2166.0
SM103009,2025-10-24,Kanpur,Truck,20.7,5,,103.0,21451.0,5.9,Clear,0,7.0,5.81,1341.0
SM104122,2025-12-26, GORAKHPUR ,Truck,33.5,6,1256.0,85.0,40079.0,4.5,Fog,0,8.0,8.44,1582.0
SM100762,2025-12-13,Lucknow,Pickup,14.4,5,683.0,48.0,30143.0,,Fog,0,6.0,6.07,494.0
SM103890,2025-07-27,varanasi,Mini Truck,31.3,6,,47.0,10490.0,5.1,Rain,0,8.0,6.78,1003.0
SM105365,2025-02-26,Gorakhpur,Mini Truck,65.9,8,1231.0,64.0,5532.0,5.0,Clear,0,10.0,7.06,1759.0
SM100966,2025-08-08,Prayagraj,Mini Truck,18.4,9,1462.0,80.0,10984.0,6.1,Clear,0,8.0,7.73,1077.0
SM103314,2025-05-28,Varanasi,Truck,25.5,6,3306.0,247.0,45931.0,4.4,Clear,0,8.0,7.73,1996.0
SM103441,2025-01-09,Gorakhpur,Truck,72.9,7,,191.0,103674.0,4.6,Fog,0,10.0,11.39,2485.0
SM100682,2025-12-17,Prayagraj,Pickup,51.2 km,6,703.0,46.0,11099.0,4.2,,0,8.0,7.56,1020.0
SM104959,2025-12-11,Gorakhpur,Mini Truck,6.5,3,1132.0,63.0,3980.0,9.4,Clear,0,5.0,4.51,592.0
SM102546,2025-10-18,Gorakhpur,Pickup,57.6,11,236.0,14.0,1875.0,8.3,Clear,0,10.0,7.68,1132.0
SM100991,2025-07-20,Prayagraj,Pickup,37.2,7,84.0,5.0,742.0,2.6,Rain,0,8.0,6.73,761.0
SM100914,2025-08-05,prayagraj,Mini Truck,,6,1786.0,78.0,19418.0,6.4,Rain,0,10.0,8.24,1909.0
SM105078,22/10/2025,Gorakhpur,Truck,29.2,4,1828.0,100.0,3693.0,4.5,Clear,1,7.0,7.82,1654.0
SM105117,2025-06-19,Prayagraj,Mini Truck,36.9,8,891.0,65.0,12593.0,5.8,Clear,0,8.0,7.62,1192.0
SM100185,2025-06-12,Lucknow,Pickup,47.0,7,406.0,26.0,4629.0,4.2,,0,8.0,6.85,904.0
SM100922,2025-06-12,Prayagraj,Pickup,27.5,5,,15.0,3438.0,9.4,Clear,0,7.0,5.6,694.0
SM105399,14/11/2025,Kanpur,Truck,49.6,10,3313.0,163.0,28825.0,5.5,Rain,0,11.0,10.1,2732.0
SM104170,2025-05-17,Prayagraj,Pickup,54.7,9,666.0,45.0,6462.0,5.9,Clear,0,10.0,7.38,1172.0
SM103556,2025-09-15,Kanpur,Pickup,13.7,6,402.0,27.0,3732.0,7.3,Rain,0,6.0,7.16,492.0
SM105841,2025-12-31,Lucknow,Mini Truck,26.8,5,1213.0,56.0,10180.0,3.9,Rain,0,7.0,6.78,943.0
SM101619,2025-12-28,Prayagraj,Pickup,27.8,6,286.0,27.0,2910.0,3.5,Clear,0,7.0,4.19,529.0
SM101830,2025-05-10,Varanasi,Mini Truck,17.8,11,817.0,43.0,12385.0,4.1,Clear,0,8.0,7.0,925.0
SM102484,2025-05-06,Gorakhpur,Pickup,49.8,6,407.0,27.0,3134.0,5.4,Clear,0,8.0,6.57,903.0
SM103148,2025-12-28,Gorakhpur,Mini Truck,,5,820.0,43.0,10709.0,4.9,Clear,0,10.0,5.84,1766.0
SM100740,2025-10-26,Lucknow,Mini Truck,20.3,7,980.0,87.0,43809.0,4.6,Clear,0,7.0,5.34,899.0
SM105382,2025-05-22,Lucknow,Truck,14.1,5,2069.0,169.0,26063.0,5.4,Clear,0,7.0,5.91,1202.0
SM100971,2025-06-02,Lucknow,Pickup,13.4,6,98.0,7.0,1393.0,3.4,Clear,0,6.0,5.03,386.0
SM102564,2025-06-10,Gorakhpur,Truck,72.8,7,2624.0,128.0,50188.0,4.6,Clear,0,11.0,8.63,2900.0
SM104915,2025-02-06, GORAKHPUR ,Mini Truck,45.3,6,1021.0,69.0,5995.0,7.2,Clear,0,8.0,7.05,1269.0
SM103962,2025-08-28,Varanasi,Mini Truck,,7,1140.0,68.0,14827.0,7.0,Clear,0,8.0,6.42,1253.0
SM101116,2025-12-30,Varanasi,Pickup,64.0,5,115.0,5.0,1351.0,7.4,Clear,0,8.0,6.23,891.0
SM100156,2025-02-16,Lucknow,Truck,16.8,7,3962.0,476.0,75887.0,6.9,Clear,0,9.0,8.24,1995.0
SM102467,2025-09-06,Lucknow,Pickup,25.3,4,381.0,17.0,1916.0,6.6,Clear,0,6.0,4.79,562.0
SM103860,2025-07-18,Lucknow,Pickup,,7,383.0,19.0,3296.0,6.5,Rain,0,8.0,8.42,806.0
SM100831,2025-03-29,Varanasi,Pickup,32.2,5,506.0,29.0,5868.0,6.3,Clear,0,7.0,5.54,756.0
SM100835,2025-10-11,Prayagraj,Mini Truck,51.4,8,1603.0,78.0,13087.0,5.4,Rain,0,10.0,8.04,1610.0
SM102825,2025-11-04,Lucknow,Mini Truck,24.9,6,702.0,28.0,4654.0,6.0,Clear,0,7.0,6.07,811.0
SM100502,2025-12-18,Lucknow,Mini Truck,25.9,4,574.0,31.0,2603.0,3.9,Clear,0,6.0,4.29,671.0
SM100989,2025-10-15, GORAKHPUR ,Truck,36.6,6,2019.0,210.0,25019.0,6.0,Clear,0,8.0,6.86,1667.0
SM103937,2025-06-22,Varanasi,Pickup,75.5,4,561.0,38.0,6946.0,5.9,Clear,0,9.0,7.29,1137.0
SM100923,2025-02-22,Gorakhpur,Pickup,48.1,5,564.0,25.0,1656.0,4.5,Clear,0,8.0,6.82,928.0
SM102044,2025-04-12,Lucknow,Truck,36.6,2,1638.0,80.0,19519.0,1.8,Clear,0,7.0,4.44,1506.0
SM101980,2025-08-29,Gorakhpur,Pickup,49.3,9,329.0,14.0,1429.0,5.9,Rain,0,9.0,9.05,973.0
SM100249,2025-01-16,Allahabad,Mini Truck,11.4,4,1051.0,104.0,33792.0,7.3,Fog,0,6.0,6.58,634.0
SM103911,2025-12-21,Varanasi,Truck,32.0,5,3557.0,224.0,64162.0,4.7,,0,9.0,8.09,2135.0
SM102683,2025-10-24,Varanasi,Mini Truck,48.7 km,4,620.0,26.0,2250.0,,Clear,1,8.0,8.35,1171.0
SM101346,2025-11-09, KANPUR ,Mini Truck,21.4,7,1163.0,52.0,9649.0,6.6,Rain,0,7.0,8.24,953.0
SM105583,2025-01-28,Lucknow,Mini Truck,30.4,8,1176.0,107.0,9104.0,7.5,Rain,0,8.0,8.62,1188.0
SM105224,2025-07-12,lucknow,Truck,24.9,7,2140.0,144.0,22833.0,5.3,Clear,0,8.0,6.72,1644.0
SM103653,2025-07-08,Varanasi,Pickup,42.2,4,399.0,35.0,6250.0,6.4,Clear,0,7.0,5.88,734.0
SM100355,2025-12-29,Prayagraj,Pickup,49.0 km,11,279.0,13.0,1162.0,4.3,Fog,0,10.0,9.78,1087.0
SM100744,2025-10-18,Lucknow,Mini Truck,22.6,5,923.0,68.0,8483.0,5.0,Clear,0,7.0,5.38,863.0
SM100844,2025-01-02,Gorakhpur,Pickup,44.8,6,516.0,21.0,9066.0,5.1,Clear,0,8.0,5.59,934.0
SM100723,2025-02-13,Prayagraj,Pickup,55.2,7,417.0,37.0,20108.0,7.3,Clear,0,9.0,9.05,967.0
SM101976,2025-12-07,Prayagraj,Mini Truck,18.7,4,1395.0,137.0,45814.0,5.2,Clear,0,7.0,4.41,926.0
SM102955,2025-12-30, VARANASI ,Mini Truck,37.7,4,1129.0,130.0,27408.0,6.9,Rain,0,7.0,7.52,1062.0
SM104340,19/01/2025,Varanasi,Pickup,18.4,5,411.0,26.0,8192.0,7.7,Fog,0,6.0,7.39,483.0
SM102214,2025-02-12,Prayagraj,Mini Truck,14.7,5,1547.0,163.0,86716.0,6.2,Clear,0,7.0,5.11,967.0
SM105829,2025-06-16,Gorakhpur,Pickup,25.6,5,645.0,42.0,7741.0,6.5,Clear,0,7.0,5.04,577.0
SM103648,2025-12-31,Gorakhpur,Truck,35.5,8,1082.0,68.0,18073.0,6.3,Fog,0,8.0,8.62,1434.0
SM103870,17/01/2025,Varanasi,Pickup,21.1,5,487.0,45.0,13479.0,3.8,Fog,0,6.0,5.34,610.0
SM104488,2025-08-31,Lucknow,Mini Truck,,3,635.0,34.0,2905.0,4.4,Clear,0,7.0,5.07,1110.0
SM103292,2025-03-28,Gorakhpur,Pickup,113.2,7,535.0,23.0,4124.0,5.7,Fog,1,12.0,12.89,1626.0
SM105142,2025-08-29,Prayagraj,Truck,18.3,6,1658.0,86.0,15544.0,9.2,Rain,0,7.0,8.85,1288.0
SM101258,2025-07-17,Gorakhpur,Truck,30.5,6,2480.0,118.0,31723.0,4.2,Rain,0,8.0,9.02,1867.0
SM102988,2025-11-26,Gorakhpur,Pickup,94.7,8,550.0,62.0,9392.0,7.5,Clear,0,11.0,10.63,
SM100085,13/09/2025,prayagraj,Truck,27.9,4,3235.0,151.0,18849.0,7.4,Clear,1,8.0,9.02,1848.0
SM100746,2025-07-14,Lucknow,Pickup,18.6,9,191.0,23.0,2443.0,4.9,Rain,0,8.0,6.76,459.0
SM101867,2025-10-05,Lucknow,Pickup,24.9,5,444.0,25.0,7586.0,3.3,Clear,0,7.0,6.4,609.0
SM101315,2025-04-20,Varanasi,Mini Truck,13.0,2,1133.0,98.0,15234.0,3.0,Clear,0,5.0,3.84,624.0
SM103898,2025-04-21, VARANASI ,Pickup,50.2,7,283.0,14.0,3114.0,4.6,Clear,0,8.0,6.82,932.0
SM105008,2025-09-19,Kanpur,Mini Truck,13.4,7,929.0,53.0,12468.0,8.3,Clear,0,7.0,6.06,806.0
SM100962,2025-11-03,Varanasi,Mini Truck,40.2,7,1495.0,85.0,21884.0,3.6,Clear,0,9.0,6.59,1436.0
SM104650,2025-05-26,Kanpur,Mini Truck,25.9,9,1007.0,100.0,15463.0,5.3,Clear,0,8.0,7.03,1028.0
SM100265,2025-08-01,Lucknow,Truck,55.4,6,4234.0,190.0,24775.0,4.7,Clear,0,10.0,9.12,3021.0
SM102428,2025-10-03,Gorakhpur,Mini Truck,21.9,6,1208.0,85.0,17244.0,5.3,Clear,0,7.0,5.7,806.0
SM104116,2025-01-07,Prayagraj,Pickup,54.7,4,391.0,19.0,6002.0,7.0,Fog,0,8.0,7.46,868.0
SM103086,2025-03-08,Prayagraj,Pickup,37.3,6,412.0,20.0,2944.0,6.1,Clear,0,8.0,6.06,793.0
SM103139,2025-06-30,Prayagraj,Mini Truck,16.6,7,991.0,42.0,5803.0,4.2,Clear,0,7.0,6.23,873.0
SM102069,2025-06-03,Prayagraj,Mini Truck,42.2,6,657.0,64.0,10479.0,4.0,Clear,0,8.0,6.08,1105.0
SM104202,06/05/2025,Lucknow,Pickup,67.8,6,239.0,18.0,1533.0,3.4,Clear,0,9.0,6.88,1049.0
SM104533,2025-10-02,Lucknow,Truck,13.6,1,3049.0,173.0,40922.0,6.3,Clear,1,6.0,5.64,1479.0
SM101800,2025-01-21,Prayagraj,Mini Truck,22.0,6,896.0,43.0,18308.0,5.9,Clear,0,7.0,5.68,857.0
SM102235,16/10/2025,Varanasi,Truck,55.4,10,3557.0,158.0,33208.0,6.0,Rain,0,11.0,11.99,2997.0
SM103543,2025-10-10,Prayagraj,Pickup,44.2,7,445.0,30.0,4077.0,7.6,,0,8.0,8.14,972.0
SM103062,2025-05-20,Lucknow,Pickup,30.4,1,563.0,26.0,4258.0,7.8,Clear,0,6.0,5.24,629.0
SM102212,2025-08-09,Gorakhpur,Truck,50.4,3,2698.0,143.0,34121.0,5.0,Rain,1,8.0,9.9,2207.0
SM105955,2025-09-17,Prayagraj,Pickup,46.7,4,534.0,30.0,8828.0,4.4,Clear,0,7.0,6.13,936.0
SM104266,2025-05-09,Prayagraj,Truck,20.1,6,4397.0,254.0,117463.0,5.2,Clear,0,9.0,8.72,2272.0
SM105756,2025-05-01,lucknow,Pickup,34.5,7,549.0,30.0,16060.0,4.9,Clear,0,8.0,4.95,898.0
SM101985,2025-10-17,Prayagraj,Truck,74.9,5,2589.0,234.0,39694.0,1.0,Clear,0,10.0,7.53,2865.0
SM101371,2025-05-06,Lucknow,Mini Truck,,4,1710.0,85.0,15688.0,4.8,Clear,0,7.0,5.5,1076.0
SM102122,2025-08-01,Prayagraj,Pickup,14.1,6,642.0,35.0,9078.0,5.8,Rain,0,7.0,6.55,487.0
SM103907,2025-12-21,Kanpur,Truck,31.6,6,3687.0,171.0,57803.0,4.0,Fog,0,9.0,9.57,2157.0
SM105867,2025-11-18,Prayagraj,Mini Truck,30.5,7,1247.0,144.0,20284.0,8.1,,0,8.0,7.62,1219.0
SM102057,2025-09-27,Varanasi,Pickup,20.9 km,4,443.0,18.0,2273.0,3.6,Rain,0,6.0,5.07,519.0
SM105865,2025-07-25,Prayagraj,Pickup,37.8,10,,46.0,6654.0,6.6,Clear,0,9.0,8.51,1047.0
SM103947,2025-05-15,Varanasi,Mini Truck,31.0,9,968.0,52.0,42028.0,4.7,Clear,0,9.0,6.57,
SM102058,24/05/2025,Varanasi,Mini Truck,46.3,7,638.0,67.0,12647.0,5.8,Clear,0,8.0,7.45,1136.0
SM103711,31/12/2025,Kanpur,Pickup,25.7,4,423.0,30.0,4162.0,7.4,Fog,0,6.0,7.58,548.0
SM102904,2025-08-26,Prayagraj,Truck,42.6,5,1622.0,67.0,15694.0,4.7,Clear,0,8.0,6.71,1638.0
SM104922,2025-07-22,kanpur,Mini Truck,30.9,7,634.0,31.0,5241.0,5.9,Clear,0,8.0,6.24,888.0
SM103838,2025-12-17,Gorakhpur,Pickup,29.9,9,699.0,40.0,3653.0,4.1,Clear,0,8.0,7.0,946.0
SM105476,2025-04-04,Kanpur,Mini Truck,25.0,6,1117.0,103.0,13256.0,5.7,Clear,0,7.0,6.6,949.0
SM102076,2025-06-19,Prayagraj,Truck,21.7,5,1288.0,94.0,19739.0,4.3,Rain,0,7.0,6.76,1067.0
SM100284,2025-06-11,Lucknow,Pickup,17.8,4,573.0,41.0,5694.0,7.5,Clear,0,6.0,5.15,629.0
SM100095,2025-04-16,Lucknow,Pickup,32.4,6,378.0,27.0,13636.0,6.3,Clear,0,7.0,6.35,698.0
SM105833,2025-03-31,Varanasi,Pickup,24.6,4,541.0,47.0,21619.0,7.8,Clear,1,6.0,6.71,603.0
SM102664,2025-03-20,Lucknow,Mini Truck,40.7,4,1077.0,45.0,8071.0,5.9,Clear,0,7.0,5.64,1192.0
SM103955,2025-12-11,Prayagraj,Pickup,26.0,4,611.0,37.0,4286.0,7.3,Clear,0,6.0,5.4,692.0
SM103442,2025-06-16,Kanpur,Truck,13.7,9,1884.0,76.0,22467.0,4.8,Clear,0,8.0,8.31,1402.0
SM105191,2025-11-30,Kanpur,Truck,22.6,3,3105.0,311.0,53281.0,5.7,Clear,0,7.0,5.85,1723.0
SM101225,2025-12-20,kanpur,Truck,22.6,5,3839.0,356.0,25942.0,6.4,Fog,0,8.0,9.21,2060.0
SM102649,2025-05-01,Lucknow,Truck,27.0,4,4208.0,478.0,14528.0,4.9,Clear,0,8.0,7.9,2280.0
SM102280,2025-10-06,Gorakhpur,Truck,40.3,5,1967.0,192.0,19958.0,5.6,Clear,0,8.0,7.45,1797.0
SM102521,2025-01-17,Lucknow,Pickup,33.0,6,351.0,23.0,7818.0,4.7,Clear,0,7.0,5.83,705.0
SM103613,2025-01-28,Lucknow,Pickup,25.6,7,225.0,16.0,2512.0,5.8,Clear,0,7.0,5.34,602.0
SM101284,2025-05-20,Gorakhpur,Truck,42.6,6,3868.0,255.0,25277.0,6.4,Clear,0,10.0,8.38,2637.0
SM104022,17/07/2025,Prayagraj,Truck,35.7,9,3685.0,233.0,43354.0,6.5,Rain,0,10.0,9.75,2492.0
SM102003,2025-06-17,Lucknow,Truck,19.5,4,2529.0,156.0,48513.0,3.8,Clear,0,7.0,5.28,1495.0
SM102153,2025-07-18,Lucknow,Mini Truck,18.4 km,11,1878.0,113.0,44979.0,6.2,Clear,0,9.0,6.78,1204.0
SM103764,2025-05-31,Prayagraj,Truck,29.0,6,3392.0,197.0,43601.0,8.6,Clear,0,9.0,8.3,2057.0
SM102239,2025-11-19,Varanasi,Pickup,,6,316.0,20.0,28305.0,5.4,Clear,0,7.0,5.49,703.0
SM103932,2025-09-14,Varanasi,Mini Truck,8.0,6,,32.0,18257.0,6.2,Rain,0,6.0,5.79,589.0
SM105230,2025-02-19,Lucknow,Pickup,37.4,6,313.0,36.0,7806.0,3.6,Clear,0,8.0,6.86,757.0
SM104151,2025-07-13,Kanpur,Truck,66.3,6,3998.0,320.0,89780.0,4.9,Clear,0,11.0,8.58,3277.0
SM104578,2025-04-11,Lucknow,Pickup,31.2,7,373.0,20.0,3790.0,3.3,Rain,0,8.0,7.24,679.0
SM100043,2025-05-10,Allahabad,Mini Truck,35.6,6,1369.0,145.0,18140.0,3.5,Clear,0,8.0,5.93,1320.0
SM103956,2025-07-10,Prayagraj,Truck,65.4,6,3812.0,309.0,186843.0,4.6,Clear,0,11.0,9.62,3010.0
SM104416,2025-06-21,Lucknow,Truck,46.2,3,2268.0,256.0,37867.0,2.0,Clear,0,8.0,5.95,2069.0
SM102802,2025-12-28,Kanpur,Pickup,20.2 km,8,469.0,22.0,6829.0,5.0,Clear,0,7.0,5.99,655.0
SM103089,2025-06-20,Kanpur,Pickup,61.9,5,413.0,17.0,3838.0,5.0,Clear,0,9.0,6.71,1022.0
SM105127,2025-07-08,Varanasi,Mini Truck,26.5,10,399.0,17.0,2595.0,6.3,Clear,0,8.0,7.09,830.0
SM105576,2025-07-31,Lucknow,Mini Truck,51.2,2,1538.0,79.0,18238.0,8.2,Clear,0,8.0,7.61,1356.0
SM105581,2025-11-02,Prayagraj,Mini Truck,24.6,5,1822.0,157.0,45689.0,4.7,Clear,0,7.0,6.59,1284.0
SM104333,2025-11-23, VARANASI ,Mini Truck,,9,342.0,22.0,3766.0,5.8,Rain,0,10.0,10.1,1397.0
SM101809,2025-12-17,Varanasi,Pickup,52.1,5,593.0,42.0,11306.0,5.6,Fog,0,8.0,7.68,969.0
SM101003,2025-11-20,Lucknow,Pickup,26.5,2,473.0,21.0,3157.0,2.7,Clear,0,6.0,3.69,451.0
SM103859,2025-06-10,Lucknow,Pickup,34.2,5,304.0,33.0,7396.0,4.6,Rain,0,7.0,7.13,700.0
SM105148,2025-05-16,Kanpur,Mini Truck,23.5,3,1196.0,54.0,19805.0,5.9,Clear,0,6.0,480.0,965.0
SM102393,2025-03-22,Prayagraj,Pickup,37.4,9,592.0,38.0,2696.0,6.0,Clear,0,9.0,7.08,946.0
SM101076,2025-09-17, VARANASI ,Pickup,89.2,4,506.0,25.0,3899.0,7.5,Rain,0,10.0,9.49,1244.0
SM105332,2025-05-23,Lucknow,Pickup,22.5,4,121.0,7.0,804.0,8.2,Clear,0,6.0,4.61,523.0
SM103855,2025-09-17,Prayagraj,Truck,21.0,4,3498.0,196.0,97411.0,5.9,Rain,0,8.0,8.15,1904.0
SM103412,23/03/2025,Prayagraj,Mini Truck,24.5,5,1179.0,60.0,13786.0,3.5,Clear,0,7.0,4.73,945.0
SM105211,2025-02-22,Gorakhpur,Truck,48.5,3,2704.0,152.0,58216.0,6.0,Rain,0,8.0,7.97,2313.0
SM100300,2025-05-13, GORAKHPUR ,Mini Truck,51.0,7,1270.0,68.0,20568.0,6.7,Clear,0,9.0,7.45,1523.0
SM102898,2025-10-18,Varanasi,Truck,97.8,4,4469.0,301.0,62015.0,5.9,Clear,1,12.0,12.15,3991.0
SM102507,2025-08-15,Prayagraj,Mini Truck,22.1,12,612.0,35.0,4921.0,6.4,Rain,0,9.0,8.17,991.0
SM100942,2025-11-30,Lucknow,Pickup,12.1,5,,36.0,14269.0,4.4,Clear,0,6.0,3.95,349.0
SM105303,2025-06-03,Prayagraj,Truck,,4,2375.0,120.0,,5.2,Rain,0,8.0,6.9,1633.0
SM102370,2025-01-17,Lucknow,Truck,28.5,3,2742.0,192.0,67927.0,6.3,Fog,0,7.0,7.71,1724.0
SM101259,2025-10-20,Lucknow,Mini Truck,44.0 km,5,1005.0,54.0,11170.0,4.2,Clear,1,8.0,7.34,1154.0
SM105306,2025-05-24,Varanasi,Pickup,43.3,8,585.0,38.0,6516.0,6.1,Clear,0,9.0,6.54,1021.0
SM102522,18/03/2025,Prayagraj,Mini Truck,44.1,4,646.0,32.0,12301.0,6.4,Clear,0,7.0,6.3,992.0
SM103156,2025-10-09,prayagraj,Mini Truck,32.8,11,1268.0,79.0,24457.0,2.9,Clear,0,9.0,6.43,1371.0
SM104559,2025-08-25,gorakhpur,Mini Truck,38.4,7,1034.0,59.0,10898.0,5.1,Clear,0,8.0,6.24,1185.0
SM104101,2025-12-27,Lucknow,Pickup,22.6,3,643.0,30.0,2774.0,5.2,Fog,0,6.0,5.95,600.0
SM100841,2025-08-28,varanasi,Pickup,28.5,6,632.0,67.0,14045.0,3.2,Clear,0,7.0,4.28,680.0
SM101868,2025-01-12,Prayagraj,Mini Truck,23.9,6,1168.0,57.0,21884.0,5.0,Clear,0,7.0,6.23,951.0
SM100326,2025-03-28,Allahabad,Truck,40.6,5,2887.0,201.0,23383.0,5.3,Fog,0,9.0,9.24,2193.0
SM102436,2025-08-22,Kanpur,Mini Truck,27.7,10,1381.0,65.0,9740.0,5.3,Clear,0,9.0,7.1,1115.0
SM105323,2025-05-25,Gorakhpur,Mini Truck,70.0 km,6,510.0,31.0,11035.0,5.8,Clear,0,9.0,7.81,1460.0
SM103208,2025-06-03,Lucknow,Pickup,14.4,6,547.0,42.0,12242.0,8.4,Rain,0,7.0,6.53,609.0
SM105671,23/08/2025,Prayagraj,Mini Truck,,5,1208.0,78.0,38132.0,5.1,Rain,0,7.0,6.63,1020.0
SM101464,07/11/2025,Lucknow,Mini Truck,541.0,5,1315.0,90.0,19968.0,9.0,Clear,0,9.0,7.41,1398.0
SM104988,2025-12-07,Varanasi,Mini Truck,26.3,4,1372.0,77.0,27913.0,4.6,Fog,0,7.0,6.62,1131.0
SM103131,2025-06-18,Varanasi,Mini Truck,62.2,3,955.0,44.0,6634.0,6.1,Clear,1,8.0,7.92,1393.0
SM102061,2025-07-25,Lucknow,Pickup,27.2,8,374.0,15.0,3843.0,6.1,,0,8.0,6.33,824.0
SM104790,2025-03-13,Varanasi,Mini Truck,53.5,6,1163.0,112.0,30879.0,5.8,Rain,0,9.0,7.06,1571.0
SM104483,2025-01-23, KANPUR ,Mini Truck,30.7,8,635.0,31.0,4464.0,6.6,Fog,1,8.0,8.15,868.0
SM102571,2025-12-07,Lucknow,Mini Truck,36.6,5,651.0,26.0,6386.0,4.8,Clear,0,7.0,5.37,873.0
SM103103,2025-06-10,Kanpur,Truck,14.0,6,3909.0,456.0,51048.0,3.6,Clear,0,8.0,6.31,1930.0
SM103333,2025-11-06,Prayagraj,Pickup,40.8,6,432.0,19.0,3680.0,5.1,Clear,0,8.0,6.35,855.0
SM100603,2025-02-19,Lucknow,Mini Truck,28.1,4,755.0,47.0,9322.0,3.9,Clear,0,7.0,5.14,851.0
SM104938,2025-04-18,Lucknow,Pickup,17.5,8,354.0,43.0,7022.0,4.6,Clear,0,7.0,5.69,580.0
SM104418,2025-09-18,Prayagraj,Truck,37.3,6,1322.0,93.0,21742.0,5.7,Clear,0,8.0,7.96,1545.0
SM100865,2025-09-12,Prayagraj,Mini Truck,39.2,10,1650.0,102.0,57082.0,4.8,Rain,0,10.0,7.79,1522.0
SM101890,2025-03-09,Lucknow,Pickup,18.8,9,268.0,12.0,5042.0,5.8,Clear,0,8.0,6.95,674.0
SM104042,2025-10-05,Lucknow,Pickup,29.1,8,536.0,33.0,3803.0,8.2,,0,8.0,6.72,882.0
SM105613,2025-05-01,Lucknow,Mini Truck,30.9,8,1224.0,54.0,3507.0,6.8,Clear,0,8.0,7.8,1160.0
SM105537,2025-11-04,Gorakhpur,Mini Truck,26.5,3,1255.0,52.0,17657.0,4.3,Clear,0,7.0,3.69,803.0
SM103367,2025-04-16,Lucknow,Pickup,37.4,5,455.0,22.0,4808.0,4.8,Rain,0,7.0,6.91,616.0
SM101280,2025-09-28,Lucknow,Mini Truck,25.3,4,1462.0,106.0,30716.0,9.7,Clear,0,7.0,6.94,1043.0
SM100830,2025-03-31,prayagraj,Mini Truck,35.8,4,1261.0,51.0,13761.0,3.2,Clear,1,7.0,7.08,1218.0
SM103149,2025-02-09,Kanpur,Pickup,30.4,6,536.0,34.0,4510.0,4.7,Clear,0,7.0,5.5,684.0
SM103799,2025-01-21,Lucknow,Pickup,29.3,3,456.0,22.0,1877.0,3.5,Rain,0,6.0,4.46,603.0
SM101904,2025-05-02,Varanasi,Pickup,31.7,6,706.0,54.0,20309.0,6.9,Clear,0,7.0,5.43,647.0
SM104551,2025-01-14,Varanasi,Truck,47.6,5,2575.0,142.0,24769.0,6.6,Clear,1,9.0,8.06,2225.0
SM104403,09/12/2025,Prayagraj,Pickup,87.0,6,543.0,23.0,2006.0,6.0,Fog,0,10.0,8.92,1254.0
SM102050,2025-03-04,Lucknow,Truck,25.0,7,1271.0,77.0,21931.0,7.4,Rain,0,8.0,8.41,1279.0
SM101302,2025-09-13,Gorakhpur,Truck,27.8,6,-2469.0,254.0,52755.0,4.1,Clear,0,8.0,7.18,1836.0
SM100328,2025-02-21,Allahabad,Mini Truck,18.9,9,774.0,34.0,15667.0,4.7,Rain,0,8.0,6.82,947.0
SM104849,2025-11-25,Varanasi,Pickup,51.9,6,490.0,35.0,10854.0,6.9,Clear,0,8.0,7.71,995.0
SM101704,2025-12-02,Lucknow,Truck,10.5,3,2906.0,179.0,19485.0,4.2,Clear,0,7.0,5.49,1300.0
SM102493,2025-08-11,Prayagraj,Pickup,30.9,11,299.0,21.0,2431.0,6.1,Clear,0,9.0,8.27,766.0
SM103278,2025-12-29, KANPUR ,Truck,15.9,3,4169.0,193.0,12896.0,5.9,Fog,0,7.0,7.6,1934.0
SM104025,2025-02-21,Varanasi,Mini Truck,14.7,7,931.0,106.0,48873.0,3.8,Clear,0,7.0,5.35,930.0
SM100479,2025-02-09,Varanasi,Truck,74.1,5,2894.0,146.0,22164.0,3.5,Clear,0,10.0,8.81,2926.0
SM103629,2025-10-30,Varanasi,Truck,29.2,7,2104.0,181.0,54932.0,3.8,Clear,0,8.0,6.85,1502.0
SM101175,2025-05-04,Varanasi,Mini Truck,31.5,6,1187.0,117.0,24650.0,4.6,Clear,0,8.0,7.12,1131.0
SM105698,2025-09-20,Lucknow,Pickup,40.4,8,618.0,53.0,10086.0,5.7,Rain,0,8.0,6.68,943.0
SM102957,2025-06-27, LUCKNOW ,Pickup,27.8,3,488.0,42.0,2918.0,4.0,Clear,0,6.0,4.48,705.0
SM104010,2025-05-09,Lucknow,Truck,30.7,5,1443.0,115.0,20505.0,5.2,Rain,0,7.0,7.19,1334.0
SM100117,2025-02-21,Varanasi,Truck,63.4,9,2257.0,123.0,13826.0,4.4,Clear,0,11.0,9.02,2624.0
SM102862,2025-11-01,Varanasi,Mini Truck,21.9,6,1583.0,91.0,14632.0,3.4,Clear,0,7.0,5.21,1067.0
SM100879,2025-08-18,Prayagraj,Pickup,18.1,9,384.0,34.0,6011.0,6.5,Rain,0,8.0,8.18,693.0
SM101029,2025-05-02,Gorakhpur,Mini Truck,19.5 km,6,916.0,37.0,4209.0,5.2,Clear,0,7.0,5.22,747.0
SM100466,2025-03-02, VARANASI ,Mini Truck,12.2,4,1225.0,58.0,11508.0,5.2,Clear,1,6.0,5.98,758.0
SM105284,2025-12-29,Lucknow,Pickup,24.9,11,262.0,20.0,2196.0,6.9,Clear,0,8.0,8.19,713.0
SM105689,2025-03-18,kanpur,Truck,30.9,5,2528.0,120.0,29358.0,4.9,Clear,0,8.0,6.73,1895.0
SM103083,2025-03-29,Lucknow,Truck,20.0,3,2782.0,143.0,23401.0,6.0,Clear,0,7.0,6.28,1594.0
SM101901,2025-07-13,Prayagraj,Pickup,38.5,7,377.0,43.0,7878.0,3.8,Rain,0,8.0,6.67,847.0
SM101975,2025-01-19,Prayagraj,Pickup,26.8,6,264.0,22.0,3108.0,6.0,Clear,0,7.0,5.57,550.0
SM100776,2025-06-04,Varanasi,Mini Truck,76.4,4,966.0,55.0,4477.0,5.5,,0,9.0,8.55,1757.0
SM104664,2025-04-25,Lucknow,Pickup,31.4,9,520.0,58.0,6650.0,6.5,Clear,0,8.0,6.56,846.0
SM101786,2025-03-14,Prayagraj,Mini Truck,48.4,6,962.0,64.0,15125.0,4.1,Clear,1,8.0,7.27,1295.0
SM105463,2025-04-20,Kanpur,Truck,14.4,9,4130.0,193.0,57796.0,8.0,Clear,0,9.0,9.05,2114.0
SM102310,2025-04-13,Prayagraj,Pickup,34.5,11,502.0,34.0,4548.0,5.4,Clear,0,9.0,8.07,1022.0
SM105188,2025-10-26,varanasi,Pickup,45.6,7,-288.0,15.0,3292.0,4.7,Fog,0,8.0,8.27,872.0
SM100084,2025-08-18,Kanpur,Pickup,25.0,9,496.0,53.0,7097.0,5.3,Clear,0,8.0,5.54,715.0
SM101665,2025-05-25,Prayagraj,Truck,34.0,7,2592.0,137.0,14068.0,6.2,Clear,0,9.0,7.65,1893.0
SM103487,2025-12-16,Varanasi,Truck,21.7,2,2018.0,82.0,18075.0,5.9,Fog,0,6.0,7.89,1357.0
SM105184,2025-10-12, PRAYAGRAJ ,Pickup,75.5,4,687.0,32.0,3550.0,3.6,Rain,0,9.0,8.33,1167.0
SM102789,2025-11-01,prayagraj,Truck,53.1,5,1531.0,67.0,6197.0,1.0,Clear,0,9.0,5.82,1978.0
SM104851,2025-09-22,Kanpur,Mini Truck,33.6,4,1037.0,80.0,17884.0,6.6,Rain,0,7.0,6.57,1033.0
SM102143,2025-08-11,Gorakhpur,Mini Truck,25.2,6,566.0,43.0,9366.0,5.0,,0,7.0,7.47,881.0
SM102199,2025-03-03,Varanasi,Pickup,24.8,4,682.0,63.0,3986.0,4.5,Clear,0,6.0,5.63,707.0
SM100511,2025-09-30,Varanasi,Mini Truck,45.8,6,526.0,34.0,7005.0,4.4,Rain,0,8.0,7.55,1121.0
SM103209,2025-03-27,Kanpur,Pickup,38.4,8,215.0,12.0,3667.0,5.8,Clear,0,8.0,6.97,851.0
SM100731,2025-06-02,Gorakhpur,Pickup,77.5,3,352.0,21.0,9010.0,4.9,Clear,0,9.0,7.21,1040.0
SM102220,2025-12-12,Lucknow,Pickup,20.8,12,413.0,29.0,6523.0,4.9,Rain,0,9.0,8.86,901.0
SM105366,2025-02-01,Lucknow,Truck,37.7,8,1611.0,96.0,16574.0,4.0,Clear,0,9.0,6.42,1775.0
SM104626,2025-01-02,Gorakhpur,Mini Truck,31.3,7,1319.0,156.0,33546.0,3.0,Clear,0,8.0,5.58,1203.0
SM105398,2025-12-08,Gorakhpur,Pickup,18.4,5,409.0,24.0,1807.0,6.1,Fog,0,6.0,7.28,560.0
SM104861,2025-10-30,Lucknow,Truck,41.8,6,2241.0,156.0,19658.0,6.1,Clear,0,9.0,8.47,2003.0
SM102783,2025-11-02,Kanpur,Truck,18.6,4,2309.0,280.0,40126.0,5.1,Rain,0,7.0,7.66,1485.0
SM102002,2025-05-26, KANPUR ,Truck,47.8,7,2184.0,94.0,7973.0,,Clear,0,9.0,8.37,2109.0
SM105941,2025-06-21,Lucknow,Mini Truck,39.9,9,997.0,104.0,14654.0,8.3,Rain,0,9.0,8.97,1340.0
SM103666,2025-08-03, KANPUR ,Pickup,53.2,7,501.0,44.0,4807.0,6.8,Rain,0,9.0,9.41,1006.0
SM105566,2025-03-22,Gorakhpur,Mini Truck,94.3 km,4,1376.0,66.0,11913.0,5.8,Clear,0,10.0,8.38,2085.0
SM104470,2025-05-27,Lucknow,Pickup,27.0,5,483.0,20.0,6018.0,5.7,Clear,0,7.0,6.03,669.0
SM101633,2025-11-18,Lucknow,Truck,29.3,7,3143.0,340.0,232479.0,6.0,Clear,0,9.0,7.01,1985.0
SM105468,2025-07-21,Varanasi,Pickup,90.9,7,283.0,13.0,3540.0,4.9,Clear,0,11.0,9.09,1436.0
SM102757,2025-08-20,Prayagraj,Truck,40.6,6,3622.0,373.0,62139.0,7.9,Rain,0,9.0,10.12,2502.0
SM102859,12/06/2025,Lucknow,Pickup,21.5,6,569.0,23.0,6265.0,6.1,Fog,0,7.0,8.03,663.0
SM101184,2025-06-03,Gorakhpur,Mini Truck,49.3,3,1235.0,114.0,19901.0,4.6,Clear,0,8.0,6.63,1316.0
SM103122,2025-06-22,Varanasi,Mini Truck,45.3,7,1537.0,172.0,28295.0,5.0,Clear,0,9.0,6.56,1494.0
SM103184,2025-08-18,Lucknow,Pickup,31.1,9,269.0,15.0,3424.0,,Rain,0,8.0,8.29,743.0
SM102055,2025-05-14,Lucknow,Pickup,54.3,8,298.0,17.0,3209.0,7.0,Rain,0,9.0,9.52,1052.0
SM104334,2025-12-01,Prayagraj,Pickup,38.8,8,474.0,40.0,6786.0,6.0,Clear,0,8.0,6.7,794.0
SM104083,2025-10-15,Lucknow,Truck,18.7,8,3323.0,240.0,89701.0,3.9,Clear,0,9.0,7.37,1985.0
SM100127,2025-10-07,Lucknow,Pickup,27.0,8,331.0,15.0,2122.0,7.0,Clear,0,8.0,5.11,807.0
SM104450,2025-11-10,Lucknow,Truck,22.0,6,3016.0,182.0,39578.0,2.9,Clear,0,8.0,6.85,1998.0
SM100164,2025-06-02,Varanasi,Truck,45.2,9,3391.0,207.0,17962.0,5.3,Clear,0,10.0,9.55,2611.0
SM105792,2025-05-24,Prayagraj,Mini Truck,47.4,4,729.0,30.0,5409.0,9.6,Clear,1,8.0,6.61,1191.0
SM101510,2025-05-02,Varanasi,Mini Truck,53.6,5,1206.0,49.0,7274.0,7.3,Clear,0,8.0,8.07,1383.0
SM103199,2025-04-07,Gorakhpur,Mini Truck,68.4,7,1096.0,95.0,6778.0,6.7,Rain,0,10.0,9.81,1754.0
SM101319,2025-05-25,Prayagraj,Truck,33.2,3,3147.0,161.0,14237.0,4.9,Clear,0,8.0,6.54,2004.0
SM102540,2025-04-16,Gorakhpur,Mini Truck,97.1,3,1005.0,74.0,4370.0,6.1,Clear,0,10.0,9.78,1963.0
SM100472,2025-06-07,Varanasi,Truck,28.0,5,2376.0,96.0,48108.0,6.4,Clear,1,8.0,8.29,1667.0
SM101997,2025-12-29,Prayagraj,Pickup,35.3,4,,27.0,5108.0,8.0,Fog,0,7.0,7.48,664.0
SM100018,2025-11-03,Allahabad,Pickup,34.6,12,663.0,52.0,6082.0,6.7,Clear,0,10.0,7.96,1031.0
SM103952,2025-09-23,Lucknow,Truck,42.8,5,1832.0,116.0,22095.0,5.3,Fog,0,8.0,7.42,1800.0
SM102956,2025-02-06,Varanasi,Truck,43.3,6,3180.0,284.0,38282.0,6.0,Clear,0,9.0,8.3,2406.0
SM102042,2025-09-30,prayagraj,Pickup,33.2,7,568.0,28.0,6301.0,3.5,Rain,0,8.0,7.22,817.0
SM105158,2025-02-20,Lucknow,Truck,27.5,4,3394.0,193.0,53986.0,7.4,Rain,1,8.0,10.77,1910.0
SM102137,2025-01-09,Lucknow,Truck,,9,1507.0,92.0,45655.0,,Fog,0,10.0,9.47,2240.0
SM101025,2025-01-21,Gorakhpur,Truck,59.0,8,2416.0,132.0,22113.0,5.1,Rain,0,10.0,9.98,2585.0
SM100097,2025-09-07,Allahabad,Mini Truck,37.5,9,831.0,35.0,7190.0,1.7,Rain,0,9.0,7.27,1192.0
SM105477,2025-09-15,Prayagraj,Pickup,24.1,6,423.0,41.0,3416.0,8.5,Rain,0,7.0,6.74,587.0
SM103114,2025-05-14,Prayagraj,Mini Truck,12.4,4,772.0,72.0,13093.0,5.6,Clear,0,6.0,4.04,584.0
SM105119,2025-01-12,Kanpur,Truck,56.0,5,2553.0,144.0,6654.0,4.8,Clear,0,9.0,7.52,2389.0
SM102835,2025-07-18,Lucknow,Pickup,29.7,6,443.0,40.0,9568.0,8.6,Clear,0,7.0,6.66,698.0
SM103161,2025-11-21,Varanasi,Truck,16.4,7,2078.0,121.0,79647.0,4.9,Clear,0,8.0,6.95,1353.0
SM100449,2025-04-15,Kanpur,Pickup,48.3,8,395.0,47.0,14299.0,7.2,Clear,0,9.0,7.12,883.0
SM100550,2025-10-21,Kanpur,Mini Truck,66.4,3,1158.0,104.0,20736.0,5.5,Clear,1,8.0,7.96,
SM104372,2025-03-24,Varanasi,Truck,48.0,4,1861.0,86.0,16521.0,6.0,Clear,0,8.0,7.79,2031.0
SM103744,2025-03-30,Lucknow,Mini Truck,43.0,6,1474.0,80.0,8897.0,7.3,Clear,0,8.0,6.29,1357.0
SM100178,2025-11-25,lucknow,Pickup,34.5,6,333.0,13.0,2011.0,2.3,Clear,0,7.0,5.45,685.0
SM104529,2025-07-25,Lucknow,Mini Truck,23.6,7,1368.0,69.0,7828.0,4.1,Rain,0,8.0,7.53,1072.0
SM103654,02/09/2025,Varanasi,Pickup,18.2,6,414.0,35.0,6399.0,5.5,Rain,0,7.0,6.72,530.0
SM101340,2025-07-14,Lucknow,Pickup,12.5,12,534.0,39.0,8223.0,4.9,Rain,0,8.0,8.97,815.0
SM105944,03/04/2025,Kanpur,Pickup,35.4,5,164.0,7.0,1646.0,3.8,Clear,0,7.0,5.41,620.0
SM103548,2025-04-23,Kanpur,Mini Truck,71.8,6,,110.0,28675.0,5.9,Clear,0,10.0,7.97,1869.0
SM103520,29/10/2025,Gorakhpur,Pickup,30.6,9,711.0,45.0,22834.0,6.0,Clear,0,8.0,7.32,928.0
SM101591,2025-05-07,Prayagraj,Mini Truck,33.9,10,738.0,55.0,4306.0,7.6,Clear,0,9.0,8.41,1110.0
SM101516,2025-06-26,Prayagraj,Pickup,12.4,8,467.0,24.0,5200.0,4.9,Clear,0,7.0,5.0,565.0
SM100741,2025-10-06,Lucknow,Pickup,44.0,6,750.0,48.0,5949.0,6.7,Rain,0,8.0,9.12,1045.0
SM104963,2025-03-27, VARANASI ,Truck,54.8,6,3119.0,166.0,56964.0,7.8,Clear,0,10.0,9.9,2692.0
SM101769,2025-03-13,Varanasi,Mini Truck,44.4,8,1327.0,104.0,16803.0,7.3,Clear,0,9.0,7.1,1471.0
SM105658,2025-07-10,Varanasi,Pickup,13.8,7,377.0,19.0,5494.0,6.5,Rain,0,7.0,7.57,580.0
SM100483,2025-10-18,Varanasi,Pickup,47.4,8,404.0,29.0,5675.0,2.9,Rain,0,9.0,7.91,921.0
SM105730,2025-11-01,Lucknow,Pickup,39.2,10,380.0,26.0,2631.0,5.1,Clear,0,9.0,7.58,945.0
SM102810,2025-07-07,Prayagraj,Mini Truck,9.7,4,1300.0,95.0,19411.0,8.5,Clear,0,6.0,6.65,795.0
SM102021,2025-08-29,Kanpur,Truck,23.2,9,1113.0,100.0,25183.0,1.0,Rain,0,8.0,7.18,1297.0
SM104329,2025-11-17,Prayagraj,Mini Truck,74.3,8,1512.0,65.0,19339.0,6.1,Rain,0,11.0,9.57,1964.0
SM101910,2025-01-28,Lucknow,Pickup,48.2,3,363.0,16.0,2909.0,3.3,Clear,0,7.0,5.85,873.0
SM102485,2025-05-12,Gorakhpur,Truck,49.6,10,2382.0,135.0,43101.0,5.1,Clear,0,10.0,9.6,2483.0
SM100780,2025-11-17,Lucknow,Mini Truck,16.4,7,1038.0,84.0,4726.0,7.3,Clear,0,7.0,6.65,860.0
SM104644,2025-01-10,Varanasi,Mini Truck,,10,874.0,80.0,21136.0,6.4,Clear,0,7.0,6.28,751.0
SM100077,2025-03-24,Varanasi,Truck,81.5,7,3669.0,151.0,43326.0,5.6,Clear,0,12.0,12.55,3498.0
SM104878,2025-09-03,Gorakhpur,Mini Truck,44.3,5,747.0,32.0,3170.0,7.4,Clear,0,8.0,6.25,1164.0
SM101889,2025-06-14,Gorakhpur,Truck,24.8,4,1034.0,61.0,14064.0,6.5,Fog,0,7.0,7.08,1111.0
SM105103,2025-07-02,Kanpur,Mini Truck,10.3,10,1002.0,78.0,16400.0,6.5,Clear,0,8.0,6.96,776.0
SM100131,2025-07-22,Gorakhpur,Truck,27.9,6,3411.0,221.0,43322.0,6.2,Clear,0,9.0,8.54,2101.0
SM105635,2025-08-06,Prayagraj,Mini Truck,45.1,6,1193.0,60.0,11112.0,6.3,Rain,0,8.0,7.36,1358.0
SM100673,2025-02-04,Prayagraj,Mini Truck,30.1,2,1523.0,147.0,28674.0,7.2,Clear,0,7.0,4.81,1087.0
SM102203,2025-05-03,Prayagraj,Pickup,29.5,9,341.0,42.0,5719.0,4.3,Clear,0,8.0,5.78,883.0
SM104782,2025-05-06,Prayagraj,Pickup,27.1,7,443.0,34.0,9084.0,5.1,Clear,0,7.0,240.0,601.0
SM104971,2025-05-20,Lucknow,Truck,44.9,5,3310.0,145.0,65203.0,4.3,Rain,0,9.0,9.28,2321.0
SM100458,2025-11-03,Lucknow,Mini Truck,21.4,6,1882.0,197.0,40729.0,5.4,Rain,0,8.0,6.62,1206.0
SM102865,2025-01-13,Prayagraj,Pickup,64.2,5,565.0,47.0,8689.0,9.7,Fog,0,9.0,9.5,1044.0
SM105363,2025-11-08,Prayagraj,Mini Truck,18.0 km,6,801.0,72.0,14706.0,5.5,Clear,0,7.0,5.28,811.0
SM100752,2025-02-01,Prayagraj,Truck,34.1,4,2311.0,264.0,135865.0,6.3,Clear,1,8.0,8.35,1868.0
SM100121,2025-09-01,Allahabad,Truck,60.7,6,1285.0,86.0,26678.0,4.9,Rain,0,9.0,9.07,2125.0
SM103637,2025-07-02,Varanasi,Mini Truck,62.2,7,1110.0,52.0,5831.0,7.6,Rain,0,10.0,10.11,1603.0
SM100699,2025-02-04,Prayagraj,Pickup,,7,540.0,27.0,3102.0,3.6,,0,8.0,5.77,726.0
SM102924,2025-06-04,Varanasi,Mini Truck,41.6,8,1039.0,103.0,9517.0,7.2,Clear,0,9.0,7.55,1241.0
SM105408,2025-07-24,Gorakhpur,Mini Truck,70.4,7,1772.0,92.0,18367.0,6.7,Clear,0,10.0,8.42,1940.0
SM101492,2025-01-11,Gorakhpur,Mini Truck,80.5,4,629.0,69.0,16673.0,6.9,Clear,0,9.0,8.21,1642.0
SM101204,2025-08-26,Kanpur,Truck,21.6,3,,149.0,26124.0,4.7,Clear,0,7.0,6.57,1743.0
SM101948,2025-01-01,Varanasi,Mini Truck,74.9,8,746.0,56.0,4185.0,4.6,Rain,0,10.0,8.77,1753.0
SM102086,2025-09-25,Kanpur,Pickup,28.3,7,220.0,12.0,2427.0,8.4,Clear,0,7.0,5.18,754.0
SM103365,2025-10-01,Prayagraj,Mini Truck,17.9,6,902.0,74.0,10256.0,9.0,Rain,0,7.0,7.57,833.0
SM100031,2025-03-24,Lucknow,Mini Truck,12.8,7,554.0,47.0,7543.0,5.7,Clear,0,7.0,6.42,723.0
SM102154,2025-09-15,Lucknow,Truck,18.5,7,2743.0,115.0,33179.0,5.5,Clear,0,8.0,7.56,1675.0
SM102758,2025-05-12,Lucknow,Pickup,29.6,5,659.0,48.0,14583.0,3.1,Clear,0,7.0,4.34,776.0
SM100069,21/06/2025,Allahabad,Mini Truck,21.2,8,1097.0,125.0,53636.0,5.1,Clear,0,8.0,5.98,969.0
SM101449,2025-02-07,Lucknow,Mini Truck,38.2,6,1483.0,78.0,18375.0,8.1,Clear,0,8.0,8.64,1383.0
SM105215,2025-03-26,Lucknow,Pickup,,5,540.0,45.0,9190.0,4.7,Clear,0,7.0,5.52,896.0
SM105922,2025-08-28,lucknow,Pickup,11.6,7,494.0,21.0,6251.0,2.9,Rain,0,7.0,6.33,578.0
SM103175,2025-07-23,Gorakhpur,Mini Truck,37.4,9,1477.0,138.0,16108.0,6.5,Rain,0,9.0,9.36,1424.0
SM103627,2025-03-28,Varanasi,Truck,11.3,2,3588.0,381.0,109704.0,7.2,Clear,0,7.0,6.96,1569.0
SM103877,2025-03-31,Prayagraj,Pickup,29.2,7,409.0,37.0,5945.0,3.6,Clear,1,8.0,7.28,814.0
SM105286,2025-04-15,Prayagraj,Truck,,6,2750.0,283.0,48099.0,5.5,Clear,0,8.0,480.0,1689.0
SM103959,2025-03-20,gorakhpur,Pickup,59.7,7,583.0,58.0,5262.0,5.8,Fog,0,9.0,8.41,1278.0
SM105804,2025-04-23,Kanpur,Mini Truck,19.4,3,1169.0,88.0,24559.0,7.6,Clear,0,6.0,5.96,990.0
SM103221,2025-04-03,Lucknow,Mini Truck,28.8,6,1526.0,61.0,24832.0,7.2,Rain,0,8.0,8.55,1151.0
SM103146,2025-08-23,Kanpur,Pickup,12.1,6,399.0,23.0,5956.0,2.9,Clear,0,6.0,5.52,480.0
SM101531,2025-01-04,Prayagraj,Mini Truck,34.4,3,1760.0,96.0,18861.0,4.5,Clear,0,7.0,5.84,1278.0
SM104501,2025-07-14,Kanpur,Pickup,39.0,6,158.0,14.0,2269.0,6.6,Clear,0,8.0,5.4,642.0
SM105338,2025-05-23,Prayagraj,Mini Truck,49.3 km,6,1016.0,109.0,39376.0,,Rain,0,8.0,8.4,1268.0
SM102432,2025-03-01,Varanasi,Pickup,55.5,5,426.0,26.0,5567.0,7.0,Clear,0,8.0,6.44,831.0
SM104361,2025-10-14,Kanpur,Pickup,26.5,6,185.0,21.0,3760.0,8.0,Clear,0,7.0,5.96,494.0
SM103574,2025-12-14,Prayagraj,Truck,28.2,4,3691.0,175.0,31845.0,7.6,Fog,0,8.0,8.95,2070.0
SM103182,2025-09-30,Kanpur,Pickup,32.6,5,289.0,12.0,552.0,6.5,Clear,0,7.0,5.8,669.0
SM101912,2025-01-02,Prayagraj,Mini Truck,16.6,8,1472.0,153.0,18131.0,4.3,Clear,0,8.0,5.53,991.0
SM100504,2025-04-11,varanasi,Truck,16.5,6,1724.0,70.0,10994.0,5.8,Clear,0,7.0,6.42,1237.0
SM100339,2025-12-14,Varanasi,Mini Truck,20.2,8,1385.0,56.0,11738.0,5.0,Clear,0,8.0,5.35,1148.0
SM104910,2025-12-12,Gorakhpur,Truck,19.6,2,1527.0,65.0,9488.0,5.5,Clear,0,6.0,4.81,1072.0
SM103580,2025-11-18, KANPUR ,Mini Truck,25.8,5,1246.0,147.0,32042.0,4.4,Clear,0,7.0,4.19,996.0
SM105723,2025-07-11,Kanpur,Mini Truck,17.6,4,1063.0,96.0,14520.0,6.1,Rain,0,6.0,5.99,773.0
SM100798,2025-04-26,Prayagraj,Pickup,11.4,5,397.0,22.0,4344.0,6.2,Clear,0,6.0,5.24,393.0
SM105026,2025-04-03,Prayagraj,Pickup,22.8,7,563.0,29.0,,6.9,Clear,0,7.0,7.0,624.0
SM104840,2025-10-06,Kanpur,Mini Truck,26.8,5,1253.0,145.0,15042.0,6.1,Clear,0,7.0,6.39,1061.0
SM105074,2025-02-22,Gorakhpur,Mini Truck,69.4,6,1491.0,176.0,55074.0,7.4,,0,10.0,9.92,1810.0
SM105910,2025-03-13, PRAYAGRAJ ,Pickup,11.1,8,315.0,17.0,4976.0,4.2,Clear,0,7.0,5.9,460.0
SM105880,26/02/2025, KANPUR ,Truck,26.4,5,3405.0,203.0,47534.0,7.6,,1,8.0,8.67,2051.0
SM100061,2025-09-29,Allahabad,Pickup,40.3,3,579.0,34.0,6463.0,3.9,Clear,0,7.0,4.56,661.0
SM101775,2025-02-17,Lucknow,Truck,35.4,5,926.0,39.0,4409.0,3.9,Rain,0,7.0,7.27,1332.0
SM102845,2025-06-16,Gorakhpur,Pickup,44.8,2,615.0,61.0,26469.0,4.5,Clear,0,7.0,5.08,820.0
SM102039,2025-06-14,Kanpur,Pickup,29.9,3,541.0,60.0,11867.0,5.7,Clear,0,6.0,6.46,622.0
SM102460,2025-05-05,Varanasi,Pickup,12.9,5,530.0,28.0,8973.0,5.2,Clear,0,6.0,4.59,636.0
SM104237,2025-02-09,Varanasi,Truck,31.0,9,2916.0,142.0,11080.0,7.1,Clear,0,9.0,9.21,2006.0
SM105894,2025-07-16,Prayagraj,Mini Truck,28.1,5,132.0,10.0,1941.0,6.6,Rain,0,7.0,6.29,721.0
SM101567,2025-08-09,Lucknow,Mini Truck,22.6,8,983.0,51.0,8566.0,4.6,Clear,1,8.0,6.49,979.0
SM104289,2025-04-23,Lucknow,Pickup,23.7,4,659.0,28.0,7542.0,5.3,Rain,0,6.0,7.06,653.0
SM104742,2025-06-06,Kanpur,Pickup,29.2,9,470.0,22.0,9124.0,7.5,Clear,0,8.0,6.18,894.0
SM104456,2025-08-04,Kanpur,Pickup,23.8,7,680.0,46.0,11999.0,6.4,Rain,0,7.0,7.8,744.0
SM102848,2025-04-13,Lucknow,Mini Truck,58.4,6,1105.0,61.0,7834.0,6.5,Fog,0,9.0,8.97,1343.0
SM101689,2025-02-04,Kanpur,Mini Truck,18.2,5,795.0,67.0,9093.0,4.4,Clear,0,7.0,4.23,738.0
SM104153,2025-12-23,Varanasi,Truck,23.6,5,3014.0,250.0,31100.0,5.9,Fog,0,8.0,7.38,1893.0
SM102986,30/09/2025,Lucknow,Pickup,20.5,7,471.0,31.0,11322.0,3.5,Clear,0,7.0,5.55,556.0
SM102419,2025-06-02,Prayagraj,Mini Truck,55.9,5,776.0,37.0,6596.0,7.9,Clear,0,8.0,7.22,1339.0
SM104454,2025-08-12,gorakhpur,Truck,42.4,9,2764.0,154.0,31938.0,7.3,Rain,0,10.0,10.3,2232.0
SM105774,2025-06-29,Varanasi,Mini Truck,24.1,6,1683.0,122.0,28991.0,4.3,Rain,0,8.0,8.85,1204.0
SM101568,2025-11-28,Varanasi,Truck,13.8,7,2365.0,98.0,823238.8963911815,7.0,Clear,0,8.0,6.94,1472.0
SM103965,2025-11-07,Varanasi,Mini Truck,36.7,5,1220.0,57.0,16440.0,5.8,Clear,0,8.0,6.09,1273.0
SM102339,2025-02-03,Lucknow,Truck,51.4 km,6,1985.0,111.0,22041.0,4.9,Clear,0,9.0,7.24,2112.0
SM102094,01/03/2025,Gorakhpur,Pickup,81.8,4,559.0,29.0,7129.0,6.3,Clear,0,9.0,7.1,1244.0
SM105019,2025-08-23,Varanasi,Truck,21.0,7,2008.0,122.0,27817.0,6.8,Rain,0,8.0,8.0,1341.0
SM102041,2025-11-22,Lucknow,Mini Truck,21.9,11,1282.0,82.0,8256.0,3.0,Clear,0,9.0,7.5,1358.0
SM104373,2025-10-26,Kanpur,Pickup,29.7,1,369.0,39.0,12279.0,6.2,Rain,0,6.0,6.78,542.0
SM102200,2025-05-14,Lucknow,Pickup,22.8,7,340.0,22.0,7745.0,3.7,Clear,0,7.0,5.99,683.0
SM105836,2025-11-17,Varanasi,Mini Truck,35.6,8,1335.0,57.0,11531.0,6.1,Clear,0,9.0,6.44,1320.0
SM102272,2025-04-19,Kanpur,Mini Truck,15.2,8,1459.0,83.0,32290.0,2.8,Clear,0,8.0,6.04,1047.0
SM100381,2025-12-08,Kanpur,Pickup,25.5,7,329.0,19.0,5489.0,7.4,Fog,0,7.0,7.25,674.0
SM103864,2025-08-19,varanasi,Pickup,56.7,4,735.0,53.0,11174.0,5.8,Rain,0,8.0,6.96,1026.0
SM102412,2025-12-06,Prayagraj,Mini Truck,9.3,10,996.0,84.0,16825.0,6.0,Clear,0,8.0,5.92,912.0
SM103912,2025-03-11,Varanasi,Mini Truck,25.3,5,1255.0,68.0,9230.0,5.9,Clear,0,7.0,6.53,996.0
SM101390,2025-04-22,Lucknow,Truck,20.6,11,3959.0,168.0,25662.0,8.7,Clear,0,10.0,9.66,2262.0
SM105120,2025-10-25,Prayagraj,Pickup,27.4,6,445.0,21.0,2413.0,3.6,Clear,0,7.0,4.46,666.0
SM105508,27/07/2025,Gorakhpur,Mini Truck,90.8,7,899.0,97.0,22826.0,5.7,Rain,0,11.0,9.76,1964.0
SM103914,2025-10-16,Kanpur,Pickup,15.2,3,456.0,19.0,3446.0,6.5,Clear,0,6.0,4.63,385.0
SM101952,2025-01-27,Lucknow,Truck,16.3,5,3634.0,155.0,24815.0,5.0,Clear,0,8.0,6.62,1839.0
SM104162,2025-07-25,Varanasi,Mini Truck,42.9,7,1450.0,149.0,19965.0,4.4,Clear,0,9.0,6.29,1408.0
SM105151,2025-08-15,Varanasi,Mini Truck,,10,873.0,42.0,16720.0,4.9,Rain,0,10.0,9.11,1555.0
SM102915,2025-06-09,Varanasi,Mini Truck,33.2,8,1280.0,120.0,29357.0,6.6,Clear,0,8.0,7.05,1269.0
SM102342,19/07/2025,Kanpur,Mini Truck,30.6,9,952.0,66.0,12737.0,4.3,Rain,1,8.0,9.2,1176.0
SM104209,2025-08-10,Varanasi,Pickup,6.8,7,331.0,16.0,3984.0,5.3,Rain,0,6.0,5.0,405.0
SM100245,2025-01-31,Varanasi,Pickup,39.8,2,618.0,29.0,7574.0,7.7,Rain,0,7.0,8.0,753.0
SM101439,15/12/2025,Prayagraj,Mini Truck,22.0,5,1582.0,108.0,15234.0,3.7,Fog,0,7.0,7.21,1258.0
SM101022,2025-11-14, PRAYAGRAJ ,Truck,24.7,5,2480.0,119.0,27063.0,7.5,Clear,0,8.0,7.56,1667.0
SM103233,2025-01-02,Lucknow,Truck,19.1,6,3663.0,156.0,45408.0,5.9,Fog,0,8.0,10.09,1968.0
SM105076,2025-05-01,Lucknow,Truck,43.4,9,3772.0,290.0,42545.0,3.7,Clear,0,11.0,8.72,2600.0
SM100411,2025-03-25,Lucknow,Mini Truck,28.9,5,1161.0,91.0,27448.0,4.1,Clear,0,7.0,5.2,1016.0
SM102261,2025-12-31,Varanasi,Mini Truck,18.7,5,863.0,47.0,3039.0,4.7,Clear,0,7.0,5.45,752.0
SM101062,2025-02-22,Lucknow,Mini Truck,31.0,4,1079.0,55.0,,7.0,Fog,0,7.0,7.6,1072.0
SM104212,2025-06-01,Varanasi,Mini Truck,,4,1441.0,90.0,19310.0,4.7,Clear,0,7.0,5.15,1182.0
SM101545,2025-08-04,Lucknow,Pickup,34.7,7,340.0,14.0,1988.0,5.2,Clear,0,8.0,5.84,613.0
SM105795,2025-03-16,Varanasi,Mini Truck,25.9,4,892.0,44.0,10725.0,6.9,Rain,0,7.0,7.49,836.0
SM104343,2025-04-04,Lucknow,Mini Truck,45.6,6,900.0,83.0,29261.0,4.4,Clear,0,8.0,5.75,1358.0
SM103561,2025-03-03,Prayagraj,Mini Truck,33.2,9,1209.0,108.0,18663.0,5.0,Clear,1,9.0,8.15,1287.0
SM100665,2025-09-11,Prayagraj,Pickup,,9,560.0,31.0,4428.0,5.8,Rain,0,8.0,7.87,888.0
SM100004,2025-06-08,Lucknow,Pickup,32.3,8,387.0,18.0,4468.0,10.0,Clear,0,8.0,8.21,864.0
SM105978,2025-03-17,Varanasi,Mini Truck,57.9,5,1364.0,82.0,28157.0,7.4,Clear,0,9.0,6.94,1606.0
SM104188,2025-01-16,Lucknow,Mini Truck,16.0,4,1653.0,96.0,21750.0,6.9,Clear,0,7.0,5.71,
SM100944,17/02/2025,Lucknow,Truck,27.0,10,2278.0,131.0,823238.8963911815,2.2,Clear,0,9.0,8.34,1684.0
SM100114,2025-07-04,Allahabad,Truck,22.0,8,1715.0,81.0,,4.1,Clear,0,8.0,6.7,1494.0
SM103989,2025-06-23,Lucknow,Pickup,51.2,5,250.0,19.0,1992.0,,Clear,0,8.0,6.94,952.0
SM105472,2025-10-19,Prayagraj,Mini Truck,41.5,4,,78.0,20339.0,3.1,Clear,0,8.0,6.35,1260.0
SM102302,2025-07-28,Kanpur,Pickup,15.2,6,538.0,45.0,7432.0,2.4,Rain,0,7.0,5.44,630.0
SM102477,2025-03-06,Prayagraj,Truck,38.5,12,2577.0,138.0,13872.0,4.0,Clear,0,11.0,9.44,2270.0
SM103250,2025-05-04,Kanpur,Truck,30.9,8,4113.0,172.0,41499.0,4.3,Clear,0,10.0,9.25,2442.0
SM100118,2025-03-31,Lucknow,Pickup,33.4,4,260.0,12.0,1498.0,,Rain,1,7.0,7.44,541.0
SM101981,2025-08-16,Lucknow,Truck,61.9,4,2731.0,132.0,15019.0,7.1,Rain,1,9.0,10.69,2571.0
SM102180,2025-09-13,Varanasi,Pickup,54.2,11,269.0,14.0,2444.0,7.1,Rain,0,10.0,10.66,1023.0
SM100162,2025-05-30,Lucknow,Truck,40.3,9,1332.0,80.0,22819.0,6.4,Clear,0,9.0,8.45,1737.0
SM100263,2025-12-04,Allahabad,Pickup,9.5,4,590.0,31.0,,6.6,Clear,0,6.0,4.4,446.0
SM105409,2025-09-16,Varanasi,Pickup,36.5,5,621.0,77.0,18680.0,2.6,Clear,0,7.0,4.99,861.0
SM104342,2025-06-20,Kanpur,Truck,62.7,3,2266.0,162.0,25256.0,7.2,Clear,0,9.0,7.48,2255.0
SM100775,2025-12-14,Prayagraj,Truck,47.1,7,2889.0,294.0,37697.0,6.9,Rain,0,10.0,10.7,2441.0
SM104871,16/12/2025,Lucknow,Mini Truck,6.0,6,1569.0,69.0,12401.0,5.5,Clear,1,7.0,6.33,870.0
SM104648,2025-04-17,Prayagraj,Mini Truck,16.6,9,748.0,81.0,28033.0,8.0,Rain,0,8.0,8.13,750.0
SM105209,2025-01-12,Gorakhpur,Mini Truck,51.2,5,754.0,33.0,4718.0,6.2,Clear,0,8.0,6.06,1296.0
SM105544,2025-03-21,Prayagraj,Truck,7.7,4,1057.0,51.0,27424.0,6.3,Clear,0,6.0,5.09,752.0
SM104676,2025-07-22,Lucknow,Pickup,34.1,6,500.0,25.0,9970.0,7.3,Clear,0,7.0,5.26,691.0
SM104940,2025-09-23,Lucknow,Mini Truck,25.1,9,1138.0,56.0,20281.0,4.5,Clear,0,8.0,5.66,1071.0
SM104473,2025-02-19,Prayagraj,Truck,29.7,10,1858.0,98.0,14409.0,6.5,Fog,0,9.0,10.27,1659.0
SM100651,2025-08-27,Lucknow,Pickup,19.5,6,458.0,20.0,2396.0,6.5,Rain,0,7.0,5.06,564.0
SM103723,2025-12-29,Lucknow,Mini Truck,26.8,9,1437.0,153.0,20440.0,6.3,Fog,0,9.0,9.63,1367.0
SM105514,2025-07-05, PRAYAGRAJ ,Truck,35.2,3,3401.0,216.0,36927.0,3.8,Rain,0,8.0,7.79,2168.0
SM101170,2025-08-18,Gorakhpur,Truck,41.9,3,1458.0,76.0,18110.0,6.1,Rain,0,7.0,7.32,1431.0
SM105627,2025-01-15,Gorakhpur,Truck,27.5,3,2281.0,224.0,38378.0,7.1,Rain,0,7.0,8.34,1555.0
SM103011,2025-07-04,Varanasi,Mini Truck,37.8 km,2,1756.0,72.0,21028.0,4.0,Rain,0,7.0,6.69,1355.0
SM105551,2025-05-10,Varanasi,Mini Truck,53.1,6,857.0,48.0,3815.0,5.8,Clear,0,9.0,6.23,1308.0
SM103874,2025-08-15,Lucknow,Mini Truck,27.1,8,1287.0,55.0,29191.0,4.8,Rain,0,8.0,8.56,1192.0
SM103223,2025-10-11,lucknow,Truck,35.0,4,1274.0,66.0,15850.0,3.2,,0,7.0,6.45,1434.0
SM101368,2025-12-18,Lucknow,Pickup,24.4,4,624.0,43.0,9184.0,6.4,Clear,0,6.0,5.21,533.0
SM100897,2025-01-20,Prayagraj,Pickup,57.9,3,201.0,14.0,2042.0,6.4,Rain,0,8.0,6.26,756.0
SM100928,2025-06-02,Lucknow,Pickup,29.7,3,596.0,24.0,3596.0,4.2,Clear,0,6.0,4.25,725.0
SM104772,2025-03-06,Lucknow,Pickup,25.3,4,643.0,34.0,3851.0,5.5,Clear,0,6.0,5.96,585.0
SM100014,2025-09-19,Lucknow,Pickup,23.4,5,367.0,16.0,5536.0,7.8,Clear,0,7.0,4.37,537.0
SM102548,2025-06-21,Varanasi,Mini Truck,47.0,7,1306.0,119.0,12617.0,5.5,Clear,1,9.0,9.72,1458.0
SM100967,2025-04-26,Lucknow,Pickup,37.8,5,448.0,54.0,7952.0,1.7,Clear,0,7.0,4.39,777.0
SM101106,2025-03-31,Varanasi,Truck,51.1,9,3976.0,436.0,176972.0,4.8,Clear,1,11.0,10.82,2954.0
SM105606,2025-06-14,Lucknow,Truck,,4,3086.0,127.0,24537.0,3.6,Clear,0,8.0,5.23,1738.0
SM104336,2025-10-04,varanasi,Mini Truck,15.7,4,1418.0,104.0,62163.0,5.0,Clear,0,6.0,5.43,856.0
SM103968,2025-08-04,Varanasi,Pickup,46.1,8,471.0,34.0,12965.0,6.3,Rain,0,9.0,7.69,954.0
SM101254,26/08/2025,Kanpur,Truck,10.1,4,2894.0,295.0,75246.0,6.5,Clear,0,7.0,6.8,1338.0
SM102648,2025-12-08,Prayagraj,Truck,31.4,4,1681.0,103.0,86702.0,6.7,Clear,0,7.0,6.7,1505.0
SM102923,2025-07-17,Prayagraj,Truck,45.3,3,2176.0,215.0,28793.0,5.0,Rain,0,8.0,7.16,1948.0
SM104780,2025-11-07,Kanpur,Pickup,52.9,6,363.0,19.0,2416.0,3.1,Clear,0,8.0,6.02,938.0
SM104264,2025-08-07,Varanasi,Pickup,80.6,6,643.0,38.0,13579.0,4.3,Rain,1,10.0,9.9,1187.0
SM103658,2025-05-03,Kanpur,Mini Truck,28.7,8,1069.0,83.0,16512.0,4.7,Clear,0,8.0,6.21,1130.0
SM101639,2025-04-10,Lucknow,Mini Truck,27.1,6,973.0,42.0,7688.0,7.1,Clear,0,7.0,7.27,1052.0
SM101133,2025-10-06,Prayagraj,Pickup,53.3,9,238.0,13.0,3146.0,2.7,Clear,0,9.0,7.96,
SM105712,2025-06-19,Kanpur,Pickup,,6,438.0,21.0,3876.0,5.8,Clear,0,7.0,5.52,637.0
SM103519,2025-12-03,Prayagraj,Truck,50.3,7,2811.0,180.0,32383.0,7.1,Fog,0,10.0,11.27,2454.0
SM101878,2025-09-23,Prayagraj,Mini Truck,23.3,8,527.0,23.0,9045.0,5.3,Clear,0,8.0,5.31,886.0
SM100271,2025-01-09, VARANASI ,Mini Truck,22.3,6,1192.0,75.0,10887.0,4.2,Clear,0,7.0,6.46,962.0
SM101473,2025-03-17,Lucknow,Pickup,29.6,9,572.0,40.0,3059.0,4.6,Clear,0,8.0,6.25,941.0
SM105349,2025-08-01,Lucknow,Pickup,58.2,8,576.0,71.0,9430.0,4.1,Clear,0,9.0,6.18,1227.0
SM101547,2025-11-07,Lucknow,Mini Truck,29.1,6,905.0,42.0,5554.0,6.7,Clear,0,7.0,7.25,955.0
SM104310,2025-07-09,Prayagraj,Mini Truck,27.7,7,372.0,39.0,6228.0,4.2,Rain,0,7.0,7.22,808.0
SM105692,2025-11-20,Lucknow,Mini Truck,25.9,5,974.0,57.0,13487.0,8.1,Clear,0,7.0,6.02,947.0
SM104440,2025-04-30,Gorakhpur,Pickup,39.3,7,258.0,19.0,4027.0,5.4,Clear,0,8.0,6.25,736.0
SM100838,2025-01-06,Kanpur,Mini Truck,26.1,4,887.0,61.0,17509.0,7.7,Clear,0,7.0,5.33,998.0
SM102195,2025-10-25,Gorakhpur,Mini Truck,31.6,6,1119.0,52.0,10284.0,6.7,Fog,0,8.0,7.82,1209.0
SM101835,20/02/2025,Kanpur,Mini Truck,35.1,8,839.0,36.0,5532.0,3.4,Fog,0,8.0,6.79,
SM104891,2025-07-28,Gorakhpur,Pickup,37.6,9,429.0,20.0,,5.4,Rain,0,9.0,8.23,857.0
SM100412,2025-04-12,Prayagraj,Mini Truck,36.5,5,859.0,53.0,5368.0,4.4,Clear,0,7.0,5.9,1081.0
SM101712,2025-11-18,Varanasi,Mini Truck,29.0,5,471.0,30.0,5784.0,4.8,Clear,0,7.0,5.76,776.0
SM104438,2025-05-06, LUCKNOW ,Truck,40.9,7,3738.0,173.0,10432.0,5.3,Clear,0,10.0,9.46,2522.0
SM105043,2025-07-25,Prayagraj,Pickup,12.7,6,315.0,33.0,4198.0,7.5,Clear,0,6.0,5.05,569.0
SM102795,01/12/2025,Varanasi,Pickup,31.0,8,334.0,33.0,4141.0,6.5,Fog,0,8.0,8.43,739.0
SM102221,2025-02-26,Varanasi,Pickup,34.3,8,710.0,49.0,11919.0,7.3,Clear,0,8.0,6.14,915.0
SM100377,2025-09-30,gorakhpur,Truck,37.0,11,908.0,80.0,14010.0,4.6,Rain,0,9.0,7.76,1499.0
SM101491,2025-06-28,Kanpur,Mini Truck,13.6,11,1522.0,185.0,117617.0,6.4,Clear,0,9.0,7.87,1136.0
SM100738,2025-09-27,Kanpur,Pickup,34.3,6,753.0,32.0,3730.0,4.3,Clear,0,8.0,6.67,836.0
SM103377,2025-08-01,Kanpur,Mini Truck,43.3,6,1101.0,78.0,23735.0,,Clear,0,8.0,6.69,1411.0
SM103615,2025-06-13,lucknow,Pickup,21.8,5,454.0,20.0,4037.0,5.0,Clear,0,7.0,4.3,632.0
SM105626,2025-06-02,Prayagraj,Pickup,40.6,8,580.0,26.0,4002.0,5.8,Fog,0,8.0,8.54,
SM100052,2025-05-13, VARANASI ,Pickup,52.0,5,291.0,17.0,1184.0,3.8,Clear,0,8.0,6.59,953.0
SM104114,2025-04-17,Kanpur,Truck,23.4,4,2066.0,85.0,15619.0,4.1,Fog,0,7.0,7.68,1444.0
SM105405,22/05/2025, KANPUR ,Mini Truck,72.2,6,1233.0,85.0,32201.0,5.2,Clear,0,10.0,8.22,1832.0
SM102269,2025-12-23,Prayagraj,Truck,47.4,6,3344.0,328.0,86867.0,4.8,Fog,0,10.0,10.29,2526.0
SM105094,2025-06-12,Lucknow,Pickup,35.1,9,634.0,37.0,6733.0,7.4,Clear,0,9.0,7.53,886.0
SM103094,2025-11-29, GORAKHPUR ,Pickup,17.8,3,350.0,21.0,8581.0,5.6,Clear,0,6.0,4.77,458.0
SM101389,2025-11-28,Varanasi,Mini Truck,63.3,8,1256.0,153.0,40827.0,4.5,Rain,0,10.0,8.99,1671.0
SM103188,2025-01-22,Varanasi,Mini Truck,177.0,3,1432.0,97.0,15368.0,4.6,Fog,0,6.0,6.58,933.0
SM103478,2025-05-30,Lucknow,Mini Truck,17.7,10,1546.0,82.0,4379.0,5.7,Rain,0,8.0,8.9,1204.0
SM103433,2025-05-03,gorakhpur,Truck,122.0,8,3631.0,262.0,26698.0,1.7,Clear,0,14.0,12.32,4497.0
SM104191,2025-05-06, LUCKNOW ,Truck,34.7,7,2932.0,134.0,24912.0,5.3,Clear,0,9.0,8.04,2202.0
SM102309,2025-07-14,Prayagraj,Truck,21.6,6,4211.0,307.0,69510.0,4.6,Clear,0,9.0,7.41,2171.0
SM103222,2025-10-11,Varanasi,Mini Truck,38.1,8,1202.0,108.0,19439.0,4.4,Clear,0,9.0,7.79,1268.0
SM102590,2025-01-26,Prayagraj,Mini Truck,37.3,10,1526.0,75.0,11974.0,1.2,Fog,0,9.0,7.94,1618.0
SM101632,2025-02-03,Prayagraj,Pickup,56.2,5,532.0,23.0,10530.0,4.8,Clear,0,8.0,5.68,971.0
SM104275,2025-10-10,Kanpur,Pickup,63.7,9,761.0,32.0,17011.0,2.9,Clear,0,10.0,7.5,1188.0
SM103174,2025-12-30,Prayagraj,Truck,30.0,7,2950.0,123.0,14266.0,4.3,Clear,0,9.0,7.95,1972.0
SM104812,2025-07-12,Varanasi,Truck,23.2,6,1429.0,71.0,15882.0,5.7,Clear,0,7.0,6.61,1308.0
SM102976,2025-06-30,Kanpur,Mini Truck,30.6,2,1462.0,79.0,25744.0,6.4,Clear,0,7.0,4.65,1035.0
SM104280,2025-06-24,Varanasi,Mini Truck,33.0,7,797.0,34.0,4112.0,6.2,Clear,0,8.0,8.11,1166.0
SM100467,2025-08-06,Prayagraj,Pickup,55.8 km,12,156.0,12.0,2447.0,5.5,Clear,0,10.0,9.02,1023.0
SM105835,2025-11-08,Lucknow,Mini Truck,21.5,8,1499.0,74.0,30701.0,3.9,Clear,0,8.0,6.45,1103.0
SM100903,19/11/2025,Varanasi,Pickup,42.7,4,268.0,17.0,4775.0,5.6,Clear,0,7.0,5.71,649.0
SM105808,2025-06-26,Gorakhpur,Truck,100.8,6,1906.0,95.0,13719.0,5.9,Clear,0,12.0,10.24,3335.0
SM100071,2025-03-11,Gorakhpur,Mini Truck,39.9,7,1138.0,63.0,9226.0,,Rain,0,8.0,7.95,1348.0
SM103217,06/06/2025, VARANASI ,Mini Truck,,8,1285.0,70.0,6678.0,4.8,,0,10.0,7.87,1860.0
SM105670,2025-05-09,Lucknow,Mini Truck,34.5,9,438.0,22.0,2607.0,6.5,Clear,0,8.0,7.71,938.0
SM101898,2025-09-30,Gorakhpur,Truck,40.7,3,3186.0,215.0,28768.0,7.8,Clear,0,8.0,7.27,2271.0
SM105052,2025-12-18,Gorakhpur,Mini Truck,67.8,7,1156.0,51.0,3875.0,,Rain,0,10.0,9.33,1692.0
SM103995,2025-05-03,Kanpur,Truck,43.5,7,3517.0,171.0,47639.0,4.4,Clear,0,10.0,8.6,2514.0
SM105596,2025-07-14,Varanasi,Pickup,27.0,6,631.0,43.0,9940.0,4.4,Rain,0,7.0,5.86,640.0
SM101207,2025-09-21,Lucknow,Mini Truck,20.4,5,954.0,46.0,9356.0,4.2,Rain,0,7.0,6.74,827.0
SM102077,2025-06-10,Lucknow,Mini Truck,14.4,7,932.0,68.0,19023.0,7.2,Clear,0,7.0,6.27,825.0
SM101590,2025-09-26,Lucknow,Mini Truck,34.0,9,947.0,68.0,13420.0,3.7,Clear,0,9.0,6.46,1236.0
SM102844,2025-06-16,Prayagraj,Truck,73.3,6,3672.0,348.0,47150.0,5.0,Clear,0,11.0,8.57,3240.0
SM105159,2025-12-05,Prayagraj,Mini Truck,24.5,8,619.0,37.0,10664.0,6.4,Rain,0,8.0,7.85,939.0
SM102205,2025-10-19, LUCKNOW ,Pickup,16.7,7,660.0,32.0,3761.0,2.8,Clear,0,7.0,4.69,626.0
SM102980,2025-09-19,Prayagraj,Mini Truck,10.5,5,1061.0,120.0,52374.0,6.1,Clear,0,6.0,5.93,724.0
SM100658,27/01/2025,Kanpur,Truck,12.3,9,3182.0,132.0,36914.0,6.4,Clear,0,9.0,7.54,1737.0
SM100063,2025-12-20,Gorakhpur,Mini Truck,62.3,11,1192.0,50.0,8417.0,4.8,Fog,0,11.0,10.65,1762.0
SM101838,2025-03-23,Lucknow,Mini Truck,,3,1033.0,43.0,10253.0,8.1,Clear,1,6.0,7.81,920.0
SM104000,2025-04-26,Kanpur,Pickup,20.3,5,267.0,12.0,3529.0,3.4,Clear,0,6.0,3.81,611.0
SM105172,2025-11-13,Varanasi,Pickup,46.2,10,655.0,52.0,17536.0,4.6,Clear,0,9.0,7.29,1086.0
SM103036,2025-10-20,Gorakhpur,Pickup,94.1,7,,25.0,3509.0,10.0,Clear,1,11.0,11.2,1362.0
SM100454,2025-08-06,Gorakhpur,Truck,92.0,4,2099.0,174.0,61638.0,7.4,Rain,0,11.0,10.93,3098.0
SM105479,2025-07-29,Kanpur,Mini Truck,34.2,15,1427.0,105.0,17447.0,7.2,Clear,0,11.0,9.8,1667.0
SM100402,2025-04-27,Varanasi,Mini Truck,12.7,7,1023.0,47.0,10476.0,5.1,Clear,0,7.0,5.26,799.0
SM105085,2025-05-04,Kanpur,Truck,8.0,5,1074.0,44.0,17619.0,6.1,Clear,0,6.0,4.61,670.0
SM105541,2025-03-01,Lucknow,Pickup,61.2,7,569.0,39.0,10042.0,3.5,Clear,0,9.0,8.61,1144.0
SM101472,13/06/2025,varanasi,Truck,86.8,7,3201.0,327.0,151526.0,4.4,Clear,0,12.0,9.58,3434.0
SM100677,2025-01-31,Varanasi,Truck,26.4,3,4389.0,383.0,123868.0,8.1,Clear,0,8.0,7.51,2195.0
SM103356,2025-01-21,Prayagraj,Truck,60.8,4,2667.0,215.0,53461.0,6.8,Fog,0,9.0,9.71,2459.0
SM101616,2025-10-17,Lucknow,Mini Truck,10.7,9,869.0,82.0,5845.0,8.7,Clear,0,7.0,6.71,816.0
SM101251,2025-05-31,Lucknow,Mini Truck,14.7,4,1841.0,86.0,5890.0,5.8,Clear,0,7.0,4.6,919.0
SM101983,2025-10-02,lucknow,Truck,22.0,6,2660.0,316.0,29582.0,7.1,Rain,1,8.0,9.55,1734.0
SM103425,2025-12-24,Lucknow,Mini Truck,21.4,6,943.0,80.0,21048.0,8.5,Fog,0,7.0,7.75,876.0
SM104918,2025-11-05,gorakhpur,Truck,45.8,3,3167.0,150.0,26697.0,5.1,Clear,1,8.0,8.73,
SM105059,2025-08-19,Gorakhpur,Mini Truck,45.8,4,1353.0,58.0,11758.0,5.4,Clear,0,8.0,6.03,1332.0
SM103843,2025-04-20,Prayagraj,Pickup,53.7,5,315.0,13.0,1977.0,7.7,Rain,0,8.0,8.93,960.0
SM104931,2025-09-25,Varanasi,Mini Truck,67.8,6,958.0,59.0,13260.0,8.4,Rain,0,9.0,9.91,1733.0
SM101033,2025-04-25,Varanasi,Pickup,17.0,3,557.0,25.0,6062.0,6.4,,0,6.0,4.19,469.0
SM100174,2025-09-12,Varanasi,Pickup,34.7,7,435.0,17.0,1048.0,8.8,Clear,0,8.0,5.6,893.0
SM100939,2025-07-05,Lucknow,Pickup,16.5,5,417.0,20.0,1465.0,5.8,Clear,0,6.0,6.04,466.0
SM103102,2025-01-06,Kanpur,Mini Truck,25.3,1,-1601.0,65.0,8455.0,,Fog,0,6.0,7.75,897.0
SM104787,2025-01-04,Kanpur,Truck,20.6,3,3110.0,168.0,20394.0,9.2,Clear,0,7.0,7.41,1709.0
SM102587,2025-04-28,Prayagraj,Mini Truck,29.1,4,1484.0,138.0,36906.0,6.4,Clear,0,7.0,6.3,1140.0
SM100334,2025-06-17,Allahabad,Mini Truck,35.6,3,1186.0,119.0,16820.0,6.0,Clear,0,7.0,6.07,1019.0
SM100873,2025-02-15, LUCKNOW ,Mini Truck,20.6,5,1855.0,230.0,47583.0,6.0,Clear,0,7.0,4.92,1175.0
SM102853,2025-02-02,Lucknow,Mini Truck,26.3,3,1481.0,63.0,20163.0,3.2,Clear,0,7.0,5.57,979.0
SM101486,2025-03-01,Kanpur,Mini Truck,10.1,7,471.0,26.0,5183.0,5.9,Clear,0,7.0,4.67,692.0
SM104293,2025-02-04,Lucknow,Pickup,12.8,3,419.0,33.0,13977.0,6.9,Clear,0,5.0,4.53,558.0
SM100296,2025-11-07,Kanpur,Mini Truck,18.7,10,1706.0,78.0,28566.0,8.3,Clear,0,9.0,8.59,1245.0
SM105942,2025-03-14,Lucknow,Mini Truck,53.1,2,1184.0,140.0,11049.0,6.9,Clear,1,7.0,7.22,1393.0
SM105854,31/05/2025,Varanasi,Mini Truck,62.7,5,1395.0,66.0,13195.0,7.6,Clear,0,9.0,7.61,1610.0
SM103845,2025-06-24,Lucknow,Mini Truck,22.2,2,865.0,47.0,14416.0,5.5,Clear,0,6.0,5.0,797.0
SM104218,2025-07-12,Lucknow,Pickup,21.6,9,320.0,30.0,5922.0,4.5,Clear,0,8.0,6.97,737.0
SM103760,2025-03-05,Lucknow,Mini Truck,13.3,10,1463.0,99.0,11718.0,3.4,Rain,0,8.0,6.4,1021.0
SM100378,2025-05-19,Prayagraj,Mini Truck,53.7,4,1216.0,49.0,33996.0,6.8,Clear,0,8.0,6.95,1512.0
SM103110,2025-07-16,Lucknow,Pickup,9.3,10,563.0,23.0,1441.0,4.3,Rain,0,8.0,6.69,594.0
SM102770,2025-08-30,Kanpur,Mini Truck,65.8,7,1044.0,46.0,,4.5,Rain,0,10.0,7.64,1606.0
SM103918,2025-01-23,Prayagraj,Truck,18.0,7,3173.0,172.0,24107.0,8.5,Rain,0,8.0,8.57,1723.0
SM104138,18/11/2025,Varanasi,Mini Truck,87.3,5,699.0,32.0,9880.0,7.1,Clear,0,10.0,9.47,1766.0
SM102210,2025-09-13,Prayagraj,Truck,21.0,9,3022.0,173.0,24749.0,5.3,Rain,0,9.0,8.92,1906.0
SM102172,2025-12-30,Kanpur,Pickup,30.3,7,459.0,20.0,1624.0,6.2,Clear,0,8.0,5.68,639.0
SM102599,2025-05-23,Prayagraj,Pickup,31.3,4,666.0,62.0,32988.0,5.4,Fog,0,7.0,6.49,767.0
SM102052,2025-05-12,Varanasi,Mini Truck,75.3,6,,48.0,4008.0,6.2,Clear,0,10.0,7.37,1628.0
SM100915,2025-06-17, PRAYAGRAJ ,Truck,22.6,5,4380.0,213.0,65248.0,5.8,Clear,0,9.0,7.37,2409.0
SM102916,2025-08-15,Kanpur,Mini Truck,66.2,7,818.0,86.0,22127.0,6.3,Clear,0,10.0,8.61,1585.0
SM105850,2025-03-03,Prayagraj,Mini Truck,51.5,7,660.0,69.0,12480.0,4.7,Clear,0,9.0,6.3,1430.0
SM104707,2025-07-20,Prayagraj,Truck,,5,3943.0,191.0,39299.0,7.0,Rain,0,8.0,8.62,1961.0
SM102335,2025-07-16,Kanpur,Mini Truck,20.0,4,833.0,54.0,19104.0,,Clear,0,6.0,5.63,779.0
SM103820,2025-02-16,Varanasi,Mini Truck,40.6,7,1689.0,85.0,36464.0,,Clear,1,9.0,9.3,1489.0
SM100956,2025-05-27,Gorakhpur,Truck,68.9,6,3624.0,285.0,,5.7,Clear,0,11.0,9.9,3075.0
SM101887,2025-05-31,Varanasi,Mini Truck,4.2,3,1713.0,77.0,13120.0,4.8,Rain,0,6.0,5.8,
SM101136,2025-09-22,Prayagraj,Truck,38.7,4,2773.0,172.0,19968.0,8.8,Clear,0,8.0,8.25,1995.0
SM103717,2025-04-02,Kanpur,Truck,23.7,6,3775.0,199.0,42001.0,3.5,Clear,0,9.0,7.44,2188.0
SM104027,2025-06-10,Lucknow,Pickup,39.5,9,327.0,14.0,2969.0,8.3,Clear,0,9.0,8.45,836.0
SM101182,2025-09-10,Varanasi,Pickup,61.3,4,271.0,11.0,1520.0,7.4,Rain,0,8.0,8.72,919.0
SM100128,2025-07-29,Varanasi,Pickup,556.0,5,289.0,30.0,5964.0,7.5,Rain,0,8.0,8.0,873.0
SM105004,2025-10-10,Kanpur,Mini Truck,19.6,2,711.0,30.0,12916.0,4.8,Clear,0,6.0,5.17,605.0
SM104602,2025-04-25,Prayagraj,Pickup,,10,588.0,38.0,8421.0,6.0,Clear,0,9.0,7.27,851.0
SM104452,2025-06-24,Prayagraj,Pickup,13.1,4,546.0,30.0,6374.0,4.9,Clear,0,6.0,4.21,518.0
SM101423,2025-09-04,Lucknow,Mini Truck,24.5,4,915.0,37.0,12317.0,4.8,Rain,1,7.0,7.05,912.0
SM101895,2025-11-07,Prayagraj,Pickup,21.6,12,431.0,19.0,6507.0,4.4,Clear,0,9.0,7.93,770.0
SM102400,2025-01-03,Varanasi,Pickup,26.7,5,557.0,25.0,,,Fog,0,7.0,7.96,674.0
SM102892,2025-05-13,Prayagraj,Mini Truck,40.3,5,1270.0,139.0,106431.0,3.1,Clear,0,8.0,6.05,1183.0
SM105250,2025-02-24,prayagraj,Truck,46.3,7,2189.0,130.0,17436.0,,Clear,0,9.0,6.85,1991.0
SM103596,2025-05-04,Lucknow,Mini Truck,31.8,6,1158.0,52.0,6133.0,3.4,Clear,0,8.0,5.24,1190.0
SM101722,2025-08-27,Lucknow,Mini Truck,25.0,9,1300.0,55.0,28063.0,7.0,Clear,0,8.0,6.88,1193.0
SM101667,2025-09-05,Prayagraj,Truck,31.3,5,2267.0,194.0,,5.8,Clear,1,8.0,7.77,1630.0
SM102884,2025-05-10,Prayagraj,Truck,39.2,9,1408.0,58.0,7120.0,8.2,Clear,0,9.0,8.17,1735.0
SM102994,09/10/2025,Varanasi,Pickup,19.6,2,591.0,44.0,5956.0,3.2,Clear,0,6.0,4.46,528.0
SM104763,2025-03-28,Prayagraj,Mini Truck,43.5,6,1510.0,152.0,15332.0,8.9,Rain,0,8.0,8.62,1372.0
SM100886,2025-01-20,Gorakhpur,Truck,,4,4109.0,412.0,82783.0,3.9,Fog,0,9.0,9.52,2417.0
SM104056,2025-11-06,Kanpur,Mini Truck,19.8,9,840.0,41.0,3384.0,5.2,Fog,0,8.0,7.38,783.0
SM105380,2025-03-02,Prayagraj,Pickup,35.2,6,545.0,32.0,27173.0,6.3,Clear,0,8.0,6.05,746.0
SM105845,2025-02-28,Varanasi,Pickup,40.0,7,496.0,38.0,5315.0,6.2,Clear,0,8.0,6.3,1003.0
SM100333,2025-10-30,Lucknow,Truck,54.3,10,2664.0,179.0,29958.0,4.0,Clear,0,11.0,9.61,2583.0
SM100153,2025-04-18,Lucknow,Mini Truck,22.3,6,889.0,41.0,6008.0,,Clear,0,7.0,5.68,959.0
SM105516,2025-07-11,Gorakhpur,Pickup,90.5,5,549.0,24.0,4890.0,4.4,Clear,0,10.0,8.47,1381.0
SM100721,2025-12-06,Prayagraj,Pickup,50.7,4,128.0,6.0,610.0,7.9,Clear,0,7.0,5.81,727.0
SM100373,2025-05-17,Lucknow,Mini Truck,18.1,11,1413.0,64.0,,6.1,Clear,0,9.0,6.98,1136.0
SM100312,2025-02-13,varanasi,Mini Truck,61.0,9,1346.0,143.0,17540.0,5.7,Clear,0,10.0,7.25,1735.0
SM101849,2025-03-02,Kanpur,Pickup,38.5,8,,34.0,6667.0,9.8,Clear,0,8.0,8.0,878.0
SM101622,2025-12-04,Varanasi,Pickup,12.0 km,6,496.0,53.0,4113.0,7.4,Fog,0,6.0,6.44,583.0
SM100042,2025-09-13,Kanpur,Pickup,25.8,6,624.0,32.0,7439.0,3.9,Clear,0,7.0,4.93,732.0
SM102693,2025-06-05, KANPUR ,Pickup,33.4,1,554.0,31.0,6015.0,4.1,Clear,0,6.0,3.72,586.0
SM105067,2025-01-07,Prayagraj,Mini Truck,21.2,7,,108.0,11030.0,6.6,Fog,0,8.0,8.24,1108.0
SM104618,2025-08-20,kanpur,Truck,47.8,10,3493.0,316.0,76626.0,6.9,Clear,0,11.0,11.21,2679.0
SM100417,2025-02-14,Kanpur,Pickup,,6,443.0,23.0,1912.0,3.7,Fog,0,9.0,8.79,1018.0
SM104858,2025-04-06,Kanpur,Truck,16.3,9,2717.0,170.0,44227.0,9.1,Clear,0,9.0,8.11,1607.0
SM104753,2025-11-15,Kanpur,Mini Truck,23.4,7,667.0,66.0,12027.0,8.7,Clear,0,7.0,6.53,895.0
SM105994,2025-02-18, PRAYAGRAJ ,Mini Truck,31.3,6,1955.0,111.0,37266.0,4.3,Clear,0,8.0,6.3,1332.0
SM105696,2025-01-28,Lucknow,Pickup,,3,487.0,21.0,3466.0,7.4,Clear,0,7.0,5.84,632.0
SM100704,2025-02-17,Lucknow,Mini Truck,15.4,3,841.0,41.0,14538.0,3.5,Clear,0,6.0,3.09,716.0
SM100732,2025-12-03,Varanasi,Pickup,44.5,5,395.0,16.0,4302.0,5.1,Clear,0,8.0,6.54,800.0
SM105838,2025-04-12,Lucknow,Pickup,21.5,5,592.0,31.0,3992.0,5.9,Clear,0,7.0,4.89,569.0
SM100944,17/02/2025,Lucknow,Truck,27.0,10,2278.0,131.0,823238.8963911815,2.2,Clear,0,9.0,8.34,1684.0
SM105912,2025-09-09,Varanasi,Truck,11.9,6,1577.0,99.0,42688.0,6.9,Rain,0,7.0,6.5,1032.0
SM103614,2025-10-02,gorakhpur,Pickup,36.4,2,513.0,38.0,5741.0,6.2,Clear,1,6.0,5.66,690.0
SM101806,2025-01-04,Prayagraj,Mini Truck,42.0,8,1408.0,59.0,13438.0,6.6,Clear,0,9.0,8.01,1478.0
SM101018,2025-01-16,Lucknow,Pickup,36.3,8,555.0,23.0,8962.0,2.3,Clear,0,8.0,6.18,870.0
SM105565,2025-08-21,Prayagraj,Pickup,76.4 km,3,359.0,17.0,7497.0,6.6,Clear,0,9.0,8.1,967.0
SM100907,05/03/2025,Gorakhpur,Pickup,45.3,3,505.0,28.0,10487.0,4.5,Clear,0,7.0,6.31,794.0
SM101693,2025-05-25,Kanpur,Mini Truck,40.1,7,1537.0,103.0,17239.0,7.8,Clear,0,9.0,7.14,1579.0
SM102791,2025-02-26,Varanasi,Truck,28.1,6,2844.0,128.0,22610.0,3.3,Clear,0,8.0,6.26,1995.0
SM104368,2025-12-05,Gorakhpur,Pickup,13.8,6,398.0,20.0,2622.0,6.3,Clear,0,6.0,5.9,493.0
SM105589,2025-11-06,Varanasi,Mini Truck,48.4,11,1723.0,81.0,22624.0,5.8,Rain,0,10.0,9.32,1654.0
SM100519,2025-08-05,Kanpur,Mini Truck,24.8,11,1433.0,62.0,12652.0,7.2,Clear,0,9.0,7.92,1270.0
SM100814,2025-10-11,Prayagraj,Pickup,6.5,4,273.0,24.0,5550.0,2.7,Clear,0,5.0,3.05,283.0
SM100818,2025-08-31,varanasi,Mini Truck,23.9,4,1628.0,144.0,47457.0,2.6,Fog,0,7.0,6.57,1080.0
SM103449,2025-06-30,Kanpur,Truck,37.5,5,2537.0,149.0,78973.0,6.1,Clear,0,8.0,6.45,
SM104830,2025-05-08, GORAKHPUR ,Pickup,95.1,6,437.0,18.0,3816.0,5.7,Clear,0,10.0,8.93,1412.0
SM101522,2025-03-11,Kanpur,Mini Truck,34.1,4,994.0,70.0,6926.0,5.7,Clear,0,7.0,5.46,1161.0
SM101638,2025-03-08,Lucknow,Mini Truck,27.7,5,1467.0,66.0,26982.0,4.4,Clear,0,7.0,5.91,1223.0
SM105764,2025-04-25,Prayagraj,Mini Truck,18.2,5,1164.0,67.0,18316.0,7.1,Clear,0,7.0,5.59,774.0
SM103557,2025-05-07,Lucknow,Truck,45.8,3,906.0,101.0,34278.0,6.9,Clear,0,7.0,6.69,1536.0
SM105751,2025-03-21,prayagraj,Pickup,58.2,4,,28.0,5237.0,4.6,Clear,0,8.0,6.88,886.0
SM101700,2025-04-07,Gorakhpur,Mini Truck,27.7,4,1186.0,66.0,5290.0,99.0,Clear,0,7.0,5.15,940.0
SM103526,2025-02-18,Prayagraj,Pickup,22.3,7,491.0,42.0,10249.0,4.7,Clear,0,7.0,5.63,711.0
SM105217,2025-09-01,Varanasi,Pickup,71.5,6,503.0,29.0,7412.0,99.0,Clear,0,9.0,8.66,1174.0
SM103734,2025-04-28,Lucknow,Pickup,24.7,6,455.0,19.0,1729.0,4.4,Clear,0,7.0,5.72,556.0
SM103046,2025-09-23,Prayagraj,Pickup,85.4,7,376.0,19.0,6428.0,7.2,Rain,0,10.0,9.21,1326.0
SM101883,2025-11-05,Prayagraj,Pickup,38.7,6,406.0,28.0,3681.0,4.5,Clear,1,8.0,7.8,764.0
SM102592,2025-07-14,Varanasi,Pickup,19.0,6,466.0,19.0,5708.0,3.5,Rain,0,7.0,5.52,706.0
SM100379,2025-04-06,Gorakhpur,Pickup,37.0,7,602.0,48.0,23664.0,7.0,Clear,0,8.0,6.41,924.0
SM103775,2025-03-10,Prayagraj,Truck,30.6,4,,90.0,26925.0,6.2,Rain,0,7.0,7.19,1585.0
SM104003,2025-06-12,Varanasi,Mini Truck,61.3,5,1722.0,81.0,27256.0,6.5,Clear,0,9.0,7.8,1672.0
SM102251,2025-07-21,Lucknow,Mini Truck,23.0,5,1414.0,82.0,17734.0,6.9,Rain,0,7.0,7.5,994.0
SM104439,2025-04-25,Gorakhpur,Pickup,45.0,7,277.0,13.0,3304.0,3.5,Clear,0,8.0,6.67,808.0
SM102148,2025-11-06,Gorakhpur,Truck,42.7,8,1616.0,91.0,56332.0,7.2,Fog,0,9.0,9.67,1873.0
SM103726,2025-02-09,Lucknow,Mini Truck,14.6,5,1342.0,139.0,96535.0,2.3,Clear,0,7.0,4.52,804.0
SM102144,2025-05-13,Prayagraj,Mini Truck,22.6,3,775.0,37.0,9227.0,,Clear,0,6.0,5.56,609.0
SM102566,2025-10-20,Varanasi,Mini Truck,50.1,4,1169.0,64.0,19575.0,5.9,Clear,1,8.0,7.48,1403.0
SM101803,2025-04-05,Prayagraj,Pickup,,7,291.0,35.0,2683.0,,Clear,0,7.0,5.57,595.0
SM105932,2025-05-04,Lucknow,Mini Truck,22.9,7,1177.0,52.0,8091.0,6.5,,0,8.0,6.21,1085.0
SM105357,2025-09-30,Lucknow,Pickup,22.3,11,,33.0,2722.0,6.1,Clear,0,8.0,8.18,974.0
SM103621,2025-03-23,Lucknow,Pickup,16.2,6,410.0,19.0,3636.0,3.6,Clear,0,7.0,5.11,511.0
SM105520,2025-06-09,Varanasi,Pickup,55.1,7,362.0,16.0,969.0,4.5,Clear,0,9.0,6.82,981.0
SM103967,2025-03-30,Lucknow,Pickup,32.9,5,390.0,42.0,4957.0,4.1,Rain,0,7.0,5.79,675.0
SM101594,2025-09-14,Lucknow,Mini Truck,47.4,3,1030.0,79.0,20160.0,5.7,Clear,0,7.0,6.17,1228.0
SM104328,2025-01-18,Lucknow,Pickup,48.5,7,515.0,40.0,4247.0,3.4,Rain,0,9.0,8.68,1014.0
SM104890,2025-11-02,Varanasi,Mini Truck,19.7,5,1078.0,59.0,12299.0,5.5,Clear,0,7.0,5.56,950.0
SM101706,2025-12-25,Lucknow,Pickup,34.8,6,718.0,37.0,6838.0,5.9,Clear,0,8.0,6.27,826.0
SM105006,2025-07-01,Varanasi,Mini Truck,89.4,6,1535.0,85.0,23138.0,6.6,Rain,0,11.0,9.88,2189.0
SM103790,2025-02-10,Prayagraj,Truck,66.4,3,3593.0,198.0,32095.0,2.8,Clear,0,10.0,8.67,2967.0
SM101820,25/04/2025,Varanasi,Truck,35.5,4,3872.0,224.0,48386.0,5.0,Fog,0,9.0,9.55,2379.0
SM102562,2025-09-01,Lucknow,Pickup,28.5,7,751.0,32.0,2833.0,6.5,Rain,0,8.0,8.47,878.0
SM102559,2025-08-04,Lucknow,Mini Truck,35.1 km,3,947.0,48.0,11426.0,7.9,Clear,0,7.0,6.97,1026.0
SM104208,2025-03-24,lucknow,Truck,45.4,8,3689.0,245.0,56807.0,4.1,Clear,0,10.0,9.48,2684.0
SM105095,2025-03-05,Kanpur,Pickup,32.7,6,,63.0,12514.0,5.7,Clear,0,7.0,6.55,731.0
SM101582,2025-07-08,Kanpur,Pickup,30.4,8,477.0,22.0,13391.0,5.5,Rain,0,8.0,8.6,759.0
SM102547,2025-08-02,Varanasi,Mini Truck,44.8,5,1234.0,95.0,10497.0,7.1,Rain,0,8.0,7.94,1288.0
SM100319,08/10/2025, PRAYAGRAJ ,Truck,17.9,8,3552.0,303.0,45238.0,5.4,Clear,0,9.0,7.58,2052.0
SM104321,2025-06-13,Lucknow,Truck,42.3,6,4554.0,319.0,32836.0,6.8,Clear,0,10.0,8.38,2805.0
SM105138,2025-01-30,Kanpur,Mini Truck,53.8,3,1105.0,81.0,13846.0,5.3,Rain,0,8.0,7.28,1400.0
SM105288,2025-04-07,Prayagraj,Pickup,47.9,5,624.0,64.0,19539.0,4.8,Clear,0,8.0,7.63,938.0
SM103364,2025-02-28,Kanpur,Mini Truck,28.6,7,744.0,81.0,16057.0,6.4,Clear,0,8.0,5.73,894.0
SM105545,2025-11-20,Prayagraj,Truck,27.7,10,3315.0,256.0,44221.0,6.6,Clear,0,10.0,10.3,2206.0
SM101763,2025-08-08,Prayagraj,Mini Truck,37.5,9,721.0,51.0,11373.0,6.0,Clear,0,9.0,7.44,1134.0
SM102843,2025-06-26,Varanasi,Truck,24.1,4,2666.0,165.0,12059.0,6.0,Clear,0,7.0,6.51,1714.0
SM104944,2025-01-14,Varanasi,Mini Truck,70.0,9,855.0,43.0,3808.0,8.8,Clear,1,10.0,11.26,1719.0
SM104717,2025-12-28,Kanpur,Pickup,54.7,4,465.0,24.0,6763.0,6.1,Fog,0,8.0,8.8,951.0
SM105777,2025-02-09,Kanpur,Mini Truck,12.9,10,853.0,41.0,7118.0,4.7,Clear,0,8.0,5.08,867.0
SM102141,2025-11-16,Varanasi,Mini Truck,34.6,5,833.0,42.0,7776.0,1.8,Clear,0,7.0,4.69,1060.0
SM100213,2025-06-14,Varanasi,Truck,67.3,6,3056.0,349.0,39993.0,5.3,Clear,0,10.0,8.66,2840.0
SM104866,2025-06-20,Lucknow,Mini Truck,8.7,9,1123.0,58.0,9737.0,5.0,Fog,0,7.0,7.45,977.0
SM104433,2025-02-11,Lucknow,Mini Truck,21.6,7,1809.0,130.0,,2.1,Clear,0,8.0,4.93,1207.0
SM103497,2025-06-23,Prayagraj,Mini Truck,43.1,2,542.0,28.0,7788.0,5.0,Clear,0,7.0,5.23,931.0
SM100803,2025-12-02,Lucknow,Mini Truck,32.3,3,1259.0,57.0,11139.0,5.9,Clear,0,7.0,6.53,1045.0
SM105278,2025-05-18,Gorakhpur,Mini Truck,80.7,7,1499.0,85.0,36665.0,5.2,Clear,0,11.0,9.45,2065.0
SM105264,2025-11-01,Varanasi,Mini Truck,38.1 km,5,828.0,41.0,10209.0,7.2,Clear,0,8.0,6.97,1047.0
SM104132,2025-09-24,Lucknow,Truck,30.9,5,2235.0,98.0,57450.0,5.9,Rain,0,8.0,8.6,1731.0
SM100105,2025-10-15,Varanasi,Pickup,38.7,6,,16.0,3654.0,6.4,Clear,0,8.0,6.34,735.0
SM104458,2025-02-12,Lucknow,Mini Truck,20.5,6,1148.0,61.0,11016.0,5.8,Fog,0,7.0,7.62,929.0
SM104946,2025-05-16,Gorakhpur,Pickup,57.4,5,585.0,45.0,6044.0,6.6,,0,8.0,6.98,948.0
SM103805,2025-11-06,Kanpur,Truck,30.7,7,2111.0,140.0,53796.0,4.8,Clear,0,8.0,6.63,1682.0
SM102806,2025-04-16,Varanasi,Mini Truck,93.8,4,725.0,53.0,17889.0,4.7,Clear,0,10.0,8.31,1789.0
SM104952,2025-10-13,Gorakhpur,Mini Truck,56.1,7,1400.0,89.0,18470.0,5.8,Clear,0,9.0,7.54,1526.0
SM101465,10/02/2025,Lucknow,Mini Truck,36.0,5,1783.0,75.0,24762.0,8.1,Clear,0,8.0,6.56,1415.0
SM102953,2025-06-09,Lucknow,Pickup,24.0 km,11,772.0,48.0,4696.0,7.0,Clear,0,9.0,8.25,984.0
SM100565,2025-03-28,kanpur,Pickup,42.0,7,494.0,28.0,3717.0,6.3,Clear,0,8.0,6.05,801.0
SM102053,2025-12-12,Lucknow,Truck,13.1,7,2609.0,216.0,74462.0,8.0,Fog,0,8.0,10.14,1388.0
SM104345,2025-07-03,Varanasi,Truck,31.3,7,3382.0,148.0,20242.0,5.8,Rain,0,9.0,9.31,2226.0
SM102524,2025-01-23,Prayagraj,Mini Truck,28.0,6,331.0,14.0,4262.0,4.9,Clear,0,7.0,6.49,737.0
SM101474,2025-12-23,Prayagraj,Truck,25.0,5,2768.0,136.0,,6.2,Clear,0,8.0,6.76,1685.0
SM103236,2025-05-13,Prayagraj,Pickup,19.6,5,414.0,43.0,8498.0,4.6,Fog,0,6.0,6.65,442.0
SM102829,2025-02-16,Kanpur,Pickup,20.0,3,489.0,49.0,12022.0,5.5,Fog,0,6.0,6.23,374.0
SM102502,2025-10-02,Lucknow,Pickup,37.6,9,552.0,30.0,7910.0,7.6,Clear,1,9.0,8.85,836.0
SM100317,2025-09-23,Lucknow,Truck,25.5,2,2189.0,98.0,14342.0,8.0,Rain,0,7.0,9.11,1417.0
SM101200,2025-11-17, LUCKNOW ,Truck,33.8,8,3263.0,200.0,26477.0,2.7,Clear,0,9.0,7.57,2215.0
SM105203,2025-09-01,Varanasi,Pickup,83.2,10,291.0,15.0,2534.0,3.6,Rain,0,11.0,11.14,1428.0
SM102278,2025-05-15,Lucknow,Truck,28.0,4,3151.0,313.0,123961.0,3.5,,0,8.0,6.63,1989.0
SM100652,2025-03-15,Prayagraj,Mini Truck,32.5,2,676.0,36.0,18700.0,1.7,Clear,1,6.0,5.36,802.0
SM100070,2025-10-18,Lucknow,Truck,11.0,7,3497.0,142.0,42303.0,3.9,Clear,0,8.0,7.07,1726.0
SM105763,2025-02-04,Varanasi,Truck,87.1 km,8,,141.0,76202.0,7.2,Clear,0,12.0,12.24,3611.0
SM102658,2025-09-03,Lucknow,Mini Truck,30.6,3,1662.0,71.0,83944.0,5.8,Fog,0,7.0,8.4,1158.0
SM101174,2025-01-04,Kanpur,Truck,59.0,5,4372.0,202.0,34761.0,5.1,Fog,0,10.0,10.22,3109.0
SM101088,2025-08-26,Lucknow,Truck,54.2,9,3551.0,347.0,163083.0,4.9,Rain,0,11.0,11.39,2872.0
SM101509,2025-09-07,Prayagraj,Mini Truck,,5,1451.0,148.0,36260.0,1.7,Clear,0,7.0,5.67,1069.0
SM100410,2025-03-05,Varanasi,Pickup,88.0,3,596.0,27.0,6593.0,,Clear,0,9.0,8.22,1252.0
SM104064,2025-10-04,Prayagraj,Pickup,37.9,4,326.0,19.0,2675.0,3.6,Rain,0,7.0,6.2,
SM105993,2025-08-28,Prayagraj,Pickup,15.5,8,436.0,40.0,16422.0,5.3,Clear,0,7.0,5.09,532.0
SM102386,2025-12-14,Lucknow,Truck,19.3,3,3399.0,277.0,87191.0,6.5,Rain,0,7.0,7.91,1748.0
SM105121,2025-08-14,Varanasi,Mini Truck,23.6,7,1776.0,73.0,8809.0,4.3,Rain,0,8.0,7.23,1351.0
SM102091,2025-04-30,Kanpur,Pickup,21.6,5,283.0,12.0,3579.0,6.3,Clear,0,6.0,5.23,461.0
SM104635,2025-10-06,lucknow,Truck,27.0,6,2155.0,189.0,20165.0,5.2,Clear,1,8.0,7.73,1458.0
SM100601,2025-10-12,Lucknow,Truck,24.8,4,2337.0,224.0,22268.0,4.3,Clear,0,7.0,6.21,1498.0
SM105428,2025-01-11,Gorakhpur,Mini Truck,119.3,6,1396.0,57.0,14955.0,6.5,Clear,0,12.0,11.11,2677.0
SM103013,2025-09-26,Varanasi,Mini Truck,58.3,9,1280.0,108.0,13647.0,5.2,Rain,0,10.0,9.01,1714.0
SM104792,2025-12-21,Lucknow,Truck,18.6,3,2496.0,116.0,22561.0,6.1,Fog,0,7.0,96.0,1458.0
SM105530,2025-08-04,Varanasi,Mini Truck,24.6,3,1126.0,114.0,15974.0,7.7,Clear,0,6.0,6.12,932.0
SM102219,2025-03-12,Lucknow,Pickup,10.0,6,532.0,51.0,6983.0,7.1,Rain,0,6.0,6.61,509.0
SM102465,2025-03-13,Kanpur,Mini Truck,9.7,4,894.0,40.0,5346.0,5.5,Clear,0,6.0,4.11,590.0
SM100837,2025-03-14,Lucknow,Truck,36.2,4,3343.0,150.0,59229.0,4.9,Clear,1,8.0,8.13,2209.0
SM103325,2025-10-13,Lucknow,Mini Truck,7.2,6,1124.0,87.0,24131.0,6.9,Fog,0,6.0,6.81,655.0
SM100624,2025-08-09,Varanasi,Mini Truck,66.3,7,902.0,103.0,16523.0,5.9,Rain,1,10.0,10.59,1612.0
SM101627,2025-08-02,Prayagraj,Mini Truck,103.4,7,,69.0,3123.0,7.3,Rain,0,12.0,480.0,
SM100806,2025-07-18,Varanasi,Pickup,31.7,7,396.0,24.0,638.0,3.7,Clear,0,8.0,5.12,638.0
SM104978,2025-12-04,Gorakhpur,Truck,76.4,5,3679.0,356.0,50368.0,5.1,Clear,0,11.0,9.51,3314.0
SM105580,2025-07-16,Varanasi,Pickup,59.1,8,433.0,40.0,,5.5,Rain,0,9.0,9.28,1004.0
SM103115,2025-07-01,Kanpur,Pickup,33.1,6,359.0,15.0,2707.0,4.7,Rain,0,7.0,7.58,786.0
SM100637,2025-04-19,Lucknow,Mini Truck,36.1,7,693.0,34.0,7809.0,5.9,Rain,0,8.0,7.51,1105.0
SM100423,2025-08-01,Prayagraj,Pickup,25.7,6,275.0,12.0,2545.0,6.4,Rain,0,7.0,7.36,660.0
SM104823,2025-12-22,Lucknow,Mini Truck,22.7,5,,43.0,7323.0,3.2,Fog,0,7.0,7.0,893.0
SM101996,2025-07-21,Lucknow,Truck,36.6,5,3594.0,190.0,40679.0,9.2,Rain,0,9.0,9.86,2362.0
SM104472,2025-06-28,Prayagraj,Mini Truck,38.0,8,,56.0,23028.0,7.8,Clear,0,9.0,7.28,1187.0
SM104620,2025-08-14,Prayagraj,Pickup,14.5,3,476.0,22.0,4598.0,7.4,Clear,0,6.0,5.31,403.0
SM102486,2025-03-31,Gorakhpur,Truck,22.8,5,2909.0,134.0,15041.0,9.6,Rain,1,8.0,9.84,1733.0
SM100150,2025-11-09,Lucknow,Pickup,12.6,9,376.0,34.0,5667.0,6.7,Clear,0,7.0,6.76,596.0
SM103109,2025-03-28,Varanasi,Mini Truck,29.4,6,1329.0,93.0,12764.0,4.3,Clear,0,8.0,6.05,1128.0
SM101580,2025-04-19, VARANASI ,Pickup,20.9,9,487.0,26.0,3397.0,2.6,Clear,0,8.0,5.72,718.0
SM100626,2025-05-04,gorakhpur,Pickup,39.3,8,444.0,32.0,3909.0,6.2,Clear,0,8.0,7.27,823.0
SM103002,2025-12-06,Varanasi,Truck,38.9,4,4568.0,312.0,58562.0,6.2,,0,9.0,8.1,2664.0
SM104601,2025-12-13,Gorakhpur,Mini Truck,,4,1295.0,94.0,21059.0,6.2,Fog,0,6.0,7.29,879.0
SM103796,2025-09-08,Kanpur,Truck,25.9,4,2463.0,116.0,8022.0,7.3,Rain,0,7.0,8.02,1654.0
SM103481,2025-03-31,Prayagraj,Mini Truck,21.4,4,1166.0,60.0,13218.0,7.1,Clear,1,7.0,6.98,870.0
SM100143,2025-05-30,Lucknow,Truck,13.8,5,2351.0,246.0,108852.0,7.1,Clear,0,7.0,6.69,1328.0
SM104813,2025-07-22,Lucknow,Pickup,16.7,7,542.0,35.0,10399.0,8.2,Rain,1,7.0,8.51,638.0
SM102574,2025-10-10,Prayagraj,Pickup,73.6,6,246.0,14.0,2067.0,,Fog,0,9.0,9.05,1188.0
SM104662,2025-02-26,Varanasi,Pickup,39.4,7,594.0,25.0,2809.0,1.6,Clear,0,8.0,5.47,863.0
SM104014,2025-04-14,Lucknow,Mini Truck,30.7,8,,66.0,7408.0,6.5,Clear,0,8.0,6.79,1045.0
SM101880,2025-05-21,Lucknow,Mini Truck,42.6,6,834.0,64.0,14622.0,7.0,Clear,0,8.0,6.61,1186.0
SM105251,2025-06-04,Lucknow,Mini Truck,11.4,9,1374.0,64.0,22634.0,6.0,Clear,0,8.0,6.6,958.0
SM103452,2025-06-15,prayagraj,Mini Truck,48.5,5,1559.0,72.0,37459.0,6.9,Clear,0,8.0,7.03,1513.0
SM103605,19/02/2025,Lucknow,Mini Truck,34.7,4,1426.0,85.0,13678.0,6.2,Clear,0,7.0,5.53,1207.0
SM103342,2025-02-06,Gorakhpur,Mini Truck,56.2,5,1429.0,173.0,56801.0,2.8,Clear,0,9.0,6.44,1544.0
SM105527,2025-04-26,Varanasi,Mini Truck,20.7,10,913.0,67.0,11713.0,,Clear,0,8.0,6.11,1036.0
SM105866,2025-09-20,Lucknow,Mini Truck,12.8,8,1179.0,102.0,8428.0,4.0,Rain,0,7.0,6.37,1023.0
SM102171,2025-09-29, VARANASI ,Pickup,48.2,6,635.0,30.0,2466.0,4.7,Rain,0,8.0,7.84,811.0
SM104975,2025-10-20,Gorakhpur,Pickup,48.6 km,6,479.0,28.0,1701.0,6.8,Clear,1,8.0,6.88,816.0
SM105171,2025-06-12,Varanasi,Mini Truck,64.3,8,-1295.0,70.0,24110.0,4.4,Clear,0,10.0,8.05,1756.0
SM102780,2025-04-24,Gorakhpur,Pickup,67.5,6,560.0,26.0,8525.0,2.7,Clear,0,9.0,6.57,1102.0
SM104720,2025-07-28,Lucknow,Mini Truck,35.8,3,1198.0,76.0,12337.0,6.2,Clear,0,7.0,5.53,1227.0
SM102832,2025-04-20,Prayagraj,Truck,30.5,8,4159.0,248.0,24709.0,5.8,Rain,0,10.0,10.39,2496.0
SM100929,2025-07-30,Gorakhpur,Truck,56.1,3,2464.0,124.0,38985.0,7.3,Clear,0,9.0,9.55,2255.0
SM105462,2025-09-16,varanasi,Pickup,,4,330.0,32.0,9078.0,5.4,Clear,0,7.0,5.93,618.0
SM102230,2025-08-19,Kanpur,Mini Truck,39.7,6,1094.0,122.0,13705.0,9.5,Rain,0,8.0,7.77,1147.0
SM100617,2025-04-08,Lucknow,Mini Truck,21.9,4,1282.0,80.0,21966.0,4.8,Clear,0,7.0,3.99,920.0
SM101324,2025-11-13,Lucknow,Truck,19.4,5,1184.0,57.0,13669.0,6.2,Clear,0,7.0,6.37,1114.0
SM100690,2025-12-30,Lucknow,Truck,24.9,4,1150.0,51.0,19302.0,6.7,Clear,0,7.0,5.67,1129.0
SM105918,2025-09-06,Kanpur,Pickup,49.4,5,237.0,26.0,7373.0,4.4,Rain,0,8.0,6.34,824.0
SM102288,2025-12-08,Prayagraj,Truck,15.5,7,1717.0,196.0,45616.0,4.6,Clear,0,7.0,5.55,1171.0
SM103302,2025-08-08,Varanasi,Pickup,23.9,8,181.0,8.0,3889.0,6.2,Rain,0,7.0,7.34,593.0
SM105785,2025-08-14,Lucknow,Truck,13.3,7,4013.0,278.0,39676.0,,Rain,0,9.0,9.66,1929.0
SM101350,2025-01-23,Lucknow,Mini Truck,27.3,9,859.0,71.0,23831.0,7.4,,0,8.0,8.48,1091.0
SM105837,2025-01-13,Kanpur,Truck,28.1,5,1749.0,98.0,,2.7,Clear,0,7.0,5.49,1424.0
SM102729,2025-06-18,Prayagraj,Truck,29.2,7,3909.0,468.0,28079.0,5.3,Clear,0,9.0,8.36,2142.0
SM105782,2025-11-19,Gorakhpur,Mini Truck,68.5,7,1189.0,112.0,24750.0,7.6,Clear,0,10.0,9.06,1703.0
SM105788,2025-07-18,Prayagraj,Mini Truck,49.3,2,350.0,23.0,22116.0,6.6,Clear,0,7.0,6.04,970.0
SM104561,2025-06-03,Prayagraj,Mini Truck,9.9,7,,109.0,15687.0,2.0,Clear,0,7.0,5.14,917.0
SM101187,2025-08-07,Lucknow,Mini Truck,24.0,11,1553.0,118.0,43628.0,4.6,Clear,0,9.0,6.99,1327.0
SM101191,2025-04-12,kanpur,Pickup,28.3,8,509.0,39.0,8774.0,3.5,Clear,0,8.0,5.46,805.0
SM100145,2025-11-08,Varanasi,Mini Truck,24.3,12,903.0,55.0,4077.0,,Clear,0,9.0,7.05,1106.0
SM103572,2025-09-09,Varanasi,Pickup,21.2,12,573.0,26.0,7685.0,5.7,Rain,0,9.0,8.48,893.0
SM104420,2025-09-21,Lucknow,Mini Truck,20.6,6,1248.0,65.0,11810.0,4.8,Rain,0,7.0,7.0,887.0
SM103742,2025-12-09,Lucknow,Mini Truck,22.1,7,844.0,39.0,14033.0,7.2,Clear,0,7.0,7.37,796.0
SM101762,2025-01-04,Gorakhpur,Mini Truck,74.0,8,1072.0,96.0,11642.0,4.1,Fog,0,10.0,10.53,1823.0
SM103800,2025-12-03,Prayagraj,Truck,15.9,9,,245.0,18428.0,7.1,Fog,0,9.0,9.56,1856.0
SM104802,2025-03-22,Prayagraj,Pickup,10.5,5,474.0,43.0,14303.0,5.3,Clear,0,6.0,4.21,496.0
SM104810,2025-03-16,Lucknow,Pickup,24.0,2,203.0,10.0,1549.0,6.6,Clear,0,6.0,4.64,381.0
SM101834,2025-05-30,Prayagraj,Pickup,63.1,4,595.0,48.0,6319.0,4.5,Clear,0,8.0,7.51,1049.0
SM105995,2025-03-18,Gorakhpur,Mini Truck,44.6,8,1284.0,63.0,22465.0,5.2,Clear,0,9.0,6.86,1367.0
SM101111,2025-03-26,Kanpur,Mini Truck,32.3,6,1236.0,149.0,22741.0,4.5,Clear,0,8.0,6.28,1208.0
SM102127,2025-08-17,Lucknow,Pickup,16.7,5,392.0,42.0,6553.0,3.9,Rain,0,6.0,6.32,557.0
SM104997,2025-10-27,Prayagraj,Pickup,22.7,9,224.0,13.0,3096.0,6.4,Clear,0,8.0,6.21,702.0
SM104783,2025-10-03,Lucknow,Pickup,29.2,9,532.0,32.0,1711.0,7.1,Rain,0,8.0,8.85,893.0
SM105726,2025-07-11,Gorakhpur,Pickup,21.4,6,611.0,72.0,13329.0,2.4,Rain,0,7.0,5.43,516.0
SM102277,2025-01-19,varanasi,Mini Truck,40.1,10,1720.0,114.0,23705.0,4.3,Clear,0,10.0,8.42,1661.0
SM103795,11/04/2025,Varanasi,Pickup,62.2,8,545.0,23.0,6772.0,4.4,Rain,0,10.0,7.98,1164.0
SM102499,2025-12-06,Lucknow,Mini Truck,25.2,4,1561.0,114.0,823238.8963911815,6.1,Clear,0,7.0,5.91,1123.0
SM101824,2025-10-10,Prayagraj,Pickup,38.9,4,405.0,19.0,7014.0,4.0,Clear,0,7.0,5.34,645.0
SM102788,2025-01-02,kanpur,Pickup,19.6,7,388.0,27.0,6693.0,4.4,Clear,0,7.0,4.49,611.0
SM104196,2025-07-22,Lucknow,Pickup,51.4,10,317.0,13.0,4243.0,6.7,Clear,0,10.0,8.32,1016.0
SM104386,2025-04-05,Varanasi,Mini Truck,63.9,12,822.0,44.0,6849.0,5.1,Clear,0,11.0,9.72,
SM103827,2025-07-20,Kanpur,Mini Truck,29.3,6,446.0,26.0,2903.0,7.5,Rain,0,7.0,7.39,886.0
SM102492,2025-12-06,Lucknow,Pickup,15.2,9,499.0,24.0,8292.0,5.5,Rain,0,7.0,6.84,630.0
SM100878,2025-07-20,Lucknow,Pickup,14.1,6,587.0,26.0,21504.0,4.0,Rain,0,7.0,6.28,633.0
SM101455,2025-01-24,Prayagraj,Mini Truck,32.2,5,968.0,77.0,13174.0,5.4,Clear,0,7.0,6.66,1028.0
SM100391,2025-03-07,Varanasi,Truck,,5,2938.0,122.0,47244.0,5.4,Rain,0,10.0,10.33,3019.0
SM104182,2025-02-06,Varanasi,Pickup,39.3,5,510.0,26.0,9664.0,6.4,Clear,0,7.0,6.21,778.0
SM102283,2025-10-15,Prayagraj,Truck,43.4,5,3530.0,143.0,20178.0,4.5,Fog,0,9.0,9.49,2494.0
SM102714,04/07/2025,Lucknow,Pickup,53.5,9,449.0,19.0,2311.0,3.9,Rain,0,9.0,8.06,1046.0
SM105371,2025-09-27,Varanasi,Pickup,294.0,7,671.0,44.0,8329.0,,Rain,0,8.0,8.19,694.0
SM105619,2025-03-02,Kanpur,Mini Truck,44.1 km,9,811.0,39.0,6756.0,5.1,Clear,0,9.0,8.21,1290.0
SM102958,2025-07-07,Varanasi,Pickup,20.8,8,396.0,39.0,8319.0,5.7,Clear,0,7.0,5.46,599.0
SM100475,2025-10-14,Prayagraj,Mini Truck,34.8,6,1117.0,52.0,14215.0,4.3,Fog,0,8.0,7.83,1245.0
SM101694,2025-02-28,Prayagraj,Truck,33.4,2,,364.0,173443.0,5.3,Clear,0,8.0,7.19,1992.0
SM101295,2025-07-07,Prayagraj,Truck,18.3,6,3494.0,208.0,56942.0,6.8,Rain,0,8.0,7.9,
SM102092,2025-10-21,Prayagraj,Truck,20.3,3,2287.0,176.0,32584.0,8.3,Clear,1,7.0,6.62,1471.0
SM103050,2025-11-02,Prayagraj,Pickup,46.2,7,170.0,12.0,5849.0,5.6,Clear,0,8.0,6.61,755.0
SM101137,2025-05-14,Kanpur,Mini Truck,26.6,4,1056.0,51.0,11223.0,4.4,Clear,0,7.0,5.23,1047.0
SM102072,2025-05-27,Prayagraj,Pickup,44.0,9,548.0,23.0,3058.0,6.2,Clear,0,9.0,8.11,920.0
SM105331,2025-10-22,Varanasi,Mini Truck,34.6,7,1296.0,76.0,12214.0,8.9,Clear,1,8.0,8.33,1218.0
SM100832,2025-06-15,Prayagraj,Pickup,48.8,9,172.0,10.0,5579.0,5.7,Rain,0,9.0,8.14,945.0
SM100591,2025-11-26,Prayagraj,Pickup,29.1,6,222.0,23.0,16713.0,2.3,Clear,0,7.0,4.9,669.0
SM104658,2025-06-03,lucknow,Mini Truck,33.2,4,1460.0,81.0,32261.0,1.9,Clear,0,7.0,3.64,1091.0
SM105716,2025-03-14,Lucknow,Truck,48.8,3,2865.0,342.0,49219.0,7.2,Clear,1,8.0,9.59,2285.0
SM103592,2025-12-26,Prayagraj,Pickup,16.7,8,618.0,62.0,29243.0,5.3,Clear,0,7.0,5.83,730.0
SM105731,2025-02-15,Varanasi,Pickup,27.5,5,466.0,26.0,6002.0,3.4,Clear,0,7.0,5.92,692.0
SM100109,2025-09-15,Gorakhpur,Mini Truck,8.3,2,1122.0,86.0,15240.0,4.6,Rain,0,5.0,4.9,573.0
SM105256,2025-01-22,Kanpur,Mini Truck,63.8,5,593.0,30.0,2433.0,4.0,Clear,0,9.0,7.97,1436.0
SM104318,2025-11-07,Prayagraj,Truck,102.5 km,5,3434.0,156.0,46256.0,3.9,Rain,0,12.0,11.5,3783.0
SM101052,2025-07-03,Varanasi,Truck,34.7,6,3126.0,172.0,21595.0,5.5,Clear,0,9.0,7.43,2207.0
SM101311,2025-05-08,Kanpur,Mini Truck,30.1,8,390.0,42.0,4163.0,5.0,Clear,0,8.0,5.56,933.0
SM100668,02/12/2025, PRAYAGRAJ ,Truck,43.7,6,3867.0,246.0,52624.0,5.4,Clear,0,10.0,8.95,2764.0
SM100253,2025-05-01,Allahabad,Truck,18.2,4,2150.0,222.0,48349.0,7.8,Clear,0,7.0,5.19,1266.0
SM105168,2025-05-09, LUCKNOW ,Pickup,20.2,5,402.0,38.0,7793.0,2.8,Clear,0,6.0,3.11,493.0
SM105715,2025-06-07,Lucknow,Truck,13.6,4,2417.0,178.0,13625.0,4.7,Clear,0,7.0,4.69,1371.0
SM105588,2025-10-22,Prayagraj,Truck,28.3,6,3914.0,436.0,142624.0,8.6,Rain,1,9.0,10.57,2175.0
SM102690,24/09/2025,Varanasi,Pickup,36.9,7,329.0,13.0,823238.8963911815,6.6,Rain,0,8.0,7.63,661.0
SM104641,2025-01-12,Gorakhpur,Pickup,52.0,6,486.0,23.0,5173.0,3.8,Fog,0,8.0,7.78,1074.0
SM105045,2025-05-15,Lucknow,Mini Truck,31.4,5,770.0,88.0,24420.0,7.8,Clear,0,7.0,6.24,891.0
SM105667,2025-10-29,Varanasi,Pickup,40.5,8,,27.0,4638.0,3.6,Clear,0,8.0,6.03,845.0
SM100843,2025-01-14, VARANASI ,Truck,42.2,6,1469.0,69.0,20280.0,4.8,Fog,1,8.0,9.05,1776.0
SM104159,2025-01-12,Lucknow,Truck,31.4,10,2352.0,141.0,18574.0,4.2,Fog,0,10.0,10.41,1930.0
SM104509,2025-12-19,Varanasi,Truck,47.8,7,2130.0,104.0,10857.0,6.1,Clear,0,9.0,8.64,2062.0
SM103374,2025-09-03,Prayagraj,Pickup,37.8,6,367.0,16.0,2511.0,7.1,Clear,1,8.0,6.93,836.0
SM103394,2025-05-03,Varanasi,Truck,21.5,11,1054.0,91.0,9345.0,4.9,Clear,0,9.0,7.48,1344.0
SM100884,2025-10-24,Gorakhpur,Pickup,52.5,9,225.0,19.0,3834.0,4.6,Clear,0,9.0,7.41,1124.0
SM104547,2025-11-04,Lucknow,Truck,16.3,8,2631.0,269.0,56426.0,5.8,Clear,0,8.0,7.0,
SM105354,2025-10-14,Varanasi,Pickup,44.3,5,606.0,36.0,11716.0,5.0,Clear,0,8.0,6.21,891.0
SM103996,2025-01-10,Kanpur,Mini Truck,60.9,6,761.0,53.0,5825.0,4.3,Fog,0,9.0,8.36,1452.0
SM104752,2025-10-22,Gorakhpur,Pickup,60.6,2,433.0,34.0,3061.0,6.6,Clear,1,7.0,7.18,833.0
SM101879,2025-02-06,Prayagraj,Mini Truck,35.5,6,1244.0,53.0,4018.0,5.5,Clear,0,8.0,6.34,1241.0
SM105677,2025-05-16,Varanasi,Truck,52.5,6,1494.0,62.0,9569.0,7.6,Rain,0,9.0,9.87,2017.0
SM105582,2025-09-16,Varanasi,Truck,20.8,10,2666.0,214.0,70038.0,6.3,Clear,0,9.0,7.88,1785.0
SM101485,2025-11-11,Prayagraj,Mini Truck,36.2,7,467.0,26.0,5038.0,7.0,Fog,0,8.0,8.39,984.0
SM105423,2025-04-01,Gorakhpur,Pickup,72.9,3,198.0,12.0,2102.0,7.0,Clear,0,8.0,8.13,1010.0
SM102417,05/04/2025,Gorakhpur,Mini Truck,41.4,8,902.0,69.0,5560.0,4.3,Clear,0,9.0,7.05,1295.0
SM102737,2025-03-10, VARANASI ,Truck,29.1,6,4101.0,199.0,43377.0,6.0,Clear,0,9.0,7.34,2344.0
SM102267,2025-09-23,Kanpur,Pickup,64.3,6,628.0,44.0,6240.0,6.4,Rain,0,9.0,8.23,1063.0
SM104173,2025-05-10,Varanasi,Pickup,34.6,5,291.0,14.0,1961.0,5.4,Clear,0,7.0,6.6,661.0
SM103368,2025-06-04,Varanasi,Mini Truck,,6,886.0,49.0,13116.0,2.8,Clear,0,9.0,5.15,1396.0
SM102808,2025-10-16,Lucknow,Pickup,,4,496.0,44.0,7671.0,5.7,,0,9.0,8.57,1079.0
SM100869,2025-01-15,prayagraj,Mini Truck,68.5,7,1276.0,53.0,21675.0,8.7,Clear,0,10.0,7.49,1832.0
SM102468,2025-01-10,Prayagraj,Mini Truck,36.1,6,1342.0,135.0,38470.0,5.4,Fog,0,8.0,8.44,1153.0
SM103893,2025-03-15,Lucknow,Truck,11.9,7,,221.0,75395.0,4.5,Clear,0,8.0,7.69,1576.0
SM100450,2025-12-17,Varanasi,Pickup,60.5,6,517.0,30.0,3683.0,5.6,Fog,0,9.0,9.09,1039.0
SM105115,2025-04-06,Gorakhpur,Mini Truck,,8,387.0,19.0,4187.0,7.2,Clear,0,12.0,11.71,2314.0
SM105656,2025-10-31,Lucknow,Truck,49.3,6,3462.0,388.0,109484.0,5.2,Clear,0,10.0,8.17,2580.0
SM101979,2025-10-17, GORAKHPUR ,Truck,104.6,10,3789.0,426.0,229539.0,5.8,Clear,0,14.0,13.2,4110.0
SM100696,2025-09-21,Prayagraj,Pickup,36.9,4,390.0,30.0,4125.0,5.0,Rain,0,7.0,6.11,690.0
SM101741,2025-09-29,Lucknow,Pickup,24.7,8,608.0,67.0,18964.0,4.7,Rain,0,8.0,6.58,846.0
SM103718,2025-09-07,Varanasi,Mini Truck,33.8,5,,88.0,22717.0,3.9,Clear,0,7.0,6.08,1012.0
SM100811,2025-11-17,Lucknow,Truck,36.7,7,3670.0,150.0,10913.0,3.7,Clear,0,10.0,8.03,2441.0
SM103284,2025-06-01,Kanpur,Mini Truck,12.0,6,802.0,34.0,2370.0,4.5,Clear,0,7.0,4.84,649.0
SM102189,2025-08-02,Varanasi,Pickup,52.0,10,482.0,21.0,6624.0,5.7,Clear,0,10.0,7.64,1153.0
SM105006,2025-07-01,Varanasi,Mini Truck,89.4,6,1535.0,85.0,23138.0,6.6,Rain,0,11.0,9.88,2189.0
SM105617,2025-03-09,Varanasi,Mini Truck,16.1,8,909.0,48.0,24541.0,2.3,Clear,0,7.0,5.23,828.0
SM105145,2025-10-02,Varanasi,Truck,54.2,4,1717.0,141.0,37744.0,9.1,Clear,1,8.0,10.29,2044.0
SM100505,2025-06-15,Varanasi,Pickup,11.2 km,7,294.0,18.0,1944.0,6.1,Clear,0,7.0,5.31,479.0
SM103303,2025-04-11,Lucknow,Truck,55.4,9,2324.0,149.0,31327.0,8.2,Clear,0,10.0,9.83,2481.0
SM100405,2025-07-02,Kanpur,Mini Truck,39.4,7,1186.0,113.0,36907.0,6.4,Rain,0,8.0,7.85,1317.0
SM103640,2025-09-21,Lucknow,Mini Truck,19.1,5,873.0,96.0,45051.0,4.9,Rain,0,7.0,5.91,718.0
SM100183,2025-09-12,Lucknow,Pickup,28.5,8,415.0,23.0,4897.0,6.2,Clear,0,8.0,6.36,777.0
SM104866,2025-06-20,Lucknow,Mini Truck,8.7,9,1123.0,58.0,9737.0,5.0,Fog,0,7.0,7.45,977.0
SM101876,2025-03-27,Lucknow,Truck,13.5,8,1713.0,83.0,41919.0,8.3,Clear,0,8.0,7.59,1121.0
SM105813,2025-12-20,Gorakhpur,Mini Truck,99.4,6,880.0,58.0,,3.7,Fog,0,11.0,11.03,2075.0
SM100609,2025-11-10,Lucknow,Mini Truck,39.1,7,985.0,44.0,13558.0,6.2,Clear,0,8.0,7.05,1180.0
SM102674,2025-12-06,Prayagraj,Mini Truck,35.3,3,1071.0,55.0,10746.0,4.7,Fog,0,7.0,7.5,1018.0
SM102033,2025-09-05,Varanasi,Pickup,25.0,4,598.0,57.0,17053.0,9.3,Rain,1,6.0,8.21,611.0
SM103981,2025-02-02,Gorakhpur,Mini Truck,68.0,7,1350.0,146.0,91151.0,3.6,Clear,0,10.0,8.99,1798.0
SM101968,2025-11-03,Lucknow,Truck,42.0,2,3953.0,267.0,30276.0,7.3,Clear,0,8.0,7.75,2434.0
SM100020,2025-07-02,Allahabad,Truck,11.1,5,3463.0,145.0,35906.0,6.9,Fog,0,7.0,8.66,1677.0
SM102218,15/04/2025,Prayagraj,Truck,41.7,7,3011.0,224.0,105548.0,6.5,Clear,0,9.0,9.69,2355.0
SM105521,2025-08-27, PRAYAGRAJ ,Mini Truck,15.0,4,1490.0,60.0,6927.0,5.7,Rain,0,6.0,6.44,922.0
SM105686,2025-10-04,Kanpur,Pickup,37.8,6,385.0,28.0,,6.0,Clear,0,8.0,6.36,740.0
SM102224,2025-05-27,Prayagraj,Truck,44.0,9,4019.0,309.0,99906.0,3.4,Clear,0,11.0,9.11,2723.0
SM100327,2025-01-14,Kanpur,Truck,20.2,6,1595.0,171.0,43549.0,6.7,Clear,1,7.0,7.0,1199.0
SM103270,2025-03-02,Prayagraj,Mini Truck,28.1,6,907.0,38.0,7645.0,,Clear,0,7.0,5.81,994.0
SM102518,2025-02-22,Lucknow,Pickup,41.5,8,489.0,21.0,4521.0,4.7,Clear,0,8.0,7.43,928.0
SM101874,2025-05-30,Prayagraj,Pickup,28.3,9,347.0,22.0,2450.0,6.1,Clear,0,8.0,6.76,768.0
SM105984,2025-02-21,Varanasi,Pickup,53.7,7,288.0,16.0,2746.0,7.0,Clear,0,9.0,6.85,1002.0
SM104362,2025-07-01, GORAKHPUR ,Truck,54.0,2,2546.0,104.0,56943.0,7.2,Clear,0,8.0,5.61,2266.0
SM101756,2025-05-08, PRAYAGRAJ ,Pickup,37.7,8,287.0,24.0,3939.0,7.4,Clear,0,8.0,7.75,946.0
SM102178,17/08/2025,Prayagraj,Mini Truck,40.5,4,1064.0,84.0,16509.0,7.1,Rain,0,7.0,7.33,1144.0
SM104961,2025-07-04,Lucknow,Mini Truck,21.1,7,1781.0,83.0,18916.0,1.9,Rain,0,8.0,5.47,1295.0
SM100595,2025-10-20,Gorakhpur,Truck,,9,3150.0,137.0,23363.0,7.8,Fog,1,12.0,15.17,3269.0
SM103410,2025-01-26,Lucknow,Pickup,13.4,5,593.0,37.0,7505.0,2.3,Clear,0,6.0,3.97,536.0
SM105997,2025-12-24,Prayagraj,Mini Truck,36.0,7,874.0,94.0,21685.0,6.0,,0,8.0,6.14,1207.0
SM100489,2025-08-10,Prayagraj,Mini Truck,54.7,7,1720.0,136.0,36476.0,4.4,Clear,0,9.0,7.66,1776.0
SM100606,2025-04-28, LUCKNOW ,Truck,38.5,10,1650.0,70.0,34919.0,5.3,Clear,0,10.0,8.28,1925.0
SM103212,2025-05-05,Prayagraj,Truck,46.8,5,4503.0,192.0,57166.0,1.6,Clear,0,10.0,6.99,2984.0
SM102464,2025-06-19,Lucknow,Mini Truck,24.9,7,,60.0,11588.0,3.7,Fog,0,8.0,8.81,1142.0
SM101738,2025-01-02,Lucknow,Pickup,16.7,4,450.0,27.0,3478.0,6.2,Clear,0,6.0,5.49,490.0
SM100152,2025-12-01,Allahabad,Truck,23.1,8,2934.0,196.0,28746.0,7.1,Clear,0,9.0,7.08,1825.0
SM100889,2025-04-09,Lucknow,Truck,13.0,8,2741.0,183.0,24590.0,5.1,Clear,0,8.0,6.9,1533.0
SM105950,2025-05-27,Prayagraj,Pickup,,5,-334.0,24.0,11110.0,4.9,Clear,0,7.0,5.74,621.0
SM103082,2025-04-12,Varanasi,Mini Truck,43.4,10,884.0,56.0,5671.0,1.7,Clear,0,9.0,7.18,1325.0
SM100269,2025-08-04,lucknow,Truck,19.9,2,1902.0,85.0,4948.0,7.1,Rain,0,6.0,6.12,1158.0
SM100096,2025-03-29,Lucknow,Mini Truck,6.3,12,1014.0,84.0,13078.0,6.7,Clear,0,8.0,7.14,804.0
SM103824,2025-08-05,Varanasi,Mini Truck,51.8,4,1194.0,58.0,9589.0,5.2,Clear,0,8.0,6.34,1300.0
SM105060,2025-07-16,Varanasi,Mini Truck,76.1,2,442.0,45.0,11247.0,7.2,Clear,0,8.0,6.47,1429.0
SM103885,2025-06-01,Gorakhpur,Mini Truck,86.7,3,1431.0,66.0,14870.0,6.2,Clear,0,10.0,7.39,1992.0
SM101799,2025-07-10,Kanpur,Mini Truck,16.2,2,721.0,42.0,10223.0,5.0,Fog,0,5.0,6.0,462.0
SM104967,2025-05-04,Kanpur,Mini Truck,33.6,5,860.0,51.0,14381.0,4.0,Clear,0,7.0,5.7,961.0
SM101572,2025-09-25,Lucknow,Pickup,16.5,5,688.0,84.0,19601.0,5.2,Rain,0,6.0,5.24,622.0
SM104628,2025-10-06,Lucknow,Truck,37.1,10,1295.0,91.0,12908.0,8.8,Clear,0,9.0,8.24,1574.0
SM101067,2025-08-22,Varanasi,Truck,42.2,7,3116.0,335.0,95722.0,2.9,Clear,0,10.0,8.35,2307.0
SM105195,2025-05-29,Prayagraj,Mini Truck,26.4,5,1634.0,89.0,132200.0,5.9,Clear,0,7.0,5.83,1155.0
SM102760,2025-02-18,Lucknow,Truck,35.5,5,3386.0,207.0,19033.0,8.5,Rain,0,9.0,10.29,2210.0
SM100715,2025-10-19,Kanpur,Mini Truck,,5,1353.0,166.0,57204.0,4.4,Clear,0,7.0,6.54,1086.0
SM104059,2025-08-05,Prayagraj,Mini Truck,49.9,7,1359.0,75.0,15263.0,4.0,Clear,0,9.0,7.09,1505.0
SM105708,2025-07-15, LUCKNOW ,Mini Truck,16.1,8,940.0,59.0,11364.0,7.3,Rain,0,7.0,7.37,845.0
SM105634,2025-10-07,Lucknow,Mini Truck,13.2,6,1581.0,89.0,12020.0,3.9,Clear,0,7.0,5.59,1017.0
SM102924,2025-06-04,Varanasi,Mini Truck,41.6,8,1039.0,103.0,9517.0,7.2,Clear,0,9.0,7.55,1241.0
SM104565,2025-05-04, GORAKHPUR ,Mini Truck,,2,1152.0,99.0,31315.0,4.5,Clear,0,6.0,3.92,878.0
SM104660,2025-10-31,Prayagraj,Pickup,32.4,10,523.0,48.0,6803.0,7.1,Clear,0,9.0,7.25,871.0
SM101798,2025-06-24,Kanpur,Truck,39.6,7,2627.0,214.0,29594.0,7.5,Rain,0,9.0,9.9,2121.0
SM100461,2025-02-21,kanpur,Pickup,41.4,3,205.0,9.0,3503.0,5.2,Clear,0,7.0,5.32,588.0
SM105373,2025-03-29,Prayagraj,Pickup,42.8,5,479.0,21.0,1926.0,4.9,Clear,0,8.0,5.74,848.0
SM102944,2025-10-28,Lucknow,Pickup,57.5,8,327.0,17.0,3563.0,5.7,Clear,0,9.0,7.95,976.0
SM101795,2025-03-15, LUCKNOW ,Mini Truck,35.3,7,1489.0,60.0,22427.0,5.4,Clear,0,8.0,6.28,1303.0
SM101869,2025-10-09,Varanasi,Mini Truck,,6,1760.0,187.0,34854.0,3.3,Clear,0,8.0,7.25,
SM105489,2025-05-12,Varanasi,Mini Truck,62.1,5,1220.0,53.0,17333.0,5.2,Clear,0,9.0,6.82,1631.0
SM101345,2025-12-31, GORAKHPUR ,Truck,25.2,2,3384.0,236.0,,4.1,Clear,0,7.0,5.74,1759.0
SM104791,2025-12-28,Prayagraj,Pickup,17.9,6,535.0,51.0,12019.0,4.6,Rain,0,7.0,5.38,481.0
SM105271,2025-06-06,Lucknow,Pickup,35.3,10,439.0,19.0,1771.0,3.7,Clear,0,9.0,7.13,
SM105848,2025-08-09,Kanpur,Truck,37.3,6,4521.0,482.0,208993.0,5.4,Rain,1,10.0,11.24,2632.0
SM105024,2025-11-15,Lucknow,Pickup,26.9,7,414.0,18.0,2601.0,3.9,Clear,0,7.0,4.91,670.0
SM101214,2025-01-28,Varanasi,Mini Truck,96.4,4,1672.0,76.0,6133.0,6.2,Clear,0,11.0,8.58,2274.0
SM101372,2025-06-14,Prayagraj,Mini Truck,45.9,4,1377.0,84.0,16935.0,2.7,Clear,0,8.0,4.63,1304.0
SM100243,2025-08-26,Allahabad,Mini Truck,14.0,8,1585.0,69.0,7822.0,6.1,Rain,0,8.0,6.63,1000.0
SM104039,2025-05-17,Gorakhpur,Truck,44.7,8,2769.0,257.0,47808.0,,Clear,0,10.0,8.97,2266.0
SM102799,2025-05-25,prayagraj,Truck,50.6,9,3207.0,220.0,75918.0,5.2,Rain,0,11.0,11.03,2553.0
SM101679,2025-07-07,Kanpur,Mini Truck,21.7,3,1431.0,66.0,8486.0,6.3,Rain,0,6.0,6.25,822.0
SM103850,2025-09-25, GORAKHPUR ,Mini Truck,47.6,8,895.0,46.0,8000.0,5.6,Rain,0,9.0,9.19,1345.0
SM101312,2025-10-12,Lucknow,Pickup,32.4,5,461.0,26.0,8613.0,7.4,Clear,0,7.0,6.23,778.0
SM100648,2025-12-17, LUCKNOW ,Truck,24.7,4,3745.0,227.0,39626.0,6.5,Rain,0,8.0,9.76,1992.0
SM103238,2025-11-19,Kanpur,Mini Truck,60.6,8,,149.0,55837.0,7.4,Clear,0,10.0,8.58,1701.0
SM102643,20/06/2025,Prayagraj,Pickup,19.8,3,323.0,14.0,6549.0,7.1,Rain,0,6.0,6.59,331.0
SM104409,2025-04-28,Lucknow,Truck,14.3,8,3153.0,184.0,46169.0,5.0,Fog,0,8.0,9.8,1693.0
SM100155,2025-08-30,Allahabad,Truck,61.4,5,2991.0,211.0,18012.0,,Rain,0,10.0,10.34,2688.0
SM103428,2025-10-12,Prayagraj,Mini Truck,21.2,13,442.0,33.0,3930.0,3.4,Clear,0,9.0,6.97,910.0
SM103453,2025-05-08,Lucknow,Mini Truck,40.7,7,1429.0,94.0,20122.0,5.7,Clear,0,9.0,6.41,1290.0
SM101303,2025-11-23,Prayagraj,Mini Truck,19.8,5,1118.0,106.0,50922.0,7.9,Fog,0,7.0,8.01,828.0
SM101150,2025-05-16,Lucknow,Truck,17.1,5,4312.0,236.0,20526.0,6.4,Clear,0,8.0,7.4,2131.0
SM103047,05/10/2025,Lucknow,Pickup,26.6,8,482.0,25.0,4855.0,4.4,Clear,0,8.0,5.58,774.0
SM105897,2025-12-16,Prayagraj,Mini Truck,15.7,5,1232.0,110.0,18035.0,5.6,Fog,0,7.0,6.76,918.0
SM101046,2025-03-29,Lucknow,Pickup,12.9,2,368.0,19.0,1685.0,6.5,Clear,0,5.0,4.77,394.0
SM101640,2025-09-21,Lucknow,Pickup,54.7,6,647.0,40.0,1535.0,1.8,Clear,0,9.0,6.22,1020.0
SM101306,2025-04-03,Varanasi,Mini Truck,22.3,6,587.0,48.0,12877.0,5.3,Clear,0,7.0,5.07,808.0
SM101927,2025-02-15,Prayagraj,Pickup,20.1,2,515.0,58.0,2350.0,4.7,Clear,0,6.0,3.18,484.0
SM105591,2025-07-31,Lucknow,Pickup,17.2,9,323.0,17.0,3274.0,8.0,Rain,0,8.0,7.72,578.0
SM103439,2025-10-30,Varanasi,Mini Truck,41.4,5,1012.0,100.0,22918.0,5.4,Clear,0,8.0,5.96,1145.0
SM104121,2025-12-12,Lucknow,Pickup,9.3,5,,21.0,4149.0,6.9,Rain,0,6.0,5.65,
SM102244,2025-09-17,Prayagraj,Mini Truck,48.4,6,1343.0,125.0,21487.0,6.1,Rain,0,9.0,8.58,1484.0
SM103136,2025-07-31,Gorakhpur,Pickup,45.1,4,289.0,16.0,5736.0,5.5,Rain,0,7.0,6.61,851.0
SM100015,2025-10-14,varanasi,Pickup,52.9,6,543.0,24.0,4548.0,99.0,Clear,0,8.0,7.49,1006.0
SM103538,12/07/2025,Prayagraj,Truck,39.3,7,1835.0,128.0,12656.0,1.8,Clear,0,9.0,6.43,1783.0
SM105417,2025-03-04,Kanpur,Truck,33.4,2,2932.0,122.0,63575.0,3.3,Clear,0,7.0,5.77,1963.0
SM104979,2025-08-11,Prayagraj,Pickup,,4,228.0,13.0,2237.0,6.8,Clear,0,6.0,6.27,508.0
SM102669,2025-12-18,Kanpur,Mini Truck,27.6,4,788.0,81.0,10653.0,3.9,Rain,0,7.0,5.91,752.0
SM101360,2025-01-31,Lucknow,Mini Truck,53.5,7,1103.0,126.0,24862.0,7.7,Fog,0,9.0,10.04,1379.0
SM101844,2025-09-29,Prayagraj,Mini Truck,18.7,5,1592.0,79.0,7784.0,7.3,Clear,0,7.0,6.61,984.0
SM103098,2025-03-08,Varanasi,Mini Truck,19.2,9,,108.0,21083.0,5.0,Rain,0,8.0,8.29,1041.0
SM101612,2025-09-02,Varanasi,Mini Truck,21.5,5,754.0,65.0,11040.0,4.5,Rain,0,7.0,6.39,757.0
SM100497,2025-05-17,Kanpur,Truck,30.4,7,2434.0,110.0,17597.0,6.9,Rain,0,9.0,9.31,1735.0
SM102840,2025-06-09,Prayagraj,Truck,11.2,4,3951.0,246.0,34194.0,3.8,Clear,0,7.0,6.27,1840.0
SM104611,2025-04-29,Kanpur,Mini Truck,30.9,12,756.0,47.0,12834.0,8.7,Clear,0,9.0,8.22,1248.0
SM102502,2025-10-02,Lucknow,Pickup,37.6,9,552.0,30.0,7910.0,7.6,Clear,1,9.0,8.85,836.0
SM103633,2025-10-05,Varanasi,Pickup,56.7,6,380.0,24.0,2713.0,,Clear,0,9.0,6.94,1046.0
SM101478,2025-03-26,Kanpur,Mini Truck,24.2,8,,46.0,4790.0,7.3,Clear,0,8.0,6.9,936.0
SM105507,2025-01-30,Lucknow,Truck,41.2,3,2011.0,99.0,26922.0,4.4,Clear,0,8.0,5.14,1785.0
SM101095,2025-01-30,Prayagraj,Pickup,32.0 km,8,452.0,27.0,7690.0,4.7,Fog,0,8.0,7.59,780.0
SM100542,2025-03-13,Gorakhpur,Mini Truck,95.9,9,1002.0,43.0,3989.0,3.9,Clear,0,12.0,9.6,2150.0
SM104729,2025-08-31,Lucknow,Pickup,21.2,9,596.0,33.0,5208.0,6.2,Rain,0,8.0,6.88,807.0
SM104074,2025-04-29,Kanpur,Mini Truck,34.6,9,608.0,66.0,18421.0,3.9,Clear,0,9.0,7.87,1068.0
SM100431,2025-09-27,Varanasi,Truck,52.0,6,2201.0,135.0,25884.0,4.6,Clear,0,9.0,7.16,2236.0
SM100728,2025-06-28,Varanasi,Truck,35.2,5,2470.0,118.0,7703.0,6.1,Rain,1,8.0,10.42,1862.0
SM105384,2025-01-23,Lucknow,Mini Truck,16.4,7,984.0,48.0,6658.0,7.1,Clear,0,7.0,6.15,876.0
SM104412,2025-05-02,Lucknow,Mini Truck,321.0,5,1008.0,49.0,8503.0,7.9,Clear,0,7.0,6.68,1099.0
SM100743,2025-04-09,Prayagraj,Mini Truck,20.6,4,1116.0,51.0,2556.0,8.4,Rain,0,6.0,7.24,970.0
SM102561,11/05/2025,Prayagraj,Mini Truck,26.5 km,4,1129.0,71.0,37141.0,5.5,Clear,0,7.0,4.65,916.0
SM101337,19/04/2025, LUCKNOW ,Pickup,45.6,6,,17.0,2192.0,2.6,Clear,0,8.0,4.99,873.0
SM103606,2025-04-30,Kanpur,Pickup,26.7,8,,9.0,943.0,5.9,Clear,0,8.0,7.16,671.0
SM102877,2025-12-08,Lucknow,Truck,18.3,8,3757.0,216.0,65757.0,6.9,Clear,0,9.0,8.36,1964.0
SM104415,2025-06-11,Kanpur,Pickup,22.8,6,658.0,27.0,8242.0,6.2,Clear,0,7.0,6.28,827.0
SM101031,2025-03-05,Prayagraj,Truck,51.4,5,2719.0,204.0,54423.0,8.4,Clear,0,9.0,6.74,2307.0
SM101110,2025-08-19,Prayagraj,Pickup,24.3,4,425.0,21.0,3410.0,4.9,Rain,0,6.0,5.34,610.0
SM101888,2025-01-23,Prayagraj,Mini Truck,26.6,3,960.0,56.0,5569.0,5.3,Fog,0,6.0,6.33,
SM103550,2025-06-10,Kanpur,Truck,42.9,5,2386.0,121.0,11381.0,7.2,Rain,0,9.0,9.71,2046.0
SM101527,2025-02-20,Varanasi,Truck,55.3,5,2488.0,157.0,32262.0,4.7,Clear,0,9.0,8.5,2445.0
SM100753,2025-12-08,Kanpur,Mini Truck,22.3,8,655.0,28.0,8011.0,4.2,Rain,0,8.0,7.37,966.0
SM103049,2025-09-16,Prayagraj,Pickup,31.1,10,508.0,56.0,10791.0,,Clear,1,9.0,8.23,861.0
SM102628,2025-08-14,Lucknow,Mini Truck,30.7,7,1036.0,62.0,22456.0,7.0,Clear,0,8.0,6.72,1119.0
SM100562,2025-06-29,Gorakhpur,Truck,36.1,6,4089.0,214.0,34740.0,1.0,Clear,0,9.0,7.13,2516.0
SM104764,2025-06-09,Varanasi,Pickup,48.2,9,568.0,25.0,7423.0,6.3,Rain,0,9.0,8.99,1107.0
SM103562,2025-06-03,lucknow,Mini Truck,19.6,6,1005.0,44.0,7583.0,5.1,Clear,0,7.0,5.66,884.0
SM100252,2025-03-10,Lucknow,Mini Truck,34.2,4,866.0,48.0,11313.0,8.7,Clear,1,7.0,8.37,1078.0
SM102516,2025-09-10,Lucknow,Pickup,33.5,8,556.0,42.0,14828.0,5.6,Rain,0,8.0,7.99,770.0
SM102962,2025-12-22,Prayagraj,Mini Truck,17.3,6,1206.0,86.0,11389.0,7.2,Fog,0,7.0,8.39,905.0
SM104453,2025-09-15,Varanasi,Pickup,35.6,7,366.0,24.0,,4.1,Clear,0,8.0,6.46,809.0
SM105374,2025-09-28,Varanasi,Truck,23.6,6,1820.0,74.0,7926.0,4.7,Rain,0,8.0,8.11,1454.0
SM105396,2025-12-11,Varanasi,Pickup,39.1,6,302.0,22.0,3318.0,5.5,Fog,0,8.0,8.93,801.0
SM101202,2025-12-26,Lucknow,Pickup,3.0,4,455.0,38.0,3558.0,7.6,Clear,0,5.0,3.95,365.0
SM103462,2025-11-13,Varanasi,Mini Truck,18.1,4,959.0,105.0,39422.0,6.4,Clear,0,6.0,4.49,690.0
SM102797,2025-07-27,Gorakhpur,Mini Truck,36.3,5,619.0,42.0,6952.0,6.9,Clear,0,7.0,5.18,970.0
SM104225,2025-03-06,Lucknow,Mini Truck,59.3,5,230.0,11.0,1662.0,5.5,Clear,0,8.0,6.57,1223.0
SM100144,2025-12-29,Kanpur,Pickup,21.0,6,288.0,27.0,,6.9,Fog,0,7.0,7.74,522.0
SM105056,2025-12-12,Varanasi,Pickup,75.7,6,179.0,18.0,6259.0,6.3,Fog,0,9.0,10.64,1047.0
SM102895,2025-07-16,Kanpur,Pickup,29.7,9,430.0,23.0,9024.0,9.6,Rain,1,8.0,8.31,746.0
SM102763,2025-01-14,Gorakhpur,Pickup,43.1,10,471.0,25.0,2924.0,4.8,Fog,1,9.0,11.48,1043.0
SM100905,2025-09-16,Varanasi,Pickup,61.8,4,169.0,13.0,2296.0,5.9,Rain,0,8.0,-2.5,875.0
SM105192,2025-07-01,Lucknow,Mini Truck,26.9,4,1028.0,60.0,10145.0,,Rain,0,7.0,5.8,979.0
SM103980,2025-06-14,Gorakhpur,Truck,61.1,2,2530.0,110.0,10962.0,5.2,Clear,0,9.0,6.94,2345.0
SM100235,2025-09-20,Lucknow,Pickup,11.0,4,259.0,16.0,2654.0,5.2,Rain,0,6.0,5.24,340.0
SM105157,2025-02-14,Lucknow,Truck,11.6,3,4161.0,263.0,37351.0,5.6,Rain,0,7.0,6.97,1859.0
